caco2_wang,pampa_ncats,hia_hou,solubility_aqsoldb,pgp_broccatelli,lipophilicity_astrazeneca,clearance_hepatocyte_az
0.367218,0.366067,0.334000,0.181279,0.758323,0.495728,0.614798
0.390220,0.374281,0.342529,0.135929,0.784448,0.537857,0.612137
0.390220,0.374281,0.342529,0.135929,0.784448,0.537857,0.612137
0.390220,0.374281,0.342529,0.135929,0.784448,0.537857,0.612137
0.390220,0.374281,0.342529,0.135929,0.784448,0.537857,0.612137
0.390220,0.374281,0.342529,0.135929,0.784448,0.537857,0.612137
0.350325,0.308378,0.275465,0.151836,0.751496,0.507533,0.566923
0.379602,0.352131,0.313617,0.147135,0.703368,0.581263,0.576672
0.378896,0.353449,0.316440,0.137960,0.745820,0.587470,0.580607
0.377601,0.347207,0.311715,0.136103,0.786426,0.591375,0.587227
0.377684,0.351474,0.314030,0.133027,0.793568,0.587426,0.588965
0.375920,0.353437,0.314841,0.132263,0.804042,0.588630,0.590713
0.377146,0.354931,0.314137,0.130870,0.809655,0.586652,0.599088
0.376727,0.353832,0.312017,0.131079,0.818169,0.594449,0.603126
0.376714,0.355164,0.312007,0.128558,0.819956,0.596900,0.602611
0.373139,0.356135,0.312585,0.125634,0.818913,0.598111,0.603373
0.374702,0.357111,0.313019,0.124842,0.818425,0.598158,0.603317
0.356434,0.326588,0.301473,0.166226,0.703232,0.549950,0.611890
0.462069,0.401028,0.319039,0.146996,0.868201,0.634739,0.618586
0.439806,0.368510,0.327213,0.176173,0.813456,0.626095,0.602555
0.445926,0.377936,0.323195,0.179083,0.797062,0.643411,0.579175
0.444166,0.373920,0.321729,0.174330,0.804676,0.642492,0.581853
0.451581,0.379654,0.320152,0.185525,0.803052,0.641949,0.563569
0.460538,0.390499,0.317557,0.181589,0.781297,0.655600,0.576052
0.487832,0.422525,0.320206,0.167710,0.810606,0.658026,0.571085
0.358745,0.318494,0.288552,0.141950,0.727635,0.632573,0.582726
0.406968,0.332319,0.297159,0.212541,0.749593,0.636637,0.587396
0.461935,0.368755,0.307061,0.188337,0.777432,0.649509,0.581622
0.442772,0.372652,0.308642,0.198228,0.790068,0.593123,0.566221
0.443209,0.364632,0.298782,0.207840,0.737723,0.558614,0.541211
0.366282,0.314937,0.275377,0.204378,0.692560,0.504095,0.569433
0.427381,0.346801,0.319591,0.142785,0.744082,0.528760,0.521364
0.427381,0.346801,0.319591,0.142785,0.744082,0.528760,0.521364
0.445251,0.372119,0.318894,0.151053,0.814046,0.558499,0.533727
0.372534,0.333803,0.318960,0.148229,0.715766,0.480544,0.492254
0.368189,0.324418,0.310584,0.151261,0.680590,0.469094,0.453762
0.380409,0.343796,0.307383,0.147390,0.720406,0.483143,0.488792
0.372534,0.333803,0.318960,0.148229,0.715766,0.480544,0.492254
0.372534,0.333803,0.318960,0.148229,0.715766,0.480544,0.492254
0.357641,0.314869,0.303734,0.121596,0.665419,0.562947,0.526910
0.357964,0.349749,0.372469,0.100695,0.717994,0.499006,0.491737
0.554446,0.515983,0.450778,0.111277,0.781830,0.566653,0.515677
0.283774,0.269403,0.340835,0.193816,0.554552,0.447330,0.463331
0.273259,0.254090,0.322547,0.202697,0.581539,0.404942,0.466612
0.270936,0.254312,0.321507,0.210190,0.583751,0.379694,0.492319
0.273985,0.256356,0.314718,0.223891,0.574621,0.368667,0.490792
0.277085,0.257611,0.313733,0.231015,0.567857,0.354308,0.488670
0.306153,0.299445,0.262062,0.212609,0.575009,0.476879,0.469071
0.304894,0.303527,0.264978,0.223777,0.583311,0.468517,0.486421
0.303515,0.304673,0.263315,0.228926,0.580068,0.464740,0.504934
0.302092,0.304270,0.262763,0.231711,0.569245,0.445321,0.504858
0.296679,0.301640,0.262566,0.233554,0.566234,0.442500,0.502740
0.447597,0.450501,0.363461,0.219617,0.667919,0.506020,0.556072
0.447597,0.450501,0.363461,0.219617,0.667919,0.506020,0.556072
0.447597,0.450501,0.363461,0.219617,0.667919,0.506020,0.556072
0.232631,0.276971,0.286663,0.411500,0.389355,0.222165,0.525205
0.294103,0.291144,0.293680,0.181004,0.630275,0.428800,0.598916
0.379961,0.348146,0.280723,0.194633,0.799338,0.534251,0.567403
0.379961,0.348146,0.280723,0.194633,0.799338,0.534251,0.567403
0.379723,0.340420,0.285103,0.192378,0.810319,0.542615,0.558904
0.379723,0.340420,0.285103,0.192378,0.810319,0.542615,0.558904
0.379823,0.344701,0.282005,0.184567,0.813366,0.538346,0.555594
0.379823,0.344701,0.282005,0.184567,0.813366,0.538346,0.555594
0.379823,0.344701,0.282005,0.184567,0.813366,0.538346,0.555594
0.375576,0.342971,0.275218,0.175306,0.816379,0.553407,0.546402
0.375576,0.342971,0.275218,0.175306,0.816379,0.553407,0.546402
0.378194,0.340879,0.297073,0.172281,0.821829,0.602524,0.578636
0.378194,0.340879,0.297073,0.172281,0.821829,0.602524,0.578636
0.378032,0.336937,0.301506,0.141604,0.835821,0.626028,0.571433
0.378032,0.336937,0.301506,0.141604,0.835821,0.626028,0.571433
0.377804,0.335533,0.300770,0.165266,0.823224,0.621822,0.570900
0.377804,0.335533,0.300770,0.165266,0.823224,0.621822,0.570900
0.378865,0.338822,0.298019,0.154228,0.827061,0.618113,0.565146
0.378865,0.338822,0.298019,0.154228,0.827061,0.618113,0.565146
0.397605,0.389489,0.338704,0.121831,0.671781,0.526684,0.491773
0.397605,0.389489,0.338704,0.121831,0.671781,0.526684,0.491773
0.397605,0.389489,0.338704,0.121831,0.671781,0.526684,0.491773
0.354698,0.377427,0.282759,0.162193,0.819233,0.560864,0.560893
0.354206,0.384738,0.286261,0.147303,0.836413,0.561152,0.564002
0.355808,0.384807,0.287840,0.147406,0.838480,0.561345,0.567790
0.355111,0.387516,0.285862,0.141008,0.844488,0.563988,0.570012
0.354004,0.389016,0.286113,0.136659,0.852764,0.565559,0.573233
0.354361,0.389816,0.286730,0.132154,0.854782,0.565826,0.573205
0.347412,0.364281,0.272026,0.168157,0.793419,0.541875,0.567808
0.352329,0.362023,0.279002,0.172656,0.809225,0.536098,0.568927
0.345089,0.355924,0.280994,0.185356,0.783754,0.533821,0.575938
0.340329,0.355569,0.276436,0.190792,0.761512,0.515451,0.575901
0.383083,0.294817,0.278108,0.132475,0.789437,0.568243,0.551418
0.329095,0.295153,0.255983,0.159837,0.721771,0.512421,0.534672
0.255145,0.306733,0.331837,0.275206,0.585200,0.392779,0.488906
0.255641,0.298799,0.307854,0.306837,0.531846,0.341956,0.476808
0.240501,0.283336,0.314857,0.273883,0.631365,0.383505,0.515765
0.245303,0.278066,0.300726,0.307788,0.531704,0.330575,0.497212
0.233376,0.273264,0.311407,0.280461,0.629607,0.362888,0.517238
0.235094,0.274377,0.306188,0.288295,0.623270,0.352123,0.517455
0.246653,0.278559,0.294990,0.312842,0.526109,0.310947,0.490797
0.235279,0.273687,0.304647,0.295663,0.619686,0.335469,0.517041
0.248706,0.280392,0.291369,0.323276,0.523458,0.299156,0.488806
0.237076,0.274170,0.303231,0.314115,0.614755,0.330762,0.511480
0.249295,0.282299,0.291708,0.333241,0.527753,0.299806,0.487228
0.324685,0.308406,0.294218,0.311052,0.658030,0.472487,0.476111
0.286949,0.304366,0.280623,0.194577,0.595990,0.527249,0.515044
0.285897,0.305376,0.282078,0.155540,0.619886,0.577326,0.525566
0.244843,0.290844,0.271543,0.455574,0.360757,0.248277,0.507213
0.244843,0.290844,0.271543,0.455574,0.360757,0.248277,0.507213
0.307202,0.291729,0.264787,0.206992,0.603623,0.452857,0.536885
0.307202,0.291729,0.264787,0.206992,0.603623,0.452857,0.536885
0.307202,0.291729,0.264787,0.206992,0.603623,0.452857,0.536885
0.307202,0.291729,0.264787,0.206992,0.603623,0.452857,0.536885
0.307202,0.291729,0.264787,0.206992,0.603623,0.452857,0.536885
0.307202,0.291729,0.264787,0.206992,0.603623,0.452857,0.536885
0.279931,0.241730,0.282309,0.200432,0.664349,0.468620,0.529972
0.287304,0.249266,0.288718,0.198004,0.667827,0.487951,0.524317
0.232668,0.317942,0.262764,0.364709,0.486946,0.233451,0.567154
0.284183,0.295976,0.295079,0.311795,0.618053,0.369434,0.592334
0.396422,0.357012,0.323671,0.171340,0.733303,0.565256,0.613894
0.410718,0.362271,0.326709,0.147301,0.818074,0.600355,0.612178
0.417242,0.371864,0.327382,0.130409,0.842203,0.651070,0.588298
0.335122,0.339771,0.274048,0.268591,0.700267,0.528254,0.553775
0.343029,0.328225,0.274668,0.246819,0.711131,0.530109,0.556646
0.347939,0.334381,0.279099,0.261871,0.707579,0.516531,0.572654
0.350705,0.326323,0.279690,0.243241,0.732348,0.510710,0.572784
0.343173,0.335236,0.277609,0.271978,0.699254,0.507005,0.569451
0.336255,0.332774,0.272648,0.280583,0.692180,0.490132,0.565206
0.276345,0.294737,0.302029,0.239330,0.686244,0.473977,0.581899
0.265898,0.290005,0.293034,0.270157,0.653140,0.446922,0.578521
0.267699,0.295544,0.289357,0.278536,0.648502,0.427439,0.573795
0.330799,0.302408,0.279473,0.146794,0.843686,0.676627,0.565962
0.331642,0.329171,0.268077,0.128453,0.809246,0.592840,0.484783
0.318938,0.309916,0.253444,0.147821,0.820010,0.583058,0.524533
0.320446,0.334775,0.309790,0.193654,0.724952,0.456169,0.635811
0.321607,0.336128,0.307785,0.190998,0.723817,0.452700,0.629989
0.331229,0.342451,0.319357,0.202815,0.728648,0.427831,0.615312
0.286250,0.320368,0.291986,0.233869,0.666732,0.528509,0.611010
0.286250,0.320368,0.291986,0.233869,0.666732,0.528509,0.611010
0.286250,0.320368,0.291986,0.233869,0.666732,0.528509,0.611010
0.317004,0.319871,0.295885,0.207980,0.726004,0.518752,0.628514
0.325561,0.295395,0.289993,0.185264,0.720259,0.496343,0.571317
0.366356,0.384549,0.356108,0.172757,0.845166,0.511969,0.632625
0.366356,0.384549,0.356108,0.172757,0.845166,0.511969,0.632625
0.333737,0.282504,0.275028,0.172950,0.613365,0.526687,0.486262
0.333737,0.282504,0.275028,0.172950,0.613365,0.526687,0.486262
0.333737,0.282504,0.275028,0.172950,0.613365,0.526687,0.486262
0.270348,0.225627,0.283267,0.179163,0.635427,0.460931,0.545938
0.270348,0.225627,0.283267,0.179163,0.635427,0.460931,0.545938
0.270348,0.225627,0.283267,0.179163,0.635427,0.460931,0.545938
0.270348,0.225627,0.283267,0.179163,0.635427,0.460931,0.545938
0.270348,0.225627,0.283267,0.179163,0.635427,0.460931,0.545938
0.270348,0.225627,0.283267,0.179163,0.635427,0.460931,0.545938
0.228947,0.226785,0.331363,0.170153,0.600915,0.443226,0.471310
0.228947,0.226785,0.331363,0.170153,0.600915,0.443226,0.471310
0.228947,0.226785,0.331363,0.170153,0.600915,0.443226,0.471310
0.228947,0.226785,0.331363,0.170153,0.600915,0.443226,0.471310
0.228947,0.226785,0.331363,0.170153,0.600915,0.443226,0.471310
0.228947,0.226785,0.331363,0.170153,0.600915,0.443226,0.471310
0.405924,0.378381,0.315843,0.171774,0.841023,0.533191,0.593783
0.351219,0.334714,0.266444,0.224196,0.710468,0.533021,0.560264
0.351219,0.334714,0.266444,0.224196,0.710468,0.533021,0.560264
0.310416,0.289901,0.265794,0.193345,0.596792,0.475679,0.511698
0.310416,0.289901,0.265794,0.193345,0.596792,0.475679,0.511698
0.310416,0.289901,0.265794,0.193345,0.596792,0.475679,0.511698
0.310416,0.289901,0.265794,0.193345,0.596792,0.475679,0.511698
0.310416,0.289901,0.265794,0.193345,0.596792,0.475679,0.511698
0.305537,0.289165,0.265657,0.201824,0.597024,0.452334,0.510404
0.305537,0.289165,0.265657,0.201824,0.597024,0.452334,0.510404
0.305537,0.289165,0.265657,0.201824,0.597024,0.452334,0.510404
0.269110,0.243369,0.328737,0.144150,0.650833,0.452566,0.495369
0.269110,0.243369,0.328737,0.144150,0.650833,0.452566,0.495369
0.258300,0.259956,0.315450,0.163852,0.728015,0.390739,0.543222
0.315883,0.323803,0.347870,0.165959,0.551118,0.449292,0.444642
0.301972,0.274573,0.299298,0.141771,0.726588,0.444318,0.526454
0.275376,0.269662,0.304731,0.164282,0.689117,0.396788,0.508427
0.430340,0.399200,0.338925,0.143611,0.748111,0.532770,0.515511
0.411135,0.372719,0.322077,0.152584,0.700583,0.521369,0.514011
0.418134,0.389417,0.323906,0.143656,0.755801,0.511912,0.524781
0.424565,0.387219,0.341229,0.133864,0.754786,0.536530,0.503373
0.432669,0.378286,0.349975,0.136772,0.750502,0.533925,0.506281
0.415331,0.405936,0.324314,0.151502,0.763219,0.506496,0.530209
0.345266,0.366322,0.312086,0.165155,0.648176,0.417417,0.484496
0.413087,0.402489,0.316246,0.150343,0.742371,0.524935,0.521457
0.416056,0.398158,0.323209,0.160753,0.743591,0.507874,0.534652
0.453915,0.441320,0.364303,0.146117,0.758976,0.531993,0.532856
0.407926,0.399619,0.319910,0.137202,0.786391,0.579308,0.525036
0.415116,0.401652,0.336516,0.139041,0.749196,0.563498,0.510496
0.437381,0.437346,0.385974,0.131825,0.752348,0.603079,0.517810
0.410055,0.412868,0.337787,0.132380,0.732275,0.586111,0.504747
0.432775,0.362737,0.321308,0.138579,0.746244,0.565495,0.522965
0.458991,0.398050,0.366282,0.130374,0.739137,0.574894,0.508967
0.446829,0.406305,0.359815,0.123801,0.751848,0.572293,0.504050
0.442099,0.412168,0.339236,0.136052,0.767839,0.544111,0.533337
0.424551,0.395376,0.331153,0.146210,0.698871,0.559927,0.518099
0.462846,0.433358,0.381486,0.135809,0.747509,0.572681,0.521164
0.365785,0.383987,0.344763,0.159265,0.639547,0.461668,0.486428
0.254992,0.287300,0.308229,0.291729,0.481925,0.327124,0.523242
0.254992,0.287300,0.308229,0.291729,0.481925,0.327124,0.523242
0.257981,0.285406,0.307641,0.311558,0.468128,0.320846,0.526214
0.257981,0.285406,0.307641,0.311558,0.468128,0.320846,0.526214
0.260627,0.284408,0.305710,0.322564,0.471837,0.317635,0.523416
0.260627,0.284408,0.305710,0.322564,0.471837,0.317635,0.523416
0.307277,0.314162,0.326320,0.253396,0.588214,0.410464,0.539505
0.307277,0.314162,0.326320,0.253396,0.588214,0.410464,0.539505
0.311989,0.317997,0.338102,0.228864,0.658819,0.439133,0.516437
0.311989,0.317997,0.338102,0.228864,0.658819,0.439133,0.516437
0.313952,0.318665,0.337277,0.225028,0.673541,0.441476,0.518956
0.313952,0.318665,0.337277,0.225028,0.673541,0.441476,0.518956
0.310954,0.321710,0.338439,0.223590,0.614423,0.407083,0.575139
0.310954,0.321710,0.338439,0.223590,0.614423,0.407083,0.575139
0.385179,0.356901,0.326331,0.163183,0.734254,0.502353,0.548232
0.385179,0.356901,0.326331,0.163183,0.734254,0.502353,0.548232
0.374380,0.336818,0.365158,0.201950,0.682913,0.447751,0.532545
0.374380,0.336818,0.365158,0.201950,0.682913,0.447751,0.532545
0.381973,0.341768,0.357715,0.196628,0.701850,0.459929,0.533801
0.381973,0.341768,0.357715,0.196628,0.701850,0.459929,0.533801
0.351343,0.321748,0.311177,0.217355,0.667779,0.477428,0.588088
0.351343,0.321748,0.311177,0.217355,0.667779,0.477428,0.588088
0.348763,0.324148,0.305074,0.219511,0.659220,0.449143,0.587617
0.348763,0.324148,0.305074,0.219511,0.659220,0.449143,0.587617
0.349710,0.326402,0.305554,0.225717,0.658137,0.440989,0.585162
0.349710,0.326402,0.305554,0.225717,0.658137,0.440989,0.585162
0.349724,0.325537,0.305786,0.234136,0.650062,0.429136,0.584875
0.349724,0.325537,0.305786,0.234136,0.650062,0.429136,0.584875
0.321566,0.322639,0.292859,0.303363,0.663493,0.397022,0.536618
0.316730,0.322322,0.292172,0.304323,0.654447,0.397864,0.535607
0.288988,0.304618,0.316611,0.193506,0.610224,0.366547,0.501735
0.288988,0.304618,0.316611,0.193506,0.610224,0.366547,0.501735
0.288988,0.304618,0.316611,0.193506,0.610224,0.366547,0.501735
0.419205,0.363606,0.310813,0.172755,0.808329,0.604220,0.507483
0.419205,0.363606,0.310813,0.172755,0.808329,0.604220,0.507483
0.420201,0.361056,0.314306,0.185051,0.787419,0.590281,0.526222
0.420201,0.361056,0.314306,0.185051,0.787419,0.590281,0.526222
0.417422,0.360925,0.313422,0.188669,0.773556,0.584975,0.522645
0.417422,0.360925,0.313422,0.188669,0.773556,0.584975,0.522645
0.291712,0.322760,0.291574,0.271720,0.661598,0.421309,0.552769
0.291712,0.322760,0.291574,0.271720,0.661598,0.421309,0.552769
0.294549,0.322354,0.294862,0.275412,0.653046,0.420819,0.551466
0.294549,0.322354,0.294862,0.275412,0.653046,0.420819,0.551466
0.296398,0.322517,0.293666,0.278109,0.647364,0.417741,0.547429
0.296398,0.322517,0.293666,0.278109,0.647364,0.417741,0.547429
0.296738,0.321572,0.293323,0.282286,0.641399,0.416621,0.546068
0.296738,0.321572,0.293323,0.282286,0.641399,0.416621,0.546068
0.244182,0.333759,0.274939,0.295666,0.506476,0.388588,0.490954
0.244182,0.333759,0.274939,0.295666,0.506476,0.388588,0.490954
0.244203,0.333614,0.277696,0.303193,0.507996,0.378044,0.503209
0.244203,0.333614,0.277696,0.303193,0.507996,0.378044,0.503209
0.245205,0.333452,0.278495,0.307475,0.507347,0.377740,0.501213
0.245205,0.333452,0.278495,0.307475,0.507347,0.377740,0.501213
0.245512,0.333072,0.279459,0.318079,0.509216,0.378730,0.501611
0.245512,0.333072,0.279459,0.318079,0.509216,0.378730,0.501611
0.307486,0.302395,0.310669,0.290499,0.559013,0.430174,0.563917
0.307486,0.302395,0.310669,0.290499,0.559013,0.430174,0.563917
0.306425,0.303107,0.307636,0.295381,0.537338,0.416947,0.565679
0.306425,0.303107,0.307636,0.295381,0.537338,0.416947,0.565679
0.308130,0.303257,0.305255,0.304515,0.535476,0.401205,0.565990
0.308130,0.303257,0.305255,0.304515,0.535476,0.401205,0.565990
0.309906,0.333375,0.269434,0.260818,0.692415,0.429928,0.510834
0.309207,0.333739,0.269224,0.264521,0.688008,0.423973,0.509555
0.319319,0.324824,0.294113,0.272976,0.635528,0.412752,0.487740
0.317940,0.325276,0.294707,0.279244,0.637705,0.408805,0.487471
0.326040,0.322937,0.272257,0.255213,0.618600,0.416906,0.476636
0.317989,0.322735,0.272628,0.261798,0.615337,0.418000,0.475035
0.326130,0.337468,0.280218,0.263607,0.685307,0.447754,0.520629
0.322927,0.337266,0.279205,0.264532,0.685786,0.436928,0.520289
0.302203,0.326164,0.276327,0.256709,0.663760,0.426933,0.495833
0.300703,0.327406,0.276192,0.262357,0.663343,0.424411,0.494740
0.298516,0.301209,0.253807,0.233977,0.558930,0.365845,0.513124
0.297163,0.302030,0.253607,0.241492,0.560183,0.366920,0.515758
0.306736,0.317895,0.265188,0.230129,0.644790,0.379262,0.547126
0.305202,0.317860,0.264798,0.242062,0.636534,0.376103,0.547705
0.291172,0.304274,0.256504,0.233495,0.603043,0.375385,0.526632
0.289796,0.303328,0.256144,0.248428,0.601088,0.371418,0.531916
0.292630,0.312038,0.254265,0.227356,0.619725,0.398063,0.538470
0.292173,0.312194,0.254008,0.234679,0.616224,0.390171,0.537912
0.297904,0.301076,0.268353,0.277297,0.553621,0.360906,0.530718
0.296651,0.299926,0.268186,0.283602,0.553475,0.355925,0.532733
0.282949,0.299414,0.296019,0.239739,0.603983,0.376748,0.494340
0.281241,0.300460,0.292748,0.250092,0.600188,0.357599,0.495516
0.288144,0.318082,0.309209,0.256300,0.696704,0.349748,0.537869
0.292784,0.316378,0.318047,0.250460,0.704666,0.362974,0.539166
0.272725,0.301294,0.300760,0.244106,0.653983,0.382227,0.517821
0.268940,0.303991,0.297213,0.252483,0.655876,0.369801,0.517240
0.273512,0.309676,0.299294,0.237617,0.676278,0.394225,0.526594
0.270718,0.313405,0.292723,0.245909,0.671291,0.365490,0.522504
0.276217,0.298122,0.305951,0.283491,0.603262,0.348996,0.505765
0.260310,0.300961,0.252555,0.261245,0.564205,0.472092,0.502546
0.260445,0.300838,0.253505,0.251827,0.595440,0.481730,0.506026
0.260534,0.301403,0.252901,0.246702,0.607996,0.478545,0.511072
0.262346,0.302476,0.254231,0.240683,0.615889,0.475521,0.519189
0.262477,0.301395,0.256514,0.235233,0.620271,0.473493,0.523013
0.254747,0.298082,0.259987,0.230902,0.617482,0.479028,0.533010
0.252912,0.280449,0.245304,0.259105,0.612589,0.476513,0.506905
0.246682,0.293090,0.251986,0.273921,0.575639,0.466458,0.501266
0.253870,0.306293,0.251544,0.276283,0.578240,0.492167,0.531522
0.262475,0.304576,0.257680,0.318433,0.551628,0.484094,0.525298
0.257885,0.296973,0.261068,0.258586,0.620435,0.496674,0.499651
0.252073,0.297196,0.260314,0.275793,0.549341,0.473111,0.495565
0.252010,0.294667,0.254529,0.283345,0.538106,0.473022,0.482647
0.249375,0.308460,0.245559,0.228769,0.622118,0.448697,0.521341
0.246901,0.294648,0.243713,0.262197,0.580324,0.420173,0.521980
0.252972,0.284792,0.250058,0.280545,0.570253,0.441634,0.505359
0.256898,0.297804,0.241360,0.239715,0.615740,0.442228,0.484742
0.255327,0.300022,0.241484,0.241475,0.625595,0.455947,0.496090
0.249708,0.315232,0.251688,0.305372,0.492062,0.397992,0.495526
0.232830,0.305472,0.227687,0.486715,0.376409,0.337523,0.440222
0.274016,0.293130,0.246894,0.260101,0.551073,0.474483,0.524387
0.257745,0.304973,0.251517,0.263812,0.592321,0.476424,0.509113
0.271791,0.297206,0.272050,0.217971,0.594149,0.424907,0.495185
0.303493,0.316098,0.278573,0.164652,0.706403,0.506407,0.575395
0.267721,0.291072,0.268117,0.185558,0.666636,0.454105,0.599369
0.362888,0.380633,0.278458,0.176960,0.792940,0.600414,0.520808
0.367900,0.381633,0.278099,0.172496,0.798043,0.609076,0.523212
0.367783,0.381745,0.278106,0.170443,0.807349,0.611146,0.523598
0.335095,0.345406,0.276515,0.166013,0.774413,0.614068,0.533489
0.335419,0.346098,0.276574,0.165241,0.774887,0.614857,0.532160
0.334474,0.346027,0.276415,0.162210,0.777085,0.606154,0.533687
0.335106,0.345546,0.277178,0.156923,0.781473,0.608767,0.536040
0.335106,0.345546,0.277178,0.156923,0.781473,0.608767,0.536040
0.360902,0.362606,0.279733,0.193931,0.803178,0.584112,0.528426
0.359145,0.363157,0.279776,0.186010,0.809322,0.588735,0.532697
0.363227,0.364747,0.280388,0.184047,0.816838,0.592636,0.533153
0.240811,0.304584,0.257100,0.227730,0.613790,0.484734,0.501950
0.278264,0.311359,0.271759,0.182845,0.627699,0.517592,0.541099
0.613136,0.618625,0.481844,0.083551,0.857957,0.764833,0.479188
0.337775,0.317011,0.266656,0.170931,0.716570,0.519356,0.600071
0.323490,0.311734,0.279883,0.193297,0.796267,0.500638,0.554684
0.345452,0.331752,0.286201,0.163184,0.730853,0.604387,0.558987
0.345452,0.331752,0.286201,0.163184,0.730853,0.604387,0.558987
0.331632,0.384647,0.256374,0.198454,0.709712,0.593795,0.527133
0.331632,0.384647,0.256374,0.198454,0.709712,0.593795,0.527133
0.419645,0.347276,0.306151,0.127856,0.845949,0.624167,0.527713
0.419645,0.347276,0.306151,0.127856,0.845949,0.624167,0.527713
0.409672,0.343616,0.305094,0.120348,0.848468,0.637379,0.543306
0.409672,0.343616,0.305094,0.120348,0.848468,0.637379,0.543306
0.389696,0.378028,0.275150,0.184708,0.820207,0.590333,0.588710
0.389696,0.378028,0.275150,0.184708,0.820207,0.590333,0.588710
0.379843,0.371911,0.272542,0.164491,0.850883,0.590069,0.604622
0.379843,0.371911,0.272542,0.164491,0.850883,0.590069,0.604622
0.418881,0.346863,0.305071,0.128445,0.847097,0.635799,0.524961
0.418881,0.346863,0.305071,0.128445,0.847097,0.635799,0.524961
0.419115,0.344882,0.301945,0.130464,0.850593,0.635431,0.521183
0.419115,0.344882,0.301945,0.130464,0.850593,0.635431,0.521183
0.422355,0.344219,0.301949,0.138822,0.848487,0.640037,0.517773
0.422355,0.344219,0.301949,0.138822,0.848487,0.640037,0.517773
0.391250,0.376408,0.275186,0.187713,0.808383,0.595097,0.589318
0.391250,0.376408,0.275186,0.187713,0.808383,0.595097,0.589318
0.387638,0.376931,0.272850,0.190214,0.767980,0.602658,0.583678
0.387638,0.376931,0.272850,0.190214,0.767980,0.602658,0.583678
0.383223,0.374224,0.271738,0.205517,0.742853,0.585833,0.576098
0.383223,0.374224,0.271738,0.205517,0.742853,0.585833,0.576098
0.378679,0.370833,0.272770,0.168285,0.836799,0.594358,0.604163
0.378679,0.370833,0.272770,0.168285,0.836799,0.594358,0.604163
0.377439,0.369921,0.273157,0.175076,0.826149,0.594037,0.599375
0.377439,0.369921,0.273157,0.175076,0.826149,0.594037,0.599375
0.373497,0.370231,0.271528,0.177848,0.800643,0.604447,0.595711
0.373497,0.370231,0.271528,0.177848,0.800643,0.604447,0.595711
0.372023,0.366924,0.271102,0.189921,0.770300,0.602276,0.585262
0.372023,0.366924,0.271102,0.189921,0.770300,0.602276,0.585262
0.346768,0.358177,0.267291,0.127345,0.832047,0.606115,0.480439
0.346768,0.358177,0.267291,0.127345,0.832047,0.606115,0.480439
0.362529,0.353757,0.306781,0.111127,0.769772,0.566548,0.497633
0.362529,0.353757,0.306781,0.111127,0.769772,0.566548,0.497633
0.248644,0.309999,0.305605,0.321137,0.445498,0.270370,0.518542
0.248644,0.309999,0.305605,0.321137,0.445498,0.270370,0.518542
0.241613,0.321182,0.304028,0.346165,0.367327,0.282588,0.513726
0.241613,0.321182,0.304028,0.346165,0.367327,0.282588,0.513726
0.237426,0.307010,0.302951,0.245432,0.458863,0.383004,0.538196
0.237426,0.307010,0.302951,0.245432,0.458863,0.383004,0.538196
0.240726,0.303700,0.307097,0.215076,0.529705,0.398383,0.556108
0.240726,0.303700,0.307097,0.215076,0.529705,0.398383,0.556108
0.227412,0.289441,0.268734,0.436209,0.391946,0.237804,0.492875
0.227412,0.289441,0.268734,0.436209,0.391946,0.237804,0.492875
0.233138,0.295967,0.293464,0.365227,0.422110,0.263589,0.523407
0.233138,0.295967,0.293464,0.365227,0.422110,0.263589,0.523407
0.239129,0.298363,0.296529,0.248117,0.522325,0.335360,0.544759
0.239129,0.298363,0.296529,0.248117,0.522325,0.335360,0.544759
0.230531,0.269342,0.294934,0.435757,0.395167,0.247571,0.503236
0.240094,0.294542,0.288551,0.386123,0.423205,0.251434,0.532571
0.240094,0.294542,0.288551,0.386123,0.423205,0.251434,0.532571
0.251883,0.291694,0.287993,0.417635,0.408862,0.302612,0.487626
0.251883,0.291694,0.287993,0.417635,0.408862,0.302612,0.487626
0.259210,0.282622,0.299994,0.245878,0.554958,0.419011,0.503849
0.240622,0.276514,0.257177,0.465855,0.477687,0.281085,0.476221
0.250351,0.285564,0.273779,0.411975,0.491334,0.289747,0.495330
0.250351,0.285564,0.273779,0.411975,0.491334,0.289747,0.495330
0.249530,0.289926,0.284699,0.326425,0.559408,0.343694,0.532424
0.249530,0.289926,0.284699,0.326425,0.559408,0.343694,0.532424
0.240112,0.268234,0.260328,0.478152,0.459854,0.294931,0.508619
0.251156,0.288837,0.276773,0.415630,0.498595,0.282708,0.528224
0.251156,0.288837,0.276773,0.415630,0.498595,0.282708,0.528224
0.317719,0.291851,0.277328,0.200299,0.796069,0.541097,0.386559
0.330828,0.299995,0.273797,0.180192,0.793825,0.534938,0.366055
0.297678,0.258667,0.290544,0.203521,0.697474,0.482020,0.426991
0.323492,0.277802,0.298458,0.200932,0.754109,0.504629,0.423091
0.318493,0.267702,0.291577,0.175886,0.773485,0.492838,0.384174
0.310075,0.262955,0.290450,0.197623,0.736744,0.460695,0.415304
0.335767,0.303570,0.277023,0.214841,0.785298,0.539289,0.379327
0.335767,0.303570,0.277023,0.214841,0.785298,0.539289,0.379327
0.246385,0.295218,0.303867,0.218846,0.590124,0.387639,0.507559
0.246385,0.295218,0.303867,0.218846,0.590124,0.387639,0.507559
0.271386,0.289892,0.281757,0.225208,0.647056,0.403780,0.499315
0.351361,0.329416,0.261948,0.241194,0.723678,0.479118,0.549734
0.310678,0.318354,0.331282,0.212921,0.658314,0.426722,0.531169
0.310678,0.318354,0.331282,0.212921,0.658314,0.426722,0.531169
0.305171,0.307330,0.315372,0.231813,0.628154,0.462418,0.569557
0.305171,0.307330,0.315372,0.231813,0.628154,0.462418,0.569557
0.238043,0.280948,0.261374,0.235921,0.628954,0.404498,0.591255
0.341133,0.334422,0.307063,0.166620,0.745930,0.532443,0.524319
0.341133,0.334422,0.307063,0.166620,0.745930,0.532443,0.524319
0.326686,0.333858,0.300714,0.208392,0.689751,0.481360,0.556494
0.326686,0.333858,0.300714,0.208392,0.689751,0.481360,0.556494
0.326686,0.333858,0.300714,0.208392,0.689751,0.481360,0.556494
0.326686,0.333858,0.300714,0.208392,0.689751,0.481360,0.556494
0.311801,0.314001,0.297085,0.222048,0.649288,0.459944,0.547593
0.311801,0.314001,0.297085,0.222048,0.649288,0.459944,0.547593
0.329791,0.318154,0.320992,0.178299,0.661279,0.512753,0.535193
0.329791,0.318154,0.320992,0.178299,0.661279,0.512753,0.535193
0.296508,0.314873,0.305341,0.238205,0.621099,0.425621,0.559417
0.296508,0.314873,0.305341,0.238205,0.621099,0.425621,0.559417
0.278056,0.299675,0.305004,0.271610,0.555248,0.421604,0.546032
0.278056,0.299675,0.305004,0.271610,0.555248,0.421604,0.546032
0.251302,0.294567,0.293501,0.303668,0.504911,0.303982,0.552000
0.251302,0.294567,0.293501,0.303668,0.504911,0.303982,0.552000
0.327674,0.360908,0.279055,0.221748,0.738423,0.498741,0.609818
0.398486,0.375315,0.303021,0.162011,0.821589,0.576590,0.611959
0.415809,0.377542,0.309931,0.190079,0.780702,0.517752,0.596722
0.324525,0.363849,0.327942,0.226229,0.725668,0.496660,0.588802
0.388329,0.393700,0.322368,0.218717,0.742930,0.508070,0.579538
0.364265,0.367214,0.285734,0.101378,0.706006,0.623584,0.526852
0.364265,0.367214,0.285734,0.101378,0.706006,0.623584,0.526852
0.296035,0.306064,0.265749,0.193609,0.652971,0.556302,0.513407
0.296035,0.306064,0.265749,0.193609,0.652971,0.556302,0.513407
0.269466,0.297365,0.260203,0.178984,0.540148,0.543133,0.551756
0.269466,0.297365,0.260203,0.178984,0.540148,0.543133,0.551756
0.295295,0.315920,0.262870,0.217780,0.641417,0.529873,0.548582
0.295295,0.315920,0.262870,0.217780,0.641417,0.529873,0.548582
0.406159,0.358047,0.284877,0.141913,0.810704,0.554667,0.562137
0.406159,0.358047,0.284877,0.141913,0.810704,0.554667,0.562137
0.365540,0.356432,0.293211,0.213974,0.765730,0.513369,0.562678
0.365540,0.356432,0.293211,0.213974,0.765730,0.513369,0.562678
0.375049,0.343182,0.281117,0.193635,0.701611,0.453626,0.548209
0.375049,0.343182,0.281117,0.193635,0.701611,0.453626,0.548209
0.267922,0.333781,0.311381,0.242238,0.629959,0.408083,0.603689
0.267922,0.333781,0.311381,0.242238,0.629959,0.408083,0.603689
0.325684,0.343265,0.318180,0.209283,0.723848,0.460323,0.593569
0.325684,0.343265,0.318180,0.209283,0.723848,0.460323,0.593569
0.325684,0.343265,0.318180,0.209283,0.723848,0.460323,0.593569
0.266955,0.302263,0.273063,0.229589,0.555488,0.419649,0.559315
0.343446,0.321744,0.286958,0.147809,0.752026,0.524916,0.567274
0.267149,0.317271,0.294758,0.384842,0.423699,0.269482,0.511706
0.359127,0.413770,0.377049,0.151087,0.716256,0.516912,0.594418
0.255195,0.313070,0.282604,0.265453,0.501473,0.432031,0.482236
0.333004,0.333729,0.295602,0.171208,0.648499,0.568908,0.500344
0.332002,0.327861,0.292523,0.149533,0.744239,0.543509,0.548447
0.313762,0.310954,0.278721,0.195458,0.640355,0.544187,0.507457
0.281328,0.308063,0.301304,0.237429,0.617511,0.380191,0.574826
0.281328,0.308063,0.301304,0.237429,0.617511,0.380191,0.574826
0.364042,0.330268,0.266067,0.144673,0.704636,0.507524,0.525160
0.356708,0.328260,0.267480,0.134710,0.702329,0.509429,0.522527
0.349631,0.324156,0.273488,0.132337,0.805870,0.525487,0.565572
0.309049,0.313575,0.285702,0.212534,0.645825,0.438822,0.546137
0.309049,0.313575,0.285702,0.212534,0.645825,0.438822,0.546137
0.309049,0.313575,0.285702,0.212534,0.645825,0.438822,0.546137
0.269874,0.266176,0.296997,0.196957,0.624475,0.558910,0.511533
0.272720,0.267834,0.294170,0.207933,0.619683,0.513736,0.506360
0.324280,0.307071,0.287039,0.198305,0.698381,0.586385,0.564993
0.317676,0.302375,0.282236,0.205270,0.680669,0.534831,0.544472
0.347836,0.301893,0.349022,0.158292,0.697241,0.571810,0.518937
0.345256,0.300836,0.345138,0.166890,0.692602,0.547115,0.519429
0.343675,0.301535,0.341420,0.174462,0.679089,0.525079,0.512430
0.294368,0.286016,0.303762,0.170492,0.645941,0.579616,0.522575
0.328135,0.300885,0.308226,0.115563,0.728889,0.669053,0.516422
0.320447,0.290474,0.334418,0.148774,0.647181,0.669710,0.514854
0.308062,0.311163,0.331173,0.159882,0.639669,0.619927,0.486866
0.315471,0.305820,0.317942,0.157732,0.652438,0.630078,0.508156
0.322308,0.306246,0.312689,0.150876,0.671536,0.666978,0.517166
0.304072,0.303130,0.302111,0.169769,0.661895,0.578906,0.536835
0.290369,0.276254,0.298932,0.167835,0.654442,0.634920,0.515457
0.295974,0.288231,0.308621,0.165479,0.655367,0.652599,0.489843
0.236394,0.283632,0.286797,0.257768,0.559041,0.377388,0.579323
0.401565,0.292015,0.314899,0.301897,0.635267,0.485847,0.662425
0.357664,0.304583,0.290294,0.214618,0.781951,0.576342,0.507905
0.360732,0.302805,0.268765,0.198150,0.704638,0.455125,0.582205
0.254735,0.300941,0.278098,0.262396,0.635386,0.474950,0.485483
0.275925,0.334829,0.265056,0.258741,0.595501,0.419555,0.553805
0.250758,0.329075,0.247444,0.253371,0.485221,0.365287,0.564138
0.267586,0.300312,0.268869,0.307975,0.532029,0.392940,0.538526
0.227776,0.288992,0.253344,0.273129,0.588626,0.378754,0.596432
0.258561,0.284957,0.310131,0.183022,0.621591,0.392650,0.572814
0.283147,0.294120,0.307019,0.169175,0.626165,0.411149,0.581148
0.238183,0.280960,0.307866,0.188310,0.571952,0.391915,0.563919
0.228337,0.281340,0.281514,0.204609,0.617503,0.377718,0.557274
0.244157,0.276455,0.316592,0.179747,0.672860,0.387160,0.574961
0.236096,0.289280,0.300221,0.187659,0.579718,0.371988,0.578060
0.399860,0.361882,0.290686,0.150273,0.829979,0.558647,0.595181
0.399860,0.361882,0.290686,0.150273,0.829979,0.558647,0.595181
0.357191,0.320442,0.314058,0.141415,0.822650,0.571631,0.581375
0.359724,0.324229,0.318375,0.184313,0.798442,0.499686,0.607220
0.336998,0.324226,0.309718,0.168404,0.774880,0.545144,0.560642
0.336276,0.315771,0.308562,0.182282,0.775183,0.538723,0.538304
0.381430,0.399950,0.324435,0.159457,0.851346,0.491690,0.584578
0.334704,0.318194,0.300357,0.172528,0.773773,0.512212,0.547134
0.367846,0.395775,0.323076,0.164734,0.862709,0.496380,0.579338
0.408243,0.383086,0.317782,0.146753,0.833829,0.560892,0.596728
0.427597,0.368146,0.286656,0.216310,0.776958,0.537947,0.554098
0.299336,0.300550,0.279040,0.218641,0.719796,0.435101,0.622276
0.336998,0.324226,0.309718,0.168404,0.774880,0.545144,0.560642
0.405611,0.344402,0.318348,0.120663,0.818004,0.589939,0.507524
0.230172,0.356858,0.257955,0.210806,0.502332,0.357716,0.509870
0.211925,0.321808,0.215441,0.527170,0.295518,0.336764,0.496460
0.274102,0.341555,0.256541,0.189563,0.610079,0.473085,0.578264
0.254294,0.354530,0.279058,0.175742,0.665376,0.482701,0.538558
0.252911,0.357896,0.265870,0.197180,0.527753,0.450966,0.512297
0.412494,0.388484,0.304517,0.097250,0.830100,0.565281,0.558481
0.413259,0.383530,0.304984,0.096643,0.826404,0.565682,0.564245
0.415038,0.389401,0.310469,0.099869,0.841260,0.564496,0.565989
0.338259,0.310300,0.331785,0.250955,0.624232,0.443013,0.545059
0.339920,0.310737,0.329934,0.260586,0.620314,0.434059,0.544004
0.340276,0.311174,0.325262,0.263108,0.610022,0.436977,0.538705
0.346119,0.327722,0.294805,0.249219,0.667876,0.496839,0.547109
0.256053,0.258757,0.261490,0.225662,0.652968,0.463408,0.599301
0.261480,0.258977,0.258930,0.225180,0.677700,0.467567,0.603882
0.267337,0.260342,0.258897,0.218686,0.699426,0.471841,0.604384
0.254074,0.257703,0.261199,0.239118,0.653271,0.459389,0.601182
0.262814,0.257650,0.260428,0.240134,0.658137,0.459449,0.610647
0.264756,0.258769,0.261255,0.230912,0.680134,0.462475,0.608699
0.253570,0.258368,0.262310,0.247577,0.650298,0.448361,0.602003
0.262762,0.259860,0.260898,0.247476,0.653271,0.446242,0.609150
0.265880,0.261121,0.261061,0.242776,0.660999,0.452767,0.610988
0.254334,0.259610,0.262102,0.253267,0.649944,0.438558,0.601110
0.261198,0.260585,0.261188,0.251422,0.653770,0.440502,0.606650
0.265945,0.264285,0.261322,0.245586,0.655424,0.450803,0.609980
0.253164,0.261686,0.262437,0.254343,0.649611,0.444652,0.599275
0.258202,0.262966,0.261085,0.256594,0.654121,0.446863,0.605365
0.265204,0.265523,0.260926,0.251616,0.654420,0.445830,0.608372
0.271890,0.276883,0.258194,0.213535,0.720640,0.475807,0.582504
0.277916,0.277795,0.258597,0.206287,0.719766,0.479353,0.586398
0.279940,0.278916,0.258594,0.203289,0.727183,0.475192,0.586491
0.281897,0.281595,0.258931,0.195449,0.732700,0.469165,0.588555
0.282629,0.280970,0.259658,0.189009,0.732637,0.473604,0.588962
0.283630,0.282854,0.259884,0.186871,0.734029,0.473630,0.591782
0.249037,0.259276,0.258615,0.247581,0.633006,0.467947,0.613356
0.262744,0.265388,0.257249,0.250281,0.645481,0.463937,0.625094
0.265873,0.266457,0.257412,0.243957,0.652855,0.468740,0.625389
0.249352,0.260337,0.258508,0.252425,0.631832,0.461799,0.612615
0.261273,0.266251,0.257680,0.253012,0.646072,0.462625,0.621103
0.266373,0.269874,0.257820,0.246251,0.647519,0.471523,0.624452
0.300590,0.288919,0.263525,0.180620,0.713781,0.514909,0.618535
0.302387,0.293434,0.265279,0.181577,0.746473,0.516944,0.601611
0.305443,0.295888,0.265290,0.181026,0.747261,0.518212,0.606967
0.306325,0.295651,0.265135,0.177082,0.756304,0.520070,0.606899
0.307103,0.295805,0.265310,0.173687,0.761073,0.523155,0.609181
0.308000,0.296673,0.264154,0.173051,0.766909,0.521284,0.608700
0.299368,0.294826,0.252820,0.169288,0.706196,0.523460,0.622521
0.298785,0.300595,0.253174,0.166618,0.722139,0.521941,0.605018
0.301129,0.299316,0.252506,0.164580,0.718573,0.525190,0.610411
0.302919,0.299923,0.252373,0.164070,0.723739,0.526653,0.610900
0.302810,0.300201,0.252499,0.160534,0.733372,0.524811,0.612363
0.303117,0.301889,0.252682,0.157385,0.739828,0.526766,0.613534
0.378842,0.374881,0.289439,0.155055,0.813597,0.555743,0.569890
0.378842,0.374881,0.289439,0.155055,0.813597,0.555743,0.569890
0.263880,0.306941,0.297844,0.220611,0.588477,0.454613,0.562183
0.264466,0.304798,0.308135,0.205503,0.629871,0.423300,0.560252
0.271430,0.298465,0.312427,0.203236,0.653419,0.432669,0.562258
0.279872,0.298674,0.310897,0.195011,0.665748,0.431698,0.566779
0.279872,0.298674,0.310897,0.195011,0.665748,0.431698,0.566779
0.285260,0.289157,0.312615,0.184890,0.670484,0.440519,0.567140
0.258481,0.297179,0.300846,0.229098,0.635023,0.428299,0.568681
0.258542,0.293362,0.312269,0.220066,0.674184,0.403663,0.565303
0.266104,0.291135,0.313400,0.213742,0.694388,0.412864,0.571040
0.261059,0.292915,0.305248,0.225111,0.667087,0.429647,0.579958
0.261473,0.294928,0.312986,0.213936,0.699872,0.402866,0.576153
0.270594,0.284073,0.312892,0.207560,0.700884,0.415668,0.581441
0.250820,0.292423,0.284375,0.208934,0.547548,0.506705,0.559982
0.252418,0.291696,0.294987,0.198617,0.592257,0.475103,0.561881
0.260222,0.285041,0.298339,0.196701,0.611131,0.487366,0.561926
0.268113,0.285939,0.295837,0.186272,0.623744,0.486019,0.566197
0.275582,0.277755,0.297325,0.179344,0.628685,0.494790,0.566817
0.255395,0.288353,0.294511,0.213244,0.625555,0.470860,0.581581
0.255538,0.290720,0.300393,0.203896,0.657611,0.445031,0.579337
0.357870,0.347260,0.287378,0.163739,0.750861,0.514798,0.571245
0.358803,0.346802,0.286348,0.161895,0.750645,0.513873,0.570568
0.319993,0.318945,0.252287,0.198919,0.663424,0.592193,0.592947
0.269518,0.240710,0.276123,0.261828,0.668941,0.480256,0.591115
0.276155,0.263110,0.294659,0.261708,0.718744,0.491930,0.600115
0.297928,0.270483,0.295247,0.247583,0.737419,0.480715,0.616618
0.274337,0.265114,0.295916,0.276901,0.711456,0.435264,0.600429
0.260857,0.252841,0.298392,0.226510,0.709119,0.510709,0.607309
0.294721,0.265422,0.299491,0.211110,0.725648,0.516677,0.621784
0.266708,0.256110,0.300466,0.241415,0.696841,0.449573,0.608834
0.280921,0.310382,0.294739,0.184014,0.686001,0.491094,0.570262
0.272528,0.302421,0.290515,0.188206,0.678568,0.460499,0.568985
0.270384,0.306448,0.275771,0.224392,0.678555,0.444977,0.562048
0.263319,0.291161,0.268342,0.183694,0.626505,0.387439,0.531120
0.268889,0.291564,0.269964,0.170455,0.648563,0.395741,0.536660
0.281572,0.302897,0.291037,0.197174,0.625445,0.391714,0.536797
0.281609,0.302558,0.284841,0.206998,0.619357,0.385868,0.531278
0.230980,0.320678,0.295550,0.383679,0.355972,0.239444,0.530409
0.226799,0.310322,0.287120,0.385701,0.358042,0.249603,0.520563
0.225339,0.298080,0.286010,0.396271,0.357350,0.251298,0.514967
0.307037,0.324715,0.319381,0.237419,0.564288,0.421508,0.554008
0.315086,0.326882,0.317865,0.244433,0.555020,0.416104,0.548743
0.317257,0.325986,0.312668,0.252275,0.539877,0.416168,0.541729
0.320427,0.325431,0.308886,0.259277,0.538006,0.417320,0.540475
0.302318,0.313856,0.302893,0.392323,0.427267,0.199199,0.459464
0.300851,0.313192,0.299185,0.390530,0.424043,0.193936,0.461832
0.300882,0.311442,0.297662,0.404770,0.424572,0.193628,0.457410
0.345139,0.456234,0.357617,0.156394,0.489438,0.333154,0.566131
0.334539,0.541114,0.418711,0.178765,0.394884,0.232108,0.511290
0.288808,0.311322,0.289200,0.266927,0.526602,0.276252,0.528397
0.343415,0.328940,0.295152,0.196137,0.643572,0.341142,0.527287
0.329642,0.316156,0.285226,0.202516,0.593747,0.314440,0.508761
0.288814,0.311115,0.290554,0.253531,0.526698,0.277126,0.531480
0.289438,0.311020,0.290224,0.260237,0.526146,0.275720,0.529823
0.289043,0.311572,0.289233,0.269220,0.525876,0.279197,0.528035
0.290681,0.316191,0.292596,0.260313,0.552937,0.297397,0.526026
0.315263,0.313768,0.287096,0.208647,0.589419,0.309247,0.506491
0.430768,0.496995,0.347379,0.185112,0.742573,0.408814,0.579360
0.384477,0.413885,0.316934,0.195823,0.724730,0.395122,0.581317
0.365808,0.375121,0.316205,0.209263,0.708333,0.389811,0.574977
0.359413,0.367357,0.308432,0.213968,0.694338,0.391261,0.570568
0.325723,0.362783,0.302194,0.191478,0.679869,0.360675,0.570270
0.272183,0.441284,0.336360,0.264543,0.558997,0.331001,0.593259
0.344132,0.331139,0.292576,0.142625,0.766910,0.491622,0.528533
0.327727,0.282325,0.295263,0.245047,0.687818,0.493081,0.421313
0.299417,0.357500,0.278883,0.261223,0.712702,0.484804,0.602032
0.299417,0.357500,0.278883,0.261223,0.712702,0.484804,0.602032
0.543317,0.487522,0.420514,0.108895,0.850960,0.663099,0.636035
0.546416,0.487785,0.427873,0.131030,0.841888,0.649619,0.620756
0.361313,0.346844,0.324648,0.212416,0.723695,0.377235,0.579538
0.315244,0.329362,0.316828,0.231697,0.706603,0.377849,0.574824
0.346423,0.328674,0.333647,0.210523,0.724673,0.393306,0.577713
0.308281,0.323567,0.309977,0.263202,0.661904,0.383980,0.552888
0.333874,0.331548,0.320948,0.244376,0.688342,0.408898,0.551453
0.346935,0.337236,0.305175,0.224609,0.697189,0.431249,0.568667
0.307641,0.324595,0.323197,0.178383,0.671102,0.541271,0.475098
0.317503,0.330215,0.317602,0.167760,0.686291,0.544820,0.476143
0.324352,0.330280,0.312338,0.163158,0.692362,0.548528,0.470826
0.281106,0.304121,0.303466,0.209870,0.668362,0.454521,0.508349
0.268029,0.289353,0.302449,0.222490,0.656096,0.435231,0.502319
0.292593,0.315704,0.309114,0.186996,0.673363,0.575065,0.482304
0.300503,0.320077,0.305229,0.177329,0.692129,0.584239,0.480809
0.306280,0.320960,0.300030,0.171528,0.699889,0.587693,0.477263
0.312136,0.319015,0.301552,0.161458,0.710182,0.578986,0.476594
0.272512,0.296810,0.290745,0.219891,0.672458,0.523482,0.507300
0.259474,0.282842,0.290503,0.231410,0.660661,0.505692,0.507090
0.242535,0.346962,0.323672,0.244534,0.523569,0.331129,0.530396
0.253844,0.322160,0.316887,0.186313,0.694686,0.374023,0.571826
0.226653,0.267771,0.286739,0.282500,0.550216,0.282446,0.557109
0.303008,0.397234,0.370131,0.172855,0.649464,0.431673,0.511554
0.307542,0.396154,0.362635,0.161111,0.704785,0.427516,0.536125
0.310582,0.364414,0.340498,0.199383,0.700628,0.398390,0.550844
0.283384,0.317038,0.294946,0.165990,0.755855,0.471226,0.520724
0.271501,0.367372,0.327448,0.198734,0.561808,0.452461,0.482012
0.286654,0.361380,0.325818,0.180271,0.619647,0.435327,0.508213
0.287634,0.409098,0.347478,0.187251,0.615170,0.496855,0.512634
0.289325,0.388971,0.348762,0.176712,0.651637,0.498450,0.527699
0.294107,0.387904,0.341440,0.163226,0.707152,0.473214,0.554465
0.273620,0.310488,0.277567,0.177037,0.735932,0.517486,0.539399
0.254371,0.394809,0.314723,0.241129,0.505938,0.437000,0.536138
0.229050,0.335585,0.282216,0.255343,0.496539,0.401398,0.571344
0.401602,0.355712,0.325615,0.136589,0.798124,0.560852,0.596768
0.398792,0.345518,0.325237,0.156207,0.829698,0.647260,0.615926
0.360945,0.341641,0.309238,0.105678,0.724110,0.513661,0.545171
0.357823,0.328457,0.313581,0.117156,0.705263,0.526575,0.490743
0.384366,0.393045,0.318337,0.099824,0.818966,0.566499,0.541730
0.353276,0.369297,0.319483,0.120380,0.696840,0.561576,0.533411
0.243796,0.261106,0.251239,0.328028,0.446204,0.536631,0.521849
0.251561,0.264028,0.258273,0.311615,0.528934,0.537150,0.532636
0.256341,0.270292,0.261713,0.267499,0.569039,0.507259,0.606542
0.243612,0.269409,0.259324,0.296786,0.562552,0.515659,0.630367
0.270881,0.281306,0.261888,0.222572,0.678328,0.507648,0.614148
0.268268,0.279659,0.282771,0.219934,0.637708,0.560225,0.576595
0.247235,0.275821,0.259967,0.364771,0.497855,0.436365,0.545330
0.247786,0.267553,0.262572,0.281906,0.593397,0.515422,0.648323
0.286349,0.295794,0.279153,0.281865,0.540827,0.490243,0.601905
0.251227,0.272120,0.276333,0.265009,0.622130,0.516558,0.653162
0.375304,0.341448,0.314220,0.200956,0.772893,0.446742,0.607091
0.372467,0.339839,0.305102,0.210211,0.760999,0.435346,0.604502
0.428052,0.415746,0.304563,0.168257,0.776901,0.585776,0.526968
0.407720,0.372196,0.327783,0.169749,0.771303,0.516434,0.584575
0.490902,0.430659,0.318884,0.155161,0.820522,0.484378,0.583143
0.424370,0.402361,0.312282,0.151223,0.841050,0.589752,0.551645
0.361927,0.349660,0.298086,0.150192,0.750638,0.532056,0.558113
0.374448,0.368730,0.304624,0.144441,0.798003,0.530356,0.593437
0.351785,0.349175,0.301533,0.156530,0.774743,0.513543,0.586691
0.370556,0.374790,0.298057,0.135861,0.795058,0.538050,0.584472
0.376229,0.386217,0.298326,0.136025,0.800529,0.520785,0.587309
0.366538,0.366175,0.296040,0.130209,0.773583,0.544313,0.563125
0.346839,0.323866,0.290904,0.203411,0.671359,0.530358,0.500246
0.343842,0.323255,0.290144,0.203890,0.662906,0.527636,0.500645
0.288735,0.273703,0.300862,0.197049,0.636207,0.542851,0.522200
0.356112,0.321736,0.294152,0.198264,0.669780,0.564966,0.502845
0.371474,0.294273,0.330574,0.210310,0.699785,0.523317,0.499997
0.352863,0.316539,0.298325,0.198476,0.667370,0.515699,0.507688
0.267415,0.308588,0.273199,0.238911,0.572446,0.489097,0.545758
0.271312,0.310854,0.275688,0.232218,0.584347,0.488788,0.545387
0.278548,0.312389,0.275121,0.231014,0.588168,0.498905,0.558873
0.282862,0.313532,0.273198,0.226246,0.590892,0.503778,0.565220
0.285422,0.316222,0.272664,0.218808,0.589990,0.498591,0.566646
0.290386,0.316904,0.273317,0.210488,0.615089,0.496987,0.566503
0.296788,0.319427,0.272660,0.205557,0.642752,0.487201,0.564438
0.304153,0.325728,0.273498,0.199719,0.656848,0.479876,0.564266
0.312112,0.329289,0.273298,0.196382,0.668040,0.481431,0.560826
0.317095,0.331161,0.273617,0.186302,0.671586,0.485186,0.560621
0.319422,0.335675,0.266409,0.195928,0.673726,0.455904,0.557843
0.321471,0.336630,0.266241,0.194262,0.676675,0.455261,0.555319
0.324020,0.337632,0.266017,0.184194,0.671108,0.465745,0.555245
0.267671,0.323226,0.256866,0.271120,0.564604,0.411646,0.555079
0.278251,0.318402,0.260520,0.266514,0.571639,0.432335,0.560700
0.273449,0.318133,0.258349,0.271474,0.568109,0.429172,0.557050
0.328883,0.338978,0.275201,0.171097,0.697435,0.525691,0.557081
0.330170,0.339086,0.275045,0.170585,0.707756,0.524120,0.557468
0.337105,0.346996,0.272033,0.140093,0.700108,0.489334,0.551826
0.341516,0.360402,0.271707,0.198855,0.647026,0.535327,0.556187
0.343314,0.361169,0.271531,0.195656,0.667607,0.531172,0.553616
0.330305,0.344507,0.259926,0.187792,0.706257,0.504667,0.566103
0.306236,0.328711,0.265811,0.222816,0.597892,0.515644,0.557273
0.248783,0.271363,0.262564,0.374826,0.507358,0.519636,0.570328
0.248783,0.271363,0.262564,0.374826,0.507358,0.519636,0.570328
0.248783,0.271363,0.262564,0.374826,0.507358,0.519636,0.570328
0.342369,0.308665,0.305340,0.231406,0.555727,0.480413,0.462409
0.342369,0.308665,0.305340,0.231406,0.555727,0.480413,0.462409
0.342369,0.308665,0.305340,0.231406,0.555727,0.480413,0.462409
0.291800,0.337562,0.304085,0.215593,0.664529,0.440742,0.613956
0.315735,0.359271,0.307431,0.209597,0.669384,0.462497,0.582260
0.409507,0.373624,0.376290,0.152500,0.749976,0.505690,0.636083
0.469489,0.428609,0.335144,0.131859,0.792741,0.542644,0.632811
0.402569,0.354814,0.322258,0.152504,0.752368,0.568765,0.583220
0.428884,0.363869,0.314983,0.149458,0.797155,0.629190,0.583491
0.426502,0.372136,0.316634,0.149952,0.785075,0.632028,0.569565
0.416742,0.353276,0.317927,0.149407,0.820019,0.623342,0.597819
0.401396,0.356450,0.323431,0.156246,0.708056,0.570019,0.585002
0.406785,0.359468,0.331735,0.129105,0.768548,0.565949,0.542675
0.414461,0.355500,0.324470,0.140365,0.831175,0.633897,0.606301
0.330559,0.394939,0.387174,0.272345,0.491698,0.380138,0.503668
0.322264,0.390763,0.386636,0.232707,0.543823,0.408109,0.525458
0.321071,0.387952,0.391864,0.216644,0.579665,0.427057,0.535619
0.331843,0.387821,0.388869,0.208995,0.613218,0.433148,0.545032
0.340737,0.383617,0.385606,0.200759,0.642480,0.431465,0.551896
0.358706,0.383681,0.383888,0.188039,0.680731,0.439263,0.552483
0.292295,0.326882,0.330525,0.356750,0.461639,0.319053,0.541847
0.292173,0.306053,0.322361,0.254922,0.540939,0.392316,0.562132
0.348988,0.368808,0.370919,0.194146,0.684173,0.485465,0.569483
0.383192,0.337732,0.292430,0.138151,0.780882,0.574245,0.521782
0.383192,0.337732,0.292430,0.138151,0.780882,0.574245,0.521782
0.322205,0.279437,0.301084,0.181743,0.670416,0.502004,0.511048
0.322205,0.279437,0.301084,0.181743,0.670416,0.502004,0.511048
0.330372,0.328862,0.262173,0.196279,0.743709,0.477781,0.616981
0.241051,0.278019,0.302871,0.332835,0.594716,0.332057,0.508393
0.349702,0.326890,0.263927,0.157834,0.808142,0.570509,0.522469
0.349702,0.326890,0.263927,0.157834,0.808142,0.570509,0.522469
0.349702,0.326890,0.263927,0.157834,0.808142,0.570509,0.522469
0.347398,0.322306,0.260395,0.168629,0.800914,0.555995,0.517578
0.347398,0.322306,0.260395,0.168629,0.800914,0.555995,0.517578
0.347398,0.322306,0.260395,0.168629,0.800914,0.555995,0.517578
0.343365,0.322716,0.258876,0.178258,0.782059,0.532876,0.517241
0.343365,0.322716,0.258876,0.178258,0.782059,0.532876,0.517241
0.343365,0.322716,0.258876,0.178258,0.782059,0.532876,0.517241
0.314361,0.290138,0.269315,0.186210,0.609698,0.485474,0.511151
0.314361,0.290138,0.269315,0.186210,0.609698,0.485474,0.511151
0.314361,0.290138,0.269315,0.186210,0.609698,0.485474,0.511151
0.290406,0.317948,0.264114,0.199379,0.676511,0.454144,0.584994
0.290406,0.317948,0.264114,0.199379,0.676511,0.454144,0.584994
0.290406,0.317948,0.264114,0.199379,0.676511,0.454144,0.584994
0.290406,0.317948,0.264114,0.199379,0.676511,0.454144,0.584994
0.350512,0.355710,0.263055,0.198614,0.676460,0.542826,0.545654
0.350512,0.355710,0.263055,0.198614,0.676460,0.542826,0.545654
0.350512,0.355710,0.263055,0.198614,0.676460,0.542826,0.545654
0.350512,0.355710,0.263055,0.198614,0.676460,0.542826,0.545654
0.352481,0.312277,0.287931,0.217265,0.730664,0.506627,0.527719
0.413935,0.339754,0.300406,0.177838,0.783285,0.546662,0.521722
0.413935,0.339754,0.300406,0.177838,0.783285,0.546662,0.521722
0.350928,0.314401,0.281502,0.206003,0.732593,0.514636,0.501996
0.414171,0.339972,0.301543,0.172124,0.794748,0.549519,0.523048
0.406510,0.334166,0.298724,0.194159,0.768259,0.538907,0.541566
0.353314,0.314563,0.284480,0.208919,0.737240,0.508989,0.519582
0.302984,0.328262,0.309939,0.177423,0.651562,0.376072,0.487723
0.302984,0.328262,0.309939,0.177423,0.651562,0.376072,0.487723
0.302984,0.328262,0.309939,0.177423,0.651562,0.376072,0.487723
0.429773,0.417499,0.328038,0.194736,0.649704,0.532194,0.485604
0.437113,0.400159,0.340257,0.188185,0.659565,0.525020,0.507838
0.432124,0.402948,0.343722,0.185870,0.689536,0.531445,0.506255
0.432110,0.384083,0.341667,0.178223,0.703337,0.543016,0.521499
0.430873,0.382592,0.334060,0.174044,0.708842,0.562445,0.526022
0.432255,0.380409,0.328758,0.164667,0.718180,0.604870,0.535475
0.428606,0.375687,0.323931,0.161379,0.750589,0.611744,0.548417
0.398147,0.332959,0.328604,0.205831,0.679198,0.535836,0.534668
0.386647,0.323121,0.327332,0.225483,0.670723,0.502577,0.563253
0.385104,0.322984,0.318976,0.229774,0.663523,0.471747,0.559439
0.386421,0.323902,0.314215,0.243341,0.664651,0.447525,0.554496
0.379191,0.375672,0.356292,0.205104,0.565230,0.497792,0.513358
0.383041,0.367958,0.346021,0.207626,0.623223,0.532518,0.509888
0.377413,0.386121,0.280974,0.148625,0.825634,0.564016,0.570568
0.377413,0.386121,0.280974,0.148625,0.825634,0.564016,0.570568
0.375414,0.373686,0.290057,0.152094,0.816894,0.558510,0.564993
0.375414,0.373686,0.290057,0.152094,0.816894,0.558510,0.564993
0.281781,0.303781,0.276606,0.236808,0.621014,0.408074,0.571355
0.281781,0.303781,0.276606,0.236808,0.621014,0.408074,0.571355
0.262719,0.324488,0.256190,0.427704,0.399135,0.343210,0.485516
0.316303,0.313267,0.311240,0.256965,0.697280,0.462748,0.537001
0.364630,0.315959,0.324951,0.193585,0.785737,0.505395,0.551092
0.308187,0.293036,0.318349,0.251269,0.654017,0.465192,0.522590
0.345707,0.291587,0.320282,0.205374,0.719245,0.496231,0.547743
0.320987,0.310468,0.293472,0.230596,0.706368,0.496901,0.533149
0.334960,0.314568,0.291657,0.227439,0.717394,0.501327,0.551265
0.267598,0.279386,0.255130,0.251183,0.557268,0.416740,0.537564
0.286312,0.284173,0.245804,0.248128,0.563569,0.424920,0.532992
0.315397,0.281332,0.272695,0.235543,0.578016,0.451541,0.548796
0.289657,0.252396,0.275126,0.193002,0.589285,0.472003,0.531034
0.323451,0.290365,0.255331,0.170630,0.662696,0.513982,0.513831
0.292932,0.266171,0.268001,0.191150,0.613147,0.475811,0.491855
0.364218,0.329420,0.259176,0.174244,0.779020,0.535931,0.582029
0.299572,0.287802,0.259888,0.269170,0.647398,0.462393,0.540878
0.324966,0.307650,0.267710,0.183486,0.631359,0.550693,0.459286
0.257609,0.276931,0.256219,0.482617,0.385058,0.421466,0.518801
0.256222,0.277579,0.257250,0.490215,0.390479,0.407430,0.519043
0.256648,0.278015,0.257458,0.485674,0.395155,0.387480,0.517781
0.256580,0.276490,0.262375,0.376022,0.481233,0.493986,0.541265
0.253456,0.275336,0.261699,0.386288,0.483927,0.465557,0.540705
0.253144,0.275237,0.262105,0.389173,0.486124,0.449178,0.540703
0.252339,0.276619,0.257578,0.433129,0.444204,0.473734,0.548857
0.250320,0.274124,0.256323,0.443740,0.448909,0.453503,0.548694
0.248373,0.274063,0.258402,0.441808,0.452563,0.449698,0.550155
0.251956,0.272441,0.264914,0.360910,0.508834,0.557200,0.571153
0.246645,0.271014,0.262905,0.375563,0.512090,0.502270,0.571822
0.245738,0.271706,0.262076,0.382852,0.511807,0.488091,0.574408
0.264643,0.275437,0.272223,0.288580,0.604751,0.579096,0.574283
0.256540,0.280545,0.280201,0.332894,0.544001,0.542172,0.590110
0.261672,0.278836,0.285001,0.272855,0.641423,0.582126,0.580656
0.285791,0.277960,0.295497,0.262343,0.634362,0.621079,0.581955
0.250079,0.275166,0.270945,0.310889,0.612367,0.523727,0.587826
0.260837,0.277770,0.273273,0.273013,0.672666,0.555719,0.587858
0.284219,0.283708,0.281431,0.268474,0.667370,0.600331,0.587331
0.385824,0.370651,0.267173,0.188661,0.686665,0.523135,0.576536
0.259304,0.306696,0.244963,0.451378,0.351956,0.270248,0.532311
0.256652,0.300513,0.245328,0.451367,0.356099,0.264351,0.530873
0.254750,0.294153,0.240655,0.451530,0.355802,0.269102,0.521368
0.233028,0.288823,0.262863,0.514285,0.369826,0.261172,0.529034
0.232507,0.275764,0.257571,0.516617,0.370614,0.262717,0.521002
0.234372,0.275039,0.257919,0.508780,0.370246,0.266544,0.511061
0.236767,0.271998,0.251573,0.515272,0.369116,0.267850,0.505049
0.240798,0.290487,0.221378,0.583647,0.391913,0.240911,0.403809
0.235134,0.280163,0.224188,0.575174,0.389851,0.222008,0.443135
0.389508,0.490173,0.370932,0.193544,0.471128,0.366938,0.507116
0.340451,0.425445,0.346593,0.195274,0.474898,0.376691,0.545511
0.337930,0.425570,0.344155,0.199907,0.525124,0.380333,0.544032
0.342300,0.419313,0.344374,0.183436,0.560752,0.424009,0.535550
0.340362,0.400086,0.333812,0.174023,0.623931,0.437975,0.559989
0.363297,0.382411,0.335184,0.165493,0.649082,0.446500,0.575839
0.311771,0.368738,0.330426,0.216657,0.511377,0.356317,0.558191
0.312244,0.367759,0.322511,0.223357,0.492790,0.346020,0.551785
0.292508,0.364454,0.329888,0.271420,0.386576,0.294477,0.520304
0.289518,0.348734,0.321449,0.220102,0.429303,0.361751,0.510873
0.282345,0.345942,0.314143,0.189174,0.487148,0.401530,0.528279
0.294968,0.331991,0.316436,0.175812,0.536948,0.397347,0.548400
0.393804,0.460849,0.345580,0.209761,0.440697,0.357746,0.493553
0.341260,0.396104,0.347111,0.193016,0.461802,0.418866,0.517369
0.344981,0.408837,0.334839,0.191351,0.534706,0.438668,0.510218
0.228284,0.305719,0.251548,0.276034,0.409282,0.367505,0.518490
0.203121,0.279456,0.209792,0.606219,0.390511,0.242727,0.436610
0.331161,0.333307,0.260973,0.153966,0.835742,0.530344,0.595391
0.331161,0.333307,0.260973,0.153966,0.835742,0.530344,0.595391
0.331161,0.333307,0.260973,0.153966,0.835742,0.530344,0.595391
0.332061,0.333116,0.260197,0.151876,0.839994,0.528867,0.595994
0.332061,0.333116,0.260197,0.151876,0.839994,0.528867,0.595994
0.317687,0.315756,0.251942,0.210349,0.690297,0.463263,0.644110
0.317687,0.315756,0.251942,0.210349,0.690297,0.463263,0.644110
0.259778,0.293423,0.301014,0.368514,0.486648,0.310633,0.503707
0.264783,0.283211,0.305983,0.275970,0.553882,0.374634,0.517123
0.263091,0.283436,0.310343,0.248227,0.577886,0.406618,0.517816
0.262127,0.282293,0.313923,0.233815,0.607421,0.418344,0.517570
0.261143,0.288197,0.305478,0.381733,0.499693,0.313916,0.517148
0.262193,0.289060,0.308516,0.389661,0.502977,0.304479,0.521297
0.261635,0.289529,0.306510,0.395068,0.503236,0.307525,0.518104
0.262567,0.290174,0.303895,0.398659,0.503136,0.311985,0.513592
0.351476,0.375895,0.281771,0.125924,0.717726,0.488999,0.533113
0.339061,0.334167,0.304225,0.159632,0.779334,0.521161,0.552141
0.337171,0.333414,0.325179,0.196310,0.725410,0.484746,0.603566
0.337171,0.333414,0.325179,0.196310,0.725410,0.484746,0.603566
0.331635,0.332154,0.313500,0.210532,0.714791,0.499408,0.550134
0.392945,0.307473,0.308692,0.159305,0.865998,0.557658,0.563062
0.392945,0.307473,0.308692,0.159305,0.865998,0.557658,0.563062
0.282405,0.291134,0.284988,0.193707,0.715595,0.580253,0.526760
0.341471,0.310014,0.324186,0.266975,0.603347,0.432968,0.534043
0.341906,0.309044,0.325317,0.274959,0.594392,0.435727,0.532302
0.294441,0.297175,0.307098,0.267014,0.590047,0.472389,0.542018
0.284581,0.272206,0.295808,0.244259,0.612530,0.462370,0.523843
0.341562,0.308169,0.340203,0.304694,0.616202,0.457009,0.547695
0.379046,0.347029,0.339168,0.157878,0.774415,0.573923,0.533619
0.398155,0.332895,0.350602,0.171261,0.680450,0.543316,0.553113
0.300264,0.290213,0.308148,0.210227,0.598831,0.484864,0.551350
0.324027,0.307816,0.331363,0.290336,0.620815,0.419441,0.544644
0.386327,0.334897,0.308926,0.219120,0.698375,0.528975,0.547342
0.360738,0.312392,0.301626,0.298311,0.677195,0.507893,0.443850
0.350113,0.330404,0.302269,0.223858,0.676976,0.435316,0.522769
0.255267,0.258441,0.253666,0.603259,0.350899,0.259088,0.499716
0.255267,0.258441,0.253666,0.603259,0.350899,0.259088,0.499716
0.255267,0.258441,0.253666,0.603259,0.350899,0.259088,0.499716
0.255267,0.258441,0.253666,0.603259,0.350899,0.259088,0.499716
0.255267,0.258441,0.253666,0.603259,0.350899,0.259088,0.499716
0.255267,0.258441,0.253666,0.603259,0.350899,0.259088,0.499716
0.317490,0.302445,0.292525,0.189471,0.688230,0.595850,0.491642
0.317490,0.302445,0.292525,0.189471,0.688230,0.595850,0.491642
0.317490,0.302445,0.292525,0.189471,0.688230,0.595850,0.491642
0.270397,0.281385,0.290672,0.261259,0.666881,0.447085,0.546443
0.402193,0.427234,0.335339,0.113273,0.759099,0.423433,0.541629
0.402321,0.424503,0.331703,0.104329,0.763929,0.451430,0.542691
0.346012,0.333616,0.290487,0.189281,0.662697,0.524789,0.518709
0.346012,0.333616,0.290487,0.189281,0.662697,0.524789,0.518709
0.257797,0.332031,0.321539,0.299603,0.448588,0.323773,0.509945
0.264760,0.313353,0.354824,0.297420,0.422063,0.332946,0.469247
0.253158,0.300023,0.342110,0.461030,0.425455,0.273239,0.490896
0.337518,0.416687,0.372802,0.231995,0.488865,0.382805,0.491391
0.260618,0.307418,0.291975,0.215238,0.590461,0.420579,0.574751
0.282283,0.329328,0.305736,0.278157,0.713166,0.539634,0.548065
0.298239,0.344891,0.307942,0.189686,0.656687,0.512583,0.517450
0.325037,0.316320,0.297401,0.176947,0.784663,0.539648,0.566861
0.274033,0.320495,0.266698,0.232018,0.704188,0.451927,0.578199
0.311027,0.328166,0.266428,0.170908,0.762432,0.541856,0.561774
0.345283,0.329823,0.286658,0.148415,0.824176,0.624253,0.568398
0.266400,0.268989,0.284044,0.242373,0.684125,0.515675,0.532300
0.340839,0.308493,0.310145,0.143288,0.821414,0.595654,0.571457
0.544993,0.558103,0.499228,0.129608,0.802466,0.634050,0.506541
0.513003,0.495579,0.388384,0.144091,0.776021,0.581030,0.513317
0.552242,0.576413,0.468312,0.103280,0.868759,0.693144,0.563665
0.513619,0.505228,0.403744,0.137692,0.758298,0.625862,0.501201
0.555267,0.544047,0.464517,0.117476,0.818670,0.655685,0.517526
0.555267,0.544047,0.464517,0.117476,0.818670,0.655685,0.517526
0.527027,0.518890,0.394001,0.147188,0.820139,0.620194,0.485448
0.523779,0.495815,0.399475,0.142337,0.762037,0.640174,0.546133
0.527198,0.497726,0.393685,0.139777,0.788936,0.641446,0.543608
0.543666,0.548218,0.457896,0.128777,0.793083,0.675916,0.520103
0.540103,0.526479,0.394323,0.151995,0.812061,0.608164,0.497324
0.554363,0.537582,0.387191,0.121510,0.809577,0.636345,0.504009
0.316212,0.336301,0.328862,0.205764,0.775354,0.460751,0.607110
0.316212,0.336301,0.328862,0.205764,0.775354,0.460751,0.607110
0.341138,0.352365,0.318972,0.196099,0.727780,0.474826,0.596834
0.341138,0.352365,0.318972,0.196099,0.727780,0.474826,0.596834
0.331531,0.349519,0.308025,0.171338,0.773901,0.501245,0.623807
0.331531,0.349519,0.308025,0.171338,0.773901,0.501245,0.623807
0.331206,0.340962,0.320453,0.196250,0.757467,0.473943,0.588860
0.331206,0.340962,0.320453,0.196250,0.757467,0.473943,0.588860
0.241102,0.267655,0.260950,0.327089,0.663704,0.427839,0.577255
0.241102,0.267655,0.260950,0.327089,0.663704,0.427839,0.577255
0.238994,0.257708,0.264424,0.329734,0.652947,0.442610,0.561855
0.238994,0.257708,0.264424,0.329734,0.652947,0.442610,0.561855
0.386648,0.371609,0.325172,0.118905,0.793216,0.544041,0.485305
0.438652,0.460522,0.415443,0.133320,0.675670,0.604469,0.536686
0.438652,0.460522,0.415443,0.133320,0.675670,0.604469,0.536686
0.247062,0.265044,0.299982,0.264285,0.612365,0.395965,0.571422
0.333245,0.306743,0.276508,0.234417,0.636748,0.545135,0.581363
0.274763,0.297213,0.280588,0.211050,0.729140,0.497451,0.550978
0.273892,0.280666,0.287417,0.176917,0.716592,0.519514,0.560598
0.335044,0.330528,0.284317,0.146927,0.755225,0.479581,0.523507
0.335044,0.330528,0.284317,0.146927,0.755225,0.479581,0.523507
0.335044,0.330528,0.284317,0.146927,0.755225,0.479581,0.523507
0.335200,0.324370,0.288144,0.194831,0.680311,0.587134,0.482442
0.335200,0.324370,0.288144,0.194831,0.680311,0.587134,0.482442
0.335200,0.324370,0.288144,0.194831,0.680311,0.587134,0.482442
0.269129,0.319237,0.265309,0.277342,0.570435,0.479181,0.511018
0.269129,0.319237,0.265309,0.277342,0.570435,0.479181,0.511018
0.269129,0.319237,0.265309,0.277342,0.570435,0.479181,0.511018
0.350966,0.319715,0.297015,0.172211,0.727789,0.546944,0.511692
0.350966,0.319715,0.297015,0.172211,0.727789,0.546944,0.511692
0.350966,0.319715,0.297015,0.172211,0.727789,0.546944,0.511692
0.380337,0.372458,0.300177,0.213838,0.756510,0.641065,0.526151
0.404354,0.417394,0.394538,0.156394,0.676216,0.428048,0.473256
0.408770,0.467651,0.411474,0.148860,0.649237,0.443859,0.483270
0.450023,0.453942,0.420316,0.150579,0.660402,0.461165,0.513116
0.435584,0.439847,0.412327,0.138482,0.700355,0.530770,0.528880
0.491541,0.484871,0.390581,0.135846,0.707441,0.443814,0.506641
0.547599,0.536869,0.464723,0.117968,0.837367,0.644762,0.544909
0.547599,0.536869,0.464723,0.117968,0.837367,0.644762,0.544909
0.331685,0.312470,0.270741,0.144313,0.700694,0.560226,0.512503
0.331685,0.312470,0.270741,0.144313,0.700694,0.560226,0.512503
0.334047,0.311843,0.269195,0.140181,0.717016,0.572528,0.516865
0.334047,0.311843,0.269195,0.140181,0.717016,0.572528,0.516865
0.245303,0.266799,0.274347,0.292948,0.511354,0.418267,0.566142
0.312869,0.301184,0.319090,0.172870,0.608591,0.482947,0.525405
0.289589,0.338782,0.302612,0.222369,0.524798,0.495138,0.500110
0.279889,0.325966,0.304538,0.211817,0.563742,0.502305,0.503678
0.273978,0.273491,0.279496,0.203980,0.580278,0.511594,0.541158
0.280438,0.278483,0.282064,0.219301,0.594085,0.464645,0.561940
0.280921,0.269952,0.273982,0.224487,0.558764,0.436350,0.561558
0.282277,0.270515,0.271833,0.229802,0.556378,0.438081,0.556591
0.328476,0.288712,0.311525,0.149109,0.727690,0.604630,0.547747
0.332919,0.297948,0.279999,0.188957,0.679755,0.545331,0.564922
0.327495,0.296750,0.280034,0.201643,0.673463,0.532868,0.588846
0.320782,0.296111,0.278364,0.209462,0.652705,0.511430,0.588155
0.370881,0.324327,0.302210,0.155751,0.720240,0.597599,0.579332
0.329443,0.295455,0.280095,0.183704,0.657150,0.550786,0.573791
0.338709,0.295182,0.283737,0.169465,0.680472,0.571591,0.578908
0.340679,0.295429,0.282874,0.166650,0.686183,0.578747,0.583866
0.340528,0.297376,0.282539,0.163990,0.694900,0.569449,0.585848
0.341681,0.298288,0.280535,0.160297,0.722887,0.567323,0.596957
0.338237,0.321528,0.291700,0.131193,0.796168,0.559797,0.596413
0.332257,0.315877,0.289874,0.137223,0.768624,0.550455,0.594179
0.329001,0.314023,0.284971,0.143044,0.728799,0.533350,0.588436
0.326770,0.311416,0.280547,0.151673,0.718323,0.534229,0.584918
0.323231,0.310715,0.278108,0.157844,0.713250,0.548275,0.581795
0.318901,0.310401,0.277536,0.160943,0.707911,0.543881,0.579330
0.315548,0.309527,0.277529,0.163925,0.693730,0.548075,0.573459
0.353283,0.382711,0.390877,0.108209,0.691183,0.546875,0.489134
0.352537,0.377470,0.377061,0.101764,0.706594,0.554268,0.490020
0.353783,0.373766,0.369392,0.096240,0.709386,0.552423,0.511647
0.355695,0.368590,0.367320,0.093616,0.715548,0.554323,0.517258
0.352883,0.368299,0.367198,0.092340,0.720313,0.550915,0.512641
0.354706,0.367699,0.365600,0.090889,0.720628,0.548771,0.512161
0.412965,0.432386,0.436586,0.113842,0.695431,0.577001,0.462823
0.415921,0.405295,0.439200,0.113092,0.712246,0.561617,0.467854
0.414024,0.409344,0.426911,0.103878,0.745416,0.577144,0.479245
0.409807,0.402102,0.415814,0.103253,0.770560,0.582984,0.482450
0.370989,0.386195,0.389863,0.101838,0.738773,0.503288,0.505913
0.372514,0.381599,0.387298,0.098202,0.742772,0.505286,0.512008
0.435806,0.454796,0.462569,0.121953,0.714734,0.511448,0.473257
0.437536,0.441249,0.464976,0.114866,0.732116,0.521409,0.487698
0.431696,0.418450,0.440678,0.108499,0.786958,0.543965,0.491735
0.513282,0.484647,0.436384,0.112001,0.682887,0.530868,0.438956
0.466091,0.448796,0.447283,0.126833,0.719179,0.601290,0.482514
0.520324,0.478545,0.434730,0.102017,0.700077,0.549680,0.434060
0.480850,0.464771,0.440610,0.117977,0.723427,0.626205,0.457898
0.461277,0.414575,0.403913,0.125885,0.631702,0.480683,0.438075
0.423438,0.403554,0.411336,0.142911,0.694215,0.557597,0.478712
0.472482,0.424194,0.402980,0.116994,0.681281,0.499533,0.432902
0.432028,0.411818,0.406367,0.134416,0.708941,0.575553,0.452313
0.520324,0.478545,0.434730,0.102017,0.700077,0.549680,0.434060
0.480850,0.464771,0.440610,0.117977,0.723427,0.626205,0.457898
0.520509,0.470574,0.425518,0.108079,0.698498,0.570084,0.456140
0.475312,0.461859,0.433412,0.129463,0.734048,0.617934,0.479876
0.518864,0.475669,0.414386,0.099347,0.713387,0.572288,0.460829
0.475263,0.461464,0.419228,0.119017,0.765229,0.621908,0.488867
0.512060,0.469349,0.394326,0.096258,0.760471,0.593152,0.467594
0.510052,0.470670,0.403774,0.097009,0.751342,0.564811,0.461153
0.490018,0.500479,0.402814,0.093155,0.749194,0.667368,0.514215
0.500350,0.476312,0.407039,0.087266,0.762193,0.641183,0.485687
0.449278,0.462399,0.414899,0.118094,0.733396,0.584064,0.452223
0.447413,0.486123,0.418712,0.124185,0.717315,0.583852,0.442003
0.477970,0.459317,0.422953,0.128845,0.717573,0.605130,0.482609
0.452512,0.414550,0.366877,0.127753,0.762636,0.686944,0.534898
0.428451,0.384728,0.371511,0.133392,0.688195,0.643167,0.490738
0.321209,0.282582,0.269232,0.161927,0.646814,0.509576,0.511643
0.321209,0.282582,0.269232,0.161927,0.646814,0.509576,0.511643
0.321209,0.282582,0.269232,0.161927,0.646814,0.509576,0.511643
0.323246,0.281814,0.270832,0.173667,0.620954,0.495051,0.512138
0.323246,0.281814,0.270832,0.173667,0.620954,0.495051,0.512138
0.323246,0.281814,0.270832,0.173667,0.620954,0.495051,0.512138
0.340587,0.309904,0.281454,0.189331,0.651543,0.489545,0.520101
0.340587,0.309904,0.281454,0.189331,0.651543,0.489545,0.520101
0.340587,0.309904,0.281454,0.189331,0.651543,0.489545,0.520101
0.359654,0.306075,0.291224,0.176559,0.700516,0.539710,0.487277
0.359654,0.306075,0.291224,0.176559,0.700516,0.539710,0.487277
0.359654,0.306075,0.291224,0.176559,0.700516,0.539710,0.487277
0.348136,0.302014,0.289076,0.161975,0.730660,0.522303,0.516835
0.348136,0.302014,0.289076,0.161975,0.730660,0.522303,0.516835
0.348136,0.302014,0.289076,0.161975,0.730660,0.522303,0.516835
0.351715,0.302991,0.290867,0.174000,0.698781,0.519448,0.515922
0.351715,0.302991,0.290867,0.174000,0.698781,0.519448,0.515922
0.351715,0.302991,0.290867,0.174000,0.698781,0.519448,0.515922
0.313841,0.326507,0.284838,0.195440,0.727084,0.545370,0.550758
0.324527,0.331483,0.283490,0.188730,0.727119,0.548765,0.551183
0.332094,0.333790,0.282428,0.184145,0.737832,0.555454,0.553828
0.336006,0.334656,0.283232,0.181567,0.779584,0.546962,0.557601
0.410996,0.403150,0.331145,0.165855,0.725369,0.584645,0.505370
0.418778,0.385044,0.318856,0.147812,0.734041,0.601144,0.521282
0.421078,0.380270,0.309880,0.141247,0.766387,0.631715,0.534232
0.421908,0.380063,0.307622,0.139461,0.798538,0.627085,0.546607
0.401389,0.380511,0.324102,0.167758,0.716195,0.545754,0.463160
0.407383,0.366941,0.312076,0.151076,0.726906,0.561616,0.479173
0.411079,0.360651,0.304738,0.143658,0.763700,0.599916,0.486439
0.412101,0.359182,0.301656,0.141125,0.793326,0.598733,0.502399
0.397679,0.388964,0.327710,0.168328,0.734101,0.571278,0.465639
0.406054,0.371685,0.314950,0.151622,0.741459,0.587985,0.483818
0.406856,0.365950,0.306692,0.143460,0.777124,0.633496,0.491093
0.407735,0.364640,0.303645,0.141622,0.805654,0.630751,0.507448
0.401495,0.392219,0.343132,0.184677,0.734122,0.574154,0.473387
0.407781,0.373547,0.325592,0.167732,0.744544,0.584325,0.494493
0.408597,0.367747,0.314830,0.159552,0.777749,0.623933,0.506465
0.408714,0.367398,0.311648,0.156176,0.805425,0.619530,0.517615
0.320189,0.302683,0.276747,0.213346,0.767877,0.560754,0.411103
0.320189,0.302683,0.276747,0.213346,0.767877,0.560754,0.411103
0.320189,0.302683,0.276747,0.213346,0.767877,0.560754,0.411103
0.319661,0.349389,0.290379,0.207112,0.704736,0.536186,0.480420
0.319661,0.349389,0.290379,0.207112,0.704736,0.536186,0.480420
0.319661,0.349389,0.290379,0.207112,0.704736,0.536186,0.480420
0.319661,0.349389,0.290379,0.207112,0.704736,0.536186,0.480420
0.319661,0.349389,0.290379,0.207112,0.704736,0.536186,0.480420
0.319661,0.349389,0.290379,0.207112,0.704736,0.536186,0.480420
0.319661,0.349389,0.290379,0.207112,0.704736,0.536186,0.480420
0.319661,0.349389,0.290379,0.207112,0.704736,0.536186,0.480420
0.335525,0.315948,0.262214,0.153530,0.781845,0.587769,0.474340
0.337095,0.315790,0.262217,0.141899,0.799885,0.587235,0.477136
0.319981,0.308912,0.258954,0.204146,0.695943,0.560807,0.515840
0.339116,0.325115,0.263415,0.182082,0.778916,0.563102,0.530073
0.329348,0.392858,0.282728,0.135895,0.776969,0.442574,0.577107
0.329348,0.392858,0.282728,0.135895,0.776969,0.442574,0.577107
0.329348,0.392858,0.282728,0.135895,0.776969,0.442574,0.577107
0.336865,0.402511,0.279434,0.129057,0.783581,0.450980,0.576258
0.336865,0.402511,0.279434,0.129057,0.783581,0.450980,0.576258
0.336865,0.402511,0.279434,0.129057,0.783581,0.450980,0.576258
0.346479,0.406108,0.279328,0.124737,0.784116,0.449872,0.575897
0.346479,0.406108,0.279328,0.124737,0.784116,0.449872,0.575897
0.346479,0.406108,0.279328,0.124737,0.784116,0.449872,0.575897
0.350970,0.411180,0.275055,0.112839,0.787216,0.461383,0.577038
0.350970,0.411180,0.275055,0.112839,0.787216,0.461383,0.577038
0.350970,0.411180,0.275055,0.112839,0.787216,0.461383,0.577038
0.310064,0.354648,0.256396,0.145626,0.774143,0.456852,0.579438
0.310064,0.354648,0.256396,0.145626,0.774143,0.456852,0.579438
0.310064,0.354648,0.256396,0.145626,0.774143,0.456852,0.579438
0.307326,0.353235,0.257076,0.146277,0.771470,0.467706,0.578634
0.307326,0.353235,0.257076,0.146277,0.771470,0.467706,0.578634
0.307326,0.353235,0.257076,0.146277,0.771470,0.467706,0.578634
0.277808,0.334681,0.252581,0.179816,0.685243,0.439403,0.566933
0.277808,0.334681,0.252581,0.179816,0.685243,0.439403,0.566933
0.277808,0.334681,0.252581,0.179816,0.685243,0.439403,0.566933
0.305881,0.345011,0.249982,0.162251,0.755603,0.462797,0.577860
0.305881,0.345011,0.249982,0.162251,0.755603,0.462797,0.577860
0.305881,0.345011,0.249982,0.162251,0.755603,0.462797,0.577860
0.253666,0.343099,0.250117,0.213719,0.609832,0.428402,0.553056
0.253666,0.343099,0.250117,0.213719,0.609832,0.428402,0.553056
0.253666,0.343099,0.250117,0.213719,0.609832,0.428402,0.553056
0.247887,0.339065,0.248213,0.222469,0.605003,0.404039,0.552849
0.247887,0.339065,0.248213,0.222469,0.605003,0.404039,0.552849
0.247887,0.339065,0.248213,0.222469,0.605003,0.404039,0.552849
0.249046,0.339562,0.245546,0.237372,0.600864,0.397200,0.552410
0.249046,0.339562,0.245546,0.237372,0.600864,0.397200,0.552410
0.249046,0.339562,0.245546,0.237372,0.600864,0.397200,0.552410
0.294057,0.341597,0.259090,0.168859,0.705670,0.481850,0.568958
0.294057,0.341597,0.259090,0.168859,0.705670,0.481850,0.568958
0.294057,0.341597,0.259090,0.168859,0.705670,0.481850,0.568958
0.330137,0.360410,0.268353,0.138841,0.763001,0.473803,0.552166
0.330137,0.360410,0.268353,0.138841,0.763001,0.473803,0.552166
0.330137,0.360410,0.268353,0.138841,0.763001,0.473803,0.552166
0.335356,0.367143,0.265311,0.122369,0.775010,0.475198,0.547989
0.335356,0.367143,0.265311,0.122369,0.775010,0.475198,0.547989
0.335356,0.367143,0.265311,0.122369,0.775010,0.475198,0.547989
0.247304,0.319902,0.247809,0.227946,0.595171,0.427691,0.529081
0.247304,0.319902,0.247809,0.227946,0.595171,0.427691,0.529081
0.247304,0.319902,0.247809,0.227946,0.595171,0.427691,0.529081
0.310242,0.333586,0.249354,0.162487,0.738659,0.478473,0.551938
0.310242,0.333586,0.249354,0.162487,0.738659,0.478473,0.551938
0.310242,0.333586,0.249354,0.162487,0.738659,0.478473,0.551938
0.338773,0.353412,0.269944,0.124699,0.776754,0.494725,0.592623
0.338773,0.353412,0.269944,0.124699,0.776754,0.494725,0.592623
0.338773,0.353412,0.269944,0.124699,0.776754,0.494725,0.592623
0.341189,0.356011,0.269057,0.117530,0.786557,0.487755,0.594902
0.341189,0.356011,0.269057,0.117530,0.786557,0.487755,0.594902
0.341189,0.356011,0.269057,0.117530,0.786557,0.487755,0.594902
0.290839,0.317019,0.252904,0.223589,0.658868,0.484454,0.572656
0.290839,0.317019,0.252904,0.223589,0.658868,0.484454,0.572656
0.290839,0.317019,0.252904,0.223589,0.658868,0.484454,0.572656
0.334178,0.380841,0.261219,0.124574,0.758052,0.470439,0.584734
0.334178,0.380841,0.261219,0.124574,0.758052,0.470439,0.584734
0.334178,0.380841,0.261219,0.124574,0.758052,0.470439,0.584734
0.325081,0.362207,0.271467,0.119485,0.765790,0.472664,0.594039
0.325081,0.362207,0.271467,0.119485,0.765790,0.472664,0.594039
0.325081,0.362207,0.271467,0.119485,0.765790,0.472664,0.594039
0.276960,0.337250,0.253236,0.194578,0.635687,0.429938,0.570686
0.276960,0.337250,0.253236,0.194578,0.635687,0.429938,0.570686
0.276960,0.337250,0.253236,0.194578,0.635687,0.429938,0.570686
0.287628,0.340247,0.250085,0.180966,0.712827,0.442376,0.580919
0.287628,0.340247,0.250085,0.180966,0.712827,0.442376,0.580919
0.287628,0.340247,0.250085,0.180966,0.712827,0.442376,0.580919
0.314303,0.377815,0.359927,0.114549,0.688155,0.542416,0.473723
0.318684,0.372365,0.351358,0.111509,0.703138,0.553016,0.495113
0.325971,0.376970,0.345707,0.107368,0.717961,0.552883,0.498582
0.337494,0.373275,0.339668,0.100841,0.714773,0.563738,0.506759
0.339264,0.372683,0.336771,0.096491,0.722999,0.558630,0.507366
0.339871,0.370507,0.336001,0.094940,0.727725,0.540272,0.505982
0.337326,0.373415,0.334836,0.092313,0.733096,0.525714,0.505366
0.338847,0.371335,0.331920,0.087905,0.735039,0.522362,0.500271
0.339070,0.367281,0.331215,0.085060,0.737863,0.510780,0.497686
0.397299,0.438459,0.402833,0.105695,0.691193,0.602659,0.441817
0.386450,0.417920,0.396026,0.109811,0.711716,0.578810,0.452327
0.382499,0.429617,0.389417,0.101954,0.722784,0.580233,0.464006
0.385524,0.426429,0.387000,0.099006,0.762058,0.580883,0.475307
0.457101,0.463540,0.415350,0.108416,0.739234,0.602774,0.441496
0.492126,0.488965,0.410246,0.102456,0.709533,0.527671,0.417759
0.492126,0.488965,0.410246,0.102456,0.709533,0.527671,0.417759
0.444222,0.461387,0.416211,0.117497,0.708143,0.584409,0.469263
0.488442,0.480381,0.409309,0.109471,0.660564,0.538099,0.426823
0.486471,0.492098,0.414930,0.107294,0.699622,0.530667,0.407548
0.500867,0.474764,0.424225,0.098271,0.730279,0.542470,0.426868
0.507850,0.483876,0.429343,0.094401,0.752787,0.552144,0.430933
0.550822,0.579425,0.442881,0.112476,0.732835,0.458949,0.410076
0.548427,0.575944,0.444642,0.112839,0.752422,0.477459,0.431809
0.419478,0.478728,0.386808,0.109063,0.658227,0.549320,0.422669
0.484916,0.479351,0.425354,0.118577,0.703428,0.545925,0.457340
0.484916,0.479351,0.425354,0.118577,0.703428,0.545925,0.457340
0.472387,0.447002,0.433969,0.124792,0.747058,0.541181,0.492999
0.465293,0.442464,0.422858,0.116999,0.765039,0.567606,0.483526
0.451341,0.462667,0.429112,0.129210,0.734145,0.600862,0.475474
0.451341,0.462667,0.429112,0.129210,0.734145,0.600862,0.475474
0.484916,0.479351,0.425354,0.118577,0.703428,0.545925,0.457340
0.484916,0.479351,0.425354,0.118577,0.703428,0.545925,0.457340
0.439574,0.459658,0.430402,0.144674,0.705952,0.585063,0.498361
0.439574,0.459658,0.430402,0.144674,0.705952,0.585063,0.498361
0.472927,0.476326,0.425068,0.132345,0.661235,0.538214,0.453914
0.472927,0.476326,0.425068,0.132345,0.661235,0.538214,0.453914
0.439574,0.459658,0.430402,0.144674,0.705952,0.585063,0.498361
0.439574,0.459658,0.430402,0.144674,0.705952,0.585063,0.498361
0.472927,0.476326,0.425068,0.132345,0.661235,0.538214,0.453914
0.472927,0.476326,0.425068,0.132345,0.661235,0.538214,0.453914
0.312100,0.326396,0.285706,0.255425,0.497807,0.518634,0.471447
0.536232,0.481661,0.359034,0.146765,0.729611,0.590781,0.497268
0.498178,0.435447,0.360790,0.155052,0.663674,0.546586,0.458416
0.555417,0.571052,0.517449,0.102644,0.721918,0.590062,0.498447
0.283419,0.357312,0.345874,0.159719,0.554528,0.447072,0.496474
0.292698,0.347192,0.335413,0.149427,0.625753,0.477022,0.505267
0.321226,0.346080,0.327810,0.140254,0.641947,0.482349,0.517265
0.523885,0.545502,0.472878,0.118994,0.747977,0.552662,0.485466
0.296807,0.317811,0.325842,0.158027,0.571940,0.447906,0.487267
0.300896,0.312451,0.311477,0.158929,0.619410,0.472608,0.503847
0.313390,0.311144,0.303226,0.150253,0.631261,0.478588,0.503712
0.440838,0.461275,0.352863,0.152454,0.639474,0.507027,0.558311
0.528131,0.555967,0.357755,0.151030,0.763380,0.555587,0.576892
0.321634,0.343689,0.271357,0.179216,0.710546,0.481792,0.596250
0.342952,0.323317,0.273046,0.187858,0.633202,0.473194,0.461637
0.342952,0.323317,0.273046,0.187858,0.633202,0.473194,0.461637
0.342952,0.323317,0.273046,0.187858,0.633202,0.473194,0.461637
0.262556,0.278084,0.282097,0.218423,0.547323,0.425725,0.477219
0.262556,0.278084,0.282097,0.218423,0.547323,0.425725,0.477219
0.262556,0.278084,0.282097,0.218423,0.547323,0.425725,0.477219
0.325642,0.323539,0.270076,0.220368,0.715690,0.518457,0.556318
0.327462,0.325491,0.268360,0.211616,0.737192,0.543018,0.564477
0.327462,0.325491,0.268360,0.211616,0.737192,0.543018,0.564477
0.329736,0.326411,0.268204,0.205917,0.754367,0.545814,0.565793
0.329736,0.326411,0.268204,0.205917,0.754367,0.545814,0.565793
0.322531,0.333035,0.270810,0.191140,0.812731,0.561773,0.570147
0.322531,0.333035,0.270810,0.191140,0.812731,0.561773,0.570147
0.325165,0.333976,0.270080,0.185939,0.814405,0.563896,0.572584
0.325165,0.333976,0.270080,0.185939,0.814405,0.563896,0.572584
0.344837,0.324868,0.263125,0.186618,0.814570,0.607973,0.595243
0.344837,0.324868,0.263125,0.186618,0.814570,0.607973,0.595243
0.329338,0.321821,0.250962,0.232567,0.740084,0.566748,0.591101
0.329338,0.321821,0.250962,0.232567,0.740084,0.566748,0.591101
0.338192,0.324875,0.253235,0.200650,0.797376,0.590440,0.597629
0.338192,0.324875,0.253235,0.200650,0.797376,0.590440,0.597629
0.339341,0.331392,0.259547,0.168584,0.829443,0.600981,0.595936
0.339341,0.331392,0.259547,0.168584,0.829443,0.600981,0.595936
0.324291,0.320904,0.276938,0.226512,0.768511,0.546896,0.590382
0.324291,0.320904,0.276938,0.226512,0.768511,0.546896,0.590382
0.337671,0.346530,0.253513,0.201905,0.809229,0.515362,0.581248
0.337671,0.346530,0.253513,0.201905,0.809229,0.515362,0.581248
0.337711,0.351912,0.257835,0.198074,0.821471,0.534707,0.593797
0.337711,0.351912,0.257835,0.198074,0.821471,0.534707,0.593797
0.338764,0.353073,0.257707,0.192168,0.823707,0.533600,0.595604
0.338764,0.353073,0.257707,0.192168,0.823707,0.533600,0.595604
0.319607,0.340050,0.256583,0.208771,0.745412,0.531637,0.573415
0.319607,0.340050,0.256583,0.208771,0.745412,0.531637,0.573415
0.322064,0.339282,0.256433,0.206352,0.748363,0.525860,0.574775
0.322064,0.339282,0.256433,0.206352,0.748363,0.525860,0.574775
0.299399,0.334423,0.252498,0.244809,0.719606,0.513513,0.561518
0.299399,0.334423,0.252498,0.244809,0.719606,0.513513,0.561518
0.342232,0.348014,0.262440,0.200006,0.784114,0.570181,0.577323
0.342232,0.348014,0.262440,0.200006,0.784114,0.570181,0.577323
0.340048,0.335655,0.278540,0.191987,0.784002,0.549883,0.579407
0.340048,0.335655,0.278540,0.191987,0.784002,0.549883,0.579407
0.386982,0.363888,0.301700,0.143736,0.807950,0.611839,0.517815
0.387463,0.364008,0.301048,0.141200,0.812089,0.609666,0.520288
0.387195,0.365759,0.299401,0.138589,0.813985,0.603823,0.529998
0.386828,0.366248,0.299431,0.139076,0.815132,0.602178,0.531182
0.386828,0.366248,0.299431,0.139076,0.815132,0.602178,0.531182
0.386549,0.366465,0.299553,0.132526,0.814664,0.603304,0.531216
0.387085,0.367502,0.298371,0.130399,0.814066,0.600061,0.530654
0.388461,0.367636,0.299084,0.125553,0.814339,0.603184,0.530220
0.350305,0.333689,0.288536,0.193175,0.765031,0.566721,0.564025
0.358531,0.332385,0.292268,0.188631,0.762705,0.589884,0.568741
0.348220,0.325570,0.290352,0.195445,0.749528,0.574624,0.564813
0.343919,0.320912,0.290068,0.185637,0.738629,0.572393,0.502008
0.344139,0.322660,0.286680,0.182678,0.740200,0.576863,0.530139
0.347669,0.324478,0.287696,0.173458,0.742487,0.577904,0.540786
0.384506,0.360585,0.290748,0.192717,0.759166,0.583913,0.498857
0.380310,0.351353,0.294517,0.183781,0.759993,0.599667,0.493731
0.380746,0.349649,0.296968,0.169997,0.779799,0.606996,0.508690
0.237769,0.277837,0.265824,0.211243,0.624121,0.443937,0.514338
0.325316,0.416515,0.295409,0.148761,0.684677,0.432061,0.575651
0.273782,0.297424,0.267777,0.163441,0.626837,0.483570,0.549738
0.311365,0.420354,0.300716,0.159604,0.595320,0.419892,0.550386
0.312931,0.422198,0.300442,0.154690,0.667671,0.451643,0.570013
0.259373,0.301957,0.278723,0.212574,0.634279,0.510814,0.533016
0.324753,0.546014,0.430790,0.266299,0.240547,0.115877,0.438100
0.321662,0.557772,0.420024,0.214743,0.322765,0.168324,0.507204
0.333763,0.548312,0.407999,0.182398,0.382603,0.239515,0.526228
0.350258,0.487891,0.396973,0.149302,0.481093,0.293639,0.550004
0.215374,0.378577,0.329356,0.483362,0.245208,0.125041,0.459625
0.294560,0.333042,0.255107,0.301917,0.654656,0.525052,0.516962
0.326232,0.310280,0.319952,0.219659,0.650098,0.505208,0.528905
0.278174,0.267378,0.289787,0.234376,0.672252,0.438980,0.518168
0.244303,0.273053,0.203982,0.527993,0.400647,0.430409,0.495469
0.244303,0.273053,0.203982,0.527993,0.400647,0.430409,0.495469
0.249364,0.306251,0.250701,0.308305,0.455285,0.340998,0.528671
0.249364,0.306251,0.250701,0.308305,0.455285,0.340998,0.528671
0.313447,0.340719,0.340320,0.239646,0.512349,0.335237,0.480280
0.313447,0.340719,0.340320,0.239646,0.512349,0.335237,0.480280
0.329828,0.355672,0.294686,0.171996,0.668671,0.527062,0.538046
0.329828,0.355672,0.294686,0.171996,0.668671,0.527062,0.538046
0.286855,0.343764,0.275915,0.217339,0.610974,0.461836,0.519247
0.286855,0.343764,0.275915,0.217339,0.610974,0.461836,0.519247
0.255686,0.279966,0.242961,0.542901,0.406296,0.440813,0.516185
0.255686,0.279966,0.242961,0.542901,0.406296,0.440813,0.516185
0.255248,0.279856,0.245286,0.545878,0.409788,0.420113,0.517948
0.255248,0.279856,0.245286,0.545878,0.409788,0.420113,0.517948
0.255367,0.280655,0.247675,0.541727,0.409388,0.408904,0.515775
0.255367,0.280655,0.247675,0.541727,0.409388,0.408904,0.515775
0.255225,0.283386,0.246796,0.541060,0.411526,0.408611,0.516903
0.255225,0.283386,0.246796,0.541060,0.411526,0.408611,0.516903
0.255670,0.284145,0.247271,0.546178,0.411524,0.407634,0.515396
0.255670,0.284145,0.247271,0.546178,0.411524,0.407634,0.515396
0.246602,0.284685,0.248880,0.549787,0.460126,0.422351,0.535139
0.246602,0.284685,0.248880,0.549787,0.460126,0.422351,0.535139
0.246725,0.285009,0.250854,0.547811,0.461278,0.395996,0.535133
0.246725,0.285009,0.250854,0.547811,0.461278,0.395996,0.535133
0.244640,0.286654,0.251254,0.546122,0.462914,0.394144,0.533677
0.244640,0.286654,0.251254,0.546122,0.462914,0.394144,0.533677
0.245460,0.287950,0.250663,0.545679,0.463486,0.394224,0.532847
0.245460,0.287950,0.250663,0.545679,0.463486,0.394224,0.532847
0.245393,0.288156,0.249905,0.553189,0.463096,0.390057,0.531689
0.245393,0.288156,0.249905,0.553189,0.463096,0.390057,0.531689
0.255496,0.297929,0.271959,0.457173,0.479934,0.433652,0.553491
0.255496,0.297929,0.271959,0.457173,0.479934,0.433652,0.553491
0.253981,0.296026,0.270837,0.454314,0.481790,0.425469,0.551410
0.253981,0.296026,0.270837,0.454314,0.481790,0.425469,0.551410
0.256074,0.296742,0.266880,0.453237,0.484324,0.426710,0.550722
0.256074,0.296742,0.266880,0.453237,0.484324,0.426710,0.550722
0.255396,0.296787,0.265234,0.463554,0.483360,0.422531,0.550977
0.255396,0.296787,0.265234,0.463554,0.483360,0.422531,0.550977
0.254898,0.294453,0.264717,0.464222,0.475173,0.421447,0.551084
0.254898,0.294453,0.264717,0.464222,0.475173,0.421447,0.551084
0.436834,0.422848,0.353976,0.096989,0.843277,0.582655,0.528783
0.404537,0.334043,0.300504,0.170630,0.756738,0.542463,0.516558
0.247121,0.256120,0.298586,0.219665,0.597558,0.426263,0.503125
0.246323,0.254830,0.292969,0.226332,0.597223,0.418668,0.500582
0.246323,0.254830,0.292969,0.226332,0.597223,0.418668,0.500582
0.244798,0.254266,0.290713,0.233901,0.597620,0.414761,0.498189
0.244798,0.254266,0.290713,0.233901,0.597620,0.414761,0.498189
0.244322,0.254691,0.291448,0.234413,0.590967,0.402030,0.495712
0.244322,0.254691,0.291448,0.234413,0.590967,0.402030,0.495712
0.258040,0.262613,0.295898,0.208949,0.647900,0.452728,0.506880
0.258040,0.262613,0.295898,0.208949,0.647900,0.452728,0.506880
0.252648,0.263802,0.294836,0.213844,0.641997,0.434480,0.501518
0.252648,0.263802,0.294836,0.213844,0.641997,0.434480,0.501518
0.253126,0.266713,0.290876,0.218723,0.639591,0.428188,0.502911
0.253126,0.266713,0.290876,0.218723,0.639591,0.428188,0.502911
0.245929,0.269249,0.273557,0.329400,0.420537,0.310884,0.532400
0.244021,0.264887,0.275142,0.343043,0.425636,0.304753,0.532078
0.242478,0.264412,0.274383,0.342506,0.434205,0.301305,0.530205
0.241397,0.264425,0.271220,0.343002,0.440572,0.302447,0.532624
0.240495,0.266229,0.270078,0.347572,0.442662,0.305134,0.534358
0.271585,0.283082,0.283428,0.324109,0.449378,0.511731,0.491676
0.275978,0.286785,0.273505,0.285476,0.621112,0.488474,0.541348
0.273175,0.288798,0.295490,0.256176,0.645320,0.506467,0.557505
0.274119,0.298123,0.297722,0.256940,0.585134,0.556603,0.512535
0.262800,0.287215,0.285633,0.276901,0.587714,0.519758,0.517715
0.262800,0.287215,0.285633,0.276901,0.587714,0.519758,0.517715
0.262800,0.287215,0.285633,0.276901,0.587714,0.519758,0.517715
0.356430,0.368843,0.276152,0.149218,0.814846,0.617686,0.528075
0.260667,0.292427,0.244691,0.265691,0.540360,0.475927,0.487505
0.365986,0.360448,0.275606,0.207236,0.799765,0.654732,0.581359
0.365986,0.360448,0.275606,0.207236,0.799765,0.654732,0.581359
0.336411,0.328163,0.282625,0.215419,0.762814,0.558906,0.546520
0.352007,0.337263,0.289598,0.140794,0.838097,0.578290,0.531861
0.342017,0.329891,0.284791,0.199462,0.780455,0.595417,0.549641
0.341535,0.332199,0.280569,0.190823,0.807183,0.597564,0.531757
0.350857,0.332431,0.284610,0.182876,0.822390,0.596680,0.470721
0.357311,0.345086,0.283671,0.183184,0.817809,0.603369,0.496381
0.389770,0.371185,0.359256,0.130103,0.720008,0.542910,0.482734
0.389770,0.371185,0.359256,0.130103,0.720008,0.542910,0.482734
0.275635,0.338845,0.275652,0.320259,0.423342,0.408998,0.522318
0.256845,0.311034,0.265096,0.380570,0.427749,0.387704,0.526343
0.256867,0.309519,0.271816,0.269260,0.495204,0.422223,0.540362
0.254413,0.308754,0.274743,0.243845,0.537742,0.446450,0.555300
0.256027,0.298072,0.274557,0.233735,0.572200,0.470708,0.559515
0.252894,0.284800,0.286220,0.218242,0.686782,0.428987,0.561504
0.276525,0.389750,0.330943,0.160710,0.553585,0.415484,0.560410
0.267634,0.421542,0.374738,0.180955,0.581928,0.408514,0.535794
0.274864,0.382281,0.332321,0.145899,0.653699,0.433831,0.584314
0.257165,0.313372,0.285023,0.256690,0.446910,0.394758,0.538093
0.242501,0.302921,0.283564,0.239830,0.523463,0.418975,0.543708
0.248226,0.299230,0.298266,0.236704,0.548602,0.445860,0.546127
0.278133,0.367585,0.329598,0.148691,0.681173,0.436255,0.586962
0.283510,0.352861,0.322465,0.141070,0.700294,0.450895,0.596063
0.296010,0.285060,0.265223,0.205265,0.693621,0.570408,0.608445
0.399387,0.420888,0.358679,0.118841,0.745268,0.436817,0.462576
0.395478,0.409977,0.352990,0.116217,0.762824,0.449519,0.456298
0.395495,0.404504,0.348703,0.108128,0.772904,0.453971,0.449269
0.400731,0.398626,0.345798,0.107059,0.780349,0.480560,0.448530
0.398155,0.394494,0.339828,0.103340,0.800278,0.491955,0.459550
0.347270,0.379519,0.318612,0.145918,0.628879,0.419071,0.429524
0.344884,0.368523,0.315498,0.138994,0.682249,0.434524,0.415698
0.342390,0.367425,0.315053,0.130368,0.728626,0.443055,0.423262
0.345976,0.367195,0.315020,0.124594,0.741822,0.451843,0.424080
0.350573,0.366681,0.315044,0.123668,0.748040,0.446334,0.435499
0.432432,0.402747,0.357150,0.101463,0.781661,0.519225,0.473551
0.232397,0.277582,0.287087,0.242900,0.489316,0.294637,0.547336
0.232273,0.285650,0.293572,0.234451,0.533165,0.332893,0.533947
0.235848,0.280165,0.283839,0.345297,0.456130,0.281500,0.515435
0.241559,0.278570,0.282688,0.283898,0.460131,0.295104,0.523809
0.476753,0.504941,0.329559,0.148608,0.772449,0.553162,0.556077
0.474425,0.499395,0.323143,0.143032,0.790340,0.551644,0.569239
0.505221,0.520505,0.341279,0.162126,0.743022,0.562999,0.532818
0.551752,0.546748,0.352044,0.145541,0.768705,0.589981,0.477073
0.469752,0.482867,0.323695,0.135652,0.804018,0.538821,0.582576
0.467795,0.459630,0.319229,0.133989,0.773463,0.574722,0.605129
0.475248,0.481087,0.337144,0.115028,0.814082,0.529744,0.577200
0.472723,0.460547,0.329229,0.136706,0.780547,0.546767,0.566185
0.443130,0.399116,0.299687,0.152351,0.805515,0.587086,0.531422
0.558187,0.579527,0.471920,0.093103,0.792267,0.639096,0.461589
0.577508,0.610128,0.472181,0.122958,0.770928,0.545688,0.483118
0.566059,0.595571,0.452876,0.105595,0.817770,0.609164,0.495994
0.549648,0.546938,0.426859,0.103883,0.804565,0.593007,0.488904
0.572147,0.593912,0.507347,0.105637,0.816715,0.567924,0.465690
0.516850,0.549058,0.458134,0.112021,0.753433,0.510006,0.494754
0.556263,0.591334,0.477977,0.102738,0.758348,0.595487,0.472019
0.557854,0.604193,0.536640,0.089124,0.806607,0.660024,0.491040
0.574071,0.594685,0.459756,0.103122,0.754271,0.624060,0.472057
0.496010,0.529513,0.394205,0.123613,0.677397,0.520390,0.486446
0.499106,0.526933,0.401867,0.123063,0.675084,0.519853,0.482956
0.532036,0.583493,0.461833,0.112744,0.744095,0.545874,0.501574
0.304915,0.332742,0.271813,0.184493,0.702235,0.519382,0.565350
0.326729,0.332898,0.268898,0.173812,0.684797,0.522802,0.538291
0.284889,0.353510,0.267780,0.216694,0.684994,0.497963,0.551156
0.303527,0.348346,0.266793,0.222857,0.670985,0.501880,0.537248
0.324959,0.321213,0.280955,0.184029,0.665251,0.544279,0.544914
0.336509,0.331482,0.263250,0.186085,0.698314,0.539847,0.536918
0.344131,0.323642,0.267441,0.179928,0.682526,0.494701,0.539301
0.344131,0.323642,0.267441,0.179928,0.682526,0.494701,0.539301
0.241136,0.281609,0.276013,0.322040,0.582854,0.423875,0.547877
0.236081,0.264817,0.271636,0.335229,0.587146,0.454908,0.544557
0.242562,0.283951,0.274072,0.328553,0.578989,0.423120,0.546624
0.244478,0.284534,0.274584,0.334911,0.571449,0.413466,0.545405
0.234932,0.259152,0.258842,0.336288,0.540900,0.460578,0.553697
0.371868,0.357168,0.321933,0.167354,0.768121,0.552511,0.504886
0.282637,0.291521,0.274636,0.215865,0.736584,0.501677,0.553120
0.247148,0.299819,0.297411,0.257345,0.571854,0.434761,0.484342
0.353076,0.340095,0.325507,0.206513,0.700820,0.513052,0.516409
0.383890,0.339951,0.315792,0.180728,0.697406,0.511404,0.503547
0.248790,0.310917,0.296264,0.239217,0.623231,0.444053,0.500949
0.424979,0.405440,0.357726,0.155287,0.815348,0.574041,0.521938
0.607873,0.671167,0.567285,0.100414,0.888441,0.611923,0.509247
0.612460,0.628255,0.463719,0.109187,0.866252,0.602400,0.508955
0.609669,0.655640,0.488354,0.087458,0.896181,0.684236,0.444045
0.590748,0.622725,0.436396,0.087709,0.884869,0.656512,0.477843
0.563786,0.594723,0.442167,0.115192,0.875841,0.642301,0.497325
0.572369,0.583502,0.448271,0.113849,0.871822,0.653370,0.491732
0.343178,0.376747,0.348182,0.209842,0.615887,0.485327,0.521408
0.316542,0.350864,0.345918,0.203536,0.655791,0.448235,0.534301
0.330969,0.349490,0.332860,0.181337,0.696724,0.457534,0.560878
0.303541,0.388804,0.367460,0.202661,0.676912,0.527758,0.548095
0.345944,0.369977,0.353592,0.240212,0.589344,0.415420,0.541906
0.448515,0.509398,0.413909,0.155164,0.669062,0.500276,0.467420
0.277123,0.284442,0.318692,0.237296,0.537951,0.478962,0.475262
0.263038,0.276480,0.336096,0.238875,0.583631,0.502312,0.466435
0.361499,0.349197,0.316267,0.193963,0.711058,0.501544,0.485640
0.339223,0.323454,0.319404,0.216009,0.652773,0.488565,0.476917
0.300080,0.296562,0.342294,0.217970,0.639058,0.534569,0.467296
0.398711,0.374540,0.338100,0.171902,0.760105,0.519418,0.487162
0.433341,0.373623,0.298407,0.091431,0.845960,0.636009,0.495778
0.288118,0.320555,0.235161,0.183754,0.608156,0.395125,0.576278
0.557928,0.556031,0.401594,0.090314,0.835712,0.659188,0.554380
0.515962,0.468254,0.360807,0.135839,0.802028,0.738465,0.540782
0.372867,0.437676,0.343074,0.154336,0.688281,0.464086,0.477583
0.332143,0.338457,0.302413,0.254283,0.732444,0.410850,0.627087
0.332143,0.338457,0.302413,0.254283,0.732444,0.410850,0.627087
0.332143,0.338457,0.302413,0.254283,0.732444,0.410850,0.627087
0.332143,0.338457,0.302413,0.254283,0.732444,0.410850,0.627087
0.332143,0.338457,0.302413,0.254283,0.732444,0.410850,0.627087
0.332143,0.338457,0.302413,0.254283,0.732444,0.410850,0.627087
0.346060,0.330879,0.311018,0.192997,0.765168,0.510905,0.601688
0.276830,0.278764,0.285757,0.170620,0.637086,0.522791,0.524486
0.330336,0.294578,0.292289,0.216950,0.747808,0.530742,0.396056
0.330336,0.294578,0.292289,0.216950,0.747808,0.530742,0.396056
0.331015,0.297391,0.292047,0.219158,0.760255,0.533217,0.404508
0.331015,0.297391,0.292047,0.219158,0.760255,0.533217,0.404508
0.330444,0.296595,0.291596,0.218432,0.761724,0.536732,0.404160
0.330444,0.296595,0.291596,0.218432,0.761724,0.536732,0.404160
0.330751,0.297422,0.291702,0.215760,0.760588,0.540134,0.404904
0.330751,0.297422,0.291702,0.215760,0.760588,0.540134,0.404904
0.331824,0.299507,0.292472,0.212688,0.764934,0.535366,0.403474
0.331824,0.299507,0.292472,0.212688,0.764934,0.535366,0.403474
0.333040,0.299444,0.292568,0.208512,0.767485,0.533086,0.402182
0.333040,0.299444,0.292568,0.208512,0.767485,0.533086,0.402182
0.333054,0.299008,0.292078,0.208590,0.765741,0.532372,0.402135
0.333054,0.299008,0.292078,0.208590,0.765741,0.532372,0.402135
0.330751,0.297422,0.291702,0.215760,0.760588,0.540134,0.404904
0.330751,0.297422,0.291702,0.215760,0.760588,0.540134,0.404904
0.231545,0.286210,0.255867,0.348185,0.511164,0.374655,0.551348
0.336155,0.310835,0.277344,0.179078,0.754990,0.577849,0.616791
0.360176,0.300131,0.290705,0.169508,0.651721,0.584509,0.578381
0.286113,0.335008,0.260322,0.381665,0.470451,0.358243,0.540236
0.341845,0.340504,0.316799,0.172642,0.779568,0.585986,0.606376
0.328663,0.348428,0.325141,0.187797,0.769095,0.574551,0.601605
0.310421,0.358052,0.336191,0.203076,0.728539,0.554596,0.582213
0.381488,0.334206,0.302650,0.162101,0.650842,0.475336,0.523906
0.381488,0.334206,0.302650,0.162101,0.650842,0.475336,0.523906
0.406741,0.352476,0.310685,0.145971,0.727867,0.530209,0.523497
0.406741,0.352476,0.310685,0.145971,0.727867,0.530209,0.523497
0.369247,0.304876,0.296776,0.175992,0.632324,0.451577,0.517869
0.364639,0.303190,0.293670,0.187283,0.625244,0.442334,0.514134
0.362991,0.303489,0.282739,0.195229,0.620065,0.433845,0.510549
0.558986,0.638267,0.544911,0.089425,0.883852,0.733446,0.517277
0.379325,0.359585,0.389160,0.138642,0.606535,0.564408,0.456025
0.374143,0.374135,0.280644,0.159500,0.720772,0.536824,0.561312
0.374676,0.375676,0.281099,0.157448,0.728409,0.537552,0.561406
0.247064,0.276839,0.333372,0.250480,0.538690,0.419800,0.531802
0.257013,0.277681,0.335036,0.243105,0.571242,0.440431,0.541720
0.273570,0.275256,0.332175,0.239010,0.599020,0.452259,0.543599
0.371929,0.377482,0.297226,0.143107,0.846254,0.639658,0.572208
0.371929,0.377482,0.297226,0.143107,0.846254,0.639658,0.572208
0.373075,0.376826,0.298527,0.137822,0.855102,0.630960,0.579376
0.374530,0.377040,0.298624,0.137641,0.859290,0.632444,0.579897
0.357641,0.334599,0.311229,0.231426,0.749037,0.555764,0.556857
0.355128,0.339698,0.316138,0.217650,0.791167,0.548490,0.574823
0.571102,0.608915,0.484689,0.105204,0.717159,0.511456,0.443063
0.545922,0.584901,0.480590,0.094221,0.764455,0.622652,0.453332
0.534129,0.577529,0.474999,0.098095,0.816146,0.622179,0.482369
0.568300,0.599481,0.475000,0.105977,0.709668,0.513795,0.452826
0.529170,0.562920,0.481311,0.098543,0.770206,0.623439,0.457177
0.521038,0.562367,0.478356,0.102157,0.818392,0.627310,0.471110
0.569927,0.589833,0.474842,0.102137,0.704076,0.520491,0.443783
0.525021,0.570181,0.478668,0.096662,0.754347,0.613289,0.461910
0.513979,0.562849,0.475435,0.102200,0.805961,0.642825,0.475956
0.558187,0.579527,0.471920,0.093103,0.792267,0.639096,0.461589
0.559800,0.573685,0.491567,0.093366,0.830788,0.648196,0.487554
0.574091,0.620027,0.492690,0.111988,0.756605,0.568314,0.455748
0.571976,0.622254,0.492247,0.112863,0.722171,0.518107,0.467438
0.552484,0.574950,0.469164,0.092412,0.766382,0.621587,0.464888
0.559623,0.579611,0.456628,0.087389,0.798654,0.636641,0.512727
0.506906,0.495139,0.421708,0.116562,0.723244,0.487012,0.457612
0.505857,0.484011,0.388284,0.123652,0.687139,0.567663,0.513007
0.497154,0.486289,0.380744,0.127605,0.697403,0.543952,0.463741
0.556096,0.541521,0.432444,0.110706,0.735099,0.585845,0.482452
0.564967,0.578870,0.441084,0.107190,0.726835,0.581327,0.474748
0.401505,0.447198,0.337648,0.178482,0.796570,0.508525,0.572671
0.449835,0.400490,0.324791,0.125178,0.816722,0.592079,0.578916
0.626926,0.658466,0.586749,0.091424,0.854018,0.670009,0.506295
0.588231,0.628679,0.567214,0.086609,0.879974,0.718907,0.521182
0.575660,0.613367,0.561063,0.083815,0.892062,0.741173,0.517353
0.560948,0.608607,0.565659,0.078726,0.886123,0.697096,0.532180
0.544871,0.599883,0.560480,0.079001,0.887479,0.686200,0.544824
0.527722,0.590440,0.555058,0.076984,0.889279,0.680368,0.550615
0.513177,0.582702,0.550792,0.076791,0.891135,0.672619,0.555600
0.515284,0.559961,0.560842,0.114351,0.860924,0.615465,0.493510
0.520997,0.577095,0.551987,0.098071,0.869685,0.697656,0.516524
0.521487,0.569600,0.553532,0.106408,0.875344,0.650640,0.520111
0.526293,0.572290,0.547876,0.091622,0.873726,0.713011,0.531759
0.526169,0.569151,0.586705,0.114042,0.865732,0.628594,0.534972
0.517704,0.570634,0.570186,0.097914,0.863534,0.700562,0.554425
0.521780,0.523493,0.489138,0.110950,0.838328,0.652355,0.497638
0.537472,0.559775,0.472751,0.114799,0.842874,0.608093,0.500001
0.511630,0.530358,0.460905,0.104578,0.871316,0.662467,0.517258
0.524984,0.552819,0.466138,0.108316,0.858579,0.654697,0.538962
0.511356,0.521082,0.496737,0.114633,0.843869,0.647178,0.500804
0.525508,0.541344,0.498412,0.112113,0.834855,0.633058,0.550841
0.522697,0.556951,0.456153,0.104746,0.797918,0.563309,0.525520
0.541752,0.557046,0.458035,0.096958,0.805678,0.622143,0.538772
0.537246,0.542423,0.455807,0.099150,0.807594,0.602695,0.527305
0.538586,0.571540,0.448746,0.095239,0.827486,0.643303,0.535719
0.528131,0.559788,0.436385,0.098801,0.827210,0.621329,0.537185
0.542230,0.555326,0.449181,0.093180,0.852322,0.628280,0.536176
0.542166,0.562097,0.438995,0.095762,0.849765,0.624712,0.546400
0.538674,0.565667,0.435830,0.093398,0.856015,0.640933,0.547315
0.531940,0.549770,0.433005,0.096502,0.853146,0.635740,0.551930
0.550162,0.569416,0.429796,0.092654,0.856953,0.647277,0.542785
0.461282,0.457613,0.392235,0.124034,0.745642,0.529119,0.500203
0.544702,0.500872,0.415324,0.116038,0.822657,0.628526,0.519881
0.531797,0.490765,0.428437,0.105458,0.807103,0.637506,0.517715
0.492535,0.454128,0.386159,0.130054,0.727398,0.550613,0.506552
0.545246,0.471118,0.407241,0.116592,0.769146,0.629044,0.494829
0.547929,0.480228,0.407596,0.108607,0.788432,0.626666,0.513856
0.493561,0.450545,0.389364,0.126043,0.731121,0.573095,0.520501
0.525083,0.482534,0.354793,0.120781,0.815547,0.622142,0.506674
0.323687,0.356786,0.266793,0.143873,0.711980,0.501004,0.524605
0.328111,0.359044,0.266595,0.135612,0.716131,0.498922,0.523401
0.328014,0.360640,0.265836,0.132039,0.718489,0.490118,0.524626
0.331867,0.362381,0.266573,0.125723,0.724620,0.489664,0.523912
0.336748,0.381345,0.283306,0.145496,0.665682,0.444629,0.528536
0.344581,0.373035,0.281434,0.137918,0.682281,0.453402,0.528048
0.344581,0.373035,0.281434,0.137918,0.682281,0.453402,0.528048
0.316161,0.334955,0.289374,0.163272,0.612618,0.429751,0.559623
0.322437,0.350316,0.288218,0.164801,0.671438,0.432975,0.629519
0.398284,0.348065,0.287436,0.123613,0.757585,0.476864,0.536521
0.445377,0.499148,0.388156,0.141453,0.767592,0.419721,0.649451
0.343278,0.337556,0.268771,0.143471,0.689398,0.508774,0.553414
0.301334,0.340078,0.280980,0.199540,0.636141,0.463510,0.553158
0.312634,0.340188,0.280070,0.193817,0.644907,0.467367,0.560458
0.320680,0.340551,0.280574,0.187158,0.650186,0.475064,0.565123
0.329527,0.338456,0.277375,0.182694,0.651267,0.490676,0.567335
0.335109,0.338326,0.277459,0.181357,0.655569,0.482322,0.575480
0.340840,0.342399,0.275841,0.171555,0.675970,0.492001,0.577002
0.346462,0.341071,0.274879,0.167516,0.705515,0.486877,0.574944
0.326962,0.328759,0.267090,0.190536,0.746076,0.495152,0.593440
0.338999,0.337277,0.269149,0.161126,0.780623,0.500298,0.607371
0.344155,0.338164,0.268659,0.157733,0.811185,0.490053,0.606840
0.345995,0.339131,0.269779,0.156048,0.826219,0.488041,0.607868
0.346386,0.338525,0.269765,0.154792,0.839451,0.489504,0.607438
0.346480,0.339928,0.268795,0.147960,0.839331,0.481116,0.606715
0.348727,0.340832,0.268823,0.146077,0.840523,0.482497,0.606778
0.348761,0.341109,0.268864,0.144377,0.847040,0.485042,0.609327
0.339605,0.337696,0.265360,0.165941,0.820930,0.526565,0.584742
0.354790,0.369883,0.319580,0.184685,0.787342,0.542791,0.589542
0.392492,0.372583,0.318368,0.183484,0.743964,0.576263,0.570197
0.454501,0.396787,0.329354,0.166355,0.787953,0.598260,0.579448
0.404325,0.403489,0.324869,0.207815,0.669255,0.508219,0.484415
0.402455,0.400166,0.330565,0.193574,0.663520,0.508133,0.474834
0.412018,0.409004,0.332018,0.200187,0.697891,0.519327,0.544050
0.423892,0.371317,0.310429,0.151187,0.775131,0.600260,0.588018
0.356065,0.398058,0.319102,0.148328,0.711180,0.508348,0.516169
0.356065,0.398058,0.319102,0.148328,0.711180,0.508348,0.516169
0.350126,0.374909,0.295885,0.165167,0.657140,0.448943,0.568703
0.350126,0.374909,0.295885,0.165167,0.657140,0.448943,0.568703
0.350960,0.378377,0.292150,0.161775,0.700484,0.443825,0.571739
0.350960,0.378377,0.292150,0.161775,0.700484,0.443825,0.571739
0.352252,0.379840,0.290789,0.157450,0.729605,0.454119,0.572678
0.352252,0.379840,0.290789,0.157450,0.729605,0.454119,0.572678
0.392276,0.418717,0.354792,0.164185,0.677210,0.438954,0.534364
0.392276,0.418717,0.354792,0.164185,0.677210,0.438954,0.534364
0.393474,0.412396,0.351595,0.159188,0.689672,0.431185,0.535077
0.393474,0.412396,0.351595,0.159188,0.689672,0.431185,0.535077
0.391528,0.416800,0.350966,0.155501,0.733770,0.437149,0.539598
0.391528,0.416800,0.350966,0.155501,0.733770,0.437149,0.539598
0.396444,0.408586,0.342420,0.153940,0.755503,0.439760,0.544299
0.396444,0.408586,0.342420,0.153940,0.755503,0.439760,0.544299
0.398168,0.404620,0.337894,0.150077,0.765056,0.446409,0.547947
0.398168,0.404620,0.337894,0.150077,0.765056,0.446409,0.547947
0.337849,0.340683,0.338393,0.195593,0.615031,0.392062,0.554032
0.337849,0.340683,0.338393,0.195593,0.615031,0.392062,0.554032
0.430365,0.469299,0.382036,0.134274,0.682822,0.438685,0.512654
0.430365,0.469299,0.382036,0.134274,0.682822,0.438685,0.512654
0.438626,0.461464,0.380681,0.136424,0.715949,0.448305,0.537622
0.438626,0.461464,0.380681,0.136424,0.715949,0.448305,0.537622
0.438111,0.467145,0.381387,0.131968,0.709942,0.442073,0.529779
0.438111,0.467145,0.381387,0.131968,0.709942,0.442073,0.529779
0.510012,0.531365,0.427074,0.124339,0.763537,0.492382,0.497219
0.510012,0.531365,0.427074,0.124339,0.763537,0.492382,0.497219
0.504399,0.530821,0.430603,0.123986,0.781861,0.502979,0.524481
0.504399,0.530821,0.430603,0.123986,0.781861,0.502979,0.524481
0.507946,0.521326,0.424753,0.115281,0.802877,0.558329,0.499740
0.507946,0.521326,0.424753,0.115281,0.802877,0.558329,0.499740
0.501388,0.538391,0.424554,0.117497,0.832663,0.572515,0.523159
0.501388,0.538391,0.424554,0.117497,0.832663,0.572515,0.523159
0.468025,0.473473,0.394290,0.137126,0.764166,0.559828,0.496562
0.468025,0.473473,0.394290,0.137126,0.764166,0.559828,0.496562
0.466798,0.475913,0.392461,0.128574,0.761820,0.546195,0.518183
0.466798,0.475913,0.392461,0.128574,0.761820,0.546195,0.518183
0.467160,0.474986,0.384792,0.130520,0.795894,0.572684,0.493540
0.467160,0.474986,0.384792,0.130520,0.795894,0.572684,0.493540
0.469443,0.478720,0.379005,0.121306,0.809810,0.566303,0.518708
0.469443,0.478720,0.379005,0.121306,0.809810,0.566303,0.518708
0.497605,0.484930,0.374131,0.111762,0.792195,0.531917,0.496318
0.497605,0.484930,0.374131,0.111762,0.792195,0.531917,0.496318
0.476825,0.451774,0.354635,0.116897,0.790076,0.523700,0.484098
0.476825,0.451774,0.354635,0.116897,0.790076,0.523700,0.484098
0.540931,0.547425,0.455739,0.128537,0.794640,0.462144,0.538405
0.540931,0.547425,0.455739,0.128537,0.794640,0.462144,0.538405
0.535683,0.544591,0.455215,0.123228,0.808312,0.479107,0.558177
0.535683,0.544591,0.455215,0.123228,0.808312,0.479107,0.558177
0.532821,0.534501,0.453834,0.116963,0.831295,0.534452,0.539900
0.532821,0.534501,0.453834,0.116963,0.831295,0.534452,0.539900
0.529856,0.551997,0.448976,0.115719,0.855128,0.554346,0.549172
0.529856,0.551997,0.448976,0.115719,0.855128,0.554346,0.549172
0.499498,0.485532,0.421968,0.134835,0.792850,0.526827,0.525770
0.499498,0.485532,0.421968,0.134835,0.792850,0.526827,0.525770
0.495451,0.486954,0.416975,0.125212,0.793340,0.520740,0.548309
0.495451,0.486954,0.416975,0.125212,0.793340,0.520740,0.548309
0.495066,0.483526,0.409281,0.126650,0.823039,0.550493,0.529714
0.495066,0.483526,0.409281,0.126650,0.823039,0.550493,0.529714
0.498033,0.489046,0.401941,0.119404,0.835570,0.546245,0.552420
0.498033,0.489046,0.401941,0.119404,0.835570,0.546245,0.552420
0.526156,0.500188,0.397419,0.114364,0.823108,0.510019,0.530083
0.526156,0.500188,0.397419,0.114364,0.823108,0.510019,0.530083
0.505034,0.468741,0.383409,0.118245,0.814720,0.494482,0.512767
0.505034,0.468741,0.383409,0.118245,0.814720,0.494482,0.512767
0.377324,0.313295,0.318139,0.147382,0.640792,0.532739,0.534356
0.344788,0.355106,0.318836,0.207389,0.725538,0.481765,0.542217
0.374159,0.373644,0.333029,0.149337,0.772757,0.522651,0.564983
0.374159,0.373644,0.333029,0.149337,0.772757,0.522651,0.564983
0.397811,0.370040,0.332087,0.154979,0.826569,0.580336,0.568492
0.397811,0.370040,0.332087,0.154979,0.826569,0.580336,0.568492
0.397811,0.370040,0.332087,0.154979,0.826569,0.580336,0.568492
0.251836,0.314103,0.239351,0.471469,0.412480,0.328526,0.516546
0.248898,0.303365,0.248804,0.303882,0.523968,0.400170,0.529825
0.250973,0.302593,0.251213,0.270629,0.595532,0.429505,0.535202
0.254197,0.302075,0.255528,0.242628,0.645825,0.438175,0.536585
0.270456,0.300551,0.257079,0.227055,0.670579,0.451728,0.545674
0.299596,0.305744,0.264426,0.212188,0.655140,0.472491,0.545636
0.242813,0.295696,0.244016,0.509871,0.434193,0.335462,0.525299
0.242226,0.296225,0.238764,0.509854,0.436694,0.335433,0.517465
0.283167,0.304249,0.285382,0.236674,0.658774,0.508444,0.484994
0.256108,0.295301,0.274813,0.284272,0.657705,0.469766,0.548019
0.310346,0.332789,0.277312,0.201086,0.714682,0.527532,0.542035
0.310357,0.323887,0.328176,0.220121,0.603301,0.484746,0.516967
0.310357,0.323887,0.328176,0.220121,0.603301,0.484746,0.516967
0.303912,0.319422,0.334391,0.204981,0.620806,0.496925,0.524275
0.303912,0.319422,0.334391,0.204981,0.620806,0.496925,0.524275
0.308060,0.321254,0.332887,0.194826,0.657634,0.504674,0.540591
0.308060,0.321254,0.332887,0.194826,0.657634,0.504674,0.540591
0.309639,0.311877,0.332421,0.189893,0.686268,0.507283,0.558000
0.309639,0.311877,0.332421,0.189893,0.686268,0.507283,0.558000
0.315334,0.315796,0.331166,0.185027,0.694899,0.499774,0.560541
0.315334,0.315796,0.331166,0.185027,0.694899,0.499774,0.560541
0.323306,0.320462,0.331720,0.173497,0.696056,0.507241,0.562189
0.323306,0.320462,0.331720,0.173497,0.696056,0.507241,0.562189
0.329127,0.324644,0.329215,0.168133,0.697507,0.508936,0.559550
0.329127,0.324644,0.329215,0.168133,0.697507,0.508936,0.559550
0.340113,0.330644,0.326041,0.156690,0.700770,0.499609,0.559455
0.340113,0.330644,0.326041,0.156690,0.700770,0.499609,0.559455
0.348380,0.331926,0.326988,0.147464,0.700408,0.501828,0.561951
0.348380,0.331926,0.326988,0.147464,0.700408,0.501828,0.561951
0.350497,0.332900,0.327282,0.142259,0.703401,0.497050,0.557901
0.350497,0.332900,0.327282,0.142259,0.703401,0.497050,0.557901
0.296836,0.285595,0.311981,0.207603,0.649603,0.533466,0.582230
0.296836,0.285595,0.311981,0.207603,0.649603,0.533466,0.582230
0.300629,0.286700,0.310700,0.201632,0.659869,0.529541,0.588781
0.300629,0.286700,0.310700,0.201632,0.659869,0.529541,0.588781
0.305455,0.289355,0.309982,0.196328,0.668764,0.517450,0.591342
0.305455,0.289355,0.309982,0.196328,0.668764,0.517450,0.591342
0.308341,0.291163,0.307338,0.194158,0.673563,0.515412,0.589761
0.308341,0.291163,0.307338,0.194158,0.673563,0.515412,0.589761
0.311083,0.294437,0.306291,0.186137,0.675582,0.513008,0.590018
0.311083,0.294437,0.306291,0.186137,0.675582,0.513008,0.590018
0.324619,0.300428,0.303531,0.173697,0.675773,0.517900,0.586379
0.324619,0.300428,0.303531,0.173697,0.675773,0.517900,0.586379
0.278726,0.310558,0.307176,0.246966,0.607721,0.442048,0.564743
0.278726,0.310558,0.307176,0.246966,0.607721,0.442048,0.564743
0.291508,0.307164,0.313274,0.231818,0.625471,0.455174,0.566036
0.291508,0.307164,0.313274,0.231818,0.625471,0.455174,0.566036
0.303305,0.313933,0.319250,0.222722,0.637470,0.486799,0.541554
0.303305,0.313933,0.319250,0.222722,0.637470,0.486799,0.541554
0.328004,0.293899,0.325720,0.191921,0.681907,0.519865,0.545164
0.328004,0.293899,0.325720,0.191921,0.681907,0.519865,0.545164
0.328910,0.298798,0.323890,0.185407,0.698433,0.483579,0.545904
0.328910,0.298798,0.323890,0.185407,0.698433,0.483579,0.545904
0.364367,0.305629,0.320192,0.175493,0.693151,0.540054,0.536614
0.364367,0.305629,0.320192,0.175493,0.693151,0.540054,0.536614
0.376530,0.313589,0.316150,0.170794,0.711848,0.537700,0.533578
0.376530,0.313589,0.316150,0.170794,0.711848,0.537700,0.533578
0.378773,0.314325,0.332196,0.181679,0.680311,0.515383,0.523158
0.378773,0.314325,0.332196,0.181679,0.680311,0.515383,0.523158
0.389634,0.320305,0.321146,0.176220,0.694036,0.522712,0.518774
0.389634,0.320305,0.321146,0.176220,0.694036,0.522712,0.518774
0.300031,0.320929,0.288759,0.282004,0.576261,0.442035,0.560024
0.289696,0.315046,0.286189,0.294107,0.578990,0.413995,0.585921
0.305555,0.324618,0.291365,0.257478,0.648250,0.463978,0.571811
0.299942,0.322416,0.290582,0.267299,0.639951,0.435633,0.591473
0.319451,0.338670,0.298820,0.247540,0.663081,0.478544,0.559662
0.317313,0.340917,0.302297,0.267983,0.571936,0.463600,0.540544
0.310737,0.323368,0.301913,0.250799,0.612752,0.493911,0.555288
0.388706,0.390687,0.321226,0.235576,0.629035,0.501879,0.521203
0.378941,0.365516,0.329803,0.240913,0.690191,0.458868,0.534690
0.391678,0.385149,0.328771,0.246069,0.658781,0.490327,0.527084
0.404842,0.408750,0.312673,0.233958,0.721410,0.527111,0.523436
0.443493,0.404964,0.337667,0.183945,0.794545,0.656184,0.524108
0.423317,0.401741,0.326610,0.224368,0.709893,0.536030,0.498559
0.375601,0.370789,0.333531,0.217996,0.692509,0.536008,0.516574
0.370452,0.360021,0.341082,0.232639,0.628932,0.495567,0.513403
0.378208,0.387447,0.350331,0.214758,0.713000,0.554738,0.526876
0.385441,0.384007,0.355323,0.219628,0.706035,0.493594,0.544094
0.381848,0.380301,0.361472,0.232956,0.641966,0.454644,0.539891
0.404535,0.395006,0.359787,0.195278,0.748697,0.519351,0.549196
0.389010,0.402729,0.361254,0.213647,0.722586,0.512134,0.550388
0.448977,0.418555,0.347077,0.184156,0.801772,0.628965,0.540225
0.236997,0.312249,0.241652,0.202838,0.439298,0.309535,0.546081
0.258459,0.314321,0.323389,0.184213,0.684244,0.441975,0.620630
0.250822,0.311714,0.322397,0.187823,0.669920,0.441827,0.619320
0.258459,0.314321,0.323389,0.184213,0.684244,0.441975,0.620630
0.261244,0.307358,0.325404,0.176970,0.700164,0.440865,0.610452
0.268417,0.314115,0.322053,0.180979,0.688911,0.447964,0.626242
0.268417,0.314115,0.322053,0.180979,0.688911,0.447964,0.626242
0.309510,0.323745,0.315542,0.153490,0.753062,0.505629,0.637163
0.309510,0.323745,0.315542,0.153490,0.753062,0.505629,0.637163
0.309510,0.323745,0.315542,0.153490,0.753062,0.505629,0.637163
0.293702,0.319954,0.319422,0.167824,0.694166,0.490706,0.634771
0.251487,0.289372,0.248840,0.291043,0.506136,0.384308,0.521867
0.256454,0.287868,0.251479,0.305275,0.517579,0.368068,0.548277
0.261283,0.290016,0.247784,0.316199,0.512194,0.380660,0.547021
0.264590,0.290127,0.247228,0.316067,0.516313,0.375991,0.547720
0.243703,0.269931,0.283754,0.443344,0.402085,0.261207,0.530273
0.243703,0.269931,0.283754,0.443344,0.402085,0.261207,0.530273
0.339337,0.337940,0.300134,0.228165,0.626493,0.472058,0.482846
0.323571,0.321303,0.297656,0.228622,0.627514,0.490678,0.502958
0.346867,0.340288,0.313434,0.228262,0.628750,0.467280,0.478963
0.379974,0.359286,0.308849,0.187123,0.628862,0.506568,0.494959
0.332577,0.329273,0.291039,0.247242,0.631880,0.487835,0.487980
0.305433,0.325165,0.304483,0.234786,0.658283,0.480093,0.517286
0.316792,0.327541,0.288597,0.217532,0.687941,0.479149,0.524209
0.303346,0.328179,0.290575,0.238619,0.602345,0.509734,0.522940
0.373999,0.376106,0.316969,0.170668,0.646453,0.509064,0.465001
0.329719,0.303641,0.363116,0.172901,0.757336,0.463066,0.578519
0.283895,0.283069,0.340714,0.231165,0.606211,0.450235,0.539070
0.282012,0.281044,0.331498,0.250503,0.608491,0.412963,0.543493
0.346519,0.307793,0.350803,0.225440,0.650594,0.449573,0.543946
0.379796,0.356538,0.364752,0.208398,0.663046,0.464794,0.530941
0.839329,0.852475,0.914862,0.084509,0.645989,0.409159,0.393023
0.755632,0.788538,0.890584,0.104365,0.537948,0.290677,0.370210
0.812791,0.810770,0.905132,0.080387,0.575666,0.475035,0.414700
0.840051,0.859617,0.895501,0.087058,0.648257,0.425210,0.405903
0.764803,0.780330,0.917246,0.115563,0.407334,0.258977,0.382312
0.815562,0.816135,0.911472,0.118104,0.462298,0.240514,0.372265
0.847179,0.874615,0.925733,0.087035,0.542785,0.473702,0.432870
0.823572,0.845324,0.896841,0.076302,0.641747,0.577065,0.355229
0.823937,0.866177,0.903336,0.088577,0.661444,0.557906,0.386058
0.572185,0.689243,0.686781,0.136931,0.669778,0.359502,0.522005
0.593372,0.672815,0.700743,0.120684,0.654955,0.340964,0.511627
0.537849,0.601635,0.553094,0.127017,0.710614,0.430114,0.557110
0.539042,0.595055,0.546157,0.126226,0.706710,0.426649,0.548853
0.522518,0.580209,0.549722,0.154404,0.596539,0.342755,0.552215
0.517630,0.579654,0.556167,0.159326,0.609688,0.334082,0.534894
0.571025,0.672345,0.628819,0.124312,0.650642,0.372213,0.535126
0.612268,0.672450,0.675334,0.130323,0.733751,0.395656,0.583621
0.456765,0.436391,0.388006,0.139056,0.673658,0.560689,0.523468
0.503338,0.543343,0.426083,0.103732,0.740522,0.579477,0.469763
0.542583,0.548526,0.417268,0.103437,0.711322,0.504766,0.445891
0.504776,0.541782,0.423284,0.105144,0.737246,0.578959,0.467440
0.541832,0.545576,0.415217,0.105047,0.706628,0.501655,0.443306
0.538509,0.548878,0.417313,0.108716,0.705582,0.498171,0.435974
0.526866,0.524841,0.417500,0.111653,0.708282,0.535141,0.461768
0.532565,0.525732,0.418440,0.105587,0.716606,0.561386,0.457465
0.543926,0.529399,0.404751,0.103931,0.701748,0.519981,0.445597
0.531608,0.530193,0.420048,0.105558,0.705213,0.503086,0.458533
0.532521,0.522733,0.416196,0.104031,0.700986,0.514947,0.456954
0.488433,0.528405,0.430483,0.119040,0.719709,0.564499,0.492941
0.534063,0.551020,0.419710,0.117526,0.660580,0.493545,0.458293
0.517303,0.525837,0.422085,0.124493,0.699560,0.513578,0.471048
0.522400,0.523675,0.423936,0.115382,0.662756,0.496008,0.473178
0.526598,0.557316,0.432613,0.121318,0.711919,0.510956,0.469702
0.526598,0.557316,0.432613,0.121318,0.711919,0.510956,0.469702
0.516754,0.543141,0.445051,0.129724,0.696093,0.481113,0.466521
0.516754,0.543141,0.445051,0.129724,0.696093,0.481113,0.466521
0.518256,0.504469,0.357381,0.131959,0.759731,0.572791,0.504137
0.520158,0.535359,0.381524,0.136924,0.764322,0.537817,0.504769
0.537131,0.551614,0.422749,0.141246,0.699376,0.492517,0.477117
0.515653,0.473463,0.341702,0.139928,0.673776,0.537429,0.464805
0.515492,0.551217,0.422017,0.105295,0.749125,0.622408,0.475632
0.538963,0.559647,0.426376,0.110063,0.721889,0.544618,0.461104
0.513925,0.544282,0.423623,0.101042,0.749140,0.628030,0.474403
0.534657,0.557441,0.427502,0.114983,0.722407,0.536109,0.452223
0.571841,0.616427,0.470980,0.094608,0.726860,0.578225,0.477818
0.497306,0.537722,0.430285,0.115170,0.740898,0.580344,0.503619
0.514094,0.519379,0.430434,0.113048,0.713022,0.573393,0.472825
0.514094,0.519379,0.430434,0.113048,0.713022,0.573393,0.472825
0.545670,0.571681,0.439421,0.100354,0.802068,0.629959,0.487339
0.481493,0.478336,0.352235,0.123294,0.662543,0.545452,0.475314
0.523274,0.559644,0.428790,0.117372,0.717844,0.518441,0.466095
0.490817,0.543764,0.462956,0.092306,0.724757,0.600698,0.484456
0.363511,0.327106,0.298628,0.171040,0.740645,0.468019,0.565754
0.366114,0.328418,0.298253,0.168276,0.762452,0.464051,0.564649
0.367289,0.328079,0.298617,0.166813,0.770333,0.462817,0.562711
0.368987,0.328993,0.298901,0.162464,0.771731,0.465657,0.559345
0.369568,0.329242,0.298226,0.162307,0.774212,0.472537,0.561636
0.369565,0.328879,0.298105,0.156630,0.783164,0.472422,0.563530
0.369302,0.329351,0.297559,0.152732,0.790587,0.479369,0.565625
0.303798,0.282378,0.342865,0.215310,0.728332,0.495824,0.557616
0.287817,0.278173,0.334740,0.212498,0.744374,0.511138,0.565370
0.269347,0.269279,0.353906,0.244570,0.699618,0.458689,0.532864
0.268501,0.402160,0.303718,0.196414,0.577175,0.431713,0.593194
0.351954,0.349929,0.276397,0.191017,0.775899,0.491460,0.560342
0.459006,0.514998,0.401301,0.210288,0.669585,0.486359,0.551774
0.459006,0.514998,0.401301,0.210288,0.669585,0.486359,0.551774
0.459006,0.514998,0.401301,0.210288,0.669585,0.486359,0.551774
0.503457,0.531006,0.405844,0.187685,0.745312,0.492257,0.553689
0.503457,0.531006,0.405844,0.187685,0.745312,0.492257,0.553689
0.503457,0.531006,0.405844,0.187685,0.745312,0.492257,0.553689
0.492153,0.539311,0.409585,0.198334,0.675088,0.454348,0.557514
0.492153,0.539311,0.409585,0.198334,0.675088,0.454348,0.557514
0.492153,0.539311,0.409585,0.198334,0.675088,0.454348,0.557514
0.492153,0.539311,0.409585,0.198334,0.675088,0.454348,0.557514
0.492153,0.539311,0.409585,0.198334,0.675088,0.454348,0.557514
0.492153,0.539311,0.409585,0.198334,0.675088,0.454348,0.557514
0.492153,0.539311,0.409585,0.198334,0.675088,0.454348,0.557514
0.492153,0.539311,0.409585,0.198334,0.675088,0.454348,0.557514
0.492153,0.539311,0.409585,0.198334,0.675088,0.454348,0.557514
0.474448,0.520125,0.396402,0.198292,0.674160,0.478940,0.547990
0.474448,0.520125,0.396402,0.198292,0.674160,0.478940,0.547990
0.474448,0.520125,0.396402,0.198292,0.674160,0.478940,0.547990
0.387793,0.452066,0.344015,0.264888,0.670190,0.486292,0.530265
0.387793,0.452066,0.344015,0.264888,0.670190,0.486292,0.530265
0.387793,0.452066,0.344015,0.264888,0.670190,0.486292,0.530265
0.387793,0.452066,0.344015,0.264888,0.670190,0.486292,0.530265
0.387793,0.452066,0.344015,0.264888,0.670190,0.486292,0.530265
0.387793,0.452066,0.344015,0.264888,0.670190,0.486292,0.530265
0.387793,0.452066,0.344015,0.264888,0.670190,0.486292,0.530265
0.387793,0.452066,0.344015,0.264888,0.670190,0.486292,0.530265
0.387793,0.452066,0.344015,0.264888,0.670190,0.486292,0.530265
0.272388,0.301816,0.297224,0.282804,0.519441,0.525631,0.453524
0.275775,0.289830,0.289919,0.259198,0.595540,0.499950,0.474038
0.285012,0.281705,0.290884,0.243227,0.620176,0.495163,0.492189
0.294698,0.284496,0.292586,0.228478,0.644531,0.499738,0.497351
0.308250,0.291098,0.288007,0.220712,0.690216,0.503601,0.505785
0.321881,0.297702,0.284755,0.200144,0.692914,0.502047,0.502301
0.327732,0.298837,0.281493,0.186748,0.697536,0.503673,0.496133
0.331375,0.300348,0.280987,0.177712,0.705509,0.507235,0.497503
0.334640,0.300610,0.281391,0.168202,0.712983,0.513073,0.498397
0.279650,0.287132,0.294089,0.252192,0.618210,0.501501,0.483870
0.289426,0.280864,0.295234,0.239488,0.627935,0.500401,0.491995
0.257813,0.280293,0.291827,0.307475,0.512038,0.497561,0.484095
0.260536,0.276904,0.289772,0.310522,0.576131,0.470631,0.523234
0.253733,0.274272,0.288522,0.312311,0.502476,0.463566,0.518887
0.262099,0.276642,0.291760,0.275744,0.594717,0.436947,0.526359
0.318262,0.289527,0.299494,0.202953,0.718998,0.684490,0.467197
0.294291,0.287455,0.308192,0.245371,0.604701,0.621914,0.475420
0.279608,0.292312,0.318467,0.251039,0.600980,0.605632,0.495780
0.272067,0.283798,0.320631,0.260443,0.552552,0.604029,0.500487
0.299570,0.287641,0.313352,0.251885,0.618260,0.615022,0.498098
0.303606,0.303258,0.299382,0.251399,0.650523,0.562550,0.448784
0.290031,0.288735,0.299601,0.253143,0.592412,0.569725,0.471167
0.281504,0.282553,0.307086,0.259239,0.576509,0.553940,0.491677
0.271853,0.278681,0.309286,0.268679,0.529652,0.548847,0.491979
0.295200,0.288009,0.302973,0.254112,0.605641,0.565739,0.478581
0.337086,0.290821,0.296699,0.220726,0.619892,0.636489,0.453752
0.290471,0.296488,0.308334,0.260189,0.578898,0.586699,0.453578
0.281345,0.298830,0.324418,0.287955,0.549499,0.533927,0.456895
0.278161,0.298804,0.321025,0.300483,0.517839,0.526738,0.441301
0.294326,0.288695,0.313376,0.253788,0.599648,0.553945,0.472082
0.406449,0.356282,0.336536,0.175396,0.760357,0.538651,0.513574
0.406449,0.356282,0.336536,0.175396,0.760357,0.538651,0.513574
0.324890,0.329120,0.347021,0.211176,0.668893,0.471463,0.566818
0.324890,0.329120,0.347021,0.211176,0.668893,0.471463,0.566818
0.335486,0.319176,0.351888,0.202970,0.698657,0.483698,0.567470
0.335486,0.319176,0.351888,0.202970,0.698657,0.483698,0.567470
0.340941,0.316148,0.352079,0.196680,0.707416,0.487844,0.568888
0.340941,0.316148,0.352079,0.196680,0.707416,0.487844,0.568888
0.356373,0.314097,0.344663,0.190300,0.710292,0.500420,0.580223
0.356373,0.314097,0.344663,0.190300,0.710292,0.500420,0.580223
0.362748,0.312784,0.343413,0.176282,0.713692,0.533542,0.578597
0.362748,0.312784,0.343413,0.176282,0.713692,0.533542,0.578597
0.363907,0.312410,0.335363,0.169184,0.718190,0.582978,0.582652
0.363907,0.312410,0.335363,0.169184,0.718190,0.582978,0.582652
0.365295,0.311250,0.331713,0.165606,0.744183,0.585253,0.584358
0.365295,0.311250,0.331713,0.165606,0.744183,0.585253,0.584358
0.474109,0.468083,0.382841,0.155196,0.775391,0.529312,0.616035
0.474109,0.468083,0.382841,0.155196,0.775391,0.529312,0.616035
0.486781,0.464741,0.382023,0.150813,0.793954,0.579953,0.619101
0.486781,0.464741,0.382023,0.150813,0.793954,0.579953,0.619101
0.477722,0.457840,0.380643,0.145744,0.822437,0.616523,0.621606
0.477722,0.457840,0.380643,0.145744,0.822437,0.616523,0.621606
0.380835,0.390868,0.330467,0.172358,0.713834,0.488574,0.592300
0.380835,0.390868,0.330467,0.172358,0.713834,0.488574,0.592300
0.388856,0.375408,0.334552,0.172900,0.725453,0.499515,0.608754
0.388856,0.375408,0.334552,0.172900,0.725453,0.499515,0.608754
0.368410,0.357409,0.332893,0.186186,0.704408,0.504994,0.574614
0.368410,0.357409,0.332893,0.186186,0.704408,0.504994,0.574614
0.372615,0.343829,0.338639,0.186597,0.723159,0.519328,0.594739
0.372615,0.343829,0.338639,0.186597,0.723159,0.519328,0.594739
0.428916,0.376814,0.369534,0.191697,0.754170,0.504574,0.565837
0.428916,0.376814,0.369534,0.191697,0.754170,0.504574,0.565837
0.406560,0.368842,0.364502,0.184656,0.728840,0.529756,0.559765
0.406560,0.368842,0.364502,0.184656,0.728840,0.529756,0.559765
0.442615,0.409725,0.369558,0.200917,0.777672,0.474822,0.575915
0.442615,0.409725,0.369558,0.200917,0.777672,0.474822,0.575915
0.452627,0.415154,0.360374,0.187214,0.796101,0.580772,0.587012
0.452627,0.415154,0.360374,0.187214,0.796101,0.580772,0.587012
0.434403,0.385846,0.342807,0.171750,0.759700,0.545523,0.604401
0.434403,0.385846,0.342807,0.171750,0.759700,0.545523,0.604401
0.443278,0.374629,0.348360,0.159942,0.796335,0.604890,0.597501
0.443278,0.374629,0.348360,0.159942,0.796335,0.604890,0.597501
0.435225,0.378859,0.351372,0.171031,0.767324,0.538519,0.583484
0.435225,0.378859,0.351372,0.171031,0.767324,0.538519,0.583484
0.412502,0.379195,0.346936,0.188614,0.758234,0.508350,0.597990
0.412502,0.379195,0.346936,0.188614,0.758234,0.508350,0.597990
0.401831,0.368084,0.358507,0.181636,0.726336,0.575598,0.537315
0.401831,0.368084,0.358507,0.181636,0.726336,0.575598,0.537315
0.434917,0.397826,0.363217,0.166061,0.747414,0.564503,0.533495
0.434917,0.397826,0.363217,0.166061,0.747414,0.564503,0.533495
0.217239,0.267232,0.268988,0.302934,0.454522,0.369911,0.569896
0.345759,0.427881,0.324325,0.171380,0.763795,0.472897,0.656623
0.283358,0.321927,0.281059,0.199867,0.708009,0.421236,0.634998
0.243379,0.278739,0.267816,0.230307,0.649156,0.382237,0.607247
0.255564,0.289036,0.270598,0.214693,0.668875,0.394310,0.604949
0.267429,0.295264,0.269942,0.208111,0.681654,0.399838,0.608306
0.272489,0.292836,0.268469,0.201328,0.686551,0.413999,0.612271
0.282980,0.294175,0.266994,0.194662,0.688680,0.410088,0.617229
0.239260,0.279916,0.261203,0.243632,0.650411,0.375446,0.605878
0.239836,0.282723,0.259171,0.253031,0.649931,0.370461,0.604367
0.264609,0.310261,0.280161,0.238481,0.647669,0.423962,0.588326
0.263818,0.310101,0.277855,0.244118,0.643335,0.402458,0.584968
0.262334,0.312309,0.276921,0.252138,0.639945,0.392275,0.583001
0.261917,0.313233,0.274020,0.257919,0.640613,0.384620,0.584223
0.239836,0.282723,0.259171,0.253031,0.649931,0.370461,0.604367
0.266438,0.297902,0.270003,0.213515,0.687788,0.406374,0.619994
0.262306,0.297751,0.266368,0.220203,0.682399,0.401159,0.617499
0.280714,0.309261,0.262417,0.189111,0.694940,0.406884,0.633095
0.283010,0.318921,0.262927,0.176855,0.706981,0.411531,0.643841
0.343823,0.354908,0.280817,0.182499,0.808572,0.536399,0.609672
0.345598,0.355182,0.280616,0.178332,0.812718,0.526994,0.613928
0.347451,0.356992,0.280521,0.173735,0.816585,0.525288,0.618632
0.346870,0.358803,0.281120,0.172014,0.822287,0.524291,0.623625
0.346713,0.360247,0.282030,0.171556,0.824769,0.524192,0.622609
0.346482,0.361533,0.281389,0.168591,0.827814,0.526621,0.623851
0.330629,0.357664,0.277488,0.222933,0.730709,0.543210,0.591988
0.250967,0.300343,0.293435,0.227474,0.662906,0.428468,0.597627
0.251639,0.286304,0.264003,0.250357,0.678693,0.399071,0.615861
0.290065,0.315273,0.281971,0.148742,0.767375,0.453355,0.630559
0.280772,0.298483,0.277679,0.156072,0.747607,0.432981,0.622279
0.271216,0.295017,0.273751,0.161875,0.744770,0.435097,0.616695
0.252273,0.286897,0.267630,0.183769,0.723867,0.404905,0.605039
0.311665,0.305299,0.299991,0.182958,0.710807,0.576259,0.597581
0.345775,0.320120,0.304931,0.171608,0.780327,0.614007,0.612315
0.398656,0.372409,0.337680,0.189178,0.711909,0.704607,0.597903
0.277595,0.274214,0.299185,0.126598,0.631811,0.490046,0.491953
0.433376,0.429586,0.295879,0.120168,0.867599,0.711232,0.572869
0.454453,0.454644,0.348444,0.130381,0.864030,0.674724,0.540163
0.352472,0.323049,0.310101,0.215026,0.700043,0.559884,0.532550
0.313675,0.319017,0.307158,0.242336,0.714175,0.486696,0.573632
0.351630,0.331324,0.287533,0.225811,0.719662,0.549433,0.551325
0.309063,0.312367,0.317718,0.218473,0.711465,0.535206,0.593427
0.299368,0.311877,0.299980,0.241409,0.708693,0.499342,0.611037
0.302315,0.311647,0.302528,0.216281,0.707221,0.514871,0.625068
0.328154,0.318671,0.305061,0.214323,0.675623,0.548221,0.564022
0.334005,0.319070,0.315033,0.229952,0.694254,0.541349,0.524617
0.320561,0.323579,0.321829,0.246147,0.659799,0.507837,0.508853
0.289881,0.317571,0.320960,0.252747,0.640129,0.483061,0.487693
0.305947,0.312343,0.308527,0.266265,0.658672,0.484416,0.536172
0.323678,0.339016,0.299030,0.214888,0.648798,0.506667,0.506091
0.350569,0.344080,0.359842,0.225288,0.674095,0.524102,0.532800
0.342821,0.342813,0.355727,0.224437,0.666001,0.519952,0.511919
0.354831,0.323984,0.309500,0.205892,0.723395,0.581237,0.531939
0.301687,0.312542,0.325334,0.255203,0.628576,0.549890,0.490284
0.304725,0.334345,0.259396,0.305760,0.699314,0.494268,0.598292
0.303460,0.328810,0.262202,0.322936,0.690976,0.474317,0.597944
0.295641,0.317508,0.261332,0.316245,0.701855,0.480296,0.609851
0.303446,0.327787,0.264432,0.330765,0.686293,0.469876,0.601123
0.300123,0.326462,0.260557,0.333107,0.671059,0.468745,0.595275
0.303986,0.328425,0.261885,0.330984,0.680487,0.465983,0.598719
0.304413,0.328550,0.262191,0.337456,0.673807,0.464763,0.599676
0.326272,0.337874,0.260163,0.287415,0.708028,0.493663,0.602111
0.354349,0.331897,0.259406,0.119585,0.828704,0.552800,0.537740
0.377743,0.348062,0.299564,0.230791,0.770325,0.539169,0.529598
0.344778,0.336095,0.315791,0.114229,0.729213,0.678218,0.477814
0.335309,0.315412,0.317841,0.126597,0.737002,0.605110,0.475362
0.317503,0.303865,0.304894,0.158979,0.757962,0.582179,0.504219
0.310719,0.291864,0.317858,0.159088,0.728335,0.576038,0.517895
0.316338,0.314192,0.303800,0.149908,0.767079,0.640769,0.505518
0.321557,0.311859,0.297971,0.134930,0.791135,0.666236,0.505369
0.322847,0.319972,0.295615,0.163838,0.738086,0.603255,0.535917
0.314063,0.307364,0.318537,0.128245,0.761983,0.663171,0.480823
0.313333,0.317574,0.321516,0.131213,0.768630,0.643937,0.464891
0.317458,0.312370,0.298843,0.118957,0.772765,0.641325,0.477500
0.307433,0.304137,0.319431,0.135257,0.742576,0.627074,0.465984
0.314446,0.316796,0.305694,0.154476,0.756950,0.627402,0.490527
0.322111,0.311626,0.308587,0.134771,0.707403,0.654199,0.462694
0.319649,0.315446,0.295304,0.131018,0.714721,0.644724,0.468695
0.327777,0.306322,0.301945,0.127201,0.730437,0.611046,0.486828
0.321568,0.313132,0.288698,0.123469,0.747070,0.669335,0.469644
0.329613,0.308558,0.304320,0.130651,0.750273,0.666517,0.466250
0.331937,0.327274,0.293519,0.113846,0.783534,0.680533,0.489977
0.335562,0.330769,0.288268,0.114797,0.777300,0.679605,0.476535
0.337339,0.318128,0.301042,0.122923,0.773221,0.667878,0.486672
0.270956,0.341086,0.276940,0.183793,0.647889,0.556075,0.466174
0.246091,0.289651,0.271685,0.316315,0.489428,0.413004,0.533431
0.245976,0.289416,0.266937,0.314587,0.488443,0.397401,0.533202
0.245889,0.290267,0.266702,0.321142,0.492737,0.388800,0.531121
0.245889,0.291685,0.264403,0.323327,0.492607,0.382973,0.530288
0.295410,0.317597,0.277425,0.226973,0.623079,0.454622,0.552792
0.295130,0.317963,0.277396,0.235312,0.621471,0.446722,0.556185
0.294149,0.316400,0.276250,0.239100,0.619417,0.442100,0.552405
0.294169,0.317223,0.274824,0.241804,0.615988,0.443031,0.552103
0.448551,0.462720,0.317512,0.135532,0.770027,0.502972,0.585959
0.453671,0.461328,0.316490,0.128824,0.793639,0.560810,0.603771
0.461052,0.464535,0.309587,0.126122,0.811529,0.566971,0.607700
0.461849,0.463889,0.307381,0.126118,0.818361,0.561736,0.604306
0.462552,0.465183,0.307055,0.122260,0.821269,0.557163,0.603195
0.462841,0.463930,0.305572,0.121158,0.825167,0.557163,0.602298
0.390796,0.388427,0.312395,0.145979,0.768241,0.522562,0.581477
0.394817,0.389781,0.309837,0.142674,0.791548,0.524110,0.579356
0.397492,0.391865,0.308656,0.141029,0.793229,0.515307,0.578524
0.398679,0.391150,0.307465,0.140431,0.805691,0.516249,0.580071
0.408252,0.411120,0.305171,0.141744,0.770016,0.566239,0.579887
0.354478,0.369851,0.320856,0.191223,0.684594,0.462353,0.522018
0.358080,0.359321,0.311892,0.183030,0.720051,0.481810,0.531149
0.368951,0.352424,0.311915,0.170185,0.733149,0.506551,0.558120
0.278923,0.467197,0.328271,0.251502,0.497775,0.248437,0.504682
0.278923,0.467197,0.328271,0.251502,0.497775,0.248437,0.504682
0.279075,0.448954,0.316732,0.164133,0.600083,0.322808,0.509030
0.279075,0.448954,0.316732,0.164133,0.600083,0.322808,0.509030
0.285028,0.424732,0.319482,0.144786,0.692373,0.324969,0.521374
0.285028,0.424732,0.319482,0.144786,0.692373,0.324969,0.521374
0.291973,0.421667,0.321200,0.132945,0.756198,0.384001,0.526323
0.291973,0.421667,0.321200,0.132945,0.756198,0.384001,0.526323
0.477252,0.541062,0.403412,0.097663,0.804410,0.465917,0.575949
0.464283,0.523296,0.398137,0.094215,0.821798,0.474371,0.565073
0.464137,0.508545,0.399164,0.092053,0.824298,0.486423,0.565742
0.445286,0.378592,0.313819,0.127396,0.693761,0.558415,0.568749
0.449903,0.382564,0.313082,0.120114,0.752719,0.567510,0.564779
0.383694,0.344888,0.363176,0.205125,0.615271,0.486435,0.485933
0.394841,0.346726,0.364635,0.196163,0.649939,0.508023,0.499341
0.396311,0.347675,0.362457,0.192676,0.654190,0.514478,0.503122
0.411185,0.346356,0.361335,0.192519,0.669323,0.524714,0.513924
0.411434,0.344313,0.361668,0.189057,0.674498,0.522970,0.513428
0.430332,0.395693,0.370169,0.178643,0.685753,0.535830,0.490970
0.399098,0.346569,0.367280,0.169215,0.678581,0.553219,0.486289
0.499823,0.536602,0.475000,0.076347,0.882047,0.674588,0.535262
0.499823,0.536602,0.475000,0.076347,0.882047,0.674588,0.535262
0.272991,0.293325,0.309388,0.169471,0.667401,0.433308,0.586429
0.256244,0.293799,0.280603,0.183636,0.617953,0.410957,0.554209
0.431369,0.461298,0.330162,0.148209,0.624050,0.544073,0.523768
0.431369,0.461298,0.330162,0.148209,0.624050,0.544073,0.523768
0.456066,0.480531,0.393241,0.279196,0.469916,0.265900,0.443414
0.448205,0.476388,0.363347,0.261588,0.453355,0.286019,0.420764
0.424702,0.492553,0.376493,0.149702,0.712271,0.524079,0.552106
0.442985,0.438764,0.341453,0.144802,0.644572,0.559335,0.538475
0.420003,0.606020,0.565959,0.221221,0.542678,0.381245,0.521477
0.300355,0.305439,0.290339,0.188911,0.666703,0.533909,0.547932
0.300355,0.305439,0.290339,0.188911,0.666703,0.533909,0.547932
0.300355,0.305439,0.290339,0.188911,0.666703,0.533909,0.547932
0.300355,0.305439,0.290339,0.188911,0.666703,0.533909,0.547932
0.307532,0.309090,0.290154,0.179988,0.721857,0.515895,0.549443
0.307532,0.309090,0.290154,0.179988,0.721857,0.515895,0.549443
0.307532,0.309090,0.290154,0.179988,0.721857,0.515895,0.549443
0.307532,0.309090,0.290154,0.179988,0.721857,0.515895,0.549443
0.304974,0.306722,0.284942,0.198728,0.668802,0.510287,0.552258
0.304974,0.306722,0.284942,0.198728,0.668802,0.510287,0.552258
0.304974,0.306722,0.284942,0.198728,0.668802,0.510287,0.552258
0.304974,0.306722,0.284942,0.198728,0.668802,0.510287,0.552258
0.289103,0.307225,0.289757,0.226753,0.651023,0.499299,0.550275
0.289103,0.307225,0.289757,0.226753,0.651023,0.499299,0.550275
0.289103,0.307225,0.289757,0.226753,0.651023,0.499299,0.550275
0.289103,0.307225,0.289757,0.226753,0.651023,0.499299,0.550275
0.287630,0.306420,0.288193,0.230009,0.646029,0.491935,0.546685
0.287630,0.306420,0.288193,0.230009,0.646029,0.491935,0.546685
0.287630,0.306420,0.288193,0.230009,0.646029,0.491935,0.546685
0.287630,0.306420,0.288193,0.230009,0.646029,0.491935,0.546685
0.311468,0.315355,0.281118,0.190882,0.719244,0.529647,0.551570
0.311468,0.315355,0.281118,0.190882,0.719244,0.529647,0.551570
0.311468,0.315355,0.281118,0.190882,0.719244,0.529647,0.551570
0.311468,0.315355,0.281118,0.190882,0.719244,0.529647,0.551570
0.310241,0.317207,0.282560,0.182313,0.734616,0.509665,0.555990
0.310241,0.317207,0.282560,0.182313,0.734616,0.509665,0.555990
0.310241,0.317207,0.282560,0.182313,0.734616,0.509665,0.555990
0.310241,0.317207,0.282560,0.182313,0.734616,0.509665,0.555990
0.313713,0.317769,0.283295,0.173620,0.745051,0.518434,0.559547
0.313713,0.317769,0.283295,0.173620,0.745051,0.518434,0.559547
0.313713,0.317769,0.283295,0.173620,0.745051,0.518434,0.559547
0.313713,0.317769,0.283295,0.173620,0.745051,0.518434,0.559547
0.311904,0.306952,0.286052,0.186356,0.668667,0.517177,0.526386
0.311904,0.306952,0.286052,0.186356,0.668667,0.517177,0.526386
0.311904,0.306952,0.286052,0.186356,0.668667,0.517177,0.526386
0.311904,0.306952,0.286052,0.186356,0.668667,0.517177,0.526386
0.332823,0.315710,0.291857,0.201607,0.701016,0.542252,0.547187
0.332823,0.315710,0.291857,0.201607,0.701016,0.542252,0.547187
0.335793,0.321592,0.294617,0.187479,0.669122,0.527886,0.541581
0.335793,0.321592,0.294617,0.187479,0.669122,0.527886,0.541581
0.335793,0.321592,0.294617,0.187479,0.669122,0.527886,0.541581
0.335793,0.321592,0.294617,0.187479,0.669122,0.527886,0.541581
0.344456,0.317301,0.302186,0.186678,0.705140,0.524342,0.544809
0.344456,0.317301,0.302186,0.186678,0.705140,0.524342,0.544809
0.344456,0.317301,0.302186,0.186678,0.705140,0.524342,0.544809
0.344456,0.317301,0.302186,0.186678,0.705140,0.524342,0.544809
0.324393,0.305119,0.299297,0.169975,0.710928,0.567651,0.585650
0.324393,0.305119,0.299297,0.169975,0.710928,0.567651,0.585650
0.324393,0.305119,0.299297,0.169975,0.710928,0.567651,0.585650
0.324393,0.305119,0.299297,0.169975,0.710928,0.567651,0.585650
0.324278,0.308463,0.300337,0.167599,0.730824,0.561631,0.589292
0.324278,0.308463,0.300337,0.167599,0.730824,0.561631,0.589292
0.324278,0.308463,0.300337,0.167599,0.730824,0.561631,0.589292
0.324278,0.308463,0.300337,0.167599,0.730824,0.561631,0.589292
0.324283,0.304224,0.296168,0.179157,0.710505,0.548335,0.593620
0.324283,0.304224,0.296168,0.179157,0.710505,0.548335,0.593620
0.324283,0.304224,0.296168,0.179157,0.710505,0.548335,0.593620
0.324283,0.304224,0.296168,0.179157,0.710505,0.548335,0.593620
0.313465,0.299092,0.298860,0.201625,0.672699,0.522916,0.592062
0.313465,0.299092,0.298860,0.201625,0.672699,0.522916,0.592062
0.313465,0.299092,0.298860,0.201625,0.672699,0.522916,0.592062
0.313465,0.299092,0.298860,0.201625,0.672699,0.522916,0.592062
0.309529,0.298204,0.299028,0.208255,0.669535,0.525958,0.589864
0.309529,0.298204,0.299028,0.208255,0.669535,0.525958,0.589864
0.309529,0.298204,0.299028,0.208255,0.669535,0.525958,0.589864
0.309529,0.298204,0.299028,0.208255,0.669535,0.525958,0.589864
0.329054,0.304155,0.297982,0.184822,0.732648,0.560637,0.598208
0.329054,0.304155,0.297982,0.184822,0.732648,0.560637,0.598208
0.329054,0.304155,0.297982,0.184822,0.732648,0.560637,0.598208
0.329054,0.304155,0.297982,0.184822,0.732648,0.560637,0.598208
0.331526,0.306561,0.292823,0.172940,0.731252,0.569093,0.589235
0.331526,0.306561,0.292823,0.172940,0.731252,0.569093,0.589235
0.331526,0.306561,0.292823,0.172940,0.731252,0.569093,0.589235
0.331526,0.306561,0.292823,0.172940,0.731252,0.569093,0.589235
0.332688,0.308329,0.292081,0.167899,0.737837,0.579335,0.588662
0.332688,0.308329,0.292081,0.167899,0.737837,0.579335,0.588662
0.332688,0.308329,0.292081,0.167899,0.737837,0.579335,0.588662
0.332688,0.308329,0.292081,0.167899,0.737837,0.579335,0.588662
0.283814,0.276047,0.316188,0.198368,0.616414,0.489871,0.514522
0.283814,0.276047,0.316188,0.198368,0.616414,0.489871,0.514522
0.283814,0.276047,0.316188,0.198368,0.616414,0.489871,0.514522
0.283814,0.276047,0.316188,0.198368,0.616414,0.489871,0.514522
0.307316,0.277937,0.312626,0.189180,0.626214,0.495307,0.527032
0.307316,0.277937,0.312626,0.189180,0.626214,0.495307,0.527032
0.307316,0.277937,0.312626,0.189180,0.626214,0.495307,0.527032
0.307316,0.277937,0.312626,0.189180,0.626214,0.495307,0.527032
0.289898,0.273055,0.312105,0.209755,0.611785,0.486701,0.525786
0.289898,0.273055,0.312105,0.209755,0.611785,0.486701,0.525786
0.289898,0.273055,0.312105,0.209755,0.611785,0.486701,0.525786
0.289898,0.273055,0.312105,0.209755,0.611785,0.486701,0.525786
0.267124,0.269750,0.311034,0.230939,0.568886,0.425984,0.525250
0.267124,0.269750,0.311034,0.230939,0.568886,0.425984,0.525250
0.267124,0.269750,0.311034,0.230939,0.568886,0.425984,0.525250
0.267124,0.269750,0.311034,0.230939,0.568886,0.425984,0.525250
0.268682,0.270032,0.309060,0.243190,0.555606,0.432746,0.522712
0.268682,0.270032,0.309060,0.243190,0.555606,0.432746,0.522712
0.268682,0.270032,0.309060,0.243190,0.555606,0.432746,0.522712
0.268682,0.270032,0.309060,0.243190,0.555606,0.432746,0.522712
0.312334,0.273861,0.305272,0.213796,0.633765,0.491438,0.542739
0.312334,0.273861,0.305272,0.213796,0.633765,0.491438,0.542739
0.312334,0.273861,0.305272,0.213796,0.633765,0.491438,0.542739
0.312334,0.273861,0.305272,0.213796,0.633765,0.491438,0.542739
0.313585,0.276576,0.302018,0.203529,0.664656,0.501666,0.530163
0.313585,0.276576,0.302018,0.203529,0.664656,0.501666,0.530163
0.313585,0.276576,0.302018,0.203529,0.664656,0.501666,0.530163
0.313585,0.276576,0.302018,0.203529,0.664656,0.501666,0.530163
0.314159,0.281090,0.301024,0.197281,0.673324,0.496514,0.528592
0.314159,0.281090,0.301024,0.197281,0.673324,0.496514,0.528592
0.314159,0.281090,0.301024,0.197281,0.673324,0.496514,0.528592
0.314159,0.281090,0.301024,0.197281,0.673324,0.496514,0.528592
0.292103,0.337769,0.256751,0.240971,0.679726,0.423586,0.585387
0.292103,0.337769,0.256751,0.240971,0.679726,0.423586,0.585387
0.298553,0.340581,0.258352,0.235993,0.680728,0.427112,0.588004
0.298553,0.340581,0.258352,0.235993,0.680728,0.427112,0.588004
0.300932,0.341825,0.258384,0.228962,0.681856,0.433596,0.591903
0.300932,0.341825,0.258384,0.228962,0.681856,0.433596,0.591903
0.307550,0.343133,0.258413,0.218922,0.685516,0.442440,0.590576
0.307550,0.343133,0.258413,0.218922,0.685516,0.442440,0.590576
0.312992,0.342841,0.258604,0.213255,0.688153,0.445170,0.594171
0.312992,0.342841,0.258604,0.213255,0.688153,0.445170,0.594171
0.317250,0.346063,0.256946,0.202969,0.698370,0.450197,0.596741
0.317250,0.346063,0.256946,0.202969,0.698370,0.450197,0.596741
0.283867,0.337547,0.257219,0.250587,0.676099,0.413070,0.590994
0.283867,0.337547,0.257219,0.250587,0.676099,0.413070,0.590994
0.296380,0.336074,0.257938,0.247424,0.681370,0.424572,0.573732
0.296380,0.336074,0.257938,0.247424,0.681370,0.424572,0.573732
0.309615,0.346247,0.256008,0.219764,0.715815,0.435097,0.603757
0.309615,0.346247,0.256008,0.219764,0.715815,0.435097,0.603757
0.319157,0.357587,0.256692,0.221598,0.684978,0.424908,0.604556
0.319157,0.357587,0.256692,0.221598,0.684978,0.424908,0.604556
0.308642,0.348070,0.259511,0.221519,0.685761,0.437681,0.590080
0.308642,0.348070,0.259511,0.221519,0.685761,0.437681,0.590080
0.318122,0.331052,0.264292,0.257331,0.698572,0.449253,0.595558
0.318122,0.331052,0.264292,0.257331,0.698572,0.449253,0.595558
0.304493,0.352157,0.257159,0.245791,0.684693,0.446201,0.578165
0.304493,0.352157,0.257159,0.245791,0.684693,0.446201,0.578165
0.331543,0.359569,0.260218,0.225729,0.698493,0.449914,0.585109
0.331543,0.359569,0.260218,0.225729,0.698493,0.449914,0.585109
0.248799,0.298229,0.299057,0.211984,0.588229,0.459669,0.592578
0.248957,0.297028,0.293069,0.222699,0.577690,0.441468,0.584670
0.247672,0.296006,0.290658,0.233501,0.566466,0.434731,0.580981
0.242649,0.279735,0.291713,0.249153,0.529095,0.404384,0.560826
0.241303,0.279014,0.288483,0.258420,0.515638,0.388245,0.555041
0.242255,0.279103,0.285020,0.267023,0.504551,0.379453,0.553134
0.250734,0.295338,0.291225,0.200393,0.615803,0.482018,0.596988
0.238285,0.285084,0.287055,0.218917,0.577124,0.480720,0.588063
0.238934,0.283633,0.281622,0.227858,0.563848,0.461468,0.580346
0.238160,0.282313,0.279571,0.240077,0.552773,0.456213,0.576498
0.268655,0.320517,0.299750,0.178543,0.676699,0.514748,0.583299
0.276564,0.319351,0.301051,0.172706,0.683641,0.528813,0.586389
0.290771,0.316410,0.299062,0.163187,0.710741,0.535862,0.584540
0.311353,0.326006,0.293997,0.149246,0.747736,0.522535,0.588321
0.319000,0.327314,0.289754,0.140169,0.751845,0.527212,0.581705
0.362362,0.371837,0.318985,0.153800,0.706596,0.598082,0.502027
0.366340,0.376837,0.331076,0.167772,0.709104,0.564107,0.511042
0.349312,0.364359,0.324965,0.168107,0.680244,0.580570,0.520227
0.352641,0.369436,0.325858,0.181301,0.638743,0.559104,0.526246
0.416894,0.531019,0.419991,0.212131,0.541975,0.362765,0.566345
0.425819,0.537742,0.412837,0.188209,0.615370,0.382379,0.586147
0.439100,0.517446,0.405202,0.175159,0.677318,0.395265,0.607816
0.345029,0.434080,0.322118,0.257519,0.544426,0.321907,0.587179
0.315858,0.387036,0.302562,0.265750,0.526149,0.317759,0.586154
0.298163,0.258704,0.281574,0.141120,0.671611,0.561188,0.502195
0.277285,0.252638,0.274501,0.173738,0.615388,0.501243,0.506495
0.273801,0.253689,0.272288,0.179767,0.608845,0.480856,0.520513
0.271066,0.255207,0.272671,0.187921,0.593699,0.467922,0.517376
0.300980,0.337137,0.272922,0.198878,0.659251,0.527048,0.506591
0.370576,0.364808,0.290061,0.132851,0.794709,0.584755,0.585584
0.369189,0.361451,0.285237,0.135048,0.725878,0.591816,0.505887
0.367582,0.359701,0.274869,0.143306,0.741687,0.586032,0.503989
0.345100,0.329287,0.267455,0.174307,0.753565,0.527224,0.482524
0.343039,0.326658,0.267447,0.171105,0.757452,0.524860,0.487414
0.340958,0.326433,0.265953,0.169521,0.760432,0.522642,0.497162
0.340086,0.326678,0.268023,0.164385,0.769437,0.536733,0.499872
0.338277,0.327642,0.268425,0.162460,0.765546,0.542825,0.503392
0.339339,0.328766,0.268116,0.160717,0.765627,0.543458,0.504993
0.333137,0.318552,0.258365,0.194039,0.718336,0.518740,0.469636
0.337735,0.319635,0.262823,0.196091,0.739307,0.527097,0.492742
0.340647,0.328383,0.262092,0.191627,0.739362,0.510014,0.483718
0.333433,0.317578,0.260877,0.221110,0.694244,0.521069,0.494478
0.318871,0.315980,0.268897,0.145384,0.809002,0.549285,0.517098
0.319496,0.316191,0.268129,0.148569,0.801117,0.549647,0.508124
0.317544,0.318058,0.268743,0.143063,0.802724,0.559477,0.519638
0.375843,0.341405,0.280527,0.175952,0.766711,0.574880,0.460238
0.347670,0.320206,0.275829,0.201314,0.760828,0.525078,0.464924
0.348455,0.320923,0.274014,0.198081,0.785943,0.549276,0.460615
0.344970,0.325437,0.294875,0.189446,0.655257,0.446269,0.559605
0.344970,0.325437,0.294875,0.189446,0.655257,0.446269,0.559605
0.311717,0.332524,0.294711,0.224843,0.628225,0.457203,0.527602
0.311717,0.332524,0.294711,0.224843,0.628225,0.457203,0.527602
0.347240,0.345616,0.306054,0.202182,0.695031,0.456511,0.567090
0.347240,0.345616,0.306054,0.202182,0.695031,0.456511,0.567090
0.346672,0.342296,0.304103,0.217242,0.672109,0.442335,0.568959
0.346672,0.342296,0.304103,0.217242,0.672109,0.442335,0.568959
0.366997,0.345201,0.310311,0.205482,0.675926,0.469863,0.541354
0.366997,0.345201,0.310311,0.205482,0.675926,0.469863,0.541354
0.322975,0.343295,0.308982,0.255556,0.679591,0.449058,0.539946
0.322975,0.343295,0.308982,0.255556,0.679591,0.449058,0.539946
0.366826,0.347436,0.312051,0.181989,0.697017,0.529674,0.548391
0.366826,0.347436,0.312051,0.181989,0.697017,0.529674,0.548391
0.367283,0.366452,0.311006,0.192324,0.669759,0.452302,0.558542
0.367283,0.366452,0.311006,0.192324,0.669759,0.452302,0.558542
0.362976,0.344229,0.313615,0.215530,0.686405,0.468862,0.584302
0.362976,0.344229,0.313615,0.215530,0.686405,0.468862,0.584302
0.311717,0.332524,0.294711,0.224843,0.628225,0.457203,0.527602
0.311717,0.332524,0.294711,0.224843,0.628225,0.457203,0.527602
0.311717,0.332524,0.294711,0.224843,0.628225,0.457203,0.527602
0.311717,0.332524,0.294711,0.224843,0.628225,0.457203,0.527602
0.311717,0.332524,0.294711,0.224843,0.628225,0.457203,0.527602
0.311717,0.332524,0.294711,0.224843,0.628225,0.457203,0.527602
0.366249,0.342866,0.320013,0.167024,0.713183,0.545327,0.559520
0.366249,0.342866,0.320013,0.167024,0.713183,0.545327,0.559520
0.370303,0.345143,0.315195,0.162557,0.759416,0.543986,0.574028
0.370303,0.345143,0.315195,0.162557,0.759416,0.543986,0.574028
0.487082,0.433544,0.321487,0.154065,0.630780,0.520756,0.574748
0.487082,0.433544,0.321487,0.154065,0.630780,0.520756,0.574748
0.305084,0.317924,0.311079,0.186748,0.736474,0.571526,0.646298
0.332139,0.333284,0.311321,0.198871,0.712039,0.580851,0.664238
0.249418,0.275560,0.306070,0.237473,0.656583,0.493636,0.581922
0.388650,0.394360,0.367355,0.161357,0.742737,0.644125,0.632557
0.407262,0.392633,0.368370,0.156445,0.723116,0.638253,0.654445
0.368608,0.326414,0.286682,0.184664,0.680852,0.527447,0.520611
0.429341,0.378491,0.328228,0.169664,0.732637,0.415534,0.628252
0.418245,0.373496,0.319233,0.175659,0.717917,0.404218,0.618763
0.411817,0.371965,0.312805,0.182132,0.703113,0.403268,0.616613
0.453349,0.404496,0.325154,0.124406,0.822431,0.474014,0.623348
0.462335,0.421002,0.319718,0.181351,0.756506,0.462176,0.617899
0.448873,0.408930,0.313400,0.195309,0.716684,0.449561,0.615029
0.452743,0.432689,0.329239,0.191195,0.772338,0.467519,0.614027
0.382082,0.312154,0.299315,0.146967,0.709806,0.607778,0.479082
0.388160,0.315701,0.293527,0.160194,0.695625,0.588342,0.478463
0.367855,0.292758,0.285166,0.192633,0.671072,0.550735,0.519677
0.375736,0.308238,0.282651,0.199747,0.697317,0.557925,0.529813
0.307320,0.277010,0.288654,0.156563,0.593852,0.585370,0.500400
0.304268,0.274971,0.275509,0.188312,0.542144,0.551982,0.518576
0.302001,0.274816,0.272075,0.200465,0.542199,0.530181,0.516073
0.320050,0.283665,0.283786,0.168800,0.609494,0.567994,0.501013
0.318070,0.281484,0.272459,0.200542,0.561888,0.553573,0.517426
0.314589,0.280098,0.271836,0.212627,0.557833,0.526882,0.518543
0.373316,0.304600,0.279606,0.190377,0.703453,0.580512,0.558397
0.370590,0.304252,0.278619,0.196742,0.682991,0.565873,0.558925
0.469657,0.404371,0.340515,0.123517,0.691565,0.634695,0.448546
0.310520,0.340632,0.281976,0.182949,0.715648,0.485744,0.550544
0.310520,0.340632,0.281976,0.182949,0.715648,0.485744,0.550544
0.310520,0.340632,0.281976,0.182949,0.715648,0.485744,0.550544
0.313255,0.341445,0.279191,0.171703,0.723275,0.497929,0.552202
0.313255,0.341445,0.279191,0.171703,0.723275,0.497929,0.552202
0.313255,0.341445,0.279191,0.171703,0.723275,0.497929,0.552202
0.314878,0.340785,0.277566,0.169512,0.730002,0.519239,0.553099
0.314878,0.340785,0.277566,0.169512,0.730002,0.519239,0.553099
0.314878,0.340785,0.277566,0.169512,0.730002,0.519239,0.553099
0.313463,0.341802,0.275564,0.163968,0.733571,0.534145,0.551481
0.313463,0.341802,0.275564,0.163968,0.733571,0.534145,0.551481
0.313463,0.341802,0.275564,0.163968,0.733571,0.534145,0.551481
0.317467,0.346036,0.276372,0.159625,0.752760,0.543461,0.552085
0.317467,0.346036,0.276372,0.159625,0.752760,0.543461,0.552085
0.316668,0.351629,0.282700,0.158912,0.738142,0.521045,0.547303
0.316668,0.351629,0.282700,0.158912,0.738142,0.521045,0.547303
0.316668,0.351629,0.282700,0.158912,0.738142,0.521045,0.547303
0.320954,0.348922,0.275214,0.186989,0.710038,0.497005,0.539629
0.338448,0.371719,0.298246,0.179287,0.734612,0.492603,0.526793
0.338448,0.371719,0.298246,0.179287,0.734612,0.492603,0.526793
0.328881,0.363945,0.292494,0.225620,0.744861,0.510656,0.546791
0.328881,0.363945,0.292494,0.225620,0.744861,0.510656,0.546791
0.329992,0.359366,0.293176,0.251645,0.750096,0.482254,0.578111
0.329992,0.359366,0.293176,0.251645,0.750096,0.482254,0.578111
0.293495,0.337300,0.281083,0.183694,0.710472,0.476966,0.534939
0.312216,0.334777,0.298251,0.180717,0.708747,0.514562,0.541802
0.312984,0.335699,0.296160,0.177053,0.710062,0.513746,0.506660
0.319215,0.335578,0.300235,0.166044,0.708221,0.517794,0.517296
0.313521,0.346072,0.293337,0.184579,0.724607,0.507829,0.546489
0.277156,0.303531,0.294925,0.208068,0.692294,0.454836,0.520815
0.276488,0.302218,0.285540,0.204523,0.708974,0.458054,0.528958
0.321324,0.345138,0.290847,0.175789,0.717812,0.523475,0.536750
0.326858,0.346243,0.289717,0.182775,0.724936,0.497717,0.540917
0.316257,0.346819,0.292827,0.186176,0.710853,0.508244,0.548760
0.323859,0.352361,0.291468,0.167616,0.724233,0.549566,0.548293
0.282512,0.306255,0.293947,0.268958,0.650435,0.463976,0.519740
0.333370,0.323113,0.288284,0.178927,0.741759,0.554085,0.551615
0.330472,0.321747,0.293859,0.196265,0.707273,0.552503,0.549557
0.330472,0.321747,0.293859,0.196265,0.707273,0.552503,0.549557
0.336774,0.329002,0.286127,0.178054,0.713098,0.521150,0.571739
0.313496,0.312989,0.296724,0.192368,0.738354,0.543551,0.562041
0.313496,0.312989,0.296724,0.192368,0.738354,0.543551,0.562041
0.305204,0.320009,0.273745,0.187179,0.700207,0.497780,0.543057
0.320758,0.351061,0.296155,0.182086,0.721049,0.553323,0.551495
0.320758,0.351061,0.296155,0.182086,0.721049,0.553323,0.551495
0.313770,0.313412,0.291007,0.194649,0.730281,0.538212,0.558243
0.335139,0.321787,0.289201,0.185653,0.692173,0.524282,0.589457
0.330396,0.345692,0.274685,0.165217,0.749590,0.538696,0.557392
0.311278,0.327975,0.284102,0.176927,0.749206,0.544697,0.554285
0.311278,0.327975,0.284102,0.176927,0.749206,0.544697,0.554285
0.307159,0.338845,0.275934,0.175171,0.717123,0.539791,0.540501
0.318678,0.349382,0.288790,0.167219,0.750701,0.570382,0.541874
0.318678,0.349382,0.288790,0.167219,0.750701,0.570382,0.541874
0.341244,0.360567,0.290483,0.153746,0.794974,0.605617,0.529806
0.325872,0.333569,0.282566,0.179527,0.724210,0.569701,0.544188
0.325872,0.333569,0.282566,0.179527,0.724210,0.569701,0.544188
0.325872,0.333569,0.282566,0.179527,0.724210,0.569701,0.544188
0.325872,0.333569,0.282566,0.179527,0.724210,0.569701,0.544188
0.253763,0.363509,0.249157,0.511855,0.260952,0.173073,0.471518
0.219186,0.290274,0.223430,0.585340,0.251055,0.170245,0.436147
0.288194,0.412482,0.312966,0.214660,0.446510,0.305999,0.477989
0.299102,0.299370,0.278411,0.229444,0.679588,0.563902,0.632774
0.273305,0.273049,0.256772,0.283383,0.675549,0.496619,0.608812
0.273012,0.269804,0.260186,0.293025,0.667739,0.483651,0.613988
0.269217,0.268648,0.260856,0.301122,0.660364,0.465803,0.616409
0.373818,0.329651,0.284603,0.169844,0.789856,0.595808,0.529711
0.373739,0.327172,0.287989,0.152741,0.801907,0.572609,0.533316
0.375350,0.336189,0.290259,0.148395,0.814266,0.563977,0.541387
0.376484,0.338430,0.291606,0.141133,0.819915,0.556375,0.543779
0.377909,0.340324,0.291606,0.135669,0.826571,0.559931,0.545088
0.376024,0.341721,0.292082,0.126849,0.828948,0.552990,0.551357
0.358294,0.320585,0.326331,0.176452,0.777248,0.526475,0.545779
0.374386,0.322268,0.321859,0.148296,0.828952,0.510320,0.574147
0.381912,0.324721,0.320842,0.143746,0.834204,0.519555,0.570174
0.398920,0.331925,0.317091,0.132718,0.837817,0.526972,0.567482
0.401836,0.332674,0.313499,0.126749,0.843252,0.537320,0.564254
0.403256,0.334170,0.314494,0.119826,0.846858,0.529541,0.568975
0.329211,0.307884,0.292126,0.174373,0.750261,0.549701,0.538347
0.342700,0.303908,0.290375,0.144553,0.805078,0.539890,0.571007
0.348565,0.306370,0.288396,0.140965,0.811835,0.547056,0.568960
0.365858,0.312540,0.286801,0.133438,0.817333,0.566342,0.562880
0.368161,0.313499,0.283158,0.125982,0.824356,0.573652,0.558185
0.369640,0.315194,0.284053,0.119577,0.829748,0.565429,0.560780
0.414519,0.346415,0.292071,0.120179,0.811365,0.579942,0.548967
0.387531,0.317547,0.277468,0.134925,0.816645,0.573893,0.558473
0.391992,0.322494,0.279235,0.128615,0.820045,0.614554,0.552934
0.411583,0.336085,0.295886,0.138419,0.839498,0.554843,0.547127
0.410185,0.359303,0.360630,0.108582,0.835325,0.526505,0.504827
0.379044,0.326803,0.306425,0.188012,0.707897,0.555957,0.574943
0.260788,0.261676,0.310242,0.190524,0.666104,0.480115,0.626083
0.271406,0.261529,0.311460,0.180797,0.670702,0.491173,0.621066
0.275468,0.262220,0.307178,0.180485,0.675491,0.518150,0.623899
0.334113,0.303623,0.292685,0.195386,0.724910,0.512681,0.609405
0.344125,0.307325,0.294086,0.186829,0.727905,0.510285,0.610788
0.344125,0.307325,0.294086,0.186829,0.727905,0.510285,0.610788
0.348737,0.310485,0.294392,0.180841,0.738155,0.511904,0.610298
0.348691,0.311399,0.294290,0.176125,0.738356,0.517147,0.612413
0.352592,0.312342,0.294371,0.176110,0.738592,0.514108,0.613032
0.329179,0.310192,0.280587,0.211194,0.748004,0.531294,0.595203
0.353642,0.325801,0.282472,0.183711,0.762348,0.538427,0.594494
0.363199,0.334135,0.283692,0.165445,0.776312,0.520451,0.593683
0.364664,0.334469,0.283319,0.162347,0.774626,0.521469,0.592645
0.331635,0.323922,0.279940,0.198944,0.615818,0.516446,0.519917
0.358381,0.364052,0.301871,0.162517,0.789928,0.578683,0.550360
0.358392,0.363258,0.303069,0.159352,0.793878,0.574764,0.553322
0.360446,0.364656,0.304003,0.156957,0.792172,0.583855,0.554823
0.361512,0.365428,0.303304,0.152894,0.791378,0.582562,0.554329
0.361072,0.365956,0.303323,0.150279,0.790756,0.581141,0.554594
0.361833,0.366650,0.303872,0.148329,0.792889,0.579500,0.554098
0.349127,0.330389,0.263213,0.144825,0.758596,0.556248,0.523023
0.367732,0.337305,0.274968,0.141184,0.764076,0.571869,0.520030
0.268947,0.238254,0.304585,0.141610,0.651949,0.514903,0.485122
0.224128,0.226035,0.301277,0.188714,0.545285,0.403840,0.465917
0.253072,0.239072,0.330669,0.162193,0.591436,0.428683,0.488121
0.286398,0.233881,0.284244,0.147070,0.616768,0.515097,0.451670
0.302403,0.244445,0.327271,0.134948,0.654559,0.505823,0.445584
0.301182,0.244688,0.321005,0.130262,0.661172,0.528173,0.444149
0.304090,0.244926,0.317051,0.125307,0.688037,0.544842,0.449382
0.301472,0.255892,0.328297,0.142306,0.655494,0.480324,0.460196
0.334774,0.276311,0.299951,0.123553,0.669832,0.547628,0.462445
0.324390,0.269390,0.294732,0.116004,0.723325,0.566778,0.460815
0.330615,0.354146,0.267647,0.211831,0.678307,0.513592,0.581960
0.336899,0.357351,0.265753,0.208471,0.682171,0.505458,0.585849
0.341459,0.357534,0.264500,0.198522,0.687437,0.491995,0.588989
0.344999,0.358116,0.265375,0.192235,0.725149,0.485410,0.587176
0.347527,0.359222,0.265050,0.192780,0.745692,0.482343,0.585702
0.351199,0.361943,0.265891,0.189091,0.756480,0.481636,0.581196
0.292820,0.357083,0.258349,0.257218,0.619322,0.462611,0.565862
0.294020,0.357608,0.257689,0.272511,0.596599,0.458622,0.590597
0.295727,0.357664,0.257174,0.282187,0.591672,0.449590,0.591527
0.294687,0.357535,0.255876,0.283370,0.587102,0.444938,0.590846
0.295546,0.358210,0.253527,0.282217,0.579526,0.445802,0.587650
0.276230,0.350019,0.251194,0.305584,0.575014,0.469773,0.562675
0.282647,0.352458,0.254406,0.321427,0.570539,0.465720,0.580919
0.285318,0.352478,0.254187,0.321710,0.571926,0.453348,0.578498
0.286805,0.352479,0.254239,0.324274,0.572300,0.449514,0.578929
0.288183,0.355515,0.251848,0.331945,0.566543,0.450208,0.576915
0.351914,0.326890,0.337000,0.158959,0.701720,0.445864,0.547227
0.318245,0.330860,0.269253,0.191974,0.773460,0.513851,0.554901
0.318245,0.330860,0.269253,0.191974,0.773460,0.513851,0.554901
0.326985,0.287717,0.269069,0.192419,0.580035,0.512208,0.498176
0.333906,0.301066,0.266451,0.243564,0.740107,0.498453,0.571827
0.333906,0.301066,0.266451,0.243564,0.740107,0.498453,0.571827
0.298298,0.315635,0.288285,0.316578,0.530712,0.452021,0.526753
0.293559,0.312103,0.289581,0.297992,0.532061,0.470699,0.527038
0.290464,0.309545,0.287853,0.280600,0.535405,0.478331,0.518358
0.283902,0.313142,0.282791,0.267081,0.526299,0.494191,0.514719
0.333430,0.318164,0.340011,0.263417,0.658874,0.461277,0.544220
0.350735,0.327578,0.316707,0.263216,0.722582,0.474506,0.584458
0.380861,0.347795,0.320880,0.228061,0.766086,0.501295,0.571070
0.329549,0.351291,0.278350,0.293673,0.627612,0.484511,0.548702
0.337950,0.342627,0.262970,0.281886,0.621604,0.533128,0.530973
0.284538,0.341443,0.313567,0.200743,0.581916,0.410100,0.509442
0.290783,0.340706,0.312688,0.189190,0.615129,0.427941,0.511678
0.297546,0.336352,0.310609,0.179964,0.653768,0.413747,0.507476
0.306737,0.331942,0.313283,0.170953,0.676508,0.416447,0.509253
0.277318,0.325817,0.298774,0.265730,0.551098,0.366323,0.538553
0.269818,0.309660,0.296292,0.265040,0.545778,0.341720,0.528092
0.265126,0.300602,0.290222,0.269641,0.546636,0.335395,0.519991
0.264348,0.298665,0.290043,0.275430,0.547055,0.331455,0.520408
0.294077,0.323183,0.315677,0.188741,0.687560,0.397220,0.510931
0.271749,0.315098,0.304319,0.266758,0.593617,0.347663,0.538312
0.370697,0.379081,0.330871,0.146104,0.747879,0.504674,0.536911
0.375654,0.383765,0.334214,0.138038,0.750719,0.500251,0.546237
0.377963,0.383905,0.332887,0.133057,0.752713,0.494869,0.542615
0.378352,0.386011,0.331499,0.129217,0.760310,0.497009,0.542452
0.354853,0.351660,0.311769,0.165587,0.692793,0.474899,0.538124
0.338102,0.335263,0.303469,0.171134,0.679360,0.467106,0.554202
0.332269,0.335038,0.299895,0.181643,0.672162,0.460554,0.550297
0.325542,0.335544,0.293643,0.191747,0.667842,0.457712,0.546880
0.294725,0.273863,0.352163,0.224250,0.709945,0.486694,0.555584
0.254173,0.274606,0.266670,0.163156,0.630571,0.394175,0.572608
0.490852,0.568883,0.478526,0.137996,0.854904,0.672660,0.573268
0.386319,0.432887,0.344411,0.152195,0.779022,0.578442,0.529987
0.253372,0.291009,0.280405,0.221859,0.681227,0.441909,0.586693
0.297508,0.306315,0.272935,0.189676,0.685761,0.461299,0.571865
0.259051,0.284120,0.276696,0.218135,0.643662,0.423601,0.556916
0.354907,0.394411,0.278452,0.158621,0.739508,0.604683,0.524832
0.310378,0.361858,0.272311,0.176988,0.698579,0.525925,0.553598
0.344950,0.335490,0.267892,0.159599,0.747949,0.544827,0.507767
0.290466,0.333861,0.302856,0.174948,0.716914,0.523768,0.549500
0.256643,0.290808,0.278149,0.225789,0.646837,0.418260,0.557362
0.423160,0.521397,0.400652,0.160223,0.739150,0.598190,0.568196
0.453867,0.483998,0.340280,0.145466,0.807982,0.602355,0.542654
0.329655,0.325457,0.282916,0.180931,0.699745,0.465597,0.497964
0.321719,0.340851,0.283250,0.185580,0.704083,0.443213,0.491480
0.415716,0.517645,0.375830,0.164670,0.775120,0.569330,0.570637
0.350010,0.341546,0.300722,0.185382,0.712133,0.504866,0.538712
0.350010,0.341546,0.300722,0.185382,0.712133,0.504866,0.538712
0.355393,0.335962,0.279442,0.152080,0.767058,0.503770,0.544810
0.358587,0.299919,0.318980,0.155354,0.728033,0.539052,0.448379
0.298321,0.327339,0.253060,0.223010,0.711789,0.437865,0.565080
0.294818,0.329441,0.253110,0.220170,0.685614,0.449943,0.548952
0.294818,0.329441,0.253110,0.220170,0.685614,0.449943,0.548952
0.319885,0.317290,0.260845,0.223831,0.754997,0.442934,0.571912
0.319885,0.317290,0.260845,0.223831,0.754997,0.442934,0.571912
0.468727,0.462910,0.404681,0.148815,0.818443,0.649318,0.627973
0.530576,0.489625,0.425313,0.136098,0.862848,0.648571,0.643396
0.350825,0.333208,0.358540,0.171006,0.773881,0.534116,0.604441
0.413750,0.403183,0.388756,0.159580,0.804149,0.609236,0.616769
0.472626,0.429065,0.408854,0.144521,0.848747,0.602667,0.630313
0.335649,0.311264,0.342949,0.183096,0.758419,0.494739,0.598377
0.513787,0.507597,0.436973,0.117932,0.834830,0.660999,0.600654
0.550985,0.520236,0.469441,0.107684,0.874588,0.683559,0.610220
0.412187,0.400721,0.395047,0.142287,0.830187,0.582217,0.600037
0.420871,0.394126,0.383572,0.131862,0.856811,0.574979,0.598016
0.446531,0.375875,0.385923,0.155452,0.842850,0.596865,0.596497
0.400458,0.361161,0.371460,0.171406,0.798614,0.603427,0.578444
0.350308,0.314769,0.347233,0.203733,0.769910,0.528855,0.579676
0.381888,0.328463,0.360383,0.187764,0.773206,0.576168,0.597331
0.411261,0.341139,0.375124,0.165446,0.816850,0.568758,0.599047
0.544222,0.531561,0.459022,0.083894,0.864991,0.719310,0.547207
0.508115,0.499856,0.446548,0.080829,0.877232,0.701473,0.576351
0.504457,0.481050,0.410597,0.104298,0.851054,0.698410,0.575969
0.445876,0.390115,0.364873,0.113061,0.838463,0.649560,0.574407
0.341761,0.303218,0.346432,0.214240,0.748145,0.507238,0.583192
0.456672,0.465103,0.383961,0.110913,0.822904,0.682400,0.566116
0.362614,0.335876,0.346192,0.138001,0.792797,0.599458,0.559806
0.397697,0.377645,0.343533,0.120041,0.810055,0.637550,0.566341
0.350759,0.322100,0.332235,0.147271,0.754752,0.568824,0.555147
0.402937,0.384442,0.364478,0.118120,0.820864,0.636835,0.545789
0.400294,0.376147,0.355558,0.109627,0.848970,0.630800,0.547563
0.416045,0.400897,0.339940,0.162491,0.848925,0.595197,0.612025
0.378282,0.348456,0.310594,0.173755,0.826160,0.568609,0.606887
0.358068,0.330819,0.333160,0.166153,0.826824,0.595023,0.625760
0.349549,0.323426,0.331831,0.181900,0.815320,0.573567,0.618828
0.365247,0.357899,0.335594,0.129308,0.845283,0.599230,0.613042
0.364334,0.359268,0.335484,0.128344,0.838550,0.591584,0.610595
0.393582,0.359923,0.379731,0.182539,0.772052,0.556388,0.587999
0.333051,0.321608,0.356274,0.216845,0.763040,0.475168,0.577797
0.372769,0.330940,0.369044,0.208257,0.738381,0.528201,0.596734
0.410768,0.341628,0.391560,0.189757,0.777565,0.513416,0.594265
0.401220,0.373868,0.307577,0.124335,0.855592,0.610267,0.587408
0.377469,0.333624,0.300982,0.134470,0.833481,0.589708,0.584344
0.349334,0.320531,0.324706,0.136904,0.818279,0.617419,0.593612
0.344184,0.314930,0.323060,0.145133,0.808915,0.599519,0.588445
0.509712,0.518215,0.419382,0.090911,0.823331,0.702414,0.551161
0.481247,0.500549,0.410664,0.088738,0.842373,0.680023,0.575833
0.365875,0.353899,0.327368,0.110454,0.837669,0.625501,0.564970
0.353899,0.346932,0.327899,0.108162,0.832801,0.618626,0.572882
0.350543,0.349450,0.328647,0.108307,0.826521,0.614952,0.573963
0.360095,0.330116,0.339192,0.201802,0.812430,0.556158,0.598135
0.357698,0.328363,0.334268,0.206199,0.791165,0.547833,0.594500
0.368579,0.335042,0.346354,0.188906,0.814897,0.552815,0.596060
0.365145,0.334087,0.342553,0.195777,0.802505,0.543702,0.593659
0.430669,0.428162,0.349692,0.105264,0.854553,0.627849,0.561778
0.421192,0.426384,0.345869,0.103220,0.852837,0.620836,0.563364
0.421095,0.428307,0.345832,0.103227,0.851014,0.618201,0.565199
0.507931,0.482090,0.445705,0.081827,0.877441,0.693838,0.581528
0.330171,0.309831,0.353191,0.229805,0.747662,0.467294,0.586436
0.369667,0.334330,0.348084,0.168800,0.780137,0.552323,0.613626
0.415952,0.349438,0.368244,0.150179,0.828354,0.544984,0.623776
0.354283,0.319267,0.307533,0.185372,0.816458,0.550971,0.600475
0.324473,0.299459,0.338784,0.194727,0.746989,0.469013,0.594254
0.345232,0.322111,0.325786,0.188040,0.810939,0.554714,0.615533
0.531691,0.494319,0.453744,0.098236,0.892235,0.658271,0.630162
0.423850,0.399415,0.378209,0.124760,0.862985,0.554442,0.598094
0.343102,0.314424,0.365994,0.185742,0.767389,0.483348,0.614915
0.366922,0.339924,0.330682,0.127852,0.791663,0.581203,0.569643
0.402077,0.344760,0.354479,0.120677,0.824691,0.593028,0.573011
0.358791,0.316910,0.300416,0.145140,0.826787,0.566335,0.579686
0.343511,0.308968,0.326850,0.154978,0.737134,0.524428,0.553753
0.340440,0.313014,0.317989,0.152924,0.802126,0.577212,0.584415
0.359614,0.320148,0.318667,0.141115,0.743938,0.557061,0.559628
0.386761,0.320446,0.334974,0.134329,0.775012,0.567376,0.564176
0.351443,0.313144,0.291381,0.163682,0.805515,0.543837,0.570210
0.336025,0.308032,0.319746,0.171084,0.721110,0.506481,0.546773
0.335282,0.310205,0.309995,0.165911,0.789535,0.564896,0.580158
0.362042,0.360475,0.336864,0.129518,0.830876,0.598591,0.612125
0.447615,0.373731,0.404171,0.172598,0.812819,0.545092,0.598588
0.389025,0.335886,0.315905,0.181845,0.831532,0.563309,0.580523
0.377472,0.326143,0.320858,0.200137,0.817869,0.554319,0.579220
0.359284,0.331277,0.357998,0.169291,0.808290,0.578568,0.611579
0.352361,0.316182,0.351218,0.177396,0.781477,0.547353,0.616869
0.481655,0.483249,0.411224,0.090395,0.851618,0.674540,0.583523
0.401084,0.379722,0.351492,0.101554,0.861925,0.614172,0.558277
0.437235,0.437713,0.363002,0.131490,0.857845,0.600288,0.605973
0.431950,0.438621,0.355703,0.130499,0.853953,0.612422,0.602390
0.498477,0.480543,0.425756,0.108105,0.852941,0.637621,0.620494
0.357969,0.311199,0.340290,0.174426,0.741429,0.547973,0.609325
0.394483,0.330121,0.354121,0.159077,0.793416,0.543455,0.618801
0.347690,0.315560,0.301508,0.194131,0.808476,0.543503,0.596967
0.322275,0.299592,0.331799,0.207295,0.741978,0.479208,0.587310
0.341925,0.319614,0.321553,0.198939,0.799286,0.548262,0.612692
0.354310,0.308928,0.330316,0.182449,0.700062,0.541097,0.605405
0.388732,0.317671,0.343286,0.167195,0.744552,0.537487,0.615546
0.340092,0.317381,0.291194,0.201402,0.798699,0.540621,0.598469
0.322047,0.299980,0.327364,0.212568,0.731227,0.478247,0.583704
0.342202,0.319406,0.315500,0.203509,0.786124,0.548111,0.611395
0.488289,0.452099,0.423915,0.135041,0.873205,0.661129,0.638251
0.349567,0.322605,0.344350,0.170498,0.817662,0.621620,0.622019
0.431056,0.385597,0.381173,0.138617,0.854969,0.627971,0.632670
0.348669,0.321189,0.336907,0.179270,0.811856,0.599519,0.619858
0.360596,0.324692,0.327744,0.133463,0.762360,0.565561,0.567595
0.388927,0.333831,0.345945,0.127635,0.801475,0.576573,0.570802
0.355438,0.314256,0.296624,0.154696,0.818325,0.554159,0.571679
0.340195,0.308458,0.322618,0.165492,0.730386,0.510422,0.548038
0.337259,0.311817,0.316003,0.160103,0.792294,0.566045,0.581807
0.287016,0.286891,0.309183,0.196607,0.613749,0.507539,0.511331
0.287016,0.286891,0.309183,0.196607,0.613749,0.507539,0.511331
0.287016,0.286891,0.309183,0.196607,0.613749,0.507539,0.511331
0.293303,0.293865,0.319917,0.204122,0.617601,0.435557,0.500480
0.293303,0.293865,0.319917,0.204122,0.617601,0.435557,0.500480
0.293303,0.293865,0.319917,0.204122,0.617601,0.435557,0.500480
0.277574,0.262903,0.297896,0.198393,0.574544,0.463525,0.483348
0.277574,0.262903,0.297896,0.198393,0.574544,0.463525,0.483348
0.277574,0.262903,0.297896,0.198393,0.574544,0.463525,0.483348
0.280576,0.267424,0.309135,0.203528,0.597194,0.454096,0.502264
0.280576,0.267424,0.309135,0.203528,0.597194,0.454096,0.502264
0.280576,0.267424,0.309135,0.203528,0.597194,0.454096,0.502264
0.277108,0.263344,0.304730,0.236122,0.521127,0.445113,0.487040
0.277108,0.263344,0.304730,0.236122,0.521127,0.445113,0.487040
0.277108,0.263344,0.304730,0.236122,0.521127,0.445113,0.487040
0.254024,0.257919,0.299597,0.255470,0.524614,0.460116,0.492012
0.254024,0.257919,0.299597,0.255470,0.524614,0.460116,0.492012
0.254024,0.257919,0.299597,0.255470,0.524614,0.460116,0.492012
0.262593,0.253587,0.299441,0.230976,0.549067,0.429385,0.493595
0.262593,0.253587,0.299441,0.230976,0.549067,0.429385,0.493595
0.262593,0.253587,0.299441,0.230976,0.549067,0.429385,0.493595
0.278209,0.260878,0.299100,0.206253,0.512785,0.442125,0.479540
0.278209,0.260878,0.299100,0.206253,0.512785,0.442125,0.479540
0.278209,0.260878,0.299100,0.206253,0.512785,0.442125,0.479540
0.271336,0.259239,0.295134,0.250617,0.498704,0.426902,0.486853
0.271336,0.259239,0.295134,0.250617,0.498704,0.426902,0.486853
0.271336,0.259239,0.295134,0.250617,0.498704,0.426902,0.486853
0.296664,0.265666,0.301444,0.188554,0.579369,0.475203,0.491902
0.296664,0.265666,0.301444,0.188554,0.579369,0.475203,0.491902
0.296664,0.265666,0.301444,0.188554,0.579369,0.475203,0.491902
0.286493,0.269790,0.305806,0.216537,0.564551,0.473763,0.506122
0.286493,0.269790,0.305806,0.216537,0.564551,0.473763,0.506122
0.286493,0.269790,0.305806,0.216537,0.564551,0.473763,0.506122
0.333698,0.341681,0.353212,0.238814,0.512334,0.469147,0.487213
0.333698,0.341681,0.353212,0.238814,0.512334,0.469147,0.487213
0.346972,0.326558,0.300786,0.216237,0.761913,0.601689,0.533057
0.346972,0.326558,0.300786,0.216237,0.761913,0.601689,0.533057
0.346972,0.326558,0.300786,0.216237,0.761913,0.601689,0.533057
0.346972,0.326558,0.300786,0.216237,0.761913,0.601689,0.533057
0.249854,0.250797,0.338738,0.178391,0.524887,0.430783,0.478170
0.243638,0.238606,0.333758,0.174182,0.558154,0.440726,0.484153
0.259060,0.242727,0.332220,0.165701,0.597370,0.441897,0.494360
0.309318,0.286092,0.340096,0.187715,0.571175,0.442114,0.491550
0.298622,0.276829,0.330920,0.181565,0.599390,0.459145,0.502072
0.305311,0.279975,0.326910,0.172485,0.630873,0.468787,0.505529
0.283310,0.247221,0.338379,0.162488,0.665927,0.427184,0.476050
0.377512,0.378706,0.371706,0.192601,0.614563,0.424609,0.567174
0.381479,0.385081,0.373144,0.207408,0.630205,0.430042,0.563395
0.388110,0.388897,0.372627,0.197292,0.672539,0.433631,0.571106
0.405302,0.386624,0.367267,0.183858,0.689717,0.458624,0.572823
0.367685,0.344835,0.353394,0.208865,0.639089,0.427317,0.588203
0.357519,0.329278,0.350054,0.223657,0.612449,0.417305,0.588354
0.436648,0.492680,0.385830,0.162724,0.658212,0.434650,0.585184
0.467841,0.479069,0.401036,0.166187,0.728179,0.445894,0.606347
0.482739,0.476369,0.398156,0.149824,0.725802,0.485126,0.610229
0.483051,0.478202,0.389451,0.146855,0.740278,0.530520,0.614056
0.537179,0.526240,0.488088,0.135129,0.852075,0.577111,0.650177
0.537653,0.528514,0.481209,0.134727,0.863198,0.605058,0.653573
0.257251,0.279236,0.313375,0.286200,0.581894,0.459776,0.533328
0.254641,0.277602,0.312412,0.292164,0.582148,0.434805,0.531831
0.255361,0.278722,0.311761,0.294445,0.580980,0.421385,0.532634
0.255677,0.280495,0.311390,0.306024,0.580898,0.410062,0.535158
0.261053,0.276433,0.293194,0.296341,0.560844,0.433983,0.521467
0.258522,0.275014,0.293270,0.306967,0.565971,0.422372,0.536076
0.256649,0.274706,0.293964,0.320353,0.566516,0.405312,0.536825
0.257660,0.274379,0.295305,0.325219,0.567409,0.391727,0.537484
0.257774,0.275479,0.294126,0.328830,0.570804,0.386789,0.537682
0.257171,0.276041,0.294689,0.336632,0.572037,0.384493,0.538498
0.236435,0.261788,0.278894,0.280578,0.527205,0.420963,0.520939
0.236538,0.256808,0.276828,0.461425,0.441118,0.327789,0.520868
0.244175,0.267092,0.272226,0.383598,0.434282,0.388907,0.508595
0.242975,0.265418,0.272134,0.391821,0.436138,0.374291,0.529320
0.240822,0.263904,0.271964,0.407713,0.435523,0.362299,0.529540
0.239033,0.264947,0.269071,0.408531,0.444818,0.361521,0.526535
0.241922,0.268043,0.276858,0.296490,0.467658,0.421315,0.541348
0.240593,0.267681,0.277205,0.303922,0.468077,0.410679,0.539039
0.235681,0.269773,0.295032,0.268469,0.564797,0.452667,0.542610
0.283434,0.279585,0.290161,0.232298,0.643559,0.482632,0.574867
0.240150,0.263786,0.289051,0.271075,0.557885,0.442649,0.559173
0.237359,0.263372,0.288419,0.287343,0.559086,0.410473,0.566930
0.238101,0.263079,0.288869,0.293462,0.554578,0.400862,0.568479
0.280071,0.292685,0.298037,0.240504,0.574663,0.460228,0.557994
0.269213,0.274384,0.296682,0.254238,0.582663,0.458218,0.567282
0.269576,0.272088,0.293054,0.268501,0.571070,0.439480,0.570875
0.267873,0.272314,0.291674,0.274790,0.565940,0.417677,0.570927
0.267505,0.273053,0.291487,0.284355,0.564030,0.406725,0.569700
0.266172,0.290956,0.304336,0.225006,0.585646,0.438980,0.551303
0.274845,0.292434,0.304714,0.221203,0.624020,0.472843,0.570231
0.282346,0.295961,0.303653,0.216349,0.651474,0.487385,0.583674
0.297845,0.300298,0.306695,0.210599,0.655908,0.488342,0.584501
0.438102,0.429144,0.397232,0.171411,0.799852,0.771586,0.548464
0.410383,0.343693,0.314562,0.153517,0.819268,0.568048,0.599513
0.331941,0.313056,0.252276,0.186819,0.705223,0.554707,0.524757
0.332357,0.312382,0.252580,0.185125,0.706915,0.553821,0.525492
0.333538,0.314159,0.253829,0.182210,0.718539,0.558098,0.529864
0.335738,0.317029,0.254072,0.178468,0.719589,0.551899,0.532112
0.335243,0.317195,0.254571,0.171838,0.720092,0.550251,0.533163
0.336465,0.318464,0.255190,0.166847,0.730104,0.544351,0.536671
0.336395,0.317935,0.257434,0.215101,0.717697,0.536602,0.546241
0.336111,0.320008,0.258959,0.210918,0.730676,0.538236,0.547364
0.326796,0.307433,0.263321,0.181719,0.750992,0.588121,0.540218
0.324567,0.309339,0.263682,0.172805,0.773552,0.593366,0.546416
0.326110,0.309036,0.264903,0.173719,0.774646,0.592602,0.548689
0.348707,0.324070,0.260065,0.194711,0.717883,0.575918,0.521795
0.335812,0.309709,0.260610,0.174361,0.726075,0.576788,0.543941
0.337841,0.310759,0.261872,0.166583,0.725276,0.574435,0.547377
0.305551,0.305532,0.297197,0.174448,0.668693,0.485013,0.564758
0.303635,0.306521,0.298083,0.187513,0.672380,0.481115,0.577258
0.299140,0.308892,0.293719,0.195530,0.668207,0.477445,0.578372
0.376510,0.343416,0.313825,0.150633,0.815650,0.559265,0.560544
0.377778,0.356558,0.311945,0.148652,0.802415,0.571447,0.557263
0.356851,0.332291,0.309320,0.173267,0.771208,0.574215,0.490628
0.403532,0.361513,0.346034,0.142499,0.831110,0.597931,0.618075
0.403532,0.361513,0.346034,0.142499,0.831110,0.597931,0.618075
0.406944,0.388753,0.351277,0.142689,0.811346,0.591606,0.540287
0.406944,0.388753,0.351277,0.142689,0.811346,0.591606,0.540287
0.404422,0.364558,0.335556,0.161474,0.824306,0.567500,0.568839
0.404422,0.364558,0.335556,0.161474,0.824306,0.567500,0.568839
0.418063,0.380441,0.324410,0.154103,0.804973,0.577597,0.541126
0.418063,0.380441,0.324410,0.154103,0.804973,0.577597,0.541126
0.408700,0.361448,0.314120,0.166480,0.801923,0.554281,0.525353
0.408700,0.361448,0.314120,0.166480,0.801923,0.554281,0.525353
0.410155,0.386484,0.345249,0.141166,0.815584,0.607860,0.544036
0.410155,0.386484,0.345249,0.141166,0.815584,0.607860,0.544036
0.403336,0.378364,0.330908,0.141204,0.809394,0.599715,0.518512
0.403336,0.378364,0.330908,0.141204,0.809394,0.599715,0.518512
0.350173,0.340465,0.282233,0.167920,0.770295,0.476794,0.542928
0.351615,0.303365,0.317582,0.221370,0.750836,0.428579,0.599677
0.356123,0.337803,0.302318,0.164767,0.775360,0.556670,0.573320
0.356376,0.339374,0.303141,0.153780,0.789566,0.537209,0.577897
0.320013,0.318149,0.297792,0.181993,0.694140,0.460488,0.601923
0.315272,0.317663,0.295280,0.188980,0.692848,0.449172,0.602265
0.310218,0.318655,0.289866,0.192302,0.690477,0.455665,0.601311
0.330905,0.332426,0.269902,0.217362,0.632735,0.452439,0.564265
0.326247,0.332123,0.266711,0.230201,0.627757,0.451725,0.562437
0.324869,0.331931,0.265665,0.233294,0.624340,0.450866,0.561323
0.360856,0.290483,0.302699,0.165553,0.772351,0.529541,0.531940
0.361632,0.359496,0.273565,0.200196,0.790705,0.491013,0.597603
0.395801,0.366236,0.285542,0.204154,0.853930,0.561455,0.584789
0.398757,0.360153,0.288065,0.215382,0.842496,0.560716,0.577837
0.393682,0.356932,0.276939,0.210086,0.827285,0.492216,0.567977
0.349070,0.341297,0.272868,0.229062,0.822361,0.522653,0.593306
0.320773,0.289365,0.323788,0.229189,0.751756,0.466197,0.602150
0.275023,0.281347,0.335674,0.251107,0.717706,0.410914,0.595948
0.407561,0.345525,0.328413,0.134353,0.807700,0.607766,0.516480
0.407561,0.345525,0.328413,0.134353,0.807700,0.607766,0.516480
0.318195,0.364644,0.280927,0.211970,0.738009,0.510463,0.559793
0.318195,0.364644,0.280927,0.211970,0.738009,0.510463,0.559793
0.360785,0.343516,0.279227,0.177206,0.770809,0.583034,0.552981
0.360785,0.343516,0.279227,0.177206,0.770809,0.583034,0.552981
0.360785,0.343516,0.279227,0.177206,0.770809,0.583034,0.552981
0.360785,0.343516,0.279227,0.177206,0.770809,0.583034,0.552981
0.264323,0.303905,0.304296,0.179891,0.732979,0.481565,0.579893
0.264323,0.303905,0.304296,0.179891,0.732979,0.481565,0.579893
0.286989,0.307131,0.304404,0.171132,0.744942,0.475367,0.585590
0.286989,0.307131,0.304404,0.171132,0.744942,0.475367,0.585590
0.294563,0.314744,0.300405,0.169084,0.747872,0.500131,0.600787
0.294563,0.314744,0.300405,0.169084,0.747872,0.500131,0.600787
0.295911,0.314057,0.296820,0.155677,0.750965,0.540784,0.610459
0.295911,0.314057,0.296820,0.155677,0.750965,0.540784,0.610459
0.296719,0.316783,0.297841,0.152704,0.772096,0.560282,0.623867
0.296719,0.316783,0.297841,0.152704,0.772096,0.560282,0.623867
0.301044,0.317466,0.297028,0.149038,0.785124,0.562023,0.625572
0.301044,0.317466,0.297028,0.149038,0.785124,0.562023,0.625572
0.303485,0.322046,0.297671,0.146204,0.790557,0.559124,0.625416
0.303485,0.322046,0.297671,0.146204,0.790557,0.559124,0.625416
0.310183,0.322440,0.294130,0.143000,0.795337,0.565962,0.627096
0.310183,0.322440,0.294130,0.143000,0.795337,0.565962,0.627096
0.314728,0.324210,0.294594,0.138891,0.797232,0.566116,0.627082
0.314728,0.324210,0.294594,0.138891,0.797232,0.566116,0.627082
0.386331,0.417869,0.366298,0.126519,0.756166,0.633594,0.550972
0.386331,0.417869,0.366298,0.126519,0.756166,0.633594,0.550972
0.367361,0.382579,0.337851,0.148524,0.749017,0.517252,0.535129
0.367361,0.382579,0.337851,0.148524,0.749017,0.517252,0.535129
0.287552,0.319643,0.298164,0.159434,0.734477,0.580146,0.571188
0.287552,0.319643,0.298164,0.159434,0.734477,0.580146,0.571188
0.249087,0.285611,0.291172,0.162985,0.719693,0.562044,0.581862
0.249087,0.285611,0.291172,0.162985,0.719693,0.562044,0.581862
0.269027,0.286836,0.288415,0.152878,0.736484,0.545033,0.586592
0.269027,0.286836,0.288415,0.152878,0.736484,0.545033,0.586592
0.276609,0.290845,0.281543,0.141817,0.742973,0.610025,0.610313
0.276609,0.290845,0.281543,0.141817,0.742973,0.610025,0.610313
0.276671,0.292721,0.282262,0.137463,0.763029,0.626407,0.625404
0.276671,0.292721,0.282262,0.137463,0.763029,0.626407,0.625404
0.282276,0.298286,0.282922,0.131492,0.781939,0.635435,0.625974
0.282276,0.298286,0.282922,0.131492,0.781939,0.635435,0.625974
0.292443,0.300283,0.279478,0.125636,0.786543,0.633359,0.627704
0.292443,0.300283,0.279478,0.125636,0.786543,0.633359,0.627704
0.375125,0.389810,0.340134,0.151653,0.747998,0.529309,0.535298
0.375125,0.389810,0.340134,0.151653,0.747998,0.529309,0.535298
0.386525,0.391954,0.343252,0.152100,0.758714,0.516747,0.551071
0.386525,0.391954,0.343252,0.152100,0.758714,0.516747,0.551071
0.358938,0.365479,0.334703,0.149178,0.743356,0.601427,0.542351
0.358938,0.365479,0.334703,0.149178,0.743356,0.601427,0.542351
0.351243,0.364988,0.330708,0.139218,0.784114,0.514331,0.554332
0.351243,0.364988,0.330708,0.139218,0.784114,0.514331,0.554332
0.338787,0.339059,0.322850,0.167401,0.751762,0.520088,0.539592
0.338787,0.339059,0.322850,0.167401,0.751762,0.520088,0.539592
0.264607,0.295509,0.312237,0.183061,0.709018,0.529555,0.545009
0.264607,0.295509,0.312237,0.183061,0.709018,0.529555,0.545009
0.309073,0.339607,0.318808,0.163095,0.768022,0.551565,0.557225
0.309073,0.339607,0.318808,0.163095,0.768022,0.551565,0.557225
0.307366,0.323665,0.317476,0.167183,0.739151,0.539247,0.554882
0.307366,0.323665,0.317476,0.167183,0.739151,0.539247,0.554882
0.313163,0.348679,0.315266,0.196526,0.743350,0.469777,0.609950
0.242630,0.277294,0.290798,0.242618,0.630485,0.420101,0.533235
0.276812,0.339897,0.343952,0.209300,0.423163,0.327015,0.516498
0.255531,0.270447,0.293436,0.195503,0.435893,0.339582,0.511663
0.365717,0.310529,0.302549,0.172798,0.765394,0.566774,0.584465
0.553476,0.621633,0.517628,0.141574,0.622299,0.500977,0.484858
0.227207,0.289856,0.230621,0.447754,0.390932,0.226571,0.510067
0.285354,0.327377,0.296931,0.181336,0.644977,0.334631,0.501121
0.260932,0.279425,0.272506,0.277601,0.569754,0.399804,0.544030
0.353805,0.338888,0.310707,0.208353,0.619619,0.468339,0.492225
0.300096,0.303662,0.290408,0.206700,0.627497,0.409726,0.525244
0.314687,0.300575,0.287764,0.193909,0.636709,0.433511,0.532956
0.338275,0.302478,0.272736,0.205236,0.698793,0.431253,0.570160
0.340563,0.303589,0.272704,0.202165,0.742029,0.434470,0.571570
0.337037,0.301430,0.271256,0.214545,0.674910,0.428822,0.570710
0.322992,0.298067,0.273240,0.252473,0.655195,0.409770,0.566112
0.365768,0.327719,0.314693,0.214148,0.642500,0.527961,0.470400
0.353805,0.338888,0.310707,0.208353,0.619619,0.468339,0.492225
0.348620,0.351104,0.319248,0.208078,0.592956,0.439982,0.497349
0.352422,0.352963,0.323920,0.217394,0.574535,0.450098,0.489431
0.328176,0.327280,0.294990,0.234850,0.514965,0.411365,0.487990
0.381615,0.330606,0.320349,0.215026,0.654549,0.528088,0.484628
0.388281,0.325374,0.325402,0.201218,0.686477,0.538632,0.511666
0.379883,0.335065,0.310497,0.183991,0.672249,0.499166,0.513541
0.355730,0.337662,0.305625,0.188056,0.660201,0.491752,0.504963
0.240457,0.312471,0.267226,0.444519,0.405501,0.207802,0.465064
0.251545,0.327551,0.292176,0.365396,0.423752,0.213312,0.504175
0.253279,0.326937,0.297942,0.315757,0.437310,0.237490,0.524199
0.253781,0.325312,0.301457,0.261938,0.486562,0.267876,0.536116
0.253386,0.320222,0.296929,0.216348,0.555190,0.290951,0.538005
0.254565,0.317806,0.272634,0.396681,0.414360,0.216699,0.468870
0.255942,0.324738,0.295111,0.314569,0.443219,0.243525,0.506247
0.257184,0.322219,0.297784,0.265731,0.492814,0.268969,0.526142
0.256453,0.316261,0.293039,0.220782,0.560946,0.299614,0.528663
0.256488,0.312185,0.290875,0.198147,0.605368,0.312333,0.543281
0.250385,0.318935,0.284772,0.362477,0.421294,0.210426,0.470937
0.254163,0.322224,0.296833,0.265513,0.490731,0.269787,0.518470
0.254316,0.315711,0.291322,0.219876,0.558691,0.299064,0.528298
0.254440,0.311643,0.289308,0.196766,0.602526,0.311301,0.542921
0.257036,0.309160,0.292865,0.189470,0.629607,0.312668,0.546035
0.252285,0.318330,0.291047,0.309941,0.435398,0.239072,0.484292
0.253579,0.316211,0.292184,0.220405,0.558818,0.302438,0.520975
0.254440,0.311643,0.289308,0.196766,0.602526,0.311301,0.542921
0.257036,0.309160,0.292865,0.189470,0.629607,0.312668,0.546035
0.261224,0.307818,0.295579,0.184242,0.659370,0.306423,0.553164
0.254088,0.316298,0.294070,0.264319,0.486998,0.267799,0.493792
0.254160,0.311961,0.290149,0.195299,0.602722,0.317001,0.536055
0.257036,0.309160,0.292865,0.189470,0.629607,0.312668,0.546035
0.257036,0.309160,0.292865,0.189470,0.629607,0.312668,0.546035
0.261224,0.307818,0.295579,0.184242,0.659370,0.306423,0.553164
0.269529,0.307654,0.297844,0.177871,0.680975,0.314962,0.551234
0.262500,0.355601,0.319608,0.287634,0.522937,0.255879,0.549617
0.278205,0.302551,0.315965,0.230928,0.591330,0.284811,0.554106
0.270874,0.305416,0.321241,0.203094,0.625682,0.358768,0.566147
0.256619,0.294701,0.305103,0.395393,0.493783,0.232892,0.545820
0.254597,0.296300,0.311115,0.366073,0.516189,0.279865,0.555526
0.279336,0.307843,0.314731,0.221331,0.597644,0.291356,0.558058
0.275677,0.317517,0.320360,0.211410,0.625977,0.370671,0.561676
0.265089,0.304365,0.311495,0.348875,0.487750,0.238547,0.537258
0.264171,0.305863,0.318092,0.314800,0.515296,0.278677,0.562681
0.254611,0.295243,0.283173,0.185740,0.635412,0.364943,0.573582
0.332993,0.321282,0.290802,0.220237,0.747506,0.550508,0.605244
0.450398,0.429963,0.343678,0.144888,0.833022,0.580473,0.526011
0.448210,0.431126,0.343205,0.143703,0.831038,0.581693,0.525770
0.448246,0.434273,0.340306,0.141944,0.830094,0.578429,0.525139
0.448066,0.435068,0.339203,0.141885,0.829496,0.581844,0.523761
0.448538,0.435924,0.339606,0.141288,0.829809,0.584466,0.523820
0.449290,0.436140,0.341154,0.142160,0.828134,0.583672,0.521189
0.449014,0.437012,0.340876,0.140427,0.830536,0.586366,0.518585
0.448558,0.436672,0.340443,0.139419,0.831730,0.586955,0.518222
0.448923,0.436521,0.340070,0.138310,0.831249,0.588933,0.520095
0.446142,0.436037,0.337717,0.137217,0.831300,0.591832,0.516723
0.401032,0.353056,0.306573,0.185509,0.809455,0.566671,0.569795
0.394128,0.350138,0.298097,0.196704,0.796475,0.542048,0.566653
0.393559,0.347498,0.301385,0.194035,0.803609,0.546436,0.566524
0.393605,0.346164,0.296718,0.205893,0.790313,0.531108,0.568634
0.405713,0.370275,0.313486,0.185629,0.802571,0.632091,0.549058
0.406785,0.372332,0.313505,0.180676,0.801797,0.632383,0.549527
0.408836,0.372077,0.314096,0.179631,0.803207,0.634767,0.549042
0.399796,0.355591,0.313222,0.189366,0.808851,0.607927,0.537162
0.402035,0.357455,0.313376,0.194401,0.799191,0.593424,0.518217
0.403355,0.355206,0.314072,0.192721,0.797720,0.602588,0.529388
0.526174,0.493810,0.444899,0.121509,0.859812,0.636148,0.568235
0.524747,0.498014,0.443943,0.120943,0.861739,0.627757,0.570704
0.521964,0.484328,0.439325,0.120891,0.861805,0.617693,0.573572
0.517370,0.480820,0.437723,0.121703,0.861542,0.627064,0.570136
0.342733,0.303721,0.297718,0.168252,0.720927,0.406104,0.570670
0.355660,0.331578,0.284339,0.160372,0.690376,0.658491,0.596389
0.366369,0.332864,0.287505,0.149075,0.686349,0.663874,0.599579
0.343908,0.340021,0.259212,0.141250,0.790551,0.596546,0.495796
0.331554,0.336884,0.285181,0.164542,0.676611,0.531497,0.477993
0.525339,0.509731,0.358027,0.194434,0.776948,0.615409,0.522294
0.306915,0.272946,0.291948,0.193403,0.716428,0.503831,0.567699
0.285458,0.302243,0.266608,0.208616,0.639952,0.580112,0.538695
0.324958,0.348959,0.278014,0.173459,0.705238,0.541431,0.592390
0.300900,0.286746,0.286188,0.197569,0.674509,0.553092,0.575213
0.462394,0.451364,0.324025,0.145591,0.822732,0.704713,0.532821
0.250396,0.305015,0.253208,0.250600,0.545512,0.444347,0.504064
0.278858,0.311450,0.260746,0.180769,0.702145,0.496459,0.504549
0.269077,0.311139,0.272028,0.218308,0.625338,0.491889,0.516315
0.274976,0.311776,0.270184,0.212193,0.635826,0.493908,0.517413
0.281697,0.314553,0.274900,0.166543,0.710847,0.546493,0.537100
0.289838,0.310486,0.278487,0.164503,0.712390,0.550208,0.547832
0.304270,0.314712,0.277911,0.155599,0.714545,0.564141,0.549396
0.312603,0.322193,0.275608,0.150601,0.717831,0.611082,0.552236
0.322760,0.329002,0.273032,0.143526,0.742077,0.618235,0.555290
0.326793,0.329282,0.271801,0.137092,0.770521,0.604700,0.558932
0.268708,0.309549,0.274538,0.196170,0.637934,0.529584,0.511425
0.274756,0.311701,0.273793,0.193934,0.668825,0.535385,0.514384
0.285746,0.313641,0.273294,0.191347,0.679386,0.522800,0.518880
0.295021,0.314726,0.273171,0.186088,0.681360,0.526230,0.521185
0.315211,0.325485,0.269266,0.167559,0.688285,0.566154,0.527461
0.341934,0.328113,0.261545,0.158233,0.757056,0.664673,0.558231
0.342031,0.330235,0.259522,0.152262,0.779354,0.659412,0.556589
0.266791,0.305757,0.248219,0.160396,0.709732,0.568613,0.521314
0.270081,0.330291,0.258102,0.401421,0.344931,0.202611,0.501617
0.211807,0.285061,0.210357,0.546406,0.362283,0.238491,0.495610
0.253870,0.342219,0.263383,0.359281,0.450355,0.358880,0.580902
0.251145,0.327621,0.261940,0.299326,0.510017,0.413324,0.588171
0.252489,0.326070,0.265761,0.278044,0.538602,0.443488,0.598058
0.575970,0.546522,0.471398,0.117061,0.903275,0.545654,0.498911
0.345876,0.354113,0.318710,0.162424,0.762016,0.565253,0.595696
0.333792,0.361655,0.327077,0.176584,0.750454,0.557173,0.588004
0.314474,0.372538,0.338078,0.190092,0.707871,0.543611,0.571446
0.447920,0.377011,0.302922,0.181368,0.789087,0.574757,0.556622
0.425150,0.349630,0.298197,0.188698,0.797534,0.594598,0.551193
0.346284,0.341255,0.262652,0.245829,0.673017,0.515620,0.570700
0.425524,0.412008,0.323750,0.130314,0.696227,0.547939,0.545297
0.425524,0.412008,0.323750,0.130314,0.696227,0.547939,0.545297
0.425524,0.412008,0.323750,0.130314,0.696227,0.547939,0.545297
0.409255,0.379574,0.339605,0.158215,0.662400,0.542890,0.430314
0.387055,0.365836,0.321440,0.174076,0.691710,0.491619,0.431677
0.504754,0.544984,0.406508,0.149141,0.733754,0.461032,0.428418
0.441745,0.476280,0.364822,0.155697,0.737184,0.462905,0.456874
0.436230,0.463664,0.358444,0.152944,0.770451,0.482504,0.453037
0.434309,0.470340,0.374962,0.177419,0.638090,0.342116,0.458775
0.437727,0.473639,0.374342,0.167569,0.684347,0.426401,0.452098
0.428011,0.449617,0.369139,0.168097,0.693766,0.407973,0.461928
0.437486,0.460768,0.367247,0.159655,0.750575,0.458443,0.461988
0.443572,0.461459,0.355448,0.138795,0.795410,0.487956,0.455700
0.560478,0.640067,0.497948,0.132681,0.607519,0.555382,0.485664
0.504934,0.549235,0.420402,0.161256,0.618163,0.637100,0.519929
0.517954,0.570867,0.420767,0.154597,0.677112,0.694283,0.525815
0.529802,0.576152,0.422469,0.143606,0.697629,0.676832,0.513147
0.521063,0.576254,0.419355,0.143595,0.727995,0.683618,0.504124
0.459469,0.511504,0.390368,0.154299,0.679504,0.653645,0.545192
0.461846,0.520069,0.389062,0.152078,0.722656,0.667858,0.536950
0.470678,0.527407,0.387556,0.140930,0.734725,0.675385,0.530615
0.458447,0.502473,0.396086,0.158931,0.723985,0.657562,0.537081
0.477916,0.512322,0.389377,0.143331,0.747485,0.678434,0.523110
0.467696,0.498259,0.386824,0.135993,0.762855,0.713284,0.521396
0.479074,0.480640,0.397274,0.129334,0.757975,0.706448,0.489328
0.478356,0.501620,0.405728,0.134781,0.775305,0.662302,0.526972
0.413087,0.453771,0.367989,0.144386,0.722462,0.659821,0.553083
0.282688,0.311538,0.319810,0.268764,0.536719,0.479888,0.463832
0.260764,0.299995,0.303775,0.298988,0.419713,0.428190,0.460098
0.259702,0.295378,0.299047,0.276680,0.459291,0.448439,0.448393
0.260204,0.295562,0.302234,0.257294,0.503384,0.462720,0.454757
0.262111,0.296431,0.303051,0.253997,0.540182,0.469747,0.468354
0.266359,0.296469,0.303047,0.247246,0.578814,0.477240,0.471323
0.266359,0.296469,0.303047,0.247246,0.578814,0.477240,0.471323
0.271861,0.300199,0.305149,0.247683,0.583515,0.485684,0.484773
0.271861,0.300199,0.305149,0.247683,0.583515,0.485684,0.484773
0.281946,0.302488,0.306457,0.246239,0.588926,0.493671,0.486997
0.281946,0.302488,0.306457,0.246239,0.588926,0.493671,0.486997
0.288743,0.307258,0.306837,0.242437,0.591068,0.496260,0.491151
0.311723,0.314238,0.302307,0.231045,0.592381,0.504026,0.493324
0.311723,0.314238,0.302307,0.231045,0.592381,0.504026,0.493324
0.261153,0.283267,0.303641,0.307527,0.465528,0.456466,0.455416
0.263701,0.300021,0.301072,0.326020,0.482549,0.444543,0.472088
0.272217,0.292857,0.297651,0.319494,0.512467,0.440518,0.478687
0.330719,0.305080,0.292537,0.222177,0.716424,0.570159,0.631655
0.349595,0.335676,0.285513,0.218486,0.783100,0.541578,0.592885
0.347387,0.337973,0.285202,0.211601,0.791336,0.539212,0.588474
0.348612,0.337980,0.285017,0.207019,0.792382,0.537766,0.588640
0.392434,0.342447,0.317863,0.205602,0.791247,0.582229,0.646469
0.266935,0.319023,0.281783,0.358987,0.391378,0.360278,0.500450
0.280562,0.324950,0.290721,0.246116,0.502547,0.430148,0.523052
0.284132,0.326728,0.299557,0.226609,0.581266,0.457038,0.550272
0.291046,0.327312,0.298397,0.214277,0.624970,0.477678,0.553789
0.318046,0.333367,0.300894,0.209134,0.645002,0.480716,0.555360
0.264965,0.328951,0.278764,0.223054,0.435035,0.476412,0.517629
0.279833,0.319219,0.280656,0.364136,0.361551,0.385732,0.485602
0.281943,0.320603,0.283834,0.250279,0.462347,0.478753,0.515602
0.284283,0.320398,0.292572,0.233241,0.542747,0.502964,0.541214
0.289408,0.320919,0.291597,0.221434,0.579684,0.522905,0.544792
0.313785,0.328026,0.294171,0.216691,0.601873,0.522604,0.544025
0.255450,0.316252,0.266270,0.382217,0.395248,0.330984,0.478344
0.280250,0.314985,0.274567,0.276377,0.478167,0.427139,0.501090
0.282271,0.315157,0.280919,0.247062,0.551737,0.453644,0.521414
0.290185,0.315026,0.279536,0.236204,0.596595,0.472536,0.522868
0.307613,0.313377,0.280883,0.233752,0.618097,0.476333,0.525202
0.263601,0.321911,0.269925,0.366514,0.379343,0.385408,0.499827
0.272864,0.316016,0.265652,0.256576,0.471230,0.476397,0.525236
0.274714,0.315992,0.271933,0.235755,0.547570,0.510060,0.547028
0.283101,0.315094,0.270117,0.226747,0.586302,0.529500,0.547395
0.298458,0.317088,0.271540,0.225047,0.606723,0.531490,0.546731
0.280349,0.332903,0.263473,0.261184,0.483017,0.429944,0.518086
0.272122,0.325423,0.267309,0.283295,0.462056,0.433715,0.496728
0.351928,0.391064,0.310847,0.120281,0.791444,0.517459,0.576026
0.352457,0.391711,0.310487,0.114314,0.795596,0.514755,0.576348
0.352955,0.391917,0.308262,0.114067,0.799153,0.509647,0.575736
0.354501,0.392631,0.307397,0.114192,0.795742,0.501167,0.575882
0.356579,0.392956,0.304484,0.113547,0.798617,0.499530,0.575097
0.353926,0.392721,0.304309,0.112765,0.802917,0.513374,0.575070
0.354654,0.393923,0.303730,0.111771,0.811692,0.522288,0.573701
0.243982,0.279635,0.254564,0.208173,0.647455,0.396974,0.533840
0.243982,0.279635,0.254564,0.208173,0.647455,0.396974,0.533840
0.245769,0.280793,0.254465,0.206403,0.650971,0.397125,0.534775
0.245769,0.280793,0.254465,0.206403,0.650971,0.397125,0.534775
0.248775,0.280928,0.253532,0.204042,0.660498,0.394128,0.534383
0.248775,0.280928,0.253532,0.204042,0.660498,0.394128,0.534383
0.255823,0.281082,0.253261,0.200723,0.662887,0.399347,0.533792
0.255823,0.281082,0.253261,0.200723,0.662887,0.399347,0.533792
0.260575,0.282096,0.253459,0.197430,0.666883,0.404460,0.536747
0.260575,0.282096,0.253459,0.197430,0.666883,0.404460,0.536747
0.266774,0.282450,0.253271,0.194313,0.671668,0.412741,0.536273
0.266774,0.282450,0.253271,0.194313,0.671668,0.412741,0.536273
0.251622,0.282646,0.245536,0.201787,0.639457,0.377611,0.534774
0.251622,0.282646,0.245536,0.201787,0.639457,0.377611,0.534774
0.258486,0.283212,0.246199,0.199529,0.643587,0.377586,0.533989
0.258486,0.283212,0.246199,0.199529,0.643587,0.377586,0.533989
0.266150,0.284621,0.245404,0.189060,0.643332,0.382357,0.531558
0.266150,0.284621,0.245404,0.189060,0.643332,0.382357,0.531558
0.267751,0.287932,0.244539,0.186358,0.646818,0.388624,0.533011
0.267751,0.287932,0.244539,0.186358,0.646818,0.388624,0.533011
0.278831,0.291123,0.244071,0.184279,0.649163,0.394516,0.531580
0.278831,0.291123,0.244071,0.184279,0.649163,0.394516,0.531580
0.251383,0.279036,0.244922,0.211863,0.629952,0.381035,0.550415
0.251383,0.279036,0.244922,0.211863,0.629952,0.381035,0.550415
0.283741,0.306711,0.248529,0.201399,0.636559,0.426421,0.534755
0.283741,0.306711,0.248529,0.201399,0.636559,0.426421,0.534755
0.535454,0.519187,0.398556,0.160430,0.752280,0.635059,0.517329
0.520596,0.521354,0.402174,0.154739,0.777050,0.586659,0.538026
0.393818,0.387292,0.355644,0.171948,0.750730,0.554556,0.546660
0.366782,0.334389,0.350825,0.191279,0.728521,0.525154,0.563742
0.359587,0.331837,0.344455,0.200830,0.721587,0.503192,0.559737
0.384837,0.336891,0.347441,0.196300,0.743141,0.460510,0.562572
0.462408,0.490442,0.406002,0.153226,0.768515,0.631617,0.550531
0.452419,0.467076,0.386492,0.145508,0.836415,0.640153,0.563869
0.448772,0.449198,0.375877,0.142217,0.855917,0.640105,0.571922
0.449884,0.452785,0.369363,0.128387,0.868488,0.632348,0.578755
0.536022,0.555493,0.454744,0.124553,0.732546,0.666516,0.486577
0.442616,0.408080,0.401842,0.132341,0.680221,0.578407,0.442580
0.438328,0.388117,0.400954,0.136806,0.704467,0.558391,0.453481
0.424724,0.390373,0.393227,0.126749,0.714648,0.580954,0.473206
0.418115,0.375180,0.386487,0.123797,0.723049,0.591519,0.480235
0.414948,0.375005,0.375881,0.119668,0.729693,0.598445,0.479542
0.471219,0.415678,0.365427,0.096193,0.774849,0.550533,0.473181
0.379491,0.352881,0.347859,0.118275,0.731872,0.528089,0.459766
0.369918,0.343162,0.340237,0.113297,0.738309,0.538294,0.465499
0.366460,0.345149,0.334380,0.112769,0.749249,0.544926,0.462730
0.363307,0.341032,0.333139,0.110241,0.764808,0.537286,0.463374
0.358801,0.339849,0.328919,0.104179,0.766277,0.537114,0.477791
0.451025,0.416322,0.370485,0.122587,0.754190,0.621390,0.482680
0.434709,0.428779,0.377135,0.133713,0.741989,0.613138,0.484419
0.393680,0.352133,0.357649,0.166258,0.670096,0.499152,0.433523
0.195905,0.247847,0.187281,0.657507,0.340386,0.193936,0.317714
0.438636,0.533523,0.352678,0.162124,0.752622,0.450227,0.556740
0.457580,0.535882,0.350468,0.155861,0.788697,0.477398,0.566343
0.459562,0.526047,0.348615,0.148249,0.821211,0.491458,0.565061
0.475004,0.444638,0.331556,0.120089,0.867301,0.611939,0.469830
0.475004,0.444638,0.331556,0.120089,0.867301,0.611939,0.469830
0.258340,0.303713,0.292760,0.257175,0.661585,0.389895,0.560028
0.258340,0.303713,0.292760,0.257175,0.661585,0.389895,0.560028
0.306665,0.322255,0.298671,0.260706,0.714894,0.498005,0.558896
0.306665,0.322255,0.298671,0.260706,0.714894,0.498005,0.558896
0.310222,0.327864,0.298713,0.238055,0.734380,0.518632,0.558964
0.310222,0.327864,0.298713,0.238055,0.734380,0.518632,0.558964
0.329122,0.331526,0.291117,0.234544,0.713700,0.547952,0.550998
0.329122,0.331526,0.291117,0.234544,0.713700,0.547952,0.550998
0.336363,0.327782,0.287995,0.258983,0.707742,0.565018,0.526402
0.336363,0.327782,0.287995,0.258983,0.707742,0.565018,0.526402
0.336363,0.327782,0.287995,0.258983,0.707742,0.565018,0.526402
0.336363,0.327782,0.287995,0.258983,0.707742,0.565018,0.526402
0.357641,0.334102,0.294931,0.224731,0.743539,0.588651,0.554970
0.357641,0.334102,0.294931,0.224731,0.743539,0.588651,0.554970
0.345185,0.327922,0.292622,0.222877,0.712479,0.565325,0.524250
0.345185,0.327922,0.292622,0.222877,0.712479,0.565325,0.524250
0.347323,0.320684,0.291893,0.215615,0.742610,0.604608,0.537556
0.347323,0.320684,0.291893,0.215615,0.742610,0.604608,0.537556
0.357827,0.327702,0.293303,0.201781,0.723163,0.596313,0.531378
0.357827,0.327702,0.293303,0.201781,0.723163,0.596313,0.531378
0.347334,0.317326,0.291132,0.213520,0.717660,0.604998,0.544940
0.347334,0.317326,0.291132,0.213520,0.717660,0.604998,0.544940
0.345082,0.326287,0.293579,0.199085,0.756424,0.605367,0.538487
0.345082,0.326287,0.293579,0.199085,0.756424,0.605367,0.538487
0.372892,0.320214,0.304044,0.226090,0.766301,0.608860,0.518729
0.372892,0.320214,0.304044,0.226090,0.766301,0.608860,0.518729
0.250179,0.314634,0.245712,0.199668,0.613845,0.464142,0.539258
0.343801,0.411484,0.333238,0.539512,0.419814,0.227324,0.385358
0.339422,0.433223,0.321489,0.539633,0.407580,0.266848,0.384950
0.348981,0.451520,0.343704,0.522375,0.478781,0.247218,0.405718
0.361184,0.472597,0.360240,0.478717,0.486417,0.254389,0.430679
0.358908,0.498444,0.367374,0.441953,0.493541,0.253838,0.451965
0.354337,0.494194,0.374725,0.392446,0.519021,0.276608,0.469537
0.354942,0.486363,0.369652,0.344993,0.562322,0.293061,0.499736
0.363755,0.474761,0.366797,0.272914,0.629023,0.360973,0.512765
0.373356,0.473648,0.365479,0.241775,0.662486,0.392677,0.527918
0.410809,0.491976,0.365066,0.400873,0.502986,0.274838,0.466455
0.403921,0.482895,0.388908,0.388125,0.493343,0.282930,0.461313
0.414742,0.487115,0.371272,0.377761,0.510408,0.273763,0.459923
0.281464,0.352656,0.271219,0.634627,0.384766,0.273225,0.362645
0.326547,0.365132,0.325344,0.520581,0.456790,0.250853,0.437763
0.531820,0.690205,0.509383,0.331336,0.441710,0.261226,0.433161
0.294932,0.369992,0.300218,0.483223,0.416884,0.238785,0.443075
0.369164,0.305685,0.308905,0.151532,0.775289,0.568068,0.559545
0.371412,0.304394,0.306418,0.150878,0.783705,0.560346,0.567614
0.372766,0.305411,0.307649,0.148791,0.785302,0.557230,0.570851
0.371844,0.306549,0.309422,0.145712,0.787131,0.553753,0.571138
0.371061,0.307405,0.309278,0.143282,0.780112,0.552555,0.570239
0.376516,0.307869,0.302299,0.161771,0.753169,0.539671,0.591829
0.373453,0.304689,0.304893,0.157603,0.761068,0.548139,0.583494
0.374362,0.305860,0.307444,0.154975,0.764773,0.555383,0.583846
0.370125,0.307331,0.302839,0.158507,0.760320,0.560296,0.566829
0.360212,0.307149,0.296775,0.186959,0.694058,0.525119,0.555936
0.361853,0.307588,0.313098,0.175092,0.777349,0.561182,0.552990
0.382990,0.326079,0.303432,0.178625,0.761005,0.563835,0.585092
0.384900,0.325133,0.305993,0.172082,0.777045,0.556291,0.579948
0.371758,0.309854,0.296690,0.168198,0.728375,0.561968,0.531173
0.375089,0.307740,0.305154,0.178170,0.714544,0.561609,0.498785
0.376613,0.314702,0.297609,0.166867,0.721677,0.566748,0.525226
0.292420,0.290573,0.288910,0.191124,0.724669,0.504103,0.579266
0.299051,0.292489,0.285872,0.182435,0.735909,0.504215,0.573152
0.302029,0.293302,0.288849,0.178361,0.725206,0.514788,0.567229
0.360051,0.344746,0.298922,0.163416,0.830204,0.554358,0.579024
0.320079,0.309995,0.275601,0.159222,0.770556,0.505316,0.566544
0.288467,0.278167,0.284376,0.183063,0.724388,0.518004,0.548191
0.303558,0.302296,0.297824,0.200861,0.693459,0.526353,0.573119
0.319311,0.302590,0.285130,0.185098,0.763099,0.549842,0.571421
0.296564,0.299232,0.281567,0.171563,0.769563,0.534755,0.559941
0.279604,0.332540,0.277580,0.240450,0.550364,0.457984,0.552295
0.282189,0.331503,0.279923,0.231567,0.599243,0.449308,0.553985
0.287375,0.335508,0.280964,0.206157,0.610955,0.460560,0.554068
0.319307,0.333853,0.273753,0.191831,0.727185,0.480580,0.599087
0.332965,0.332177,0.269456,0.168579,0.752482,0.500042,0.601545
0.307952,0.372393,0.296535,0.221452,0.684720,0.426530,0.603239
0.400903,0.365662,0.335816,0.214023,0.683323,0.555973,0.516381
0.459156,0.408648,0.313653,0.228384,0.775909,0.616637,0.584935
0.429727,0.359378,0.332651,0.181586,0.774545,0.567464,0.594123
0.442142,0.367462,0.348436,0.166665,0.763521,0.574827,0.467399
0.455251,0.377817,0.369068,0.240497,0.724511,0.524330,0.471306
0.429066,0.380913,0.344622,0.139435,0.750939,0.632004,0.530500
0.403578,0.338571,0.355042,0.185879,0.722471,0.597994,0.493637
0.403578,0.338571,0.355042,0.185879,0.722471,0.597994,0.493637
0.419837,0.349921,0.337177,0.185394,0.730852,0.645914,0.512048
0.419837,0.349921,0.337177,0.185394,0.730852,0.645914,0.512048
0.390443,0.334788,0.343839,0.172313,0.765621,0.685399,0.490126
0.439244,0.362350,0.361430,0.154514,0.763958,0.646358,0.510425
0.452049,0.391085,0.345632,0.152129,0.811752,0.629635,0.533903
0.455454,0.391477,0.349086,0.149327,0.791645,0.636291,0.551666
0.449547,0.382429,0.351525,0.169636,0.777795,0.637316,0.529348
0.439244,0.362350,0.361430,0.154514,0.763958,0.646358,0.510425
0.447611,0.381558,0.350656,0.167708,0.752327,0.636674,0.515568
0.432421,0.366721,0.372287,0.201010,0.724677,0.611503,0.472449
0.410640,0.347156,0.345869,0.165955,0.733771,0.583097,0.479225
0.420286,0.364024,0.342452,0.162973,0.772155,0.596663,0.553945
0.353949,0.326048,0.339985,0.200963,0.691911,0.564006,0.514016
0.459229,0.399395,0.383231,0.175598,0.757076,0.559714,0.497497
0.413601,0.362315,0.356886,0.196444,0.734042,0.587973,0.514057
0.446823,0.365978,0.339780,0.212528,0.732251,0.572927,0.503101
0.429312,0.365478,0.392102,0.185550,0.740126,0.612630,0.436902
0.352726,0.298083,0.305037,0.185256,0.678908,0.544433,0.488863
0.423608,0.353442,0.366528,0.194185,0.780453,0.597023,0.489625
0.341871,0.298673,0.310607,0.201682,0.667810,0.542727,0.481009
0.310512,0.295828,0.313042,0.246366,0.628966,0.476732,0.501451
0.341871,0.298673,0.310607,0.201682,0.667810,0.542727,0.481009
0.310512,0.295828,0.313042,0.246366,0.628966,0.476732,0.501451
0.458712,0.382017,0.373189,0.179417,0.742887,0.637317,0.565021
0.447782,0.374835,0.419014,0.157505,0.696704,0.603629,0.487793
0.402062,0.322423,0.320885,0.180462,0.757603,0.592925,0.474000
0.391180,0.318629,0.317611,0.211454,0.768975,0.591842,0.471145
0.350732,0.303675,0.316229,0.166437,0.772402,0.511340,0.499649
0.371119,0.310206,0.310568,0.187023,0.720675,0.519752,0.514251
0.462681,0.414410,0.366458,0.153982,0.725602,0.569000,0.489087
0.386892,0.322697,0.319450,0.169123,0.769055,0.586158,0.471910
0.449377,0.383882,0.353911,0.137679,0.768683,0.616852,0.522401
0.420946,0.351045,0.389928,0.165585,0.734815,0.620184,0.511936
0.418715,0.336977,0.385727,0.172038,0.720328,0.616611,0.538350
0.431838,0.348823,0.389781,0.155365,0.786722,0.655267,0.513290
0.428732,0.353441,0.402838,0.147624,0.749503,0.622305,0.513098
0.460346,0.377699,0.361718,0.136144,0.767457,0.625720,0.533038
0.452884,0.381989,0.353963,0.145769,0.766404,0.611201,0.566859
0.448398,0.367936,0.363356,0.153963,0.725892,0.637472,0.522800
0.423598,0.366280,0.368561,0.176465,0.706959,0.584068,0.511042
0.411663,0.352897,0.415861,0.196331,0.713650,0.587775,0.475460
0.443232,0.369937,0.367945,0.174322,0.707318,0.613070,0.503877
0.371961,0.306507,0.312762,0.171362,0.779277,0.552212,0.500801
0.360756,0.302285,0.326906,0.171843,0.782604,0.571530,0.502280
0.452386,0.365468,0.371271,0.163050,0.715034,0.601378,0.511406
0.400784,0.326770,0.320702,0.165189,0.772381,0.582114,0.472583
0.401736,0.331633,0.315316,0.169919,0.771630,0.565901,0.464978
0.396763,0.327780,0.313994,0.167539,0.775384,0.572780,0.470922
0.413804,0.340914,0.308023,0.177955,0.760042,0.569299,0.493967
0.419145,0.348576,0.390598,0.171466,0.718263,0.629929,0.491210
0.432480,0.369928,0.366224,0.176463,0.707750,0.557432,0.495655
0.430732,0.375402,0.347718,0.167952,0.712694,0.524656,0.495861
0.404322,0.346417,0.399139,0.203536,0.715939,0.539232,0.483634
0.428914,0.370704,0.364397,0.181454,0.711413,0.581453,0.508307
0.412089,0.356845,0.419300,0.200882,0.714701,0.576002,0.471957
0.448015,0.374377,0.363945,0.176878,0.712277,0.609935,0.500062
0.416400,0.357929,0.358520,0.182020,0.706034,0.558438,0.523601
0.425947,0.361119,0.388303,0.151079,0.746626,0.616281,0.528883
0.449431,0.383001,0.353242,0.180354,0.760462,0.621905,0.569523
0.417569,0.351273,0.386725,0.152650,0.737503,0.596252,0.495746
0.408589,0.344077,0.401925,0.180671,0.708055,0.577781,0.509586
0.437894,0.365736,0.350722,0.166890,0.732157,0.611603,0.510161
0.438900,0.380568,0.350473,0.164327,0.758406,0.619596,0.545986
0.445456,0.374843,0.357069,0.148130,0.753124,0.616458,0.574870
0.458024,0.372851,0.378416,0.166137,0.777008,0.633725,0.541688
0.419302,0.372534,0.377235,0.179320,0.748086,0.632860,0.524748
0.433334,0.369776,0.358297,0.162957,0.755715,0.607035,0.558086
0.433917,0.364553,0.358387,0.157586,0.759074,0.630138,0.540278
0.399964,0.330099,0.369433,0.177457,0.719375,0.610329,0.547581
0.439559,0.351771,0.394035,0.158614,0.781295,0.591792,0.519906
0.435151,0.364838,0.355361,0.157613,0.741683,0.616334,0.542453
0.435151,0.364838,0.355361,0.157613,0.741683,0.616334,0.542453
0.435151,0.364838,0.355361,0.157613,0.741683,0.616334,0.542453
0.426689,0.353197,0.381252,0.180511,0.787675,0.628047,0.508302
0.423262,0.359931,0.386345,0.169900,0.727318,0.619741,0.511473
0.452989,0.370090,0.357127,0.150419,0.770410,0.625594,0.530258
0.445669,0.374884,0.348842,0.165699,0.756265,0.614022,0.564978
0.445669,0.374884,0.348842,0.165699,0.756265,0.614022,0.564978
0.445669,0.374884,0.348842,0.165699,0.756265,0.614022,0.564978
0.436052,0.361809,0.365519,0.184933,0.785738,0.614869,0.524185
0.432273,0.373364,0.374066,0.177570,0.746500,0.631255,0.536775
0.414106,0.340500,0.391611,0.186949,0.744724,0.579816,0.567645
0.437850,0.381127,0.355993,0.159643,0.769551,0.622837,0.580523
0.435735,0.368214,0.375831,0.175962,0.816781,0.625236,0.526367
0.434543,0.380998,0.378848,0.173616,0.786615,0.639547,0.536229
0.427207,0.347664,0.356087,0.168588,0.719934,0.564249,0.555352
0.436568,0.356911,0.391401,0.158445,0.796559,0.638635,0.504404
0.428099,0.361394,0.400319,0.150464,0.731198,0.607601,0.508476
0.444279,0.386595,0.365493,0.147514,0.767499,0.615908,0.583452
0.436675,0.381559,0.392580,0.154878,0.791925,0.619404,0.538041
0.440816,0.384519,0.355553,0.142539,0.789688,0.621948,0.557757
0.449205,0.366577,0.374602,0.175493,0.749484,0.590758,0.526748
0.427891,0.377069,0.356662,0.172725,0.745610,0.583346,0.543659
0.458024,0.372851,0.378416,0.166137,0.777008,0.633725,0.541688
0.435151,0.364838,0.355361,0.157613,0.741683,0.616334,0.542453
0.426689,0.353197,0.381252,0.180511,0.787675,0.628047,0.508302
0.423262,0.359931,0.386345,0.169900,0.727318,0.619741,0.511473
0.452989,0.370090,0.357127,0.150419,0.770410,0.625594,0.530258
0.436052,0.361809,0.365519,0.184933,0.785738,0.614869,0.524185
0.432273,0.373364,0.374066,0.177570,0.746500,0.631255,0.536775
0.437850,0.381127,0.355993,0.159643,0.769551,0.622837,0.580523
0.423461,0.371738,0.353121,0.192507,0.724265,0.576163,0.536308
0.439556,0.355802,0.355748,0.161715,0.721045,0.583374,0.526908
0.446756,0.366526,0.350262,0.168065,0.737212,0.599371,0.553225
0.438286,0.372305,0.384668,0.194426,0.746305,0.577891,0.513733
0.417972,0.364970,0.362467,0.194611,0.714425,0.550006,0.504644
0.413168,0.344402,0.383876,0.208616,0.743514,0.603249,0.482026
0.406648,0.353017,0.396377,0.200397,0.714529,0.561118,0.472870
0.435985,0.372405,0.359947,0.180544,0.719610,0.588976,0.498412
0.442432,0.376974,0.362608,0.199886,0.759434,0.594485,0.523476
0.442432,0.376974,0.362608,0.199886,0.759434,0.594485,0.523476
0.430896,0.372305,0.357289,0.220008,0.745081,0.597950,0.544494
0.425014,0.376759,0.356115,0.196278,0.723648,0.567867,0.534730
0.424512,0.352277,0.364164,0.211315,0.747397,0.586107,0.502732
0.420145,0.379719,0.364517,0.196307,0.739528,0.573180,0.537575
0.437894,0.365736,0.350722,0.166890,0.732157,0.611603,0.510161
0.416550,0.357313,0.379799,0.169946,0.734110,0.627146,0.485600
0.438900,0.380568,0.350473,0.164327,0.758406,0.619596,0.545986
0.430398,0.362835,0.383252,0.153488,0.737089,0.627194,0.521847
0.411971,0.358827,0.395890,0.197751,0.717723,0.578937,0.492888
0.386798,0.329172,0.335607,0.176154,0.720190,0.668421,0.514548
0.430601,0.360746,0.358640,0.178285,0.729238,0.565303,0.544215
0.456310,0.375812,0.341288,0.151548,0.724301,0.608516,0.552166
0.460401,0.373957,0.372486,0.168120,0.760995,0.630651,0.528733
0.402123,0.334559,0.367214,0.179648,0.730915,0.580829,0.518297
0.443302,0.364554,0.350584,0.163801,0.728595,0.591956,0.523060
0.437949,0.357792,0.381543,0.179690,0.771777,0.632626,0.491242
0.419601,0.356673,0.388909,0.173516,0.717442,0.586825,0.488128
0.455966,0.370066,0.351470,0.150198,0.751828,0.615565,0.518362
0.448919,0.376078,0.344857,0.170216,0.745217,0.608074,0.552746
0.439741,0.363201,0.364530,0.185174,0.776394,0.620281,0.513341
0.465324,0.404494,0.346945,0.155605,0.806176,0.629101,0.556305
0.432234,0.376335,0.382098,0.176014,0.778326,0.600514,0.508636
0.449559,0.382368,0.342787,0.164375,0.720478,0.601541,0.552604
0.456629,0.381613,0.369436,0.180502,0.757835,0.593891,0.524493
0.443033,0.386548,0.341795,0.180049,0.743647,0.582534,0.544735
0.436818,0.388645,0.350821,0.176640,0.757300,0.586377,0.544697
0.417732,0.354658,0.405465,0.216243,0.725997,0.576375,0.478166
0.406648,0.353017,0.396377,0.200397,0.714529,0.561118,0.472870
0.441043,0.375258,0.361638,0.209208,0.745604,0.588540,0.529046
0.412957,0.342001,0.380990,0.170929,0.769331,0.588996,0.455356
0.427884,0.371250,0.346182,0.153843,0.761305,0.588497,0.515557
0.406987,0.346586,0.393177,0.213533,0.742331,0.612287,0.465209
0.420079,0.364518,0.408284,0.203806,0.741130,0.594292,0.457310
0.404766,0.364512,0.352795,0.176339,0.712496,0.548619,0.517110
0.427558,0.360246,0.367589,0.172157,0.719542,0.589130,0.528803
0.436805,0.358596,0.408846,0.187660,0.744592,0.585708,0.496559
0.400313,0.354139,0.403207,0.208063,0.737553,0.582854,0.472694
0.417173,0.353469,0.365787,0.183499,0.719151,0.574549,0.502852
0.420959,0.335289,0.408238,0.209228,0.754936,0.610364,0.482976
0.407165,0.342037,0.426727,0.204229,0.729644,0.570783,0.467462
0.434085,0.357445,0.373616,0.171822,0.731762,0.592873,0.495119
0.420911,0.358165,0.370187,0.189472,0.737738,0.577043,0.521186
0.428091,0.342339,0.378543,0.207123,0.750992,0.598637,0.495427
0.412636,0.350965,0.401908,0.207956,0.734486,0.580680,0.487136
0.421941,0.363930,0.385116,0.191825,0.756176,0.576561,0.517436
0.405273,0.342906,0.373208,0.192228,0.712971,0.529990,0.515848
0.435107,0.373877,0.364378,0.171030,0.743598,0.546665,0.527508
0.332944,0.293318,0.298085,0.186219,0.648245,0.559079,0.508816
0.425169,0.346979,0.376392,0.185751,0.735299,0.598282,0.474327
0.418516,0.358583,0.388242,0.188770,0.737957,0.542634,0.472533
0.361991,0.320530,0.317260,0.142810,0.818013,0.567609,0.518271
0.369625,0.322772,0.321266,0.151164,0.787152,0.605251,0.497142
0.339723,0.296235,0.294253,0.169217,0.706997,0.555873,0.513111
0.361216,0.320223,0.318301,0.145043,0.814012,0.561962,0.517101
0.369249,0.322417,0.322303,0.152906,0.781828,0.596512,0.495310
0.360314,0.319566,0.316446,0.147343,0.813753,0.556005,0.514761
0.367778,0.321852,0.320534,0.154939,0.776050,0.591728,0.494032
0.351346,0.301166,0.303966,0.185650,0.665980,0.541613,0.491408
0.354963,0.317563,0.324226,0.163003,0.754253,0.532263,0.513401
0.362165,0.320193,0.326230,0.172835,0.720759,0.575752,0.495867
0.330199,0.301968,0.315091,0.207645,0.648221,0.521555,0.481558
0.350818,0.320810,0.331672,0.166466,0.750746,0.530613,0.504198
0.359759,0.325388,0.333436,0.177953,0.717697,0.567164,0.485655
0.325565,0.303660,0.319932,0.210444,0.641064,0.511181,0.484706
0.353582,0.327964,0.340511,0.199467,0.714659,0.545952,0.477574
0.412957,0.342001,0.380990,0.170929,0.769331,0.588996,0.455356
0.427884,0.371250,0.346182,0.153843,0.761305,0.588497,0.515557
0.311440,0.299309,0.309076,0.237428,0.638611,0.473126,0.508001
0.433517,0.393721,0.380412,0.197836,0.707218,0.577449,0.516052
0.430706,0.353209,0.387583,0.199828,0.738090,0.625048,0.465622
0.418930,0.359407,0.409801,0.194898,0.723732,0.587947,0.459464
0.453574,0.376905,0.348930,0.199590,0.723015,0.568460,0.500422
0.447887,0.369171,0.348861,0.185629,0.719726,0.550214,0.509404
0.450596,0.360797,0.357143,0.179943,0.800697,0.645655,0.536220
0.453161,0.377889,0.366692,0.164758,0.763117,0.605841,0.488633
0.472661,0.385646,0.357873,0.181891,0.771949,0.570947,0.487079
0.342779,0.313762,0.287226,0.207116,0.691992,0.504627,0.534960
0.450713,0.377623,0.373047,0.205496,0.781966,0.613929,0.486693
0.444134,0.373746,0.345216,0.169585,0.817413,0.635194,0.469316
0.453089,0.373887,0.356522,0.159758,0.855859,0.625937,0.491464
0.426609,0.353799,0.350364,0.207583,0.729284,0.611473,0.473085
0.473905,0.377385,0.368645,0.189904,0.770465,0.615154,0.466674
0.434670,0.359166,0.348527,0.200574,0.800150,0.588633,0.467414
0.456341,0.371714,0.371192,0.200548,0.767213,0.614734,0.463935
0.457512,0.376599,0.366733,0.199196,0.767870,0.568155,0.453320
0.403666,0.361872,0.341250,0.207316,0.745135,0.610518,0.471099
0.455725,0.365071,0.380955,0.182746,0.767581,0.618491,0.438648
0.440737,0.367309,0.371453,0.186736,0.776640,0.584745,0.449962
0.437588,0.349792,0.369520,0.188050,0.777515,0.581217,0.510255
0.445998,0.356461,0.381985,0.191887,0.769752,0.561852,0.518828
0.472535,0.377343,0.345886,0.160894,0.820402,0.680393,0.489036
0.401190,0.346375,0.335059,0.150125,0.854071,0.588022,0.505597
0.454932,0.400819,0.401126,0.171922,0.778151,0.620910,0.467914
0.462147,0.422520,0.350384,0.151665,0.826240,0.641364,0.565697
0.457346,0.416518,0.340924,0.161901,0.779312,0.609247,0.530689
0.452652,0.386895,0.372339,0.183850,0.774819,0.589589,0.490251
0.465491,0.414030,0.356232,0.175036,0.767037,0.618753,0.487277
0.459587,0.401282,0.393827,0.190338,0.771479,0.627299,0.450941
0.474412,0.419563,0.342227,0.185830,0.766415,0.616749,0.507359
0.480352,0.449224,0.362092,0.165237,0.779385,0.599887,0.485352
0.452477,0.381574,0.371158,0.198523,0.773406,0.597155,0.460247
0.438550,0.351190,0.396799,0.210929,0.738289,0.609338,0.440036
0.450324,0.369839,0.361368,0.176939,0.738775,0.609648,0.434068
0.440245,0.345392,0.387487,0.192981,0.754452,0.623559,0.447725
0.472415,0.371657,0.358128,0.194080,0.783748,0.662537,0.472209
0.464907,0.395479,0.355989,0.175775,0.809412,0.613224,0.470551
0.472071,0.388958,0.352181,0.176496,0.777583,0.621341,0.470566
0.472702,0.379999,0.375847,0.173290,0.786402,0.623760,0.454251
0.455077,0.376727,0.358206,0.173300,0.808117,0.632015,0.499230
0.467020,0.389614,0.369115,0.175956,0.806546,0.659915,0.490800
0.452388,0.375694,0.348177,0.168389,0.781969,0.659596,0.466155
0.434134,0.378778,0.349221,0.198839,0.788375,0.575897,0.475885
0.452213,0.374883,0.366246,0.186330,0.773521,0.599681,0.461593
0.447393,0.362748,0.366072,0.175514,0.758780,0.648485,0.467657
0.500344,0.445604,0.367894,0.174906,0.791132,0.633770,0.493970
0.435761,0.362953,0.355420,0.209172,0.779759,0.586329,0.485859
0.433451,0.359074,0.362926,0.203595,0.727408,0.598238,0.473334
0.446579,0.362056,0.376248,0.196410,0.788232,0.569971,0.468966
0.446579,0.376890,0.371834,0.210932,0.778629,0.543893,0.456646
0.450496,0.376119,0.366221,0.207317,0.737831,0.592990,0.451377
0.439799,0.361752,0.370305,0.195454,0.753295,0.575219,0.506521
0.458521,0.384030,0.361608,0.183903,0.786901,0.567709,0.475581
0.466502,0.379293,0.354267,0.184396,0.745494,0.615263,0.468375
0.446357,0.379452,0.368274,0.187885,0.777340,0.550139,0.438380
0.453035,0.372663,0.357698,0.190303,0.736084,0.598433,0.436335
0.447533,0.363255,0.394485,0.184040,0.761015,0.575946,0.467720
0.438333,0.362364,0.349800,0.199277,0.788428,0.585079,0.476674
0.455364,0.371721,0.365492,0.180692,0.781140,0.598576,0.463705
0.448786,0.359420,0.350547,0.175374,0.831167,0.628222,0.496444
0.448974,0.367895,0.356776,0.170476,0.824202,0.583951,0.510549
0.450569,0.362856,0.354915,0.183400,0.798428,0.621283,0.501346
0.456126,0.367858,0.359091,0.186460,0.791177,0.608760,0.496440
0.461992,0.371182,0.363513,0.191047,0.767756,0.615711,0.486384
0.453447,0.367783,0.373175,0.183910,0.797568,0.553964,0.477937
0.456891,0.375861,0.367835,0.187582,0.751154,0.609877,0.473983
0.459435,0.376306,0.354020,0.165343,0.840479,0.639262,0.503345
0.461046,0.355624,0.365818,0.186460,0.770645,0.591591,0.550755
0.446667,0.378526,0.367937,0.206843,0.778298,0.550805,0.465324
0.445447,0.352873,0.367912,0.194225,0.755492,0.629373,0.458772
0.445447,0.352873,0.367912,0.194225,0.755492,0.629373,0.458772
0.400423,0.348561,0.350186,0.186348,0.721750,0.583359,0.462082
0.397865,0.335599,0.361673,0.204450,0.780338,0.582267,0.547527
0.459225,0.375029,0.353118,0.171725,0.770113,0.662576,0.491006
0.447393,0.362748,0.366072,0.175514,0.758780,0.648485,0.467657
0.465491,0.414030,0.356232,0.175036,0.767037,0.618753,0.487277
0.480352,0.449224,0.362092,0.165237,0.779385,0.599887,0.485352
0.455379,0.394376,0.344759,0.178768,0.830174,0.668267,0.530431
0.443830,0.345380,0.334079,0.189791,0.750559,0.620091,0.492949
0.431987,0.347589,0.350987,0.198136,0.739114,0.609277,0.461632
0.370122,0.333001,0.333477,0.202446,0.670641,0.528422,0.502148
0.474245,0.395042,0.383560,0.160673,0.767701,0.645209,0.507525
0.385449,0.346778,0.344825,0.229192,0.718074,0.599675,0.499560
0.445324,0.357156,0.351929,0.180021,0.777214,0.594976,0.508126
0.461319,0.417966,0.364437,0.174258,0.775333,0.595862,0.517072
0.434709,0.369805,0.362648,0.197560,0.703121,0.572679,0.464830
0.430410,0.364997,0.343724,0.185645,0.715118,0.602673,0.480571
0.374611,0.320208,0.329227,0.204945,0.707558,0.575943,0.582955
0.411822,0.369428,0.351233,0.179507,0.760796,0.603460,0.562811
0.449058,0.384854,0.373337,0.156158,0.746166,0.628513,0.574025
0.412409,0.350143,0.351460,0.151889,0.716929,0.570987,0.545505
0.350164,0.317089,0.316445,0.207519,0.742527,0.545259,0.559926
0.349869,0.308118,0.320585,0.198010,0.750021,0.533535,0.542343
0.403219,0.383152,0.355962,0.162937,0.743026,0.610833,0.560629
0.427947,0.383786,0.388845,0.176775,0.775229,0.583190,0.564429
0.426207,0.380659,0.366649,0.168849,0.748784,0.606129,0.558615
0.380014,0.340535,0.376829,0.176434,0.729468,0.580306,0.556075
0.572711,0.538708,0.539148,0.118277,0.865257,0.685785,0.546586
0.472657,0.424015,0.363362,0.154668,0.781554,0.607118,0.564802
0.427650,0.381448,0.359919,0.165365,0.734423,0.601981,0.553468
0.435800,0.372951,0.351966,0.169321,0.777292,0.612928,0.549493
0.409848,0.365337,0.417091,0.181535,0.742059,0.591951,0.520039
0.428355,0.366814,0.378838,0.168224,0.754877,0.616800,0.556830
0.456886,0.384420,0.341089,0.182325,0.744081,0.598929,0.542535
0.306831,0.330456,0.300825,0.180569,0.690084,0.511286,0.512574
0.626437,0.659556,0.618957,0.080063,0.892167,0.752676,0.613969
0.556036,0.534929,0.607995,0.097230,0.849181,0.654961,0.502020
0.592172,0.609599,0.571280,0.091669,0.865692,0.713437,0.510748
0.582282,0.596570,0.582565,0.091185,0.867583,0.714548,0.525765
0.603106,0.623270,0.613866,0.086530,0.869451,0.744656,0.565599
0.625507,0.614350,0.572415,0.087283,0.864988,0.682008,0.536730
0.641157,0.640022,0.606367,0.082395,0.868558,0.712277,0.572898
0.582282,0.596570,0.582565,0.091185,0.867583,0.714548,0.525765
0.603106,0.623270,0.613866,0.086530,0.869451,0.744656,0.565599
0.617822,0.632473,0.578685,0.082212,0.901392,0.762581,0.551682
0.630740,0.645557,0.609278,0.080174,0.902501,0.790887,0.582607
0.541798,0.529179,0.436283,0.090756,0.843833,0.815501,0.535695
0.414509,0.356141,0.311885,0.162728,0.793471,0.627282,0.612493
0.379822,0.367403,0.303409,0.152956,0.852283,0.606296,0.618139
0.434134,0.387033,0.337953,0.180598,0.756709,0.470072,0.576171
0.542203,0.531381,0.486021,0.132683,0.842829,0.614692,0.540254
0.530021,0.505276,0.417771,0.154781,0.716767,0.520225,0.514730
0.506824,0.521025,0.540651,0.123384,0.852406,0.691024,0.574679
0.370446,0.383242,0.316969,0.125638,0.774553,0.691307,0.527429
0.465844,0.430675,0.359198,0.163584,0.792355,0.681490,0.523639
0.434529,0.426873,0.346310,0.159129,0.728971,0.640993,0.510295
0.453115,0.373859,0.346646,0.142549,0.710365,0.617186,0.535776
0.453115,0.373859,0.346646,0.142549,0.710365,0.617186,0.535776
0.456619,0.457700,0.444140,0.126079,0.826486,0.749554,0.500099
0.380651,0.342864,0.301380,0.230483,0.713322,0.578318,0.519152
0.519090,0.514422,0.450817,0.113707,0.788066,0.679918,0.474222
0.374683,0.321346,0.300990,0.173188,0.768165,0.631567,0.489844
0.363718,0.312587,0.293525,0.205816,0.709113,0.604582,0.529122
0.353686,0.306756,0.287145,0.192745,0.716031,0.618313,0.464644
0.367775,0.334933,0.296298,0.167003,0.791995,0.622214,0.511021
0.376044,0.332560,0.298556,0.161204,0.733754,0.586025,0.530274
0.379940,0.311402,0.293510,0.183910,0.724191,0.602082,0.507307
0.378907,0.313501,0.300131,0.187932,0.719167,0.600729,0.493059
0.493525,0.490345,0.440722,0.183182,0.795113,0.656551,0.555101
0.493525,0.490345,0.440722,0.183182,0.795113,0.656551,0.555101
0.432716,0.360361,0.340327,0.129465,0.783878,0.552176,0.558663
0.418917,0.360724,0.345378,0.137370,0.722040,0.667026,0.552597
0.374765,0.340164,0.277908,0.275952,0.703683,0.521210,0.544805
0.382547,0.340310,0.339885,0.154390,0.705200,0.711089,0.532546
0.405618,0.363491,0.339785,0.154322,0.746122,0.570900,0.627521
0.411106,0.360290,0.338835,0.167070,0.744536,0.590180,0.634899
0.334992,0.340184,0.264912,0.173992,0.825883,0.719938,0.575530
0.333649,0.357940,0.266678,0.146476,0.774324,0.730291,0.545681
0.341920,0.332951,0.282715,0.167693,0.757529,0.723828,0.549545
0.359431,0.354183,0.294624,0.170128,0.767762,0.766705,0.578993
0.429918,0.432870,0.390143,0.138676,0.770500,0.704573,0.590071
0.416958,0.429465,0.402179,0.143806,0.754012,0.714028,0.569036
0.410586,0.457385,0.393561,0.152955,0.724617,0.597311,0.517048
0.396649,0.380883,0.409030,0.169231,0.667888,0.632596,0.553855
0.395221,0.415079,0.368090,0.155184,0.686716,0.646054,0.541842
0.420016,0.375973,0.378717,0.146442,0.753949,0.669443,0.526858
0.418450,0.380866,0.415996,0.154514,0.679761,0.622796,0.512569
0.423990,0.380008,0.404337,0.146263,0.709058,0.616043,0.513394
0.420402,0.378455,0.391311,0.155617,0.707252,0.644458,0.502268
0.401890,0.408114,0.375052,0.161130,0.686146,0.602549,0.532326
0.411435,0.389069,0.418596,0.178558,0.682046,0.617210,0.560354
0.383984,0.369028,0.351470,0.185912,0.679218,0.549201,0.543339
0.411803,0.368564,0.388035,0.143131,0.745225,0.657705,0.517467
0.405622,0.360953,0.401155,0.162835,0.679487,0.621867,0.570402
0.403918,0.368718,0.394354,0.183247,0.654769,0.587661,0.562247
0.418923,0.368539,0.409934,0.157691,0.706030,0.640232,0.532962
0.420754,0.388607,0.366257,0.163486,0.721974,0.672094,0.520781
0.420197,0.392026,0.361661,0.136986,0.713186,0.695676,0.456777
0.417000,0.393941,0.364007,0.150428,0.705985,0.642436,0.513208
0.371958,0.337578,0.373194,0.161765,0.667250,0.620390,0.533566
0.407416,0.359038,0.397103,0.146680,0.748092,0.637209,0.574735
0.396633,0.373303,0.363280,0.140391,0.751645,0.678258,0.552463
0.401975,0.373337,0.377813,0.140133,0.725252,0.705215,0.482354
0.404552,0.388430,0.372287,0.132002,0.724263,0.704353,0.486656
0.414245,0.375330,0.412822,0.163584,0.700587,0.653436,0.541649
0.413139,0.381443,0.374860,0.156283,0.694683,0.657363,0.512717
0.412719,0.389283,0.376125,0.131187,0.735619,0.705520,0.485516
0.416525,0.386595,0.375930,0.134248,0.735518,0.701017,0.481565
0.406578,0.396759,0.375066,0.151909,0.718229,0.659860,0.520706
0.412147,0.362115,0.386724,0.150826,0.744658,0.671422,0.563125
0.398081,0.359934,0.394681,0.165154,0.700372,0.641149,0.585537
0.394703,0.383148,0.359312,0.153628,0.714248,0.683023,0.575064
0.403629,0.374405,0.355132,0.134966,0.739285,0.689128,0.500408
0.401325,0.355036,0.396929,0.163931,0.702196,0.637648,0.553513
0.375329,0.364867,0.347101,0.170981,0.683541,0.618734,0.550064
0.404181,0.368487,0.399368,0.164501,0.689832,0.623805,0.568995
0.399157,0.392190,0.360740,0.151960,0.709314,0.667468,0.553152
0.407092,0.370036,0.397311,0.148853,0.721348,0.648325,0.484252
0.411322,0.381442,0.411977,0.157332,0.711254,0.643624,0.512249
0.406642,0.359365,0.406100,0.169046,0.693469,0.638593,0.528996
0.396565,0.379988,0.361004,0.158244,0.704071,0.651878,0.521681
0.418338,0.360947,0.412434,0.155247,0.712384,0.626716,0.554503
0.422148,0.378922,0.371398,0.162489,0.725735,0.662129,0.545269
0.421988,0.371278,0.415083,0.139325,0.735529,0.646104,0.459904
0.418361,0.376091,0.411802,0.157326,0.704577,0.612813,0.516885
0.414841,0.391548,0.364390,0.148097,0.713545,0.639548,0.507176
0.404264,0.417718,0.358510,0.156804,0.703546,0.633681,0.566194
0.410586,0.457385,0.393561,0.152955,0.724617,0.597311,0.517048
0.404423,0.401468,0.402170,0.140692,0.747999,0.615076,0.487300
0.410599,0.393452,0.401397,0.160874,0.714512,0.598178,0.542286
0.401724,0.399076,0.414589,0.163249,0.726960,0.623953,0.544296
0.396649,0.380883,0.409030,0.169231,0.667888,0.632596,0.553855
0.395221,0.415079,0.368090,0.155184,0.686716,0.646054,0.541842
0.413113,0.374072,0.418416,0.172679,0.708527,0.597207,0.534332
0.413113,0.374072,0.418416,0.172679,0.708527,0.597207,0.534332
0.417378,0.388530,0.394977,0.155005,0.761947,0.666227,0.576771
0.377113,0.345151,0.391566,0.184939,0.655527,0.548462,0.558212
0.396708,0.342382,0.372012,0.169148,0.685209,0.630535,0.556635
0.420984,0.379676,0.394768,0.153363,0.749748,0.621798,0.561993
0.419865,0.389568,0.406431,0.162804,0.709992,0.639565,0.586917
0.417136,0.415489,0.362180,0.149725,0.721963,0.675973,0.569814
0.418338,0.386019,0.399146,0.145747,0.753429,0.660951,0.524000
0.418416,0.384902,0.413800,0.148453,0.718407,0.645753,0.493267
0.410772,0.378181,0.402865,0.145508,0.700034,0.664824,0.498036
0.409938,0.389107,0.389038,0.130460,0.686775,0.676867,0.495995
0.407173,0.392921,0.365802,0.134714,0.715110,0.704823,0.491526
0.422353,0.372396,0.408911,0.155451,0.744045,0.606318,0.504928
0.397474,0.366619,0.398856,0.144570,0.726423,0.664901,0.503854
0.397474,0.366619,0.398856,0.144570,0.726423,0.664901,0.503854
0.419163,0.379017,0.403904,0.158887,0.681384,0.649420,0.569268
0.408656,0.371959,0.407158,0.161910,0.684737,0.621690,0.558861
0.405584,0.379055,0.389607,0.140934,0.689582,0.615080,0.550929
0.408792,0.398755,0.361062,0.152000,0.694715,0.636569,0.541175
0.452134,0.388147,0.399188,0.156371,0.803077,0.712812,0.595920
0.421079,0.369001,0.417342,0.165253,0.711729,0.582402,0.541360
0.421079,0.369001,0.417342,0.165253,0.711729,0.582402,0.541360
0.400311,0.376676,0.382876,0.166537,0.737316,0.625246,0.572929
0.382880,0.349516,0.410609,0.155077,0.683570,0.602552,0.505871
0.373157,0.366452,0.361317,0.168345,0.674630,0.632330,0.515140
0.385371,0.347368,0.407390,0.174569,0.640859,0.596586,0.515246
0.373104,0.373057,0.368355,0.170010,0.637434,0.618836,0.512917
0.413026,0.365713,0.406469,0.182209,0.684419,0.580250,0.565840
0.400694,0.379373,0.360241,0.175829,0.695959,0.607953,0.547947
0.392233,0.368057,0.367874,0.158816,0.690778,0.646225,0.480662
0.404913,0.387746,0.408396,0.175592,0.651770,0.580663,0.574413
0.394101,0.386307,0.364383,0.163489,0.706783,0.606741,0.521937
0.398903,0.354885,0.400278,0.173441,0.664975,0.563412,0.561771
0.427773,0.381671,0.394679,0.143909,0.760234,0.673924,0.514088
0.410579,0.373335,0.402519,0.172379,0.702920,0.611930,0.566668
0.412665,0.374611,0.395010,0.141667,0.744841,0.617501,0.532459
0.414909,0.369441,0.398815,0.148692,0.736123,0.601884,0.592057
0.465264,0.465852,0.402418,0.145147,0.764381,0.660870,0.507392
0.468742,0.450682,0.409505,0.155651,0.758492,0.620413,0.484536
0.351545,0.353552,0.299021,0.162779,0.768843,0.726495,0.510870
0.370916,0.337321,0.292318,0.243969,0.751854,0.570203,0.445890
0.365611,0.315682,0.376477,0.184601,0.713567,0.485547,0.553511
0.359118,0.332850,0.280382,0.254055,0.772822,0.572077,0.484785
0.333836,0.290203,0.266011,0.213418,0.758427,0.590255,0.528491
0.344424,0.308224,0.276753,0.221722,0.803860,0.578101,0.478493
0.360438,0.326079,0.276345,0.255593,0.717220,0.616066,0.497504
0.363664,0.336855,0.285498,0.241192,0.773886,0.575682,0.481237
0.346781,0.309730,0.280099,0.239663,0.738998,0.566468,0.474552
0.475778,0.431231,0.410561,0.157490,0.763279,0.588444,0.534756
0.475778,0.431231,0.410561,0.157490,0.763279,0.588444,0.534756
0.560426,0.642661,0.466326,0.169598,0.721024,0.502237,0.555437
0.560426,0.642661,0.466326,0.169598,0.721024,0.502237,0.555437
0.560426,0.642661,0.466326,0.169598,0.721024,0.502237,0.555437
0.570037,0.652011,0.463396,0.171677,0.729453,0.497286,0.555192
0.570037,0.652011,0.463396,0.171677,0.729453,0.497286,0.555192
0.570037,0.652011,0.463396,0.171677,0.729453,0.497286,0.555192
0.539889,0.624108,0.410249,0.209191,0.621926,0.402014,0.536245
0.539889,0.624108,0.410249,0.209191,0.621926,0.402014,0.536245
0.539889,0.624108,0.410249,0.209191,0.621926,0.402014,0.536245
0.516657,0.510957,0.390988,0.168077,0.788174,0.562801,0.525680
0.516657,0.510957,0.390988,0.168077,0.788174,0.562801,0.525680
0.516657,0.510957,0.390988,0.168077,0.788174,0.562801,0.525680
0.505931,0.514396,0.377176,0.166810,0.793747,0.511040,0.541698
0.505931,0.514396,0.377176,0.166810,0.793747,0.511040,0.541698
0.505931,0.514396,0.377176,0.166810,0.793747,0.511040,0.541698
0.500966,0.488195,0.380866,0.175765,0.781848,0.563959,0.550179
0.500966,0.488195,0.380866,0.175765,0.781848,0.563959,0.550179
0.500966,0.488195,0.380866,0.175765,0.781848,0.563959,0.550179
0.502355,0.478846,0.397416,0.169108,0.688848,0.520486,0.533178
0.502355,0.478846,0.397416,0.169108,0.688848,0.520486,0.533178
0.507605,0.475576,0.401463,0.175319,0.701569,0.491796,0.542040
0.507605,0.475576,0.401463,0.175319,0.701569,0.491796,0.542040
0.511089,0.493131,0.363812,0.150246,0.779553,0.641720,0.563641
0.511089,0.493131,0.363812,0.150246,0.779553,0.641720,0.563641
0.511089,0.493131,0.363812,0.150246,0.779553,0.641720,0.563641
0.485720,0.458136,0.384894,0.161527,0.717413,0.558097,0.578245
0.485720,0.458136,0.384894,0.161527,0.717413,0.558097,0.578245
0.484071,0.460065,0.386684,0.160718,0.719412,0.564806,0.574984
0.484071,0.460065,0.386684,0.160718,0.719412,0.564806,0.574984
0.483835,0.481350,0.394980,0.151991,0.780796,0.623241,0.562118
0.483835,0.481350,0.394980,0.151991,0.780796,0.623241,0.562118
0.483835,0.481350,0.394980,0.151991,0.780796,0.623241,0.562118
0.494748,0.483455,0.392639,0.153265,0.783065,0.622054,0.570899
0.494748,0.483455,0.392639,0.153265,0.783065,0.622054,0.570899
0.494748,0.483455,0.392639,0.153265,0.783065,0.622054,0.570899
0.507145,0.478566,0.396829,0.161718,0.700521,0.560056,0.523614
0.507145,0.478566,0.396829,0.161718,0.700521,0.560056,0.523614
0.521980,0.491313,0.406416,0.151745,0.702549,0.586442,0.534276
0.521980,0.491313,0.406416,0.151745,0.702549,0.586442,0.534276
0.521980,0.491313,0.406416,0.151745,0.702549,0.586442,0.534276
0.516220,0.468571,0.395883,0.163229,0.741248,0.568659,0.542289
0.516220,0.468571,0.395883,0.163229,0.741248,0.568659,0.542289
0.523467,0.495581,0.405601,0.151706,0.713141,0.591928,0.529751
0.523467,0.495581,0.405601,0.151706,0.713141,0.591928,0.529751
0.439169,0.459085,0.390237,0.179980,0.715975,0.485242,0.540948
0.439169,0.459085,0.390237,0.179980,0.715975,0.485242,0.540948
0.439329,0.466346,0.385988,0.179237,0.705486,0.473541,0.545759
0.439329,0.466346,0.385988,0.179237,0.705486,0.473541,0.545759
0.432116,0.460037,0.389763,0.190611,0.703299,0.484884,0.519762
0.432116,0.460037,0.389763,0.190611,0.703299,0.484884,0.519762
0.435838,0.465205,0.387632,0.193177,0.703206,0.471321,0.522863
0.435838,0.465205,0.387632,0.193177,0.703206,0.471321,0.522863
0.438470,0.459584,0.392732,0.195617,0.654720,0.476691,0.527256
0.438470,0.459584,0.392732,0.195617,0.654720,0.476691,0.527256
0.439245,0.456333,0.392279,0.199270,0.665424,0.451221,0.530654
0.439245,0.456333,0.392279,0.199270,0.665424,0.451221,0.530654
0.432582,0.453395,0.382637,0.185644,0.664813,0.467555,0.541154
0.432582,0.453395,0.382637,0.185644,0.664813,0.467555,0.541154
0.429843,0.456269,0.383960,0.188637,0.669093,0.453313,0.540873
0.429843,0.456269,0.383960,0.188637,0.669093,0.453313,0.540873
0.491969,0.477961,0.405738,0.193147,0.722130,0.534261,0.518705
0.491969,0.477961,0.405738,0.193147,0.722130,0.534261,0.518705
0.491969,0.477961,0.405738,0.193147,0.722130,0.534261,0.518705
0.479789,0.470357,0.391460,0.175069,0.751290,0.563842,0.549893
0.479789,0.470357,0.391460,0.175069,0.751290,0.563842,0.549893
0.486555,0.467948,0.396010,0.179443,0.755716,0.556178,0.562464
0.486555,0.467948,0.396010,0.179443,0.755716,0.556178,0.562464
0.503464,0.477811,0.401865,0.160558,0.764551,0.596503,0.538526
0.503464,0.477811,0.401865,0.160558,0.764551,0.596503,0.538526
0.506709,0.481162,0.401762,0.162083,0.776826,0.604295,0.536334
0.506709,0.481162,0.401762,0.162083,0.776826,0.604295,0.536334
0.479789,0.470357,0.391460,0.175069,0.751290,0.563842,0.549893
0.479789,0.470357,0.391460,0.175069,0.751290,0.563842,0.549893
0.486555,0.467948,0.396010,0.179443,0.755716,0.556178,0.562464
0.486555,0.467948,0.396010,0.179443,0.755716,0.556178,0.562464
0.490225,0.480801,0.390992,0.145913,0.782325,0.650208,0.543688
0.490225,0.480801,0.390992,0.145913,0.782325,0.650208,0.543688
0.490225,0.480801,0.390992,0.145913,0.782325,0.650208,0.543688
0.503464,0.477811,0.401865,0.160558,0.764551,0.596503,0.538526
0.503464,0.477811,0.401865,0.160558,0.764551,0.596503,0.538526
0.503464,0.477811,0.401865,0.160558,0.764551,0.596503,0.538526
0.506709,0.481162,0.401762,0.162083,0.776826,0.604295,0.536334
0.506709,0.481162,0.401762,0.162083,0.776826,0.604295,0.536334
0.498001,0.470671,0.405072,0.162382,0.793917,0.623009,0.540449
0.498001,0.470671,0.405072,0.162382,0.793917,0.623009,0.540449
0.498001,0.470671,0.405072,0.162382,0.793917,0.623009,0.540449
0.507999,0.479498,0.407592,0.159707,0.798480,0.634712,0.540745
0.507999,0.479498,0.407592,0.159707,0.798480,0.634712,0.540745
0.507999,0.479498,0.407592,0.159707,0.798480,0.634712,0.540745
0.498462,0.477690,0.390092,0.172396,0.779466,0.606323,0.540098
0.498462,0.477690,0.390092,0.172396,0.779466,0.606323,0.540098
0.498001,0.470671,0.405072,0.162382,0.793917,0.623009,0.540449
0.498001,0.470671,0.405072,0.162382,0.793917,0.623009,0.540449
0.498001,0.470671,0.405072,0.162382,0.793917,0.623009,0.540449
0.502218,0.459249,0.389806,0.168793,0.765453,0.585585,0.554835
0.502218,0.459249,0.389806,0.168793,0.765453,0.585585,0.554835
0.523025,0.512952,0.413496,0.152103,0.840138,0.675584,0.555424
0.523025,0.512952,0.413496,0.152103,0.840138,0.675584,0.555424
0.523025,0.512952,0.413496,0.152103,0.840138,0.675584,0.555424
0.507999,0.479498,0.407592,0.159707,0.798480,0.634712,0.540745
0.507999,0.479498,0.407592,0.159707,0.798480,0.634712,0.540745
0.507999,0.479498,0.407592,0.159707,0.798480,0.634712,0.540745
0.416424,0.419955,0.375553,0.204294,0.672868,0.506681,0.526545
0.416424,0.419955,0.375553,0.204294,0.672868,0.506681,0.526545
0.419288,0.419461,0.373978,0.206160,0.679345,0.499645,0.529026
0.419288,0.419461,0.373978,0.206160,0.679345,0.499645,0.529026
0.441363,0.424916,0.386772,0.145408,0.734722,0.619834,0.553994
0.441363,0.424916,0.386772,0.145408,0.734722,0.619834,0.553994
0.446791,0.427146,0.384872,0.144284,0.731077,0.622546,0.559437
0.446791,0.427146,0.384872,0.144284,0.731077,0.622546,0.559437
0.446516,0.430091,0.394105,0.152766,0.727660,0.573765,0.547682
0.446516,0.430091,0.394105,0.152766,0.727660,0.573765,0.547682
0.452757,0.431739,0.391014,0.155206,0.723401,0.581398,0.554224
0.452757,0.431739,0.391014,0.155206,0.723401,0.581398,0.554224
0.453098,0.442260,0.394272,0.156656,0.718697,0.545300,0.548598
0.453098,0.442260,0.394272,0.156656,0.718697,0.545300,0.548598
0.508354,0.529482,0.393216,0.183038,0.697219,0.473672,0.491959
0.508354,0.529482,0.393216,0.183038,0.697219,0.473672,0.491959
0.508354,0.529482,0.393216,0.183038,0.697219,0.473672,0.491959
0.513679,0.535755,0.395514,0.163882,0.714391,0.537299,0.525216
0.513679,0.535755,0.395514,0.163882,0.714391,0.537299,0.525216
0.513679,0.535755,0.395514,0.163882,0.714391,0.537299,0.525216
0.510373,0.544072,0.386283,0.165861,0.654353,0.479209,0.525160
0.510373,0.544072,0.386283,0.165861,0.654353,0.479209,0.525160
0.510373,0.544072,0.386283,0.165861,0.654353,0.479209,0.525160
0.505663,0.517852,0.375451,0.172939,0.702059,0.497618,0.536521
0.505663,0.517852,0.375451,0.172939,0.702059,0.497618,0.536521
0.505663,0.517852,0.375451,0.172939,0.702059,0.497618,0.536521
0.509122,0.518662,0.376272,0.172133,0.701339,0.486605,0.537100
0.509122,0.518662,0.376272,0.172133,0.701339,0.486605,0.537100
0.509122,0.518662,0.376272,0.172133,0.701339,0.486605,0.537100
0.524092,0.517596,0.376237,0.155297,0.705249,0.612217,0.548267
0.524092,0.517596,0.376237,0.155297,0.705249,0.612217,0.548267
0.524092,0.517596,0.376237,0.155297,0.705249,0.612217,0.548267
0.496386,0.532474,0.383055,0.172460,0.720580,0.538198,0.564017
0.496386,0.532474,0.383055,0.172460,0.720580,0.538198,0.564017
0.496386,0.532474,0.383055,0.172460,0.720580,0.538198,0.564017
0.487059,0.515197,0.388886,0.169424,0.717271,0.543472,0.553384
0.487059,0.515197,0.388886,0.169424,0.717271,0.543472,0.553384
0.487059,0.515197,0.388886,0.169424,0.717271,0.543472,0.553384
0.509033,0.537950,0.407323,0.156839,0.681474,0.489681,0.495718
0.509033,0.537950,0.407323,0.156839,0.681474,0.489681,0.495718
0.509033,0.537950,0.407323,0.156839,0.681474,0.489681,0.495718
0.512939,0.546234,0.408472,0.157250,0.681280,0.484357,0.496317
0.512939,0.546234,0.408472,0.157250,0.681280,0.484357,0.496317
0.512939,0.546234,0.408472,0.157250,0.681280,0.484357,0.496317
0.513857,0.571712,0.427257,0.181073,0.638268,0.497129,0.529785
0.513857,0.571712,0.427257,0.181073,0.638268,0.497129,0.529785
0.513857,0.571712,0.427257,0.181073,0.638268,0.497129,0.529785
0.492795,0.546088,0.418799,0.179591,0.637507,0.511109,0.532180
0.492795,0.546088,0.418799,0.179591,0.637507,0.511109,0.532180
0.492795,0.546088,0.418799,0.179591,0.637507,0.511109,0.532180
0.503775,0.568039,0.418545,0.182193,0.625257,0.500752,0.530783
0.503775,0.568039,0.418545,0.182193,0.625257,0.500752,0.530783
0.503775,0.568039,0.418545,0.182193,0.625257,0.500752,0.530783
0.502440,0.582109,0.418595,0.184064,0.637485,0.487275,0.528678
0.502440,0.582109,0.418595,0.184064,0.637485,0.487275,0.528678
0.502440,0.582109,0.418595,0.184064,0.637485,0.487275,0.528678
0.501008,0.545615,0.387258,0.183277,0.688559,0.493324,0.504267
0.501008,0.545615,0.387258,0.183277,0.688559,0.493324,0.504267
0.504499,0.552130,0.387173,0.187295,0.689943,0.483809,0.505935
0.504499,0.552130,0.387173,0.187295,0.689943,0.483809,0.505935
0.453563,0.477806,0.376469,0.278499,0.514162,0.323868,0.498880
0.453563,0.477806,0.376469,0.278499,0.514162,0.323868,0.498880
0.453563,0.477806,0.376469,0.278499,0.514162,0.323868,0.498880
0.448479,0.477525,0.369868,0.275392,0.450092,0.317836,0.504774
0.448479,0.477525,0.369868,0.275392,0.450092,0.317836,0.504774
0.448479,0.477525,0.369868,0.275392,0.450092,0.317836,0.504774
0.453512,0.483440,0.368930,0.180697,0.740155,0.518470,0.528451
0.453512,0.483440,0.368930,0.180697,0.740155,0.518470,0.528451
0.453512,0.483440,0.368930,0.180697,0.740155,0.518470,0.528451
0.450644,0.474726,0.375806,0.171112,0.687118,0.485105,0.547763
0.450644,0.474726,0.375806,0.171112,0.687118,0.485105,0.547763
0.450644,0.474726,0.375806,0.171112,0.687118,0.485105,0.547763
0.386577,0.368714,0.321046,0.168883,0.724610,0.522494,0.658657
0.367741,0.358046,0.331628,0.160686,0.700476,0.482857,0.584476
0.401827,0.363641,0.333599,0.166533,0.722648,0.571232,0.624943
0.391727,0.347636,0.326424,0.179288,0.697452,0.540743,0.603447
0.371508,0.334976,0.337621,0.142561,0.777606,0.499882,0.558901
0.357224,0.330693,0.287653,0.133952,0.775112,0.529593,0.587041
0.357224,0.330693,0.287653,0.133952,0.775112,0.529593,0.587041
0.358098,0.329079,0.309757,0.115830,0.719047,0.543493,0.489192
0.439490,0.370221,0.336572,0.137278,0.807875,0.617204,0.506634
0.462494,0.468961,0.378396,0.181543,0.625097,0.436953,0.504538
0.462494,0.468961,0.378396,0.181543,0.625097,0.436953,0.504538
0.462494,0.468961,0.378396,0.181543,0.625097,0.436953,0.504538
0.462994,0.470252,0.377536,0.184122,0.631549,0.437208,0.508247
0.462994,0.470252,0.377536,0.184122,0.631549,0.437208,0.508247
0.462994,0.470252,0.377536,0.184122,0.631549,0.437208,0.508247
0.389765,0.422972,0.312333,0.129987,0.762191,0.753778,0.496726
0.370053,0.395609,0.306393,0.129566,0.800384,0.739831,0.503401
0.442567,0.349057,0.304960,0.174743,0.775365,0.611972,0.568616
0.351407,0.316253,0.276874,0.212833,0.797372,0.524825,0.478110
0.431299,0.393172,0.373007,0.141122,0.834320,0.720466,0.516674
0.329185,0.303022,0.273243,0.224373,0.778015,0.525045,0.421880
0.312657,0.295953,0.292209,0.215388,0.738018,0.556721,0.518341
0.327592,0.351803,0.325177,0.148830,0.595595,0.438626,0.496021
0.301795,0.313681,0.316471,0.163436,0.605212,0.465679,0.506937
0.327013,0.321403,0.317066,0.132515,0.726722,0.500785,0.498548
0.321008,0.320839,0.287025,0.164773,0.673988,0.464495,0.496716
0.331106,0.317949,0.301021,0.144022,0.670944,0.499760,0.534635
0.287053,0.302116,0.333122,0.186552,0.613801,0.499957,0.480742
0.288573,0.306677,0.319892,0.184564,0.603443,0.516494,0.473504
0.288149,0.319987,0.297908,0.149628,0.630244,0.443747,0.487589
0.347809,0.357658,0.340920,0.113474,0.741026,0.496653,0.484211
0.261807,0.314883,0.294908,0.181686,0.548382,0.377575,0.432823
0.343074,0.337585,0.315130,0.131642,0.636421,0.517092,0.556427
0.330782,0.397525,0.352055,0.127625,0.532759,0.397581,0.428671
0.291397,0.307544,0.284297,0.166655,0.670690,0.457123,0.507299
0.415878,0.349105,0.308240,0.172717,0.771924,0.592859,0.590074
0.394773,0.340721,0.340924,0.129634,0.755923,0.549555,0.545776
0.428843,0.359549,0.350782,0.117537,0.837854,0.612116,0.523051
0.428602,0.356700,0.327128,0.142753,0.841775,0.642638,0.615438
0.342794,0.333311,0.304520,0.142619,0.813703,0.633191,0.576897
0.418535,0.356399,0.324854,0.138037,0.856036,0.666601,0.589988
0.431132,0.352394,0.344371,0.123206,0.828768,0.599424,0.548059
0.426975,0.357575,0.330624,0.119704,0.807681,0.607240,0.548566
0.422501,0.347986,0.332599,0.122639,0.817388,0.640570,0.502665
0.420215,0.352234,0.339008,0.122318,0.817697,0.622333,0.531936
0.418052,0.361660,0.324348,0.116513,0.807043,0.613487,0.552262
0.399971,0.319493,0.345108,0.137947,0.788826,0.617489,0.548730
0.421966,0.346542,0.330018,0.121484,0.815542,0.623493,0.515543
0.417023,0.356114,0.334515,0.116635,0.814966,0.595170,0.521313
0.416515,0.366902,0.337764,0.122417,0.839475,0.608409,0.552432
0.416171,0.345575,0.333672,0.136077,0.834288,0.603476,0.554873
0.393447,0.367792,0.319264,0.140595,0.730253,0.585084,0.514067
0.342791,0.394821,0.359114,0.104413,0.777680,0.514140,0.512834
0.323090,0.317489,0.336697,0.120986,0.680543,0.535486,0.488729
0.415492,0.333826,0.332846,0.135148,0.760720,0.656084,0.518860
0.400313,0.372091,0.318568,0.145471,0.731046,0.549217,0.572643
0.411896,0.390232,0.338582,0.121855,0.818417,0.577235,0.556616
0.419308,0.345995,0.339043,0.137965,0.782084,0.567168,0.545694
0.397762,0.349557,0.314866,0.153594,0.801060,0.553363,0.613736
0.397072,0.334152,0.320144,0.188167,0.743949,0.533468,0.569649
0.412891,0.347186,0.325931,0.158738,0.804320,0.626052,0.606303
0.408902,0.351102,0.319246,0.160020,0.803585,0.605669,0.613208
0.416160,0.345370,0.340636,0.139425,0.755689,0.562967,0.545108
0.405558,0.351473,0.325503,0.137354,0.761099,0.542404,0.543311
0.415138,0.342573,0.322042,0.140622,0.760491,0.595409,0.509634
0.421048,0.340978,0.326711,0.137466,0.768364,0.569737,0.533216
0.411520,0.342198,0.313848,0.135909,0.769787,0.568877,0.531113
0.400668,0.339831,0.308915,0.167165,0.726602,0.587704,0.573596
0.301255,0.301762,0.292137,0.168141,0.647825,0.547155,0.474194
0.332295,0.305011,0.345660,0.140500,0.660864,0.522325,0.540562
0.338936,0.341659,0.344087,0.129521,0.659682,0.527525,0.513697
0.367884,0.380796,0.343045,0.101655,0.787054,0.535773,0.504953
0.418160,0.339452,0.336888,0.177672,0.823602,0.584966,0.607167
0.356244,0.364451,0.330957,0.135732,0.660051,0.524655,0.532882
0.534457,0.513630,0.442952,0.088062,0.862126,0.734648,0.526456
0.521928,0.500255,0.439070,0.090156,0.877681,0.749181,0.536764
0.427762,0.415511,0.308676,0.159634,0.763259,0.647419,0.506758
0.415446,0.390609,0.366974,0.116164,0.757011,0.732789,0.571907
0.326371,0.309684,0.312754,0.159002,0.679052,0.693438,0.543100
0.387967,0.369404,0.347069,0.135325,0.752072,0.723038,0.562020
0.387110,0.338885,0.354474,0.166031,0.684406,0.711341,0.560661
0.378311,0.322979,0.362166,0.149752,0.692004,0.656394,0.546810
0.314316,0.310337,0.320644,0.195419,0.693664,0.595149,0.492564
0.397454,0.367616,0.342875,0.155448,0.675163,0.657578,0.533206
0.411870,0.357821,0.341409,0.170882,0.668469,0.640840,0.513015
0.426326,0.383814,0.303867,0.164670,0.762618,0.661833,0.489701
0.421092,0.380559,0.311331,0.168324,0.768056,0.667274,0.483838
0.370582,0.346818,0.345001,0.167351,0.723841,0.530022,0.573099
0.370295,0.346197,0.347039,0.170975,0.717434,0.489588,0.565823
0.370162,0.345953,0.352155,0.178072,0.713569,0.466701,0.565421
0.368658,0.364211,0.339191,0.138848,0.791327,0.543644,0.591393
0.364130,0.359734,0.342914,0.148066,0.779579,0.528145,0.590385
0.294313,0.301874,0.318195,0.202836,0.688166,0.447383,0.585411
0.291245,0.301557,0.318989,0.206803,0.680692,0.432125,0.581076
0.285448,0.298383,0.313209,0.211546,0.671062,0.434405,0.578195
0.277806,0.296234,0.313770,0.210637,0.647064,0.437527,0.559176
0.368550,0.343692,0.333096,0.152453,0.780202,0.513870,0.578523
0.364977,0.339865,0.338150,0.154502,0.770804,0.518951,0.577957
0.362545,0.337431,0.341135,0.156685,0.755810,0.515553,0.578476
0.358414,0.333747,0.346469,0.162809,0.727085,0.517367,0.578281
0.356324,0.331481,0.349472,0.170062,0.719022,0.467847,0.572814
0.316835,0.320609,0.329604,0.210976,0.681398,0.402078,0.550019
0.383617,0.354951,0.317188,0.272945,0.471840,0.406315,0.508329
0.315329,0.317874,0.296272,0.230160,0.551577,0.547634,0.567186
0.361394,0.343279,0.318867,0.224020,0.551953,0.538399,0.549080
0.362615,0.348111,0.314713,0.209042,0.553671,0.539002,0.554103
0.321075,0.318594,0.294422,0.225801,0.583153,0.547929,0.563081
0.294828,0.310657,0.290253,0.239710,0.542291,0.541343,0.562085
0.366996,0.353204,0.322147,0.211217,0.663093,0.596339,0.570736
0.354620,0.337949,0.307823,0.242033,0.631364,0.583004,0.504989
0.366996,0.353204,0.322147,0.211217,0.663093,0.596339,0.570736
0.313418,0.306591,0.265612,0.207720,0.792328,0.623302,0.594000
0.313418,0.306591,0.265612,0.207720,0.792328,0.623302,0.594000
0.386121,0.348424,0.299794,0.167737,0.636160,0.548961,0.521031
0.363877,0.342168,0.288156,0.180504,0.598188,0.536966,0.538038
0.373355,0.343540,0.294269,0.159273,0.600843,0.541655,0.545069
0.358820,0.344140,0.289470,0.189954,0.533500,0.514242,0.531338
0.378586,0.365202,0.305987,0.161280,0.670729,0.591903,0.545626
0.433353,0.414857,0.317713,0.145642,0.722081,0.606198,0.548847
0.385198,0.360564,0.308119,0.172656,0.679335,0.605075,0.529648
0.385198,0.360564,0.308119,0.172656,0.679335,0.605075,0.529648
0.385198,0.360564,0.308119,0.172656,0.679335,0.605075,0.529648
0.381673,0.369003,0.297797,0.171127,0.682889,0.602705,0.552056
0.435019,0.424601,0.308612,0.144147,0.722524,0.641165,0.556165
0.357491,0.339314,0.289952,0.172717,0.581264,0.512297,0.524403
0.380790,0.355726,0.291999,0.145998,0.704843,0.643249,0.556579
0.360523,0.344074,0.291542,0.160759,0.615354,0.528225,0.548992
0.474543,0.430723,0.355478,0.127033,0.797620,0.598744,0.563532
0.352823,0.335108,0.291239,0.148822,0.647604,0.558456,0.560295
0.354238,0.339425,0.292479,0.159102,0.608575,0.551578,0.537225
0.370790,0.343733,0.286947,0.153630,0.659048,0.565309,0.550354
0.364388,0.349727,0.298590,0.151650,0.621765,0.518786,0.559248
0.353907,0.333701,0.301309,0.163375,0.617392,0.544408,0.512769
0.396288,0.395340,0.299194,0.149256,0.712600,0.546009,0.539498
0.339278,0.349017,0.297871,0.171932,0.549469,0.478848,0.552687
0.406904,0.396333,0.291418,0.148908,0.685372,0.552552,0.528351
0.344205,0.347207,0.300582,0.141100,0.726701,0.496881,0.627523
0.345255,0.324639,0.282228,0.165965,0.790217,0.590895,0.594108
0.345255,0.324639,0.282228,0.165965,0.790217,0.590895,0.594108
0.351142,0.321876,0.276118,0.162232,0.819599,0.632342,0.573229
0.308252,0.297951,0.274364,0.175780,0.752986,0.617159,0.575934
0.308252,0.297951,0.274364,0.175780,0.752986,0.617159,0.575934
0.327560,0.316290,0.286808,0.184545,0.749554,0.598930,0.575740
0.327560,0.316290,0.286808,0.184545,0.749554,0.598930,0.575740
0.329084,0.313669,0.280555,0.183715,0.793974,0.619643,0.556705
0.329084,0.313669,0.280555,0.183715,0.793974,0.619643,0.556705
0.424547,0.382656,0.301615,0.156297,0.662884,0.633206,0.528780
0.424547,0.382656,0.301615,0.156297,0.662884,0.633206,0.528780
0.424547,0.382656,0.301615,0.156297,0.662884,0.633206,0.528780
0.354613,0.347528,0.295918,0.200349,0.588332,0.549188,0.534476
0.348987,0.411473,0.341223,0.192040,0.739400,0.684258,0.595980
0.323096,0.333397,0.295374,0.256616,0.676710,0.591698,0.506956
0.350604,0.324208,0.312339,0.250535,0.715610,0.643423,0.529639
0.350604,0.324208,0.312339,0.250535,0.715610,0.643423,0.529639
0.487941,0.433154,0.350279,0.139985,0.811976,0.613935,0.517932
0.414241,0.381353,0.356844,0.173172,0.768918,0.729463,0.473647
0.344732,0.382402,0.340371,0.109373,0.794544,0.543078,0.513880
0.311344,0.305658,0.333407,0.139872,0.620925,0.517560,0.486387
0.350251,0.324189,0.351475,0.151244,0.666331,0.534877,0.480952
0.337102,0.321980,0.354201,0.147014,0.654754,0.522747,0.477943
0.356336,0.342042,0.355763,0.133935,0.677321,0.555517,0.504758
0.396868,0.380775,0.353063,0.161864,0.781733,0.696496,0.504329
0.460771,0.436101,0.345194,0.123111,0.825096,0.650049,0.578641
0.464547,0.439159,0.361263,0.128997,0.808684,0.645287,0.569485
0.471788,0.444291,0.354566,0.118611,0.866173,0.697988,0.548485
0.467642,0.445364,0.334090,0.119007,0.886247,0.688933,0.567116
0.471616,0.452267,0.336062,0.117440,0.859933,0.676767,0.526964
0.463219,0.420787,0.373278,0.155192,0.723163,0.628732,0.522875
0.550695,0.595725,0.521377,0.084159,0.896241,0.695662,0.500262
0.452737,0.399908,0.364993,0.151133,0.684581,0.606472,0.538585
0.297219,0.319331,0.311894,0.257984,0.624371,0.486879,0.631751
0.412965,0.367421,0.344117,0.127583,0.828431,0.609742,0.573126
0.413974,0.360662,0.372459,0.129711,0.767590,0.643786,0.572114
0.301228,0.310059,0.290024,0.221605,0.716490,0.468332,0.562127
0.333515,0.328267,0.297264,0.257389,0.654945,0.584992,0.505995
0.466255,0.444648,0.397829,0.107162,0.859055,0.660225,0.553298
0.336860,0.317558,0.306662,0.231265,0.697182,0.606547,0.507154
0.338312,0.333742,0.304381,0.209010,0.733922,0.628813,0.512201
0.346677,0.344741,0.302006,0.191265,0.749509,0.662739,0.548181
0.337056,0.330555,0.304334,0.237603,0.714197,0.593876,0.513478
0.336308,0.333292,0.302794,0.228576,0.719778,0.618197,0.520874
0.365161,0.349015,0.307515,0.210062,0.763569,0.659918,0.548016
0.337119,0.327264,0.317059,0.227565,0.719217,0.582860,0.548307
0.322365,0.343177,0.304965,0.224805,0.682790,0.626146,0.508012
0.354628,0.341494,0.308872,0.244976,0.778226,0.669300,0.567336
0.354118,0.341331,0.305409,0.220567,0.775822,0.666609,0.581915
0.334364,0.340378,0.301219,0.197851,0.703820,0.627315,0.542092
0.327779,0.337582,0.305768,0.228885,0.708505,0.614391,0.533167
0.337497,0.330620,0.299034,0.258235,0.701503,0.609987,0.514660
0.337497,0.330620,0.299034,0.258235,0.701503,0.609987,0.514660
0.333216,0.328747,0.302337,0.251458,0.658205,0.598663,0.508301
0.301228,0.310059,0.290024,0.221605,0.716490,0.468332,0.562127
0.307590,0.309550,0.288822,0.212862,0.720428,0.477098,0.562829
0.343923,0.338888,0.315167,0.241843,0.680372,0.552974,0.499329
0.331164,0.324218,0.310382,0.231337,0.698765,0.601035,0.511665
0.330522,0.314407,0.328479,0.224482,0.697217,0.605955,0.512924
0.325931,0.330784,0.309305,0.232515,0.692474,0.565050,0.515779
0.338798,0.331160,0.311664,0.239572,0.705887,0.605940,0.512957
0.325765,0.328447,0.314917,0.214014,0.722817,0.585647,0.492807
0.325936,0.316788,0.305761,0.214953,0.690536,0.558679,0.487167
0.325765,0.328447,0.314917,0.214014,0.722817,0.585647,0.492807
0.325936,0.316788,0.305761,0.214953,0.690536,0.558679,0.487167
0.320533,0.323371,0.307618,0.229586,0.687162,0.571070,0.496876
0.312982,0.324188,0.307232,0.221064,0.694247,0.555972,0.494793
0.296743,0.325167,0.307419,0.221607,0.702529,0.568652,0.494464
0.298982,0.329640,0.292516,0.265067,0.642463,0.529350,0.460514
0.274475,0.314455,0.305095,0.260590,0.688778,0.513351,0.521787
0.335114,0.328187,0.308622,0.195060,0.742536,0.629115,0.497747
0.338873,0.323615,0.313529,0.242662,0.705340,0.586806,0.526990
0.449187,0.412341,0.368082,0.111406,0.841131,0.644839,0.534649
0.344264,0.318116,0.269458,0.233063,0.828078,0.603780,0.426314
0.338538,0.314997,0.281858,0.208694,0.834125,0.603561,0.420476
0.342798,0.309372,0.275016,0.226983,0.828037,0.582037,0.433388
0.344217,0.309692,0.273971,0.237008,0.826184,0.579884,0.433539
0.322365,0.343177,0.304965,0.224805,0.682790,0.626146,0.508012
0.336405,0.338701,0.303111,0.211332,0.711644,0.638503,0.531156
0.312869,0.310086,0.285721,0.205272,0.725388,0.490312,0.557821
0.343923,0.338888,0.315167,0.241843,0.680372,0.552974,0.499329
0.320533,0.323371,0.307618,0.229586,0.687162,0.571070,0.496876
0.312982,0.324188,0.307232,0.221064,0.694247,0.555972,0.494793
0.296743,0.325167,0.307419,0.221607,0.702529,0.568652,0.494464
0.322013,0.330011,0.301129,0.250974,0.662115,0.549928,0.484379
0.405074,0.376572,0.343101,0.162823,0.672023,0.651774,0.489573
0.405074,0.376572,0.343101,0.162823,0.672023,0.651774,0.489573
0.365499,0.320420,0.294768,0.216693,0.706303,0.593431,0.494528
0.335114,0.328187,0.308622,0.195060,0.742536,0.629115,0.497747
0.387339,0.339893,0.294578,0.141161,0.831066,0.609800,0.544271
0.391605,0.340964,0.327477,0.151404,0.736483,0.523269,0.524326
0.313301,0.311722,0.332044,0.167549,0.589104,0.508681,0.482285
0.359088,0.338559,0.365718,0.127615,0.670588,0.539772,0.509587
0.542801,0.563814,0.500270,0.084952,0.871684,0.702862,0.589626
0.354476,0.325798,0.315585,0.117388,0.743788,0.515830,0.512807
0.687328,0.617433,0.582273,0.100091,0.863538,0.809918,0.470837
0.643322,0.609557,0.648018,0.143132,0.843301,0.706309,0.487338
0.643322,0.609557,0.648018,0.143132,0.843301,0.706309,0.487338
0.643322,0.609557,0.648018,0.143132,0.843301,0.706309,0.487338
0.652875,0.601421,0.572249,0.118705,0.846830,0.724098,0.446247
0.652875,0.601421,0.572249,0.118705,0.846830,0.724098,0.446247
0.652875,0.601421,0.572249,0.118705,0.846830,0.724098,0.446247
0.651245,0.635723,0.563812,0.123582,0.801247,0.733032,0.488120
0.618976,0.563640,0.617266,0.166766,0.803737,0.678363,0.458064
0.618976,0.563640,0.617266,0.166766,0.803737,0.678363,0.458064
0.643161,0.584210,0.590105,0.148556,0.840228,0.702895,0.436067
0.650135,0.624118,0.537617,0.137938,0.770083,0.658741,0.469537
0.563769,0.558712,0.511702,0.131762,0.808257,0.650245,0.514260
0.397135,0.364872,0.315684,0.171208,0.671129,0.602272,0.541337
0.569444,0.633417,0.562644,0.124388,0.686456,0.684652,0.553855
0.550468,0.607830,0.459869,0.082586,0.858909,0.753656,0.583702
0.552566,0.548391,0.498630,0.088094,0.875152,0.712520,0.613878
0.548685,0.570768,0.508370,0.083311,0.881769,0.705730,0.642691
0.310390,0.287842,0.268743,0.184779,0.762407,0.605804,0.616755
0.310390,0.287842,0.268743,0.184779,0.762407,0.605804,0.616755
0.344044,0.326869,0.306685,0.226658,0.706928,0.609623,0.513485
0.390567,0.355606,0.311210,0.138610,0.812647,0.683278,0.499304
0.525211,0.549857,0.463511,0.096135,0.856022,0.619340,0.529993
0.430562,0.385066,0.295007,0.149653,0.691518,0.670869,0.531760
0.300773,0.314533,0.337554,0.246755,0.582313,0.402584,0.519784
0.409959,0.395006,0.345000,0.221327,0.600297,0.531717,0.547213
0.567173,0.580849,0.453279,0.097171,0.891232,0.644315,0.572844
0.578334,0.589157,0.447294,0.096907,0.890561,0.661316,0.571499
0.548941,0.584224,0.442499,0.112624,0.884549,0.661916,0.569745
0.554272,0.598543,0.443387,0.109983,0.881760,0.645263,0.566415
0.569274,0.597222,0.442948,0.096881,0.894253,0.656063,0.586880
0.539771,0.549869,0.439022,0.107641,0.833942,0.594688,0.498217
0.458324,0.472560,0.345425,0.168381,0.787374,0.631156,0.572627
0.396033,0.418387,0.333662,0.172968,0.759724,0.589233,0.570901
0.530166,0.522860,0.387709,0.105948,0.834836,0.740553,0.586785
0.518190,0.482926,0.351719,0.118129,0.768511,0.701672,0.560319
0.550739,0.533522,0.419782,0.087933,0.797178,0.737789,0.517158
0.550596,0.536460,0.421761,0.094111,0.795329,0.741828,0.530573
0.545187,0.537392,0.468436,0.096701,0.791766,0.713603,0.511354
0.550952,0.578335,0.464566,0.093827,0.789747,0.718114,0.527678
0.520043,0.510805,0.390011,0.106582,0.701839,0.666143,0.503247
0.575921,0.624472,0.562197,0.089028,0.828098,0.752812,0.519226
0.481913,0.488574,0.394919,0.130449,0.697613,0.596377,0.536996
0.549023,0.566842,0.441323,0.100680,0.729678,0.673869,0.510372
0.342919,0.348535,0.320686,0.124829,0.661328,0.473934,0.512474
0.351884,0.372512,0.322691,0.118510,0.733664,0.510965,0.512129
0.356577,0.354000,0.321150,0.153378,0.623622,0.513717,0.520052
0.313775,0.335441,0.330969,0.147879,0.612824,0.492276,0.522517
0.340613,0.318129,0.347532,0.134959,0.676700,0.519385,0.539702
0.321208,0.309666,0.325329,0.140760,0.643601,0.531644,0.510386
0.329746,0.316936,0.307230,0.137601,0.710264,0.533522,0.501801
0.361154,0.320960,0.314617,0.118012,0.737940,0.510491,0.517935
0.323004,0.312350,0.289899,0.153737,0.640972,0.447976,0.465764
0.284950,0.300491,0.309844,0.169582,0.582476,0.516578,0.494805
0.350251,0.338715,0.314475,0.127655,0.664564,0.510892,0.555816
0.513403,0.526448,0.424101,0.106700,0.840285,0.563631,0.457405
0.550136,0.542410,0.427698,0.113736,0.793022,0.458668,0.440927
0.561648,0.519443,0.435773,0.132269,0.761536,0.682638,0.522625
0.567452,0.568826,0.434717,0.122671,0.771934,0.669699,0.500153
0.542025,0.537812,0.462982,0.112963,0.796839,0.704042,0.528769
0.540278,0.535524,0.442425,0.123155,0.741892,0.669302,0.533580
0.591652,0.579276,0.457080,0.114160,0.801036,0.689045,0.531064
0.591491,0.549445,0.466337,0.105162,0.762199,0.657718,0.498593
0.622687,0.583877,0.417705,0.116601,0.787017,0.708511,0.497877
0.624644,0.577192,0.397720,0.106825,0.787714,0.708774,0.495917
0.603456,0.541970,0.424727,0.111502,0.759848,0.661147,0.528225
0.607825,0.551015,0.412470,0.108298,0.776583,0.673380,0.531545
0.628704,0.587443,0.395999,0.108013,0.791296,0.702617,0.510719
0.628704,0.587443,0.395999,0.108013,0.791296,0.702617,0.510719
0.628704,0.587443,0.395999,0.108013,0.791296,0.702617,0.510719
0.529034,0.537794,0.416529,0.120932,0.784727,0.711857,0.520490
0.541027,0.534674,0.398427,0.116490,0.782620,0.691952,0.500609
0.589038,0.568677,0.438920,0.125488,0.815053,0.689559,0.531921
0.531652,0.515958,0.435854,0.118879,0.782313,0.649655,0.519166
0.531357,0.541240,0.444444,0.121381,0.785812,0.662564,0.508756
0.517183,0.518767,0.415199,0.134976,0.738074,0.628213,0.532875
0.552042,0.594376,0.520816,0.109626,0.815055,0.738120,0.502744
0.622370,0.639028,0.592439,0.081138,0.869684,0.767950,0.508148
0.622317,0.629338,0.584888,0.094713,0.847723,0.756024,0.512199
0.617922,0.640359,0.614406,0.081347,0.882351,0.775963,0.526249
0.625362,0.644121,0.594389,0.091463,0.852033,0.753379,0.554130
0.547157,0.611707,0.533672,0.095902,0.838048,0.762846,0.513982
0.541251,0.583987,0.507341,0.111122,0.824840,0.739225,0.523324
0.554989,0.622032,0.561599,0.095906,0.853761,0.767257,0.516586
0.552748,0.598565,0.516505,0.106278,0.828051,0.731808,0.537969
0.579536,0.572443,0.443380,0.109293,0.820228,0.716521,0.532008
0.552262,0.539747,0.439290,0.104384,0.808765,0.727504,0.523484
0.563370,0.550036,0.436204,0.098758,0.812417,0.737539,0.531885
0.540826,0.522423,0.423384,0.116825,0.781458,0.699432,0.533237
0.563370,0.550036,0.436204,0.098758,0.812417,0.737539,0.531885
0.563370,0.550036,0.436204,0.098758,0.812417,0.737539,0.531885
0.583603,0.600461,0.543753,0.091312,0.835482,0.751799,0.516086
0.578974,0.609723,0.515431,0.086507,0.843738,0.752504,0.523995
0.593448,0.567868,0.518517,0.123694,0.784872,0.690607,0.522917
0.587975,0.572067,0.431873,0.108889,0.813230,0.721357,0.528742
0.585491,0.590782,0.416617,0.106050,0.816437,0.711994,0.536823
0.606894,0.643144,0.520589,0.129791,0.821820,0.733320,0.551516
0.587975,0.572067,0.431873,0.108889,0.813230,0.721357,0.528742
0.585491,0.590782,0.416617,0.106050,0.816437,0.711994,0.536823
0.587975,0.572067,0.431873,0.108889,0.813230,0.721357,0.528742
0.585491,0.590782,0.416617,0.106050,0.816437,0.711994,0.536823
0.605135,0.632366,0.587209,0.093997,0.848812,0.756056,0.551840
0.553967,0.635930,0.559511,0.097336,0.855277,0.772545,0.542688
0.555897,0.600792,0.518324,0.112961,0.826862,0.741486,0.542109
0.609256,0.579048,0.433143,0.126503,0.845296,0.696065,0.529196
0.544522,0.549307,0.399752,0.113065,0.819128,0.718137,0.567097
0.537172,0.555790,0.400688,0.122207,0.802595,0.679517,0.542280
0.617744,0.565824,0.423609,0.100609,0.801067,0.719750,0.529419
0.540466,0.532068,0.400980,0.105298,0.803573,0.707650,0.521965
0.540466,0.532068,0.400980,0.105298,0.803573,0.707650,0.521965
0.540466,0.532068,0.400980,0.105298,0.803573,0.707650,0.521965
0.659052,0.651034,0.611479,0.081276,0.868008,0.775213,0.493953
0.612494,0.625341,0.556161,0.091583,0.845008,0.747860,0.483639
0.590920,0.552605,0.434634,0.098201,0.774484,0.684570,0.489378
0.585414,0.544683,0.429253,0.113622,0.746839,0.664945,0.496257
0.626701,0.644224,0.510948,0.090621,0.825889,0.717469,0.486810
0.633489,0.615733,0.436779,0.108466,0.783981,0.707014,0.490760
0.621735,0.629722,0.534832,0.090473,0.806397,0.727162,0.476572
0.621735,0.629722,0.534832,0.090473,0.806397,0.727162,0.476572
0.537446,0.503327,0.414077,0.115313,0.741807,0.645588,0.514809
0.537446,0.503327,0.414077,0.115313,0.741807,0.645588,0.514809
0.537446,0.503327,0.414077,0.115313,0.741807,0.645588,0.514809
0.621569,0.576993,0.408508,0.108332,0.793705,0.702705,0.501319
0.623343,0.580568,0.389160,0.107879,0.776224,0.696403,0.503449
0.615546,0.573241,0.444827,0.102571,0.783484,0.739600,0.502844
0.583975,0.549390,0.407143,0.128763,0.778010,0.647238,0.539375
0.565647,0.518918,0.421587,0.112055,0.772770,0.631774,0.502522
0.539540,0.516946,0.402345,0.131597,0.750085,0.611337,0.515073
0.609957,0.601060,0.487624,0.089468,0.799000,0.741966,0.484052
0.618379,0.581761,0.400032,0.109098,0.792780,0.712371,0.502555
0.618379,0.581761,0.400032,0.109098,0.792780,0.712371,0.502555
0.618379,0.581761,0.400032,0.109098,0.792780,0.712371,0.502555
0.610606,0.572936,0.401180,0.097575,0.823117,0.688454,0.524594
0.597537,0.542042,0.402926,0.111117,0.775620,0.667993,0.526702
0.541704,0.477212,0.370095,0.121040,0.710089,0.611329,0.519958
0.630198,0.592792,0.390213,0.105219,0.790710,0.704486,0.511051
0.630198,0.592792,0.390213,0.105219,0.790710,0.704486,0.511051
0.630198,0.592792,0.390213,0.105219,0.790710,0.704486,0.511051
0.604950,0.540509,0.424911,0.112623,0.763076,0.651301,0.523841
0.626200,0.569685,0.426482,0.107545,0.770098,0.698145,0.506974
0.616181,0.564716,0.397398,0.109955,0.779922,0.703820,0.493641
0.659052,0.651034,0.611479,0.081276,0.868008,0.775213,0.493953
0.612494,0.625341,0.556161,0.091583,0.845008,0.747860,0.483639
0.590920,0.552605,0.434634,0.098201,0.774484,0.684570,0.489378
0.585414,0.544683,0.429253,0.113622,0.746839,0.664945,0.496257
0.621735,0.629722,0.534832,0.090473,0.806397,0.727162,0.476572
0.626701,0.644224,0.510948,0.090621,0.825889,0.717469,0.486810
0.633489,0.615733,0.436779,0.108466,0.783981,0.707014,0.490760
0.638317,0.685542,0.550429,0.093118,0.858866,0.719678,0.502535
0.657738,0.661802,0.628814,0.089391,0.859898,0.777028,0.522505
0.591491,0.549445,0.466337,0.105162,0.762199,0.657718,0.498593
0.582913,0.550976,0.445633,0.125604,0.702872,0.589738,0.510943
0.552262,0.539747,0.439290,0.104384,0.808765,0.727504,0.523484
0.540826,0.522423,0.423384,0.116825,0.781458,0.699432,0.533237
0.542025,0.537812,0.462982,0.112963,0.796839,0.704042,0.528769
0.605287,0.567421,0.444795,0.110019,0.790733,0.714985,0.536131
0.606803,0.571857,0.455875,0.108968,0.807357,0.724526,0.531644
0.595511,0.563420,0.401589,0.102068,0.816740,0.670948,0.516118
0.582677,0.569349,0.450277,0.109610,0.801973,0.603344,0.513584
0.555746,0.532155,0.402405,0.113709,0.764435,0.583396,0.526524
0.583939,0.553076,0.468745,0.117185,0.781686,0.597589,0.523648
0.550739,0.515861,0.406422,0.122104,0.703069,0.554984,0.540158
0.554070,0.535058,0.453886,0.117322,0.841363,0.671800,0.520855
0.520578,0.499179,0.396091,0.115559,0.794604,0.623313,0.542153
0.542368,0.528716,0.469036,0.128568,0.832025,0.660882,0.529872
0.508098,0.495509,0.408008,0.125217,0.744446,0.606273,0.550734
0.583271,0.570984,0.459503,0.102990,0.843388,0.702603,0.566667
0.547948,0.529564,0.407712,0.110381,0.757094,0.670174,0.534056
0.535465,0.477734,0.432575,0.120412,0.812822,0.698967,0.522413
0.581047,0.498006,0.426620,0.113818,0.770442,0.652246,0.489691
0.538537,0.485133,0.413842,0.113358,0.823540,0.725464,0.517793
0.585463,0.560100,0.524081,0.097301,0.841071,0.753453,0.504568
0.580571,0.501193,0.404753,0.109432,0.785023,0.681864,0.485412
0.631093,0.576591,0.513562,0.098303,0.805420,0.723371,0.473125
0.580571,0.501193,0.404753,0.109432,0.785023,0.681864,0.485412
0.581047,0.498006,0.426620,0.113818,0.770442,0.652246,0.489691
0.535465,0.477734,0.432575,0.120412,0.812822,0.698967,0.522413
0.555470,0.507557,0.405344,0.106870,0.800662,0.596151,0.501766
0.554148,0.511185,0.416543,0.111070,0.784082,0.592328,0.510813
0.525516,0.489860,0.411073,0.112067,0.841587,0.656374,0.511142
0.515646,0.484689,0.422046,0.118560,0.836357,0.648622,0.517986
0.547607,0.511477,0.398813,0.101818,0.840731,0.708884,0.570567
0.561928,0.550414,0.439251,0.121675,0.820436,0.731894,0.514508
0.594105,0.625907,0.512952,0.092530,0.838661,0.737037,0.494891
0.353086,0.287214,0.289899,0.183351,0.803491,0.595444,0.580543
0.338780,0.287688,0.293344,0.175814,0.797826,0.586785,0.571048
0.345078,0.295283,0.290394,0.177782,0.800502,0.586296,0.561816
0.343919,0.292668,0.291246,0.178560,0.800446,0.585221,0.561848
0.337556,0.286152,0.280227,0.181213,0.824505,0.601385,0.538823
0.331158,0.298514,0.258901,0.239271,0.705528,0.551187,0.405723
0.327531,0.298719,0.280359,0.210619,0.821486,0.530584,0.406734
0.337230,0.293305,0.276917,0.252276,0.778244,0.523001,0.423803
0.329874,0.291614,0.263293,0.242851,0.713102,0.528258,0.405539
0.339493,0.305093,0.271315,0.227024,0.785668,0.536324,0.440060
0.347534,0.296821,0.283583,0.218717,0.771695,0.520491,0.477092
0.336478,0.300017,0.274743,0.227323,0.781003,0.522265,0.429795
0.326654,0.291517,0.279008,0.219311,0.781502,0.512863,0.438894
0.347132,0.294989,0.278010,0.242622,0.775487,0.533262,0.490379
0.539530,0.563158,0.437496,0.121544,0.806385,0.533378,0.481327
0.546102,0.570601,0.463865,0.122736,0.821969,0.520902,0.506992
0.543515,0.580036,0.463510,0.087421,0.826834,0.648555,0.479519
0.521221,0.556066,0.432777,0.119503,0.766919,0.487854,0.457618
0.527383,0.567455,0.445570,0.097895,0.806463,0.618255,0.471181
0.511788,0.563847,0.437862,0.114083,0.783774,0.608203,0.470181
0.529468,0.585141,0.474881,0.121853,0.810079,0.580275,0.491711
0.587459,0.589543,0.499406,0.085443,0.889401,0.750750,0.616742
0.587459,0.589543,0.499406,0.085443,0.889401,0.750750,0.616742
0.545169,0.519580,0.419714,0.126638,0.833007,0.749806,0.523630
0.595959,0.585383,0.541285,0.116413,0.638038,0.532531,0.467748
0.365780,0.337200,0.331654,0.190950,0.583515,0.429097,0.521990
0.386750,0.348752,0.331685,0.208163,0.601857,0.425432,0.481264
0.468444,0.414169,0.367799,0.164906,0.658806,0.500003,0.532726
0.565634,0.577497,0.555494,0.105114,0.755862,0.554568,0.491807
0.496753,0.526107,0.449218,0.123998,0.714597,0.523427,0.485085
0.568600,0.579350,0.557194,0.105396,0.707541,0.546267,0.486121
0.413775,0.395192,0.408637,0.139886,0.703803,0.597660,0.485341
0.437350,0.457835,0.417710,0.139124,0.699848,0.556094,0.453764
0.545722,0.555004,0.512055,0.133411,0.621556,0.568395,0.439565
0.477613,0.440643,0.398835,0.139096,0.678850,0.554717,0.572004
0.470657,0.417349,0.355501,0.129495,0.776255,0.632844,0.580670
0.463475,0.470489,0.469861,0.131062,0.712662,0.591691,0.480454
0.418022,0.414400,0.411926,0.149189,0.671378,0.570545,0.494449
0.372673,0.363839,0.422079,0.163095,0.593789,0.530943,0.481360
0.504618,0.520821,0.430566,0.115201,0.818671,0.659869,0.474602
0.496773,0.472681,0.436320,0.121730,0.743748,0.606566,0.482563
0.533623,0.515747,0.470804,0.105208,0.841868,0.661891,0.488892
0.437529,0.464664,0.416766,0.110898,0.782059,0.584515,0.463478
0.520007,0.507257,0.458942,0.109043,0.843323,0.678650,0.473903
0.459034,0.513298,0.451738,0.132021,0.703122,0.554666,0.442089
0.446594,0.445480,0.451252,0.142255,0.717808,0.509372,0.457539
0.427849,0.414205,0.394190,0.121379,0.672642,0.545876,0.521225
0.400239,0.372274,0.392874,0.130734,0.676894,0.550265,0.551970
0.494164,0.495236,0.389930,0.108183,0.809212,0.656823,0.514533
0.447058,0.419785,0.362847,0.100709,0.785634,0.632718,0.509381
0.589873,0.587255,0.483959,0.075752,0.864510,0.709593,0.489662
0.425516,0.362871,0.371026,0.138871,0.659527,0.568950,0.490247
0.433886,0.408053,0.344108,0.143583,0.748070,0.557713,0.559792
0.487914,0.492909,0.369749,0.109493,0.814157,0.611582,0.519932
0.388294,0.363828,0.389020,0.114872,0.809695,0.589929,0.531776
0.395099,0.387235,0.394103,0.134366,0.670490,0.532540,0.537854
0.393806,0.386457,0.395281,0.143550,0.646238,0.529339,0.520568
0.429535,0.436428,0.401599,0.141108,0.627542,0.508158,0.482501
0.435229,0.397679,0.394843,0.138499,0.767940,0.605565,0.543744
0.607586,0.624148,0.554206,0.086245,0.891548,0.697633,0.516597
0.651166,0.703885,0.590380,0.082092,0.898269,0.744412,0.494412
0.379405,0.370787,0.417561,0.162646,0.616855,0.538431,0.482352
0.404078,0.364656,0.382953,0.150918,0.693551,0.534938,0.440345
0.517093,0.494119,0.368137,0.128809,0.715937,0.512850,0.498813
0.512385,0.502119,0.378457,0.121370,0.724474,0.495375,0.483102
0.512698,0.497589,0.380241,0.129575,0.705915,0.480362,0.489668
0.482485,0.504962,0.385653,0.123724,0.751016,0.564276,0.498716
0.525828,0.537222,0.382217,0.109375,0.735602,0.593850,0.491661
0.512006,0.541160,0.395496,0.097497,0.776306,0.623884,0.506310
0.444766,0.432352,0.366763,0.116766,0.730346,0.514672,0.480522
0.532094,0.520623,0.401390,0.116152,0.794157,0.629642,0.467601
0.520425,0.569691,0.430276,0.108133,0.791019,0.644470,0.505337
0.545734,0.602586,0.460769,0.098830,0.829416,0.686445,0.506075
0.517219,0.554102,0.441688,0.114987,0.770538,0.610100,0.533360
0.473503,0.492968,0.380071,0.124310,0.736789,0.600297,0.517742
0.516699,0.553246,0.435428,0.108113,0.827389,0.606700,0.524547
0.536348,0.541833,0.447994,0.101774,0.768286,0.626633,0.500986
0.552716,0.547497,0.448715,0.117950,0.720436,0.511345,0.480306
0.514287,0.521323,0.402645,0.118090,0.742237,0.569155,0.522511
0.519624,0.530616,0.401594,0.113536,0.738947,0.566038,0.513502
0.523265,0.566082,0.439100,0.111333,0.771846,0.637832,0.523954
0.523265,0.566082,0.439100,0.111333,0.771846,0.637832,0.523954
0.475663,0.461877,0.332770,0.124131,0.718682,0.647988,0.534602
0.512178,0.462379,0.433121,0.089487,0.806117,0.590700,0.541264
0.587796,0.621998,0.543302,0.076833,0.875091,0.706822,0.556465
0.541793,0.570709,0.409271,0.091865,0.802899,0.642090,0.547486
0.481454,0.457119,0.328256,0.108502,0.722401,0.687365,0.562839
0.498536,0.446476,0.342086,0.113404,0.730934,0.610588,0.559386
0.438402,0.385254,0.388807,0.165522,0.821662,0.676550,0.489051
0.459660,0.405681,0.429028,0.148528,0.808096,0.712355,0.469863
0.540515,0.520854,0.508056,0.090596,0.848559,0.684020,0.571273
0.573300,0.570283,0.539723,0.086160,0.875535,0.705927,0.581533
0.314115,0.291281,0.297183,0.218894,0.690883,0.502121,0.516726
0.500434,0.471622,0.428569,0.125329,0.752743,0.517783,0.460110
0.401304,0.378836,0.388447,0.111620,0.767772,0.558378,0.538326
0.326728,0.309416,0.337173,0.144466,0.627008,0.530541,0.532916
0.554768,0.633681,0.532401,0.080884,0.888800,0.716874,0.546069
0.550985,0.599163,0.532440,0.092826,0.896842,0.738428,0.528987
0.475483,0.439045,0.347729,0.153782,0.770782,0.575961,0.490738
0.449710,0.448676,0.413211,0.188406,0.703296,0.462512,0.541066
0.449710,0.448676,0.413211,0.188406,0.703296,0.462512,0.541066
0.393374,0.362456,0.315626,0.128944,0.805448,0.663916,0.513728
0.426556,0.364549,0.325257,0.184362,0.655090,0.577814,0.542560
0.359367,0.317318,0.323553,0.252013,0.760541,0.588149,0.508555
0.359367,0.317318,0.323553,0.252013,0.760541,0.588149,0.508555
0.345664,0.307896,0.321929,0.246262,0.689957,0.478833,0.521762
0.345664,0.307896,0.321929,0.246262,0.689957,0.478833,0.521762
0.358852,0.321270,0.315754,0.251187,0.748225,0.603279,0.501237
0.358852,0.321270,0.315754,0.251187,0.748225,0.603279,0.501237
0.359090,0.318502,0.321250,0.235783,0.749213,0.573874,0.515176
0.359090,0.318502,0.321250,0.235783,0.749213,0.573874,0.515176
0.346272,0.323857,0.299364,0.211487,0.685067,0.527701,0.538767
0.334341,0.315854,0.291896,0.215657,0.710523,0.528544,0.554548
0.335122,0.313754,0.290047,0.219472,0.699457,0.520927,0.569542
0.352694,0.308816,0.362649,0.211004,0.671841,0.523846,0.564098
0.352672,0.318321,0.366455,0.201795,0.673140,0.482786,0.576380
0.359708,0.308125,0.372994,0.207167,0.690567,0.546951,0.566774
0.371062,0.322410,0.377810,0.195459,0.694416,0.525040,0.550879
0.378206,0.347900,0.364732,0.189428,0.655798,0.605063,0.489392
0.385747,0.351459,0.389244,0.199046,0.659879,0.555089,0.511958
0.331328,0.299358,0.362987,0.172429,0.697245,0.534889,0.497611
0.366635,0.341331,0.322496,0.177183,0.786070,0.620139,0.520869
0.366635,0.341331,0.322496,0.177183,0.786070,0.620139,0.520869
0.370995,0.364531,0.321961,0.158883,0.721196,0.672557,0.460440
0.370995,0.364531,0.321961,0.158883,0.721196,0.672557,0.460440
0.398294,0.385408,0.356731,0.144482,0.772200,0.722109,0.470277
0.398294,0.385408,0.356731,0.144482,0.772200,0.722109,0.470277
0.398294,0.385408,0.356731,0.144482,0.772200,0.722109,0.470277
0.369169,0.358592,0.332058,0.159993,0.727085,0.672489,0.441413
0.369169,0.358592,0.332058,0.159993,0.727085,0.672489,0.441413
0.369169,0.358592,0.332058,0.159993,0.727085,0.672489,0.441413
0.289897,0.296220,0.266218,0.210604,0.642066,0.513957,0.505178
0.290126,0.324799,0.300994,0.210729,0.586018,0.529383,0.441035
0.392730,0.311598,0.335320,0.198237,0.727086,0.614162,0.520700
0.311902,0.394152,0.347399,0.163175,0.711273,0.478380,0.572231
0.311902,0.394152,0.347399,0.163175,0.711273,0.478380,0.572231
0.329416,0.364283,0.313005,0.137457,0.773706,0.569994,0.565670
0.329416,0.364283,0.313005,0.137457,0.773706,0.569994,0.565670
0.355907,0.413020,0.336264,0.132954,0.797718,0.563232,0.560563
0.355907,0.413020,0.336264,0.132954,0.797718,0.563232,0.560563
0.426489,0.482150,0.328599,0.114748,0.824816,0.600420,0.596321
0.426489,0.482150,0.328599,0.114748,0.824816,0.600420,0.596321
0.420711,0.457004,0.376532,0.118702,0.830419,0.556574,0.561159
0.420711,0.457004,0.376532,0.118702,0.830419,0.556574,0.561159
0.369468,0.456840,0.352654,0.164539,0.686204,0.487452,0.542592
0.369468,0.456840,0.352654,0.164539,0.686204,0.487452,0.542592
0.441198,0.510568,0.358327,0.154393,0.702930,0.560359,0.521842
0.441198,0.510568,0.358327,0.154393,0.702930,0.560359,0.521842
0.377576,0.466006,0.349074,0.165474,0.660919,0.494526,0.523119
0.377576,0.466006,0.349074,0.165474,0.660919,0.494526,0.523119
0.447094,0.481701,0.377349,0.176270,0.706382,0.506925,0.539442
0.447094,0.481701,0.377349,0.176270,0.706382,0.506925,0.539442
0.397555,0.460160,0.355459,0.146723,0.712946,0.564302,0.562549
0.397555,0.460160,0.355459,0.146723,0.712946,0.564302,0.562549
0.303587,0.350336,0.298343,0.165697,0.662692,0.534159,0.575238
0.303587,0.350336,0.298343,0.165697,0.662692,0.534159,0.575238
0.321708,0.379155,0.316559,0.175233,0.701147,0.498185,0.571885
0.321708,0.379155,0.316559,0.175233,0.701147,0.498185,0.571885
0.394821,0.459274,0.312308,0.142400,0.759668,0.583537,0.605756
0.394821,0.459274,0.312308,0.142400,0.759668,0.583537,0.605756
0.371518,0.424720,0.356411,0.154183,0.727769,0.509794,0.559030
0.371518,0.424720,0.356411,0.154183,0.727769,0.509794,0.559030
0.361473,0.328811,0.285484,0.230467,0.747801,0.554232,0.501273
0.572444,0.596467,0.555470,0.096064,0.926053,0.657309,0.620309
0.524629,0.473946,0.397630,0.107129,0.806791,0.569458,0.557915
0.392762,0.374017,0.367686,0.172986,0.769146,0.665955,0.482770
0.404170,0.380566,0.358601,0.159806,0.768532,0.603330,0.582005
0.433951,0.406875,0.357910,0.168927,0.766066,0.610239,0.556630
0.496349,0.568339,0.538127,0.125265,0.904263,0.673435,0.567626
0.357784,0.297820,0.310378,0.154070,0.817909,0.555115,0.632387
0.355680,0.310261,0.308771,0.152689,0.820864,0.565072,0.619550
0.351481,0.287736,0.296426,0.167519,0.776210,0.575885,0.629981
0.345369,0.301556,0.299290,0.168090,0.794321,0.570048,0.617952
0.365099,0.310034,0.299508,0.171251,0.821971,0.631818,0.614443
0.371735,0.310965,0.303488,0.162624,0.826089,0.637613,0.616973
0.366235,0.341877,0.367829,0.169565,0.749894,0.645441,0.549175
0.364926,0.347464,0.362191,0.171917,0.751823,0.653883,0.553177
0.336097,0.295575,0.297836,0.177203,0.756442,0.564255,0.581001
0.332662,0.294419,0.296473,0.179351,0.743340,0.566129,0.578599
0.329682,0.291904,0.292906,0.194402,0.742735,0.563686,0.585091
0.329473,0.290581,0.292317,0.202176,0.730872,0.563534,0.596065
0.362360,0.298951,0.321576,0.157565,0.788096,0.579188,0.594518
0.340770,0.295684,0.304469,0.180982,0.751774,0.595167,0.587734
0.341102,0.294974,0.303092,0.195048,0.711659,0.583229,0.602611
0.363134,0.284222,0.341138,0.133363,0.789552,0.576973,0.645938
0.368977,0.303702,0.319104,0.160381,0.760713,0.608332,0.588875
0.345368,0.282638,0.311667,0.165536,0.760097,0.553813,0.603188
0.349480,0.291643,0.315123,0.162512,0.739996,0.544758,0.582422
0.368319,0.302144,0.319956,0.162159,0.760007,0.610683,0.583577
0.374110,0.314884,0.370723,0.151901,0.740478,0.570073,0.576991
0.355320,0.300918,0.322154,0.160398,0.785593,0.577938,0.608366
0.355320,0.300918,0.322154,0.160398,0.785593,0.577938,0.608366
0.355320,0.300918,0.322154,0.160398,0.785593,0.577938,0.608366
0.344758,0.281370,0.311972,0.167718,0.745518,0.558340,0.603756
0.350564,0.290758,0.314775,0.165669,0.734598,0.551482,0.584883
0.369339,0.282105,0.334969,0.155172,0.792043,0.580491,0.646768
0.358408,0.276883,0.333677,0.157977,0.788900,0.555616,0.649531
0.361894,0.277176,0.335692,0.151271,0.792346,0.574467,0.648745
0.360682,0.281942,0.341035,0.141912,0.787384,0.584431,0.641140
0.367440,0.301840,0.320184,0.166631,0.758029,0.619904,0.582358
0.402454,0.353073,0.394614,0.134259,0.741572,0.611132,0.582784
0.376595,0.317853,0.374969,0.149051,0.745095,0.601758,0.587979
0.363812,0.308609,0.315483,0.170624,0.756304,0.556902,0.591850
0.351517,0.284087,0.312277,0.174697,0.727506,0.556310,0.601968
0.369339,0.282105,0.334969,0.155172,0.792043,0.580491,0.646768
0.350789,0.283669,0.310277,0.185236,0.728591,0.538869,0.608566
0.348580,0.283111,0.309532,0.189784,0.703855,0.543783,0.609609
0.364173,0.279617,0.334563,0.162797,0.784405,0.557235,0.645001
0.368045,0.279672,0.335604,0.158096,0.793110,0.575593,0.646356
0.365849,0.294734,0.302049,0.205574,0.736432,0.568161,0.584329
0.365061,0.293999,0.324579,0.177519,0.763586,0.572236,0.657026
0.365202,0.293972,0.323537,0.161096,0.768482,0.573377,0.587341
0.365202,0.293972,0.323537,0.161096,0.768482,0.573377,0.587341
0.372915,0.318895,0.365865,0.164264,0.735745,0.593300,0.576317
0.337130,0.278529,0.308056,0.181916,0.706361,0.555205,0.607208
0.364041,0.279226,0.334849,0.151064,0.790641,0.575959,0.648661
0.374245,0.301070,0.317339,0.194259,0.758187,0.603581,0.592816
0.377096,0.309040,0.361013,0.150991,0.694066,0.590118,0.595637
0.345558,0.287545,0.308490,0.192773,0.690262,0.534437,0.601998
0.345558,0.287545,0.308490,0.192773,0.690262,0.534437,0.601998
0.345983,0.283862,0.316149,0.178520,0.748702,0.524215,0.622632
0.333815,0.277219,0.304164,0.204572,0.684950,0.521264,0.609767
0.301279,0.265997,0.330810,0.192637,0.651642,0.492851,0.586580
0.327381,0.276711,0.302038,0.207911,0.678311,0.520464,0.605138
0.298475,0.266871,0.326546,0.202347,0.640772,0.496014,0.580048
0.325547,0.275608,0.299697,0.214814,0.671672,0.518162,0.603198
0.298298,0.266292,0.321782,0.205918,0.634891,0.493186,0.575755
0.323409,0.276236,0.298898,0.218327,0.664437,0.510516,0.601540
0.296641,0.266252,0.321369,0.210550,0.623518,0.491565,0.572802
0.296797,0.266097,0.319054,0.211564,0.622804,0.493005,0.569712
0.298094,0.266492,0.318805,0.214692,0.615900,0.493116,0.569572
0.333373,0.293117,0.291023,0.156158,0.781968,0.591911,0.582952
0.317775,0.290149,0.332794,0.187526,0.778574,0.553698,0.570757
0.338726,0.296481,0.299309,0.138780,0.793582,0.607445,0.585343
0.327730,0.293418,0.346794,0.170002,0.828399,0.566599,0.575212
0.365015,0.296991,0.314498,0.197912,0.754937,0.612697,0.596433
0.356801,0.302373,0.356983,0.157896,0.692051,0.569913,0.600309
0.363797,0.301992,0.313959,0.168932,0.797131,0.570401,0.599964
0.356907,0.277777,0.335220,0.150843,0.798523,0.574207,0.639398
0.359653,0.287332,0.317464,0.164597,0.768187,0.572614,0.594763
0.293207,0.266470,0.311283,0.207260,0.632875,0.499035,0.581848
0.297690,0.275655,0.304203,0.194861,0.644430,0.505201,0.586075
0.377729,0.314294,0.341666,0.152933,0.714597,0.558595,0.590567
0.378549,0.329035,0.340363,0.196113,0.678129,0.520173,0.513167
0.378549,0.329035,0.340363,0.196113,0.678129,0.520173,0.513167
0.351718,0.315339,0.337182,0.250329,0.725675,0.509689,0.513408
0.351718,0.315339,0.337182,0.250329,0.725675,0.509689,0.513408
0.347666,0.313357,0.322778,0.255922,0.678341,0.483512,0.522293
0.347666,0.313357,0.322778,0.255922,0.678341,0.483512,0.522293
0.360941,0.326365,0.320971,0.239620,0.748120,0.584382,0.515619
0.360941,0.326365,0.320971,0.239620,0.748120,0.584382,0.515619
0.361095,0.312388,0.347845,0.226549,0.734424,0.519419,0.508798
0.361095,0.312388,0.347845,0.226549,0.734424,0.519419,0.508798
0.359653,0.343309,0.325019,0.123122,0.746342,0.505421,0.540696
0.421992,0.347286,0.345872,0.144675,0.840467,0.646191,0.577422
0.376398,0.441163,0.410562,0.146484,0.660726,0.573402,0.547387
0.420829,0.383822,0.338644,0.179277,0.851812,0.635889,0.545706
0.490599,0.426307,0.375589,0.133539,0.699350,0.636305,0.543428
0.366288,0.326472,0.280296,0.250404,0.773069,0.565639,0.425815
0.345865,0.284033,0.330407,0.149967,0.761683,0.656935,0.546722
0.367383,0.339425,0.308051,0.131123,0.643624,0.543264,0.546998
0.396510,0.351417,0.340544,0.170245,0.688402,0.521770,0.637498
0.477095,0.385086,0.346128,0.185697,0.707864,0.583656,0.526522
0.477095,0.385086,0.346128,0.185697,0.707864,0.583656,0.526522
0.410929,0.338865,0.341265,0.163964,0.696926,0.625714,0.506892
0.410929,0.338865,0.341265,0.163964,0.696926,0.625714,0.506892
0.413234,0.354912,0.325440,0.167679,0.717080,0.643869,0.511249
0.413234,0.354912,0.325440,0.167679,0.717080,0.643869,0.511249
0.372393,0.320804,0.290135,0.164299,0.727278,0.638504,0.480180
0.386118,0.333634,0.305195,0.174843,0.749956,0.647884,0.530340
0.382653,0.327889,0.298186,0.159922,0.765864,0.643412,0.529878
0.380670,0.315559,0.298887,0.167897,0.745726,0.660046,0.527635
0.384782,0.334645,0.307412,0.170104,0.733291,0.691564,0.527234
0.381345,0.333001,0.310767,0.175608,0.753103,0.691393,0.542601
0.381345,0.333001,0.310767,0.175608,0.753103,0.691393,0.542601
0.381345,0.333001,0.310767,0.175608,0.753103,0.691393,0.542601
0.382854,0.315363,0.300811,0.174556,0.763403,0.650892,0.551255
0.393282,0.333220,0.307417,0.159067,0.758758,0.715284,0.546200
0.383864,0.328294,0.296642,0.172942,0.766057,0.673871,0.546036
0.385671,0.318541,0.312454,0.167087,0.751684,0.561097,0.490126
0.424912,0.352524,0.365179,0.149113,0.731686,0.568119,0.509236
0.415909,0.343742,0.375152,0.169124,0.675634,0.555186,0.534675
0.437795,0.360088,0.338630,0.150920,0.735861,0.600680,0.563692
0.427249,0.348675,0.361492,0.168259,0.760593,0.628771,0.527577
0.426608,0.357565,0.366801,0.155893,0.719137,0.590043,0.528926
0.445689,0.378696,0.341035,0.153109,0.765497,0.597316,0.603061
0.443178,0.374025,0.360272,0.159258,0.779751,0.604226,0.553640
0.421674,0.354953,0.359203,0.154549,0.725103,0.600037,0.502140
0.410636,0.356424,0.378113,0.177807,0.696866,0.555771,0.521310
0.386958,0.332603,0.323826,0.171078,0.743655,0.672285,0.540929
0.423997,0.356027,0.370569,0.157591,0.689436,0.585072,0.503934
0.431248,0.353309,0.354406,0.174778,0.698501,0.556693,0.524137
0.432497,0.333951,0.389803,0.185515,0.728257,0.606649,0.500821
0.415900,0.340454,0.401419,0.186014,0.693252,0.562658,0.492269
0.439242,0.363854,0.355724,0.156346,0.695952,0.599517,0.493274
0.439705,0.359032,0.347466,0.174932,0.700504,0.562138,0.546596
0.397572,0.345484,0.309235,0.176537,0.750619,0.578678,0.483120
0.417503,0.359315,0.333387,0.163286,0.694345,0.615546,0.536127
0.417503,0.359315,0.333387,0.163286,0.694345,0.615546,0.536127
0.427060,0.376810,0.318464,0.166067,0.711165,0.628070,0.548115
0.427060,0.376810,0.318464,0.166067,0.711165,0.628070,0.548115
0.474401,0.422451,0.326986,0.144576,0.791155,0.647871,0.562326
0.474401,0.422451,0.326986,0.144576,0.791155,0.647871,0.562326
0.468846,0.428537,0.326065,0.148984,0.766512,0.668412,0.546700
0.468846,0.428537,0.326065,0.148984,0.766512,0.668412,0.546700
0.385439,0.342469,0.302631,0.172823,0.732061,0.576787,0.482034
0.420825,0.360556,0.319600,0.155570,0.702932,0.627935,0.565700
0.420825,0.360556,0.319600,0.155570,0.702932,0.627935,0.565700
0.424734,0.371828,0.312931,0.167441,0.719559,0.648936,0.566641
0.424734,0.371828,0.312931,0.167441,0.719559,0.648936,0.566641
0.432678,0.354003,0.341846,0.174879,0.680544,0.563840,0.544604
0.449267,0.365991,0.337960,0.168500,0.705889,0.618320,0.546484
0.452521,0.378171,0.337929,0.148768,0.728150,0.645671,0.560467
0.452521,0.378171,0.337929,0.148768,0.728150,0.645671,0.560467
0.464826,0.394200,0.329386,0.140595,0.738675,0.645143,0.560867
0.464826,0.394200,0.329386,0.140595,0.738675,0.645143,0.560867
0.448493,0.360065,0.337278,0.167700,0.801132,0.633469,0.530988
0.410000,0.335156,0.343933,0.174634,0.681381,0.554242,0.485666
0.410000,0.335156,0.343933,0.174634,0.681381,0.554242,0.485666
0.419039,0.344647,0.324573,0.175059,0.690727,0.590913,0.505853
0.419039,0.344647,0.324573,0.175059,0.690727,0.590913,0.505853
0.443068,0.376219,0.346052,0.157832,0.726354,0.649508,0.528170
0.443068,0.376219,0.346052,0.157832,0.726354,0.649508,0.528170
0.450981,0.392860,0.326357,0.164918,0.747171,0.650277,0.536994
0.418348,0.364822,0.330247,0.156718,0.705942,0.630158,0.536280
0.418348,0.364822,0.330247,0.156718,0.705942,0.630158,0.536280
0.425766,0.380359,0.316855,0.162656,0.727592,0.637075,0.549256
0.425766,0.380359,0.316855,0.162656,0.727592,0.637075,0.549256
0.409717,0.334262,0.355496,0.182888,0.669445,0.564371,0.531934
0.409717,0.334262,0.355496,0.182888,0.669445,0.564371,0.531934
0.419874,0.352710,0.327794,0.144555,0.675386,0.637463,0.529781
0.419874,0.352710,0.327794,0.144555,0.675386,0.637463,0.529781
0.398393,0.332534,0.348255,0.195235,0.681516,0.553748,0.517834
0.398393,0.332534,0.348255,0.195235,0.681516,0.553748,0.517834
0.392822,0.328711,0.347467,0.167321,0.678115,0.516604,0.518667
0.392822,0.328711,0.347467,0.167321,0.678115,0.516604,0.518667
0.407657,0.340965,0.335967,0.149710,0.689932,0.568687,0.539816
0.407657,0.340965,0.335967,0.149710,0.689932,0.568687,0.539816
0.413522,0.343529,0.341613,0.164359,0.686189,0.512239,0.529881
0.416538,0.340481,0.329921,0.152277,0.693827,0.553138,0.538033
0.416538,0.340481,0.329921,0.152277,0.693827,0.553138,0.538033
0.411395,0.341437,0.338332,0.142508,0.710023,0.574979,0.533770
0.411395,0.341437,0.338332,0.142508,0.710023,0.574979,0.533770
0.370582,0.329038,0.301913,0.190617,0.739427,0.585190,0.527733
0.406472,0.342603,0.354998,0.159065,0.685600,0.534932,0.520738
0.406472,0.342603,0.354998,0.159065,0.685600,0.534932,0.520738
0.428085,0.354324,0.337224,0.174016,0.711652,0.641751,0.557906
0.428085,0.354324,0.337224,0.174016,0.711652,0.641751,0.557906
0.435363,0.351951,0.341139,0.157499,0.698985,0.614753,0.547903
0.422644,0.354198,0.325913,0.151200,0.726992,0.651188,0.546234
0.422644,0.354198,0.325913,0.151200,0.726992,0.651188,0.546234
0.433197,0.371020,0.324931,0.135201,0.735266,0.655414,0.550246
0.433197,0.371020,0.324931,0.135201,0.735266,0.655414,0.550246
0.371776,0.307655,0.308153,0.134146,0.697469,0.619899,0.537951
0.371776,0.307655,0.308153,0.134146,0.697469,0.619899,0.537951
0.446030,0.376523,0.363312,0.135425,0.768573,0.637325,0.539924
0.446030,0.376523,0.363312,0.135425,0.768573,0.637325,0.539924
0.427339,0.352971,0.332654,0.143009,0.711326,0.618791,0.548095
0.427339,0.352971,0.332654,0.143009,0.711326,0.618791,0.548095
0.422565,0.348724,0.333312,0.151609,0.697433,0.584970,0.556415
0.422565,0.348724,0.333312,0.151609,0.697433,0.584970,0.556415
0.423439,0.345551,0.332325,0.167099,0.691284,0.604160,0.533055
0.423439,0.345551,0.332325,0.167099,0.691284,0.604160,0.533055
0.428460,0.361986,0.322113,0.129180,0.736300,0.644124,0.573929
0.428460,0.361986,0.322113,0.129180,0.736300,0.644124,0.573929
0.425905,0.354759,0.334802,0.145684,0.704817,0.599939,0.550269
0.425905,0.354759,0.334802,0.145684,0.704817,0.599939,0.550269
0.428636,0.358168,0.330047,0.149555,0.708752,0.603118,0.553038
0.428636,0.358168,0.330047,0.149555,0.708752,0.603118,0.553038
0.454085,0.384957,0.359978,0.126583,0.790760,0.670329,0.556122
0.454085,0.384957,0.359978,0.126583,0.790760,0.670329,0.556122
0.400320,0.337561,0.340271,0.135474,0.686372,0.611968,0.561463
0.400320,0.337561,0.340271,0.135474,0.686372,0.611968,0.561463
0.374041,0.328976,0.310836,0.172325,0.754020,0.640998,0.564395
0.417288,0.340520,0.344899,0.171039,0.680997,0.603120,0.538014
0.417288,0.340520,0.344899,0.171039,0.680997,0.603120,0.538014
0.368632,0.326037,0.308875,0.193137,0.754966,0.617147,0.528463
0.446819,0.388667,0.373776,0.129625,0.776727,0.703990,0.548657
0.446819,0.388667,0.373776,0.129625,0.776727,0.703990,0.548657
0.412324,0.338377,0.333043,0.153842,0.719434,0.596134,0.543446
0.412324,0.338377,0.333043,0.153842,0.719434,0.596134,0.543446
0.417954,0.353130,0.344760,0.152749,0.706951,0.637727,0.547440
0.417954,0.353130,0.344760,0.152749,0.706951,0.637727,0.547440
0.384398,0.307421,0.317289,0.181814,0.737866,0.531300,0.548814
0.422775,0.357128,0.343147,0.151296,0.685744,0.599935,0.537414
0.422775,0.357128,0.343147,0.151296,0.685744,0.599935,0.537414
0.429373,0.370746,0.339415,0.138797,0.713845,0.641754,0.539732
0.429373,0.370746,0.339415,0.138797,0.713845,0.641754,0.539732
0.396655,0.341910,0.301461,0.164806,0.735070,0.621906,0.532464
0.374257,0.309398,0.300325,0.202956,0.722971,0.541677,0.535360
0.437771,0.376341,0.380334,0.151065,0.743307,0.618708,0.530976
0.414350,0.344041,0.358160,0.160489,0.676023,0.542305,0.526905
0.414350,0.344041,0.358160,0.160489,0.676023,0.542305,0.526905
0.380220,0.328975,0.306658,0.203032,0.713504,0.501889,0.524434
0.446380,0.382892,0.367622,0.132818,0.770699,0.629024,0.537312
0.446380,0.382892,0.367622,0.132818,0.770699,0.629024,0.537312
0.422558,0.360783,0.336266,0.143840,0.710521,0.604744,0.544030
0.422558,0.360783,0.336266,0.143840,0.710521,0.604744,0.544030
0.430174,0.355705,0.337150,0.152359,0.694248,0.570273,0.548779
0.430174,0.355705,0.337150,0.152359,0.694248,0.570273,0.548779
0.420039,0.344996,0.345462,0.152569,0.671865,0.587220,0.534873
0.420039,0.344996,0.345462,0.152569,0.671865,0.587220,0.534873
0.379009,0.320221,0.307064,0.201863,0.720756,0.505278,0.521757
0.432526,0.359845,0.330691,0.146125,0.712680,0.587224,0.543779
0.432526,0.359845,0.330691,0.146125,0.712680,0.587224,0.543779
0.423657,0.358243,0.340564,0.142439,0.730631,0.608648,0.543512
0.423657,0.358243,0.340564,0.142439,0.730631,0.608648,0.543512
0.368988,0.328792,0.310744,0.184505,0.753337,0.585728,0.529989
0.422733,0.357760,0.352459,0.150144,0.690027,0.591627,0.537418
0.365778,0.297516,0.301490,0.182193,0.693186,0.525163,0.530477
0.362443,0.301173,0.299800,0.192828,0.702934,0.532612,0.534029
0.365022,0.318258,0.320108,0.173474,0.674394,0.539945,0.516690
0.365022,0.318258,0.320108,0.173474,0.674394,0.539945,0.516690
0.440493,0.339216,0.330806,0.131711,0.727768,0.629430,0.545681
0.440493,0.339216,0.330806,0.131711,0.727768,0.629430,0.545681
0.375395,0.318175,0.307144,0.170590,0.759991,0.563103,0.548484
0.381176,0.316856,0.296959,0.180423,0.714360,0.544125,0.546923
0.382834,0.319278,0.305614,0.154063,0.724449,0.632730,0.527058
0.373342,0.309833,0.301653,0.189118,0.708235,0.542898,0.534155
0.392372,0.318635,0.315127,0.190195,0.724075,0.567636,0.521602
0.349027,0.291128,0.308753,0.207738,0.621095,0.543001,0.526804
0.378574,0.314967,0.300134,0.184413,0.693514,0.545986,0.534539
0.366099,0.310762,0.289309,0.188701,0.712420,0.518966,0.528827
0.379681,0.316219,0.301503,0.185368,0.714387,0.537250,0.525448
0.376228,0.312613,0.306444,0.190551,0.708775,0.481815,0.508641
0.439343,0.381334,0.338804,0.130828,0.742802,0.638950,0.546269
0.439343,0.381334,0.338804,0.130828,0.742802,0.638950,0.546269
0.428189,0.372569,0.327366,0.158045,0.739362,0.650095,0.550774
0.444957,0.390827,0.330103,0.129235,0.781486,0.654760,0.556399
0.444957,0.390827,0.330103,0.129235,0.781486,0.654760,0.556399
0.444699,0.391981,0.361031,0.142694,0.777810,0.682327,0.550860
0.444699,0.391981,0.361031,0.142694,0.777810,0.682327,0.550860
0.422841,0.369968,0.329716,0.159586,0.730212,0.650280,0.550048
0.422841,0.369968,0.329716,0.159586,0.730212,0.650280,0.550048
0.477019,0.455115,0.398322,0.132142,0.806922,0.689685,0.550990
0.432571,0.384486,0.329562,0.126195,0.755277,0.664028,0.551068
0.432571,0.384486,0.329562,0.126195,0.755277,0.664028,0.551068
0.455797,0.407463,0.351115,0.133204,0.784526,0.674791,0.528844
0.377796,0.321381,0.304095,0.138730,0.705784,0.613507,0.523328
0.377796,0.321381,0.304095,0.138730,0.705784,0.613507,0.523328
0.431941,0.383577,0.322125,0.141454,0.743396,0.643474,0.533593
0.431941,0.383577,0.322125,0.141454,0.743396,0.643474,0.533593
0.450947,0.393901,0.365131,0.133447,0.772345,0.645619,0.535188
0.450947,0.393901,0.365131,0.133447,0.772345,0.645619,0.535188
0.428563,0.368188,0.332361,0.143581,0.715513,0.627672,0.539768
0.428563,0.368188,0.332361,0.143581,0.715513,0.627672,0.539768
0.432550,0.358006,0.340062,0.132046,0.734577,0.656200,0.549814
0.432550,0.358006,0.340062,0.132046,0.734577,0.656200,0.549814
0.396483,0.338604,0.299810,0.150952,0.748559,0.644630,0.542154
0.409840,0.334035,0.313899,0.165843,0.738406,0.577900,0.547353
0.396616,0.340846,0.293941,0.180906,0.736137,0.556216,0.545019
0.424157,0.358680,0.334431,0.143721,0.718837,0.584212,0.548524
0.424157,0.358680,0.334431,0.143721,0.718837,0.584212,0.548524
0.386454,0.343834,0.304386,0.162892,0.757938,0.640948,0.546819
0.425495,0.369449,0.331484,0.145516,0.717241,0.610542,0.543166
0.425495,0.369449,0.331484,0.145516,0.717241,0.610542,0.543166
0.421186,0.356885,0.331230,0.149139,0.700334,0.574966,0.553484
0.421186,0.356885,0.331230,0.149139,0.700334,0.574966,0.553484
0.387306,0.345048,0.305043,0.167501,0.756447,0.645049,0.549356
0.397771,0.334224,0.295869,0.179299,0.738599,0.576152,0.557129
0.400564,0.338947,0.296818,0.200887,0.729212,0.563267,0.551706
0.443338,0.378226,0.366756,0.130752,0.773447,0.636652,0.533035
0.443338,0.378226,0.366756,0.130752,0.773447,0.636652,0.533035
0.426366,0.357894,0.334973,0.139864,0.731969,0.618118,0.542966
0.426366,0.357894,0.334973,0.139864,0.731969,0.618118,0.542966
0.446318,0.418233,0.354634,0.118308,0.841556,0.683631,0.554217
0.446318,0.418233,0.354634,0.118308,0.841556,0.683631,0.554217
0.380103,0.333640,0.291743,0.178909,0.714425,0.551612,0.542943
0.441731,0.356671,0.333688,0.159964,0.702295,0.600605,0.547025
0.441731,0.356671,0.333688,0.159964,0.702295,0.600605,0.547025
0.428961,0.364044,0.333389,0.146402,0.712759,0.632061,0.541845
0.428961,0.364044,0.333389,0.146402,0.712759,0.632061,0.541845
0.427968,0.355847,0.336069,0.142855,0.732687,0.625057,0.545283
0.427968,0.355847,0.336069,0.142855,0.732687,0.625057,0.545283
0.375354,0.337765,0.316515,0.177336,0.743093,0.598559,0.534956
0.373080,0.326018,0.306283,0.176490,0.713750,0.531826,0.523275
0.369960,0.330719,0.312372,0.196715,0.752033,0.619536,0.531691
0.421967,0.357659,0.341463,0.157400,0.709701,0.637091,0.543227
0.421967,0.357659,0.341463,0.157400,0.709701,0.637091,0.543227
0.416858,0.345990,0.351426,0.165111,0.705834,0.584451,0.552810
0.416858,0.345990,0.351426,0.165111,0.705834,0.584451,0.552810
0.384812,0.329118,0.304684,0.189702,0.698650,0.526955,0.529418
0.383898,0.337142,0.289988,0.196086,0.718718,0.559030,0.503480
0.375174,0.311705,0.311684,0.194777,0.726262,0.540519,0.508053
0.379888,0.342326,0.304072,0.171821,0.740158,0.639836,0.526853
0.384662,0.331327,0.305429,0.180393,0.741548,0.563281,0.543721
0.388998,0.334735,0.299238,0.202551,0.714867,0.551599,0.533875
0.400662,0.342342,0.301352,0.192588,0.715199,0.533420,0.533385
0.378549,0.334344,0.304380,0.170322,0.753049,0.609593,0.540165
0.378046,0.313745,0.308290,0.170406,0.765849,0.627820,0.541830
0.379977,0.307698,0.311945,0.171176,0.740440,0.624286,0.550911
0.391954,0.297869,0.317939,0.185983,0.755859,0.535137,0.575153
0.372516,0.310624,0.301157,0.185845,0.703107,0.539214,0.494921
0.372169,0.314530,0.302371,0.180023,0.679235,0.539789,0.500215
0.372887,0.313639,0.302523,0.185217,0.687022,0.507272,0.497635
0.451324,0.399719,0.320747,0.152436,0.763531,0.645190,0.565466
0.452521,0.378171,0.337929,0.148768,0.728150,0.645671,0.560467
0.452521,0.378171,0.337929,0.148768,0.728150,0.645671,0.560467
0.429117,0.344682,0.344766,0.128933,0.727971,0.656389,0.555174
0.429117,0.344682,0.344766,0.128933,0.727971,0.656389,0.555174
0.423607,0.360088,0.328789,0.132013,0.730878,0.666570,0.533550
0.423607,0.360088,0.328789,0.132013,0.730878,0.666570,0.533550
0.424734,0.371828,0.312931,0.167441,0.719559,0.648936,0.566641
0.424734,0.371828,0.312931,0.167441,0.719559,0.648936,0.566641
0.424734,0.371828,0.312931,0.167441,0.719559,0.648936,0.566641
0.424734,0.371828,0.312931,0.167441,0.719559,0.648936,0.566641
0.465961,0.389544,0.376882,0.138149,0.783907,0.649334,0.541029
0.460099,0.383520,0.327475,0.131505,0.745661,0.646144,0.569668
0.460099,0.383520,0.327475,0.131505,0.745661,0.646144,0.569668
0.474286,0.394710,0.393536,0.132011,0.793812,0.679320,0.552574
0.474286,0.394710,0.393536,0.132011,0.793812,0.679320,0.552574
0.452521,0.378171,0.337929,0.148768,0.728150,0.645671,0.560467
0.452521,0.378171,0.337929,0.148768,0.728150,0.645671,0.560467
0.464826,0.394200,0.329386,0.140595,0.738675,0.645143,0.560867
0.464826,0.394200,0.329386,0.140595,0.738675,0.645143,0.560867
0.422564,0.340672,0.314020,0.180421,0.703083,0.596972,0.503065
0.422564,0.340672,0.314020,0.180421,0.703083,0.596972,0.503065
0.425131,0.354486,0.304507,0.180931,0.738488,0.618191,0.509197
0.425131,0.354486,0.304507,0.180931,0.738488,0.618191,0.509197
0.405865,0.321724,0.352872,0.178034,0.685804,0.616426,0.535813
0.405865,0.321724,0.352872,0.178034,0.685804,0.616426,0.535813
0.413838,0.332752,0.335451,0.184715,0.675463,0.646530,0.546897
0.413838,0.332752,0.335451,0.184715,0.675463,0.646530,0.546897
0.433120,0.352887,0.340529,0.170629,0.699079,0.635851,0.546934
0.439685,0.367938,0.324978,0.174573,0.697400,0.665420,0.551474
0.439685,0.367938,0.324978,0.174573,0.697400,0.665420,0.551474
0.405865,0.321724,0.352872,0.178034,0.685804,0.616426,0.535813
0.405865,0.321724,0.352872,0.178034,0.685804,0.616426,0.535813
0.413838,0.332752,0.335451,0.184715,0.675463,0.646530,0.546897
0.413838,0.332752,0.335451,0.184715,0.675463,0.646530,0.546897
0.425385,0.343442,0.326408,0.162672,0.683959,0.632028,0.531024
0.425385,0.343442,0.326408,0.162672,0.683959,0.632028,0.531024
0.405865,0.321724,0.352872,0.178034,0.685804,0.616426,0.535813
0.405865,0.321724,0.352872,0.178034,0.685804,0.616426,0.535813
0.413838,0.332752,0.335451,0.184715,0.675463,0.646530,0.546897
0.413838,0.332752,0.335451,0.184715,0.675463,0.646530,0.546897
0.420846,0.341851,0.332809,0.163519,0.713200,0.606627,0.533264
0.420846,0.341851,0.332809,0.163519,0.713200,0.606627,0.533264
0.427801,0.362566,0.317606,0.166539,0.724524,0.619888,0.542817
0.427801,0.362566,0.317606,0.166539,0.724524,0.619888,0.542817
0.420982,0.356127,0.305341,0.187702,0.726438,0.672660,0.535770
0.420982,0.356127,0.305341,0.187702,0.726438,0.672660,0.535770
0.544373,0.624905,0.538798,0.091006,0.852539,0.774452,0.543781
0.421517,0.398591,0.350726,0.149153,0.824025,0.665267,0.501168
0.421517,0.398591,0.350726,0.149153,0.824025,0.665267,0.501168
0.420257,0.363974,0.348750,0.224602,0.800095,0.608205,0.557333
0.422885,0.365087,0.346411,0.216864,0.820735,0.608981,0.551942
0.427790,0.400495,0.330151,0.191404,0.880003,0.663401,0.558718
0.425975,0.374385,0.349299,0.210326,0.796784,0.603052,0.546153
0.430153,0.407267,0.334197,0.184611,0.870723,0.652087,0.563994
0.424606,0.372975,0.357744,0.218626,0.800680,0.576876,0.548476
0.426168,0.413422,0.344375,0.188139,0.855511,0.647623,0.571667
0.433705,0.399048,0.344177,0.208072,0.831014,0.637705,0.584701
0.440521,0.392552,0.336933,0.190985,0.853389,0.669573,0.553362
0.392715,0.340284,0.349407,0.169659,0.771013,0.677454,0.561135
0.336725,0.343907,0.305413,0.171829,0.766834,0.690631,0.508109
0.337766,0.334677,0.300183,0.150077,0.800897,0.645743,0.551162
0.335567,0.348818,0.276284,0.196537,0.695549,0.466309,0.525608
0.344040,0.331479,0.282693,0.196242,0.723955,0.527472,0.491021
0.349807,0.346246,0.308737,0.146145,0.751253,0.689362,0.514504
0.351041,0.345682,0.301979,0.162829,0.795839,0.687602,0.537737
0.356930,0.356065,0.312995,0.137642,0.781416,0.665995,0.555772
0.348478,0.341792,0.300091,0.144901,0.750200,0.670176,0.508690
0.385794,0.342524,0.354520,0.162053,0.759841,0.698753,0.552664
0.366414,0.338696,0.336020,0.155631,0.760702,0.720061,0.559727
0.335647,0.347514,0.301846,0.183702,0.739412,0.629316,0.503306
0.350709,0.337833,0.328808,0.184954,0.752646,0.664195,0.539498
0.353249,0.368240,0.294697,0.142884,0.834235,0.731796,0.535952
0.494954,0.517128,0.415310,0.167038,0.683979,0.489244,0.533208
0.494954,0.517128,0.415310,0.167038,0.683979,0.489244,0.533208
0.494954,0.517128,0.415310,0.167038,0.683979,0.489244,0.533208
0.476472,0.410481,0.383199,0.133342,0.785183,0.669119,0.612139
0.476472,0.410481,0.383199,0.133342,0.785183,0.669119,0.612139
0.413724,0.397895,0.348390,0.159928,0.809524,0.667745,0.505854
0.364955,0.314973,0.281311,0.160913,0.761882,0.585571,0.546632
0.387531,0.317547,0.277468,0.134925,0.816645,0.573893,0.558473
0.414519,0.346415,0.292071,0.120179,0.811365,0.579942,0.548967
0.387657,0.323721,0.276326,0.131646,0.830885,0.582771,0.548985
0.368161,0.313499,0.283158,0.125982,0.824356,0.573652,0.558185
0.390051,0.322685,0.273632,0.123040,0.837903,0.570182,0.548920
0.369181,0.317057,0.349970,0.166286,0.759457,0.554039,0.570584
0.363234,0.316282,0.315992,0.140465,0.754134,0.638107,0.553307
0.443183,0.377952,0.351147,0.139443,0.784286,0.632427,0.619383
0.467647,0.411379,0.349499,0.146375,0.819044,0.677742,0.644421
0.467647,0.411379,0.349499,0.146375,0.819044,0.677742,0.644421
0.457655,0.401714,0.343274,0.149082,0.796131,0.688410,0.614873
0.457655,0.401714,0.343274,0.149082,0.796131,0.688410,0.614873
0.465299,0.415650,0.325031,0.151021,0.804332,0.695173,0.605944
0.465299,0.415650,0.325031,0.151021,0.804332,0.695173,0.605944
0.385555,0.320482,0.356913,0.146036,0.728283,0.587070,0.600301
0.396395,0.341328,0.364264,0.133110,0.758853,0.627886,0.606604
0.404467,0.348771,0.398561,0.130515,0.756627,0.580255,0.624903
0.405852,0.327390,0.375380,0.139952,0.757754,0.599721,0.634170
0.432040,0.364526,0.379627,0.134826,0.795665,0.609727,0.630242
0.489280,0.414383,0.339563,0.131069,0.837357,0.627858,0.650953
0.430779,0.368063,0.342745,0.135213,0.778955,0.620158,0.644080
0.407118,0.327945,0.388226,0.129775,0.760258,0.616761,0.631893
0.447092,0.385391,0.387379,0.122271,0.809276,0.611582,0.627609
0.504619,0.447131,0.353386,0.119079,0.854647,0.642273,0.652506
0.446003,0.389302,0.354409,0.123100,0.797126,0.627130,0.646601
0.437319,0.375199,0.372134,0.128992,0.808196,0.642063,0.598907
0.389676,0.326943,0.346867,0.122384,0.774804,0.659653,0.616783
0.375756,0.312219,0.358396,0.129027,0.734432,0.599098,0.630465
0.367470,0.316953,0.358224,0.147624,0.730558,0.594687,0.609943
0.376027,0.327504,0.358306,0.156785,0.721320,0.567267,0.598544
0.418778,0.353534,0.336731,0.140157,0.736053,0.604208,0.595033
0.386973,0.320492,0.385507,0.143583,0.727516,0.589726,0.604691
0.395206,0.311336,0.400092,0.141340,0.739123,0.528409,0.589440
0.396926,0.323693,0.351669,0.142556,0.737293,0.608051,0.614503
0.425875,0.370431,0.347210,0.157582,0.753638,0.596964,0.615112
0.368685,0.323318,0.359911,0.164179,0.728298,0.576721,0.606489
0.370258,0.322945,0.368817,0.159603,0.721674,0.570939,0.605063
0.416539,0.364331,0.364055,0.154765,0.748464,0.565191,0.607229
0.371166,0.315564,0.349654,0.175395,0.728533,0.610934,0.615794
0.443146,0.376696,0.336793,0.122786,0.783610,0.638301,0.612776
0.427339,0.346604,0.345822,0.124354,0.766159,0.602225,0.613451
0.421423,0.338429,0.349069,0.129068,0.747892,0.598738,0.609066
0.467911,0.426782,0.388384,0.121920,0.788983,0.633492,0.602084
0.390817,0.343090,0.380770,0.136247,0.731073,0.613987,0.613493
0.467185,0.420955,0.391886,0.120700,0.766712,0.639578,0.598852
0.400503,0.332898,0.346423,0.143158,0.744280,0.615081,0.609977
0.407135,0.334131,0.351937,0.130829,0.728720,0.582024,0.598385
0.453258,0.401535,0.346401,0.136728,0.758667,0.603989,0.605257
0.354909,0.345239,0.335368,0.189033,0.706695,0.486603,0.565876
0.349205,0.326130,0.359016,0.155128,0.719827,0.548121,0.565631
0.462653,0.388843,0.432516,0.126896,0.805913,0.640367,0.585434
0.346372,0.325523,0.330121,0.185415,0.730903,0.567600,0.576964
0.375290,0.299661,0.360356,0.173277,0.714126,0.567618,0.596306
0.326388,0.301350,0.335817,0.158886,0.706237,0.545606,0.599767
0.367978,0.329764,0.335819,0.167904,0.679990,0.538736,0.566473
0.388043,0.339196,0.376114,0.159007,0.704738,0.519381,0.575892
0.335960,0.330050,0.348720,0.140459,0.686527,0.541263,0.552829
0.371931,0.325464,0.362028,0.145406,0.677424,0.564501,0.580410
0.427058,0.396479,0.348719,0.138321,0.736130,0.568686,0.574179
0.363736,0.314862,0.363804,0.182014,0.730144,0.539879,0.577785
0.413162,0.341998,0.357503,0.151123,0.733201,0.592567,0.569576
0.417373,0.353309,0.360092,0.157659,0.739883,0.593508,0.590703
0.433048,0.359366,0.363475,0.140774,0.743216,0.614811,0.551492
0.440965,0.368187,0.366618,0.144054,0.748067,0.606806,0.569120
0.391351,0.339615,0.338338,0.168030,0.674727,0.600154,0.523254
0.446171,0.382174,0.338800,0.150921,0.745343,0.611190,0.543311
0.402236,0.345647,0.368150,0.170811,0.692218,0.568223,0.524927
0.454540,0.388514,0.342103,0.146398,0.760703,0.625025,0.560969
0.421162,0.358180,0.333848,0.155347,0.711224,0.610885,0.541682
0.437902,0.377267,0.344466,0.178769,0.730661,0.586848,0.519475
0.413698,0.356289,0.331173,0.160079,0.697331,0.616020,0.525824
0.402236,0.345647,0.368150,0.170811,0.692218,0.568223,0.524927
0.454540,0.388514,0.342103,0.146398,0.760703,0.625025,0.560969
0.472354,0.397652,0.350711,0.130677,0.801817,0.573016,0.647776
0.483808,0.430705,0.367954,0.120251,0.819421,0.565969,0.647924
0.451567,0.373877,0.341244,0.159978,0.740786,0.598157,0.537629
0.453113,0.377133,0.346114,0.152437,0.738394,0.588145,0.552349
0.451567,0.373877,0.341244,0.159978,0.740786,0.598157,0.537629
0.453113,0.377133,0.346114,0.152437,0.738394,0.588145,0.552349
0.437385,0.369947,0.337305,0.134240,0.765511,0.668974,0.612157
0.437385,0.369947,0.337305,0.134240,0.765511,0.668974,0.612157
0.451645,0.387586,0.319624,0.139715,0.786216,0.678128,0.606709
0.451645,0.387586,0.319624,0.139715,0.786216,0.678128,0.606709
0.411079,0.335007,0.333656,0.136163,0.725341,0.631973,0.606499
0.411079,0.335007,0.333656,0.136163,0.725341,0.631973,0.606499
0.388761,0.323061,0.346321,0.153751,0.704189,0.537654,0.575582
0.388761,0.323061,0.346321,0.153751,0.704189,0.537654,0.575582
0.435621,0.370283,0.318325,0.124682,0.739827,0.672390,0.598183
0.425432,0.347322,0.329147,0.132375,0.735427,0.636190,0.600647
0.425432,0.347322,0.329147,0.132375,0.735427,0.636190,0.600647
0.433740,0.381774,0.331203,0.117337,0.765904,0.679370,0.610726
0.433740,0.381774,0.331203,0.117337,0.765904,0.679370,0.610726
0.413742,0.343820,0.328811,0.128879,0.745191,0.660789,0.610441
0.413742,0.343820,0.328811,0.128879,0.745191,0.660789,0.610441
0.412722,0.347393,0.345689,0.135652,0.731863,0.651548,0.607542
0.412722,0.347393,0.345689,0.135652,0.731863,0.651548,0.607542
0.432366,0.368399,0.319675,0.123105,0.739808,0.667087,0.607252
0.432366,0.368399,0.319675,0.123105,0.739808,0.667087,0.607252
0.428098,0.367209,0.332781,0.128975,0.719000,0.661863,0.589336
0.428098,0.367209,0.332781,0.128975,0.719000,0.661863,0.589336
0.421217,0.356080,0.335669,0.131788,0.734264,0.630740,0.594116
0.421217,0.356080,0.335669,0.131788,0.734264,0.630740,0.594116
0.422947,0.346471,0.348072,0.118658,0.758286,0.652316,0.600685
0.422947,0.346471,0.348072,0.118658,0.758286,0.652316,0.600685
0.394014,0.337086,0.339409,0.150528,0.722939,0.656302,0.620412
0.394014,0.337086,0.339409,0.150528,0.722939,0.656302,0.620412
0.422989,0.361883,0.329076,0.142764,0.753213,0.673396,0.605212
0.422989,0.361883,0.329076,0.142764,0.753213,0.673396,0.605212
0.434102,0.383465,0.318183,0.128376,0.742774,0.665050,0.584717
0.434102,0.383465,0.318183,0.128376,0.742774,0.665050,0.584717
0.401355,0.340650,0.340844,0.140466,0.706950,0.629189,0.590049
0.401355,0.340650,0.340844,0.140466,0.706950,0.629189,0.590049
0.426962,0.362633,0.330712,0.131479,0.741749,0.656565,0.591852
0.426962,0.362633,0.330712,0.131479,0.741749,0.656565,0.591852
0.436979,0.386802,0.326525,0.110853,0.780237,0.682494,0.601518
0.436979,0.386802,0.326525,0.110853,0.780237,0.682494,0.601518
0.419569,0.343074,0.337233,0.129468,0.735307,0.626095,0.610586
0.419569,0.343074,0.337233,0.129468,0.735307,0.626095,0.610586
0.419569,0.343074,0.337233,0.129468,0.735307,0.626095,0.610586
0.419569,0.343074,0.337233,0.129468,0.735307,0.626095,0.610586
0.421586,0.340364,0.341079,0.115415,0.752396,0.685680,0.604262
0.421586,0.340364,0.341079,0.115415,0.752396,0.685680,0.604262
0.429205,0.352561,0.305309,0.176516,0.774679,0.623896,0.549899
0.429205,0.352561,0.305309,0.176516,0.774679,0.623896,0.549899
0.409288,0.338714,0.325292,0.164366,0.732252,0.642373,0.556547
0.409288,0.338714,0.325292,0.164366,0.732252,0.642373,0.556547
0.410250,0.332672,0.335475,0.164667,0.718184,0.663151,0.596619
0.410250,0.332672,0.335475,0.164667,0.718184,0.663151,0.596619
0.410250,0.332672,0.335475,0.164667,0.718184,0.663151,0.596619
0.410250,0.332672,0.335475,0.164667,0.718184,0.663151,0.596619
0.430968,0.360475,0.317532,0.148037,0.757502,0.644671,0.588793
0.430968,0.360475,0.317532,0.148037,0.757502,0.644671,0.588793
0.355590,0.326961,0.320206,0.190240,0.700668,0.602857,0.515977
0.384843,0.355342,0.390198,0.149104,0.735511,0.485628,0.586175
0.484421,0.442560,0.406607,0.151414,0.710655,0.601975,0.561985
0.485469,0.440567,0.413973,0.175796,0.726881,0.555965,0.552798
0.482290,0.420625,0.417172,0.170943,0.711887,0.537459,0.572285
0.482290,0.420625,0.417172,0.170943,0.711887,0.537459,0.572285
0.349717,0.319868,0.313427,0.116866,0.727786,0.507326,0.520189
0.367005,0.309403,0.288597,0.255086,0.744516,0.577558,0.490355
0.366008,0.335082,0.292740,0.237073,0.752904,0.542283,0.490524
0.373199,0.329062,0.289064,0.235799,0.779371,0.518940,0.491327
0.371805,0.331345,0.283744,0.257697,0.790095,0.584798,0.506065
0.367895,0.326972,0.289731,0.229109,0.771779,0.618309,0.385146
0.377760,0.327939,0.295288,0.230648,0.762995,0.575719,0.494587
0.355835,0.323651,0.285344,0.239478,0.750292,0.541653,0.539466
0.354023,0.316573,0.282965,0.231920,0.819089,0.519105,0.542024
0.347759,0.313643,0.295663,0.212428,0.729150,0.530580,0.511657
0.361812,0.328296,0.282693,0.247076,0.753895,0.535790,0.526941
0.343422,0.321629,0.284257,0.238717,0.777376,0.515635,0.536889
0.363246,0.329123,0.287761,0.245867,0.742397,0.531502,0.509058
0.358758,0.311987,0.294832,0.236591,0.735822,0.592781,0.499726
0.355458,0.331884,0.285893,0.229675,0.754899,0.608663,0.508447
0.341621,0.296652,0.285303,0.223676,0.727473,0.593998,0.502039
0.363938,0.323517,0.288946,0.244178,0.753810,0.616085,0.504644
0.359542,0.313644,0.289010,0.287183,0.736488,0.540297,0.510459
0.336641,0.312166,0.287249,0.212800,0.770046,0.631434,0.478977
0.341961,0.298679,0.280653,0.240508,0.782354,0.607363,0.468907
0.359800,0.311286,0.287345,0.247178,0.751380,0.569856,0.490841
0.357690,0.319413,0.285029,0.254786,0.768511,0.605300,0.489688
0.359476,0.305916,0.291497,0.249611,0.747994,0.524722,0.474396
0.351310,0.320772,0.292264,0.225945,0.774658,0.598671,0.462412
0.355898,0.318087,0.292347,0.209463,0.768835,0.542469,0.496879
0.356166,0.320666,0.295457,0.267049,0.785424,0.619304,0.458625
0.357693,0.319000,0.296213,0.281801,0.757525,0.617014,0.482327
0.368800,0.326743,0.295920,0.219057,0.756532,0.567020,0.417059
0.370593,0.332770,0.288464,0.234790,0.758588,0.544342,0.488699
0.363900,0.328267,0.283222,0.228635,0.803099,0.558202,0.485066
0.351310,0.320772,0.292264,0.225945,0.774658,0.598671,0.462412
0.345229,0.311316,0.287608,0.229648,0.796857,0.585624,0.486517
0.346548,0.320829,0.284799,0.252608,0.811049,0.498405,0.523566
0.383009,0.320685,0.280963,0.247629,0.819537,0.600338,0.520293
0.367391,0.319325,0.287213,0.250940,0.814016,0.613620,0.492766
0.378175,0.335182,0.289792,0.241448,0.791857,0.624026,0.473962
0.393505,0.348991,0.368823,0.121947,0.694213,0.596555,0.505986
0.390423,0.339731,0.373603,0.129025,0.674977,0.576367,0.520225
0.473365,0.449490,0.415674,0.112110,0.777750,0.655821,0.503212
0.393151,0.343139,0.383046,0.117613,0.668471,0.652569,0.509342
0.402528,0.350400,0.388099,0.126324,0.659133,0.652338,0.519591
0.393151,0.343139,0.383046,0.117613,0.668471,0.652569,0.509342
0.513479,0.486442,0.382969,0.100252,0.752004,0.716578,0.542621
0.390367,0.338367,0.392462,0.126374,0.651867,0.612943,0.526118
0.402129,0.336698,0.395844,0.122100,0.660355,0.649797,0.487143
0.399227,0.331558,0.365151,0.126796,0.664957,0.631549,0.503695
0.495466,0.455468,0.361111,0.116760,0.744372,0.692150,0.516386
0.433823,0.393888,0.387649,0.127860,0.767553,0.636044,0.487543
0.432306,0.371475,0.406230,0.139039,0.711605,0.645503,0.499073
0.412546,0.335427,0.402684,0.149078,0.655319,0.617217,0.507190
0.433823,0.393888,0.387649,0.127860,0.767553,0.636044,0.487543
0.432306,0.371475,0.406230,0.139039,0.711605,0.645503,0.499073
0.412546,0.335427,0.402684,0.149078,0.655319,0.617217,0.507190
0.412308,0.365823,0.400695,0.127147,0.712559,0.624558,0.472786
0.388250,0.333546,0.390539,0.136704,0.644341,0.597409,0.492589
0.388250,0.333546,0.390539,0.136704,0.644341,0.597409,0.492589
0.412308,0.365823,0.400695,0.127147,0.712559,0.624558,0.472786
0.385506,0.335005,0.394802,0.145952,0.644507,0.617140,0.508609
0.388250,0.333546,0.390539,0.136704,0.644341,0.597409,0.492589
0.392010,0.338310,0.396386,0.137613,0.649617,0.599002,0.469736
0.392010,0.338310,0.396386,0.137613,0.649617,0.599002,0.469736
0.491515,0.443921,0.375020,0.112127,0.719149,0.692819,0.528065
0.374634,0.329026,0.394202,0.145962,0.605643,0.595976,0.516393
0.507241,0.451009,0.375603,0.104369,0.778158,0.617247,0.532840
0.511768,0.452266,0.370581,0.111797,0.770944,0.623639,0.534125
0.317408,0.290219,0.281323,0.250762,0.701874,0.528485,0.647330
0.317408,0.290219,0.281323,0.250762,0.701874,0.528485,0.647330
0.510474,0.506435,0.424718,0.113582,0.778888,0.641023,0.498107
0.517585,0.502531,0.399825,0.119935,0.806803,0.644670,0.507348
0.596822,0.610113,0.579330,0.093876,0.933366,0.691137,0.613278
0.401570,0.332037,0.391268,0.174512,0.690060,0.634781,0.504359
0.397692,0.333421,0.376312,0.170491,0.679902,0.640707,0.497948
0.432399,0.367006,0.389085,0.160821,0.654607,0.624183,0.508231
0.422888,0.374764,0.373052,0.156678,0.644107,0.628471,0.497173
0.531006,0.479533,0.425970,0.117670,0.822315,0.567638,0.539514
0.478040,0.439039,0.426203,0.107570,0.575946,0.437731,0.461904
0.408384,0.358264,0.337169,0.192575,0.672261,0.484900,0.575299
0.494257,0.515419,0.481053,0.145187,0.866914,0.772385,0.521029
0.289727,0.316585,0.307361,0.298200,0.543296,0.458068,0.618846
0.374933,0.411024,0.385769,0.221496,0.689456,0.347453,0.550502
0.335745,0.358790,0.356213,0.232059,0.674396,0.335940,0.551084
0.526396,0.499188,0.413223,0.190847,0.826508,0.412803,0.602196
0.467024,0.453679,0.393902,0.200860,0.812205,0.392572,0.600368
0.480825,0.515504,0.374232,0.152233,0.898680,0.666611,0.621562
0.499609,0.565921,0.411031,0.169286,0.850962,0.641093,0.573726
0.407868,0.395972,0.318940,0.199030,0.719771,0.451922,0.615500
0.357721,0.348692,0.310534,0.166312,0.762937,0.534349,0.574233
0.420406,0.388972,0.333216,0.163310,0.781312,0.527950,0.588379
0.347284,0.348046,0.313178,0.169029,0.738083,0.522298,0.570651
0.396197,0.358094,0.317683,0.226791,0.755618,0.476055,0.596294
0.396816,0.358135,0.313739,0.236469,0.743806,0.472441,0.591087
0.395511,0.380041,0.377678,0.160636,0.779525,0.680289,0.491599
0.541587,0.564563,0.501951,0.094171,0.886321,0.706087,0.553724
0.577168,0.580500,0.509243,0.095846,0.877182,0.668404,0.543181
0.433018,0.359539,0.361164,0.165644,0.678850,0.582745,0.514573
0.427958,0.359068,0.350246,0.159852,0.672346,0.587780,0.506834
0.562552,0.562672,0.441072,0.104816,0.866698,0.658608,0.552961
0.577153,0.571101,0.482050,0.103098,0.865590,0.699111,0.544832
0.574336,0.589181,0.495971,0.100003,0.879858,0.732078,0.568862
0.598334,0.603988,0.541712,0.102326,0.857108,0.668564,0.572293
0.598334,0.603988,0.541712,0.102326,0.857108,0.668564,0.572293
0.402101,0.390948,0.344773,0.169008,0.781870,0.677147,0.535104
0.453038,0.415858,0.355891,0.183771,0.827257,0.577605,0.547094
0.401117,0.353835,0.348347,0.173714,0.791517,0.629115,0.491308
0.559725,0.492470,0.409577,0.133257,0.837529,0.686126,0.595207
0.588583,0.560338,0.413673,0.110674,0.816386,0.712857,0.557733
0.605287,0.541943,0.436654,0.128615,0.847355,0.684475,0.552384
0.403245,0.357449,0.340225,0.171231,0.787075,0.627742,0.482637
0.515828,0.547233,0.522401,0.114553,0.869566,0.655695,0.559173
0.429721,0.387826,0.347798,0.154252,0.777525,0.683053,0.483234
0.430590,0.401164,0.336952,0.157567,0.787503,0.695524,0.519359
0.376292,0.352348,0.318402,0.194181,0.656969,0.631977,0.508763
0.366298,0.354303,0.333003,0.182774,0.671288,0.610753,0.537785
0.514723,0.544456,0.497679,0.123982,0.863138,0.725694,0.610062
0.502169,0.538015,0.414188,0.128551,0.801588,0.487649,0.596927
0.551300,0.600482,0.524159,0.121167,0.817023,0.545154,0.611932
0.256255,0.290319,0.275426,0.418963,0.423406,0.301320,0.567096
0.256066,0.291591,0.273667,0.422210,0.423491,0.299444,0.564771
0.255355,0.290815,0.270383,0.428271,0.418969,0.303962,0.562403
0.282741,0.287050,0.293080,0.247145,0.711825,0.406384,0.532291
0.256623,0.291352,0.269816,0.430610,0.420689,0.311744,0.558832
0.400329,0.354745,0.334384,0.205842,0.741498,0.566343,0.487859
0.432480,0.494216,0.401100,0.193499,0.627863,0.466509,0.567532
0.334927,0.306599,0.295344,0.172567,0.814484,0.605798,0.657380
0.334927,0.306599,0.295344,0.172567,0.814484,0.605798,0.657380
0.380894,0.305182,0.321462,0.164273,0.825770,0.620374,0.650422
0.380894,0.305182,0.321462,0.164273,0.825770,0.620374,0.650422
0.389538,0.310052,0.323346,0.152855,0.819647,0.612290,0.656371
0.383821,0.305789,0.323112,0.149260,0.802752,0.629204,0.652112
0.372573,0.363861,0.339740,0.181802,0.730296,0.534293,0.617849
0.544152,0.551445,0.430844,0.150753,0.744139,0.574333,0.613610
0.353598,0.328662,0.328511,0.236985,0.750034,0.613321,0.585398
0.397802,0.337695,0.324066,0.166268,0.807652,0.620173,0.504106
0.377037,0.330841,0.332736,0.179499,0.785620,0.593558,0.484755
0.399146,0.341430,0.318665,0.164115,0.803783,0.618013,0.493662
0.378362,0.335384,0.325862,0.175897,0.781295,0.593086,0.476748
0.265351,0.305714,0.305532,0.229321,0.655034,0.400293,0.511451
0.316031,0.306882,0.317155,0.203316,0.675332,0.603261,0.463194
0.258961,0.295674,0.295313,0.253048,0.659951,0.413759,0.545189
0.254538,0.285064,0.277768,0.274785,0.601676,0.384042,0.542923
0.561280,0.617677,0.471134,0.081606,0.912831,0.735174,0.572034
0.443009,0.383027,0.360666,0.162154,0.704214,0.558969,0.578112
0.433299,0.438703,0.357296,0.154047,0.824045,0.661720,0.502450
0.422191,0.340119,0.376744,0.200079,0.732286,0.606564,0.512444
0.553672,0.540773,0.476573,0.116675,0.736217,0.579352,0.459531
0.538938,0.528571,0.495331,0.115315,0.747480,0.592953,0.508190
0.565489,0.561175,0.499514,0.113175,0.778455,0.614045,0.509784
0.509323,0.525148,0.480367,0.119605,0.785592,0.577481,0.474003
0.502471,0.527153,0.476339,0.120989,0.786542,0.653697,0.466384
0.490751,0.495514,0.464416,0.135228,0.744785,0.610872,0.502821
0.522990,0.533945,0.465884,0.132181,0.731475,0.551911,0.483136
0.541940,0.517586,0.441371,0.115929,0.794914,0.549817,0.467380
0.508149,0.519890,0.467552,0.108986,0.831029,0.667998,0.488598
0.517132,0.523475,0.463878,0.129069,0.855952,0.652356,0.561483
0.558573,0.536185,0.488252,0.132039,0.843655,0.613139,0.550625
0.558573,0.536185,0.488252,0.132039,0.843655,0.613139,0.550625
0.532035,0.472797,0.395998,0.149786,0.775890,0.635637,0.548612
0.532035,0.472797,0.395998,0.149786,0.775890,0.635637,0.548612
0.545820,0.548228,0.525811,0.114911,0.884235,0.659386,0.524108
0.575064,0.608962,0.561847,0.107536,0.886412,0.696953,0.532799
0.364166,0.335390,0.340691,0.220692,0.728273,0.572010,0.472920
0.603648,0.556346,0.377700,0.139681,0.771998,0.676938,0.519257
0.392534,0.356453,0.321042,0.220642,0.771755,0.400251,0.539433
0.432769,0.414227,0.339029,0.160421,0.849161,0.563213,0.607486
0.481296,0.456448,0.371388,0.162499,0.849652,0.684722,0.516287
0.584548,0.722404,0.534409,0.094379,0.908937,0.766513,0.526407
0.539731,0.562003,0.513820,0.089603,0.800257,0.623397,0.566839
0.416298,0.395019,0.368544,0.141595,0.729827,0.576702,0.534259
0.493939,0.457252,0.349362,0.126257,0.782083,0.620429,0.555726
0.340364,0.336416,0.369895,0.206972,0.586548,0.493405,0.503740
0.382835,0.364317,0.408038,0.165264,0.701379,0.511619,0.515061
0.332392,0.341621,0.376934,0.164582,0.691733,0.520435,0.489327
0.329831,0.337228,0.384730,0.183098,0.673930,0.517477,0.506083
0.472102,0.485639,0.511147,0.133985,0.811931,0.607518,0.508097
0.461600,0.457394,0.507486,0.131673,0.794650,0.607724,0.526335
0.400941,0.415183,0.418551,0.151300,0.779755,0.609841,0.509082
0.395450,0.398839,0.371792,0.154632,0.774883,0.590738,0.530309
0.328488,0.331074,0.357377,0.174397,0.659757,0.506353,0.511256
0.330162,0.335462,0.372773,0.187868,0.655461,0.508694,0.521600
0.473008,0.454177,0.504281,0.132102,0.789474,0.592845,0.525500
0.308969,0.334391,0.355281,0.212563,0.615265,0.492361,0.496372
0.443388,0.438827,0.454317,0.144345,0.762648,0.555252,0.511386
0.311987,0.304810,0.328135,0.348116,0.379409,0.298366,0.452656
0.308969,0.334391,0.355281,0.212563,0.615265,0.492361,0.496372
0.299403,0.315186,0.347046,0.253500,0.520126,0.422715,0.486770
0.346942,0.367181,0.349994,0.200041,0.678317,0.499201,0.497375
0.301532,0.320403,0.358508,0.235244,0.536120,0.409785,0.496061
0.295445,0.302577,0.330312,0.325224,0.418542,0.311734,0.484497
0.424778,0.458489,0.420883,0.189070,0.665364,0.507264,0.501239
0.434056,0.444439,0.381472,0.190727,0.700797,0.517628,0.527917
0.434056,0.444439,0.381472,0.190727,0.700797,0.517628,0.527917
0.411874,0.430896,0.333865,0.195229,0.702754,0.511314,0.550750
0.411874,0.430896,0.333865,0.195229,0.702754,0.511314,0.550750
0.407488,0.430136,0.367147,0.196838,0.678790,0.529440,0.519451
0.407488,0.430136,0.367147,0.196838,0.678790,0.529440,0.519451
0.437427,0.433299,0.386404,0.206795,0.714649,0.539209,0.536074
0.437427,0.433299,0.386404,0.206795,0.714649,0.539209,0.536074
0.450805,0.432669,0.369681,0.179592,0.758209,0.550293,0.535148
0.450805,0.432669,0.369681,0.179592,0.758209,0.550293,0.535148
0.364914,0.381296,0.381703,0.211075,0.618104,0.405698,0.566344
0.364914,0.381296,0.381703,0.211075,0.618104,0.405698,0.566344
0.482480,0.551454,0.441164,0.204985,0.774313,0.612131,0.574517
0.471929,0.536872,0.432149,0.173187,0.795263,0.612712,0.562086
0.486371,0.532674,0.440089,0.190749,0.807037,0.600178,0.579160
0.423108,0.502561,0.373709,0.198802,0.691172,0.539805,0.569577
0.381523,0.455372,0.382105,0.178808,0.704567,0.512728,0.600358
0.381523,0.455372,0.382105,0.178808,0.704567,0.512728,0.600358
0.469722,0.543135,0.429493,0.163583,0.707553,0.531851,0.569396
0.469722,0.543135,0.429493,0.163583,0.707553,0.531851,0.569396
0.346168,0.379170,0.358110,0.185986,0.673728,0.521220,0.589927
0.346168,0.379170,0.358110,0.185986,0.673728,0.521220,0.589927
0.402800,0.408292,0.395923,0.212487,0.698905,0.446981,0.542381
0.445251,0.490876,0.391718,0.171310,0.796400,0.555473,0.547321
0.452330,0.495466,0.399539,0.201348,0.809161,0.527746,0.569182
0.461341,0.490686,0.396859,0.191072,0.810194,0.554190,0.558739
0.456096,0.491545,0.395042,0.204017,0.770346,0.537536,0.567040
0.430070,0.472785,0.392135,0.144256,0.780115,0.497066,0.566775
0.352229,0.367673,0.372576,0.177283,0.701162,0.442937,0.595067
0.381808,0.419475,0.373156,0.169115,0.706970,0.474095,0.587262
0.307069,0.343212,0.264320,0.230732,0.546429,0.475297,0.549397
0.234013,0.302415,0.282024,0.262300,0.513136,0.308322,0.527862
0.298666,0.339903,0.256605,0.202505,0.682419,0.455692,0.546574
0.299634,0.340143,0.254626,0.211606,0.667933,0.431279,0.544101
0.238594,0.289779,0.262868,0.290522,0.484639,0.275951,0.535936
0.298576,0.337965,0.253619,0.221363,0.664070,0.420044,0.538461
0.238828,0.289575,0.261363,0.298145,0.485330,0.276935,0.535320
0.280564,0.327942,0.305727,0.218540,0.612079,0.315195,0.546855
0.304058,0.330606,0.288095,0.234487,0.561194,0.385477,0.558894
0.314601,0.325153,0.296764,0.234412,0.558117,0.335214,0.545931
0.314601,0.325153,0.296764,0.234412,0.558117,0.335214,0.545931
0.314601,0.325153,0.296764,0.234412,0.558117,0.335214,0.545931
0.303670,0.329084,0.282274,0.242261,0.548499,0.366851,0.555256
0.314463,0.324785,0.290530,0.241445,0.546452,0.325360,0.542715
0.314463,0.324785,0.290530,0.241445,0.546452,0.325360,0.542715
0.314463,0.324785,0.290530,0.241445,0.546452,0.325360,0.542715
0.275811,0.325174,0.282661,0.354669,0.438580,0.230570,0.511898
0.277743,0.317264,0.281408,0.367633,0.448750,0.224882,0.541157
0.274661,0.318405,0.276133,0.370984,0.436575,0.228085,0.534222
0.399345,0.447938,0.390571,0.142731,0.545532,0.487430,0.488809
0.304958,0.329205,0.284438,0.173468,0.571039,0.481295,0.499640
0.345006,0.324984,0.300003,0.215833,0.741407,0.542432,0.511011
0.339509,0.346486,0.303796,0.165581,0.749814,0.730712,0.520668
0.385435,0.342689,0.352807,0.173065,0.756747,0.677914,0.536139
0.353367,0.380602,0.292774,0.152173,0.826130,0.757932,0.504607
0.338391,0.348564,0.286260,0.165461,0.795965,0.710986,0.488942
0.329925,0.354086,0.292422,0.192121,0.749233,0.681470,0.494933
0.329432,0.359114,0.292166,0.173190,0.723236,0.695831,0.455179
0.373095,0.339678,0.349393,0.170613,0.743677,0.686861,0.487120
0.347838,0.326785,0.268993,0.193604,0.747319,0.537524,0.532006
0.293940,0.293871,0.264518,0.183144,0.814985,0.587685,0.640155
0.351924,0.299407,0.313700,0.156251,0.787416,0.523769,0.644870
0.355986,0.306067,0.307188,0.159945,0.787873,0.512172,0.643752
0.285772,0.285723,0.335651,0.193482,0.667541,0.454053,0.602461
0.281519,0.276918,0.325741,0.201514,0.658436,0.432356,0.600563
0.341363,0.294682,0.301440,0.184333,0.737253,0.483180,0.638015
0.343619,0.295591,0.304779,0.180006,0.745026,0.492768,0.640042
0.344541,0.295844,0.308091,0.176459,0.766345,0.502092,0.641256
0.347192,0.294619,0.308903,0.166784,0.786021,0.521635,0.639004
0.312485,0.286485,0.257456,0.239861,0.719652,0.496325,0.599032
0.279676,0.280551,0.255461,0.287128,0.702357,0.428426,0.607076
0.325159,0.324886,0.260190,0.276134,0.706008,0.464975,0.610329
0.335775,0.305758,0.303412,0.134380,0.664015,0.490335,0.475498
0.333457,0.376943,0.260581,0.109096,0.777450,0.512360,0.584440
0.333457,0.376943,0.260581,0.109096,0.777450,0.512360,0.584440
0.333457,0.376943,0.260581,0.109096,0.777450,0.512360,0.584440
0.352017,0.324926,0.274165,0.193670,0.768720,0.572866,0.538357
0.351290,0.325007,0.273911,0.193711,0.769382,0.559546,0.539139
0.348851,0.324048,0.274237,0.194520,0.768892,0.563643,0.536273
0.345764,0.320366,0.270473,0.219851,0.774262,0.562645,0.545034
0.316151,0.353653,0.279208,0.153254,0.713993,0.472307,0.502902
0.316151,0.353653,0.279208,0.153254,0.713993,0.472307,0.502902
0.316151,0.353653,0.279208,0.153254,0.713993,0.472307,0.502902
0.235193,0.293811,0.249362,0.268705,0.525394,0.432176,0.496879
0.235193,0.293811,0.249362,0.268705,0.525394,0.432176,0.496879
0.235193,0.293811,0.249362,0.268705,0.525394,0.432176,0.496879
0.356545,0.298564,0.284666,0.298406,0.697339,0.511597,0.499799
0.331845,0.340172,0.348296,0.229200,0.646266,0.507124,0.547279
0.309077,0.294562,0.293730,0.189656,0.708440,0.594283,0.485830
0.309077,0.294562,0.293730,0.189656,0.708440,0.594283,0.485830
0.332436,0.330307,0.311695,0.177192,0.754160,0.645910,0.489033
0.332436,0.330307,0.311695,0.177192,0.754160,0.645910,0.489033
0.302153,0.322648,0.306207,0.248014,0.481503,0.435536,0.466142
0.312352,0.330506,0.332904,0.223348,0.603016,0.447045,0.503168
0.407051,0.362551,0.324239,0.152991,0.705269,0.565128,0.503322
0.296994,0.344170,0.327691,0.230892,0.508419,0.536654,0.479435
0.356574,0.342056,0.334212,0.242367,0.571082,0.444003,0.506560
0.397314,0.377057,0.361416,0.228392,0.661111,0.453750,0.542851
0.313913,0.318291,0.327740,0.253451,0.575808,0.486840,0.511407
0.306209,0.320882,0.319663,0.254286,0.561057,0.489685,0.514544
0.386593,0.356687,0.339047,0.219607,0.640721,0.475629,0.533381
0.370369,0.362237,0.328377,0.228926,0.631876,0.466100,0.533187
0.422829,0.372142,0.363562,0.207079,0.688414,0.478657,0.547520
0.319978,0.328523,0.314857,0.261481,0.584652,0.431891,0.508579
0.388718,0.360588,0.369500,0.226297,0.717906,0.488662,0.539968
0.384055,0.375054,0.353760,0.223536,0.640624,0.499497,0.527791
0.412043,0.360971,0.376076,0.201983,0.740498,0.498299,0.538942
0.345439,0.363641,0.326143,0.326186,0.487323,0.321090,0.540453
0.345521,0.348524,0.337258,0.258471,0.540191,0.423434,0.513000
0.401954,0.358978,0.366756,0.236649,0.654508,0.436613,0.541856
0.401954,0.358978,0.366756,0.236649,0.654508,0.436613,0.541856
0.398510,0.352002,0.371684,0.202508,0.696919,0.536813,0.533744
0.352539,0.361638,0.345742,0.229067,0.659520,0.521289,0.526843
0.352258,0.363956,0.374326,0.227586,0.687482,0.474499,0.529743
0.356023,0.362868,0.331653,0.268707,0.547066,0.383477,0.514461
0.395898,0.350546,0.357991,0.199900,0.700803,0.547678,0.536823
0.383033,0.371551,0.350105,0.203779,0.700559,0.560942,0.550890
0.442476,0.425954,0.334129,0.185149,0.722786,0.623180,0.534765
0.371357,0.340401,0.346129,0.239825,0.665849,0.469549,0.547396
0.405892,0.331544,0.371639,0.201129,0.720671,0.575347,0.550633
0.402550,0.344203,0.366048,0.173353,0.757528,0.597901,0.540890
0.356982,0.349620,0.344519,0.216547,0.623763,0.504109,0.514777
0.323444,0.340908,0.312417,0.234388,0.606724,0.532627,0.530598
0.352772,0.347579,0.346463,0.228096,0.707322,0.528962,0.510474
0.327772,0.341702,0.316174,0.222161,0.621707,0.533437,0.521733
0.315628,0.325726,0.331680,0.240679,0.575308,0.478874,0.498732
0.364516,0.374256,0.348466,0.206756,0.683089,0.559262,0.557130
0.329606,0.355204,0.340037,0.242687,0.638539,0.514419,0.539395
0.310731,0.330301,0.319238,0.249271,0.560381,0.496117,0.501313
0.333005,0.337759,0.311868,0.234765,0.605634,0.506614,0.497699
0.316469,0.343456,0.333008,0.267832,0.578167,0.502893,0.531087
0.344434,0.340730,0.348324,0.238280,0.672443,0.476695,0.531039
0.344434,0.340730,0.348324,0.238280,0.672443,0.476695,0.531039
0.344434,0.340730,0.348324,0.238280,0.672443,0.476695,0.531039
0.293132,0.293028,0.304451,0.223971,0.653509,0.475851,0.537400
0.365616,0.352149,0.358635,0.215967,0.712776,0.518354,0.515592
0.338275,0.341567,0.331626,0.254629,0.685962,0.544300,0.559496
0.299243,0.342995,0.312828,0.321713,0.476353,0.401992,0.495294
0.335223,0.323752,0.335795,0.283839,0.717580,0.594593,0.577641
0.337407,0.353793,0.316616,0.222586,0.585973,0.520091,0.535232
0.304992,0.351648,0.312155,0.398805,0.404249,0.354096,0.485242
0.301319,0.316235,0.315208,0.305972,0.482610,0.414871,0.494400
0.407342,0.418957,0.346672,0.146787,0.731974,0.588801,0.571216
0.304974,0.316949,0.342924,0.198254,0.590392,0.538931,0.506132
0.353456,0.331228,0.360943,0.208200,0.658491,0.453227,0.521536
0.353456,0.331228,0.360943,0.208200,0.658491,0.453227,0.521536
0.338981,0.359281,0.282898,0.174078,0.798306,0.557931,0.570548
0.323204,0.336219,0.276861,0.188339,0.784964,0.536697,0.569382
0.319320,0.333442,0.269976,0.198022,0.759535,0.524469,0.568719
0.315825,0.331222,0.263892,0.207612,0.732545,0.526179,0.564157
0.310103,0.330382,0.261144,0.222149,0.716878,0.524056,0.562031
0.294069,0.333902,0.318116,0.278068,0.486859,0.473891,0.478240
0.317885,0.338009,0.338572,0.269874,0.599494,0.476136,0.527225
0.353426,0.319307,0.329154,0.236147,0.739894,0.503140,0.508543
0.353426,0.319307,0.329154,0.236147,0.739894,0.503140,0.508543
0.356975,0.307237,0.324257,0.237395,0.733863,0.515106,0.506498
0.356975,0.307237,0.324257,0.237395,0.733863,0.515106,0.506498
0.334670,0.310248,0.315872,0.271090,0.675458,0.473560,0.520698
0.334670,0.310248,0.315872,0.271090,0.675458,0.473560,0.520698
0.353261,0.324801,0.311453,0.251552,0.752580,0.585908,0.521405
0.353261,0.324801,0.311453,0.251552,0.752580,0.585908,0.521405
0.329896,0.309485,0.323145,0.225440,0.737486,0.482060,0.556872
0.329896,0.309485,0.323145,0.225440,0.737486,0.482060,0.556872
0.364335,0.329780,0.325293,0.263251,0.769198,0.562352,0.555923
0.364335,0.329780,0.325293,0.263251,0.769198,0.562352,0.555923
0.349878,0.331989,0.294631,0.283195,0.747145,0.517781,0.553090
0.349878,0.331989,0.294631,0.283195,0.747145,0.517781,0.553090
0.356535,0.330070,0.304316,0.265284,0.784431,0.565437,0.551298
0.356535,0.330070,0.304316,0.265284,0.784431,0.565437,0.551298
0.366777,0.322705,0.311873,0.244181,0.775857,0.600629,0.520232
0.366777,0.322705,0.311873,0.244181,0.775857,0.600629,0.520232
0.361131,0.324908,0.308122,0.261828,0.746160,0.593573,0.508353
0.361131,0.324908,0.308122,0.261828,0.746160,0.593573,0.508353
0.367206,0.320807,0.303350,0.288887,0.784603,0.589757,0.530686
0.367206,0.320807,0.303350,0.288887,0.784603,0.589757,0.530686
0.336464,0.350352,0.273110,0.155178,0.754846,0.747675,0.534984
0.346513,0.362829,0.297625,0.149996,0.742490,0.758495,0.460200
0.501794,0.501444,0.406769,0.104744,0.780976,0.616716,0.506225
0.472663,0.477582,0.383083,0.123859,0.756543,0.601243,0.518754
0.472663,0.477582,0.383083,0.123859,0.756543,0.601243,0.518754
0.487881,0.483255,0.370273,0.111547,0.782212,0.558946,0.516152
0.494121,0.487955,0.381076,0.114408,0.791395,0.536349,0.500966
0.560516,0.539743,0.406090,0.120029,0.817641,0.552418,0.516403
0.362931,0.337943,0.297117,0.278591,0.704328,0.546757,0.587980
0.506356,0.432065,0.383676,0.161720,0.791212,0.632283,0.580771
0.456676,0.427518,0.411052,0.117077,0.785955,0.591027,0.557345
0.326598,0.298170,0.269806,0.249524,0.698064,0.595761,0.522090
0.411012,0.327746,0.328525,0.211864,0.790208,0.548264,0.546506
0.375210,0.321228,0.314057,0.230488,0.752733,0.493475,0.525547
0.443817,0.344127,0.341800,0.171536,0.814452,0.552170,0.561751
0.450504,0.354007,0.342095,0.173277,0.807242,0.549913,0.549876
0.447993,0.344654,0.345657,0.172959,0.818744,0.554160,0.543860
0.439189,0.330421,0.342036,0.163319,0.814652,0.561056,0.531886
0.412466,0.328419,0.328114,0.167239,0.769854,0.533873,0.498047
0.442799,0.332817,0.365158,0.181602,0.816341,0.529224,0.551764
0.394073,0.331389,0.319725,0.175609,0.715006,0.528971,0.495318
0.410809,0.327808,0.336066,0.193635,0.733146,0.567728,0.530932
0.404418,0.325573,0.336413,0.196240,0.732725,0.574777,0.552687
0.409937,0.335826,0.337837,0.186735,0.770030,0.597490,0.543032
0.390079,0.333104,0.300903,0.173517,0.786946,0.548082,0.523879
0.371856,0.316328,0.327014,0.227472,0.727582,0.481530,0.548618
0.412132,0.407964,0.337191,0.140950,0.833824,0.627631,0.565748
0.465351,0.443228,0.346724,0.175518,0.884107,0.651210,0.641505
0.439360,0.421394,0.352276,0.157116,0.861465,0.605708,0.632452
0.478015,0.502792,0.379518,0.129511,0.848978,0.602350,0.489085
0.362307,0.341577,0.307775,0.142520,0.832855,0.710535,0.600183
0.367035,0.330025,0.294387,0.152153,0.811639,0.732158,0.551895
0.434686,0.370677,0.343439,0.184799,0.802083,0.594410,0.467424
0.366268,0.331190,0.308266,0.130339,0.816618,0.707581,0.574732
0.571164,0.587144,0.439543,0.101925,0.888555,0.720802,0.641682
0.405284,0.377846,0.326740,0.165529,0.832222,0.678436,0.490896
0.405284,0.377846,0.326740,0.165529,0.832222,0.678436,0.490896
0.540974,0.463264,0.370798,0.135458,0.809413,0.615639,0.510418
0.562808,0.554979,0.391957,0.112642,0.873761,0.605685,0.539589
0.550054,0.478784,0.355258,0.126907,0.821659,0.651682,0.535486
0.551710,0.479702,0.364747,0.132497,0.822919,0.628306,0.525340
0.551974,0.502873,0.425185,0.117490,0.853851,0.643146,0.557909
0.563787,0.489302,0.373074,0.121234,0.825003,0.672971,0.539236
0.568083,0.580816,0.442823,0.095577,0.902095,0.678156,0.558771
0.413661,0.361352,0.307775,0.146546,0.863493,0.647200,0.574865
0.409975,0.383733,0.313296,0.170986,0.819884,0.675375,0.498170
0.359513,0.350805,0.313464,0.142139,0.669358,0.557669,0.562452
0.398440,0.412706,0.276608,0.157462,0.788749,0.503496,0.600460
0.440235,0.522159,0.343092,0.173388,0.723250,0.432415,0.637738
0.500316,0.560595,0.361959,0.161927,0.734565,0.440725,0.645078
0.327373,0.325629,0.317949,0.139010,0.650864,0.488139,0.537397
0.362268,0.351093,0.343674,0.135367,0.638777,0.551197,0.487773
0.340688,0.358604,0.334233,0.163603,0.642782,0.512318,0.485030
0.454479,0.518103,0.323289,0.125020,0.839479,0.710215,0.470714
0.597150,0.517707,0.458765,0.162027,0.812220,0.631347,0.535978
0.379871,0.336317,0.286722,0.157188,0.787576,0.667996,0.535200
0.352583,0.330511,0.286174,0.161746,0.742181,0.648037,0.618627
0.371469,0.346622,0.300966,0.131769,0.841396,0.711706,0.588329
0.531525,0.521549,0.373846,0.132430,0.844706,0.633534,0.533857
0.391617,0.471260,0.330753,0.127237,0.850295,0.712829,0.492033
0.375645,0.427331,0.301380,0.144559,0.848933,0.710605,0.534505
0.404220,0.386240,0.327862,0.189322,0.833137,0.639863,0.532416
0.338116,0.348246,0.313738,0.176163,0.764650,0.641456,0.491273
0.412132,0.385780,0.336731,0.183213,0.834500,0.658896,0.526661
0.385778,0.355901,0.327871,0.198145,0.783070,0.595283,0.496929
0.375983,0.338887,0.333685,0.208471,0.757246,0.582223,0.496516
0.376579,0.350397,0.313770,0.162553,0.751381,0.674606,0.531134
0.389430,0.375843,0.324028,0.163700,0.808263,0.591610,0.510697
0.355229,0.349695,0.304019,0.209253,0.818217,0.639677,0.574186
0.388425,0.370139,0.344449,0.179618,0.815125,0.588732,0.439990
0.357528,0.327747,0.309992,0.141588,0.819230,0.696396,0.496883
0.362554,0.321182,0.306645,0.140925,0.825121,0.712840,0.547734
0.364571,0.319919,0.304320,0.137873,0.821130,0.696689,0.565613
0.392530,0.365163,0.320996,0.147593,0.825374,0.601202,0.562481
0.404669,0.376840,0.320257,0.163356,0.803796,0.549652,0.588774
0.412657,0.359036,0.320860,0.180116,0.774019,0.539987,0.562826
0.412154,0.369741,0.314823,0.169316,0.783095,0.569715,0.581531
0.402857,0.375933,0.321530,0.166650,0.774597,0.557072,0.587707
0.417352,0.364362,0.331727,0.175394,0.804952,0.537763,0.562915
0.478034,0.499957,0.355989,0.164299,0.793190,0.574662,0.536814
0.470810,0.521540,0.337352,0.154858,0.779146,0.572171,0.537374
0.368191,0.396657,0.299204,0.169536,0.833718,0.645341,0.514010
0.360605,0.338479,0.333269,0.199729,0.801766,0.582103,0.473351
0.358919,0.397740,0.312796,0.148713,0.797409,0.731898,0.502743
0.410120,0.394857,0.354174,0.195067,0.693992,0.537503,0.521629
0.410120,0.394857,0.354174,0.195067,0.693992,0.537503,0.521629
0.384757,0.355436,0.337526,0.199513,0.773851,0.554119,0.437451
0.328897,0.370462,0.288723,0.153878,0.755394,0.709392,0.455187
0.383773,0.353625,0.347295,0.196955,0.810501,0.599872,0.468111
0.383773,0.353625,0.347295,0.196955,0.810501,0.599872,0.468111
0.378985,0.351771,0.324647,0.210209,0.810641,0.594444,0.489404
0.367977,0.394279,0.303616,0.146603,0.815849,0.731738,0.451121
0.327151,0.325734,0.303160,0.209294,0.736569,0.559396,0.467430
0.327151,0.325734,0.303160,0.209294,0.736569,0.559396,0.467430
0.376030,0.354558,0.320995,0.194247,0.808084,0.604404,0.475148
0.376030,0.354558,0.320995,0.194247,0.808084,0.604404,0.475148
0.321732,0.330246,0.303367,0.196041,0.721699,0.573385,0.457693
0.321732,0.330246,0.303367,0.196041,0.721699,0.573385,0.457693
0.389817,0.353800,0.316651,0.206788,0.801298,0.605626,0.506669
0.373150,0.338910,0.309852,0.208334,0.755107,0.567397,0.483430
0.359217,0.334232,0.309469,0.222189,0.728146,0.550103,0.485947
0.390975,0.382736,0.321919,0.177321,0.824438,0.596108,0.498635
0.329543,0.361922,0.299423,0.178658,0.762805,0.566684,0.476043
0.329543,0.361922,0.299423,0.178658,0.762805,0.566684,0.476043
0.367699,0.389919,0.308837,0.147750,0.807782,0.676953,0.499795
0.368940,0.393471,0.295957,0.177354,0.808619,0.708641,0.493320
0.373925,0.351517,0.311167,0.201486,0.804722,0.654763,0.458451
0.376030,0.354558,0.320995,0.194247,0.808084,0.604404,0.475148
0.376030,0.354558,0.320995,0.194247,0.808084,0.604404,0.475148
0.321732,0.330246,0.303367,0.196041,0.721699,0.573385,0.457693
0.385599,0.360535,0.313866,0.167900,0.833843,0.650653,0.487656
0.412730,0.357678,0.339179,0.144523,0.813770,0.715098,0.578131
0.320511,0.326054,0.309429,0.194737,0.730244,0.581059,0.448364
0.320511,0.326054,0.309429,0.194737,0.730244,0.581059,0.448364
0.384994,0.384071,0.316123,0.129255,0.783589,0.743392,0.467961
0.534321,0.568506,0.480217,0.120911,0.900648,0.611560,0.532002
0.534321,0.568506,0.480217,0.120911,0.900648,0.611560,0.532002
0.556588,0.596877,0.453869,0.134806,0.843759,0.656065,0.528693
0.501955,0.490445,0.357578,0.162539,0.762275,0.561976,0.501187
0.501955,0.490445,0.357578,0.162539,0.762275,0.561976,0.501187
0.546680,0.561537,0.461901,0.110444,0.889722,0.642114,0.522605
0.561979,0.587972,0.422450,0.139229,0.833896,0.641461,0.532823
0.384896,0.372260,0.313901,0.154436,0.777287,0.722846,0.529077
0.356158,0.373855,0.297457,0.171856,0.866566,0.725823,0.548953
0.359562,0.399852,0.305491,0.137978,0.836804,0.725118,0.496226
0.387793,0.380146,0.312828,0.255214,0.765186,0.608524,0.539009
0.448125,0.399844,0.363197,0.230356,0.774635,0.575587,0.515669
0.381733,0.406677,0.318675,0.191969,0.715881,0.607125,0.473922
0.447532,0.396627,0.370016,0.233782,0.775381,0.564937,0.509956
0.401027,0.404812,0.316826,0.242526,0.739736,0.581551,0.496287
0.401410,0.399839,0.316234,0.239744,0.729762,0.569135,0.490067
0.349277,0.360945,0.287337,0.200500,0.759054,0.660948,0.527397
0.376962,0.382702,0.299773,0.155449,0.752940,0.610891,0.487988
0.372943,0.390628,0.301658,0.237615,0.730560,0.536310,0.507592
0.362893,0.386109,0.297050,0.161358,0.825211,0.658948,0.481330
0.329113,0.354118,0.288815,0.219688,0.712848,0.639858,0.487865
0.383922,0.415285,0.321902,0.222635,0.688706,0.541624,0.455511
0.383922,0.415285,0.321902,0.222635,0.688706,0.541624,0.455511
0.419801,0.403181,0.330264,0.208962,0.799293,0.631904,0.545517
0.387346,0.389875,0.323870,0.232067,0.760520,0.594267,0.520975
0.383555,0.393500,0.285086,0.201868,0.795725,0.704919,0.547769
0.397020,0.391804,0.317181,0.206663,0.749798,0.628450,0.509814
0.450962,0.453552,0.335937,0.174098,0.817245,0.690489,0.514985
0.441061,0.413373,0.338995,0.230557,0.823073,0.680564,0.554576
0.434044,0.435661,0.326365,0.204454,0.829565,0.710130,0.560034
0.379276,0.367707,0.340246,0.218277,0.711088,0.574102,0.570437
0.396743,0.370783,0.309203,0.231834,0.777455,0.629526,0.519423
0.449851,0.414690,0.346417,0.222471,0.793751,0.612383,0.556170
0.433800,0.426920,0.344033,0.222687,0.789289,0.610224,0.535752
0.384623,0.384918,0.314649,0.246051,0.771966,0.593569,0.546685
0.359824,0.373514,0.325529,0.251002,0.753695,0.573229,0.544510
0.333553,0.365182,0.311821,0.221289,0.688756,0.583349,0.481609
0.361445,0.378441,0.308124,0.206864,0.751845,0.596647,0.505323
0.439376,0.371033,0.334207,0.210711,0.804958,0.643404,0.555790
0.438301,0.427203,0.324397,0.193441,0.849094,0.702962,0.519792
0.429735,0.428197,0.319057,0.167068,0.845667,0.710101,0.474873
0.429608,0.429797,0.313197,0.192648,0.854691,0.738253,0.556740
0.423962,0.431109,0.308729,0.163535,0.849304,0.740582,0.500784
0.382182,0.371996,0.299975,0.227284,0.775219,0.642873,0.536314
0.361473,0.376287,0.296263,0.193644,0.749541,0.649127,0.496131
0.413040,0.425052,0.330358,0.171850,0.805576,0.711389,0.507420
0.373031,0.357545,0.319354,0.213957,0.767649,0.600651,0.565243
0.366779,0.360090,0.289856,0.234230,0.766978,0.659275,0.556566
0.348228,0.364081,0.279766,0.214850,0.737202,0.583176,0.542414
0.338336,0.368706,0.317003,0.264715,0.697895,0.462503,0.534529
0.441689,0.450685,0.350990,0.141103,0.871272,0.696777,0.492048
0.365748,0.355904,0.330529,0.228756,0.790663,0.635458,0.571178
0.421747,0.391963,0.343765,0.211213,0.811259,0.587131,0.560302
0.439084,0.445158,0.336266,0.183504,0.837029,0.690310,0.536221
0.355628,0.358283,0.322697,0.211556,0.808849,0.644282,0.568936
0.428400,0.452572,0.333817,0.182727,0.839709,0.701764,0.565369
0.346925,0.361320,0.326719,0.192902,0.819336,0.649202,0.552487
0.414214,0.456123,0.339382,0.153940,0.837553,0.707148,0.501189
0.359973,0.391986,0.289991,0.219933,0.811572,0.628204,0.560214
0.376405,0.374325,0.324843,0.246726,0.761471,0.593080,0.535770
0.372084,0.365598,0.349784,0.221185,0.708178,0.550609,0.562603
0.395298,0.374901,0.313560,0.238873,0.768925,0.597723,0.523781
0.376405,0.374325,0.324843,0.246726,0.761471,0.593080,0.535770
0.372084,0.365598,0.349784,0.221185,0.708178,0.550609,0.562603
0.395298,0.374901,0.313560,0.238873,0.768925,0.597723,0.523781
0.429308,0.420951,0.328143,0.232676,0.829071,0.687058,0.583289
0.377657,0.363111,0.325277,0.256199,0.792005,0.628225,0.570039
0.408832,0.377697,0.302322,0.232313,0.776279,0.649755,0.535454
0.332321,0.364808,0.287811,0.136932,0.791219,0.737435,0.461522
0.605104,0.649674,0.553060,0.104355,0.901636,0.682063,0.597568
0.496217,0.520684,0.391662,0.125736,0.877276,0.571284,0.535830
0.516959,0.539051,0.381186,0.114435,0.871347,0.592019,0.540652
0.561689,0.537158,0.379523,0.112101,0.846163,0.672059,0.515874
0.557378,0.572009,0.390871,0.121403,0.854037,0.645938,0.555425
0.540159,0.542117,0.377184,0.109939,0.827657,0.645357,0.540525
0.517712,0.480412,0.347333,0.120838,0.815584,0.619401,0.502345
0.392232,0.444822,0.348948,0.116554,0.863390,0.739969,0.495320
0.392232,0.444822,0.348948,0.116554,0.863390,0.739969,0.495320
0.327563,0.355106,0.285846,0.145067,0.799333,0.719505,0.455954
0.371102,0.380159,0.316283,0.161465,0.755541,0.686612,0.455400
0.399833,0.449821,0.303629,0.135328,0.816951,0.745939,0.414791
0.381793,0.385250,0.308993,0.139944,0.727368,0.691611,0.496824
0.368660,0.402492,0.298568,0.126165,0.837273,0.716943,0.511261
0.458838,0.498717,0.352636,0.120716,0.880956,0.686193,0.506701
0.413947,0.449438,0.345182,0.128827,0.828435,0.720640,0.457301
0.390676,0.442915,0.313653,0.136370,0.788500,0.718128,0.465231
0.416178,0.491884,0.314950,0.131980,0.831066,0.737484,0.470305
0.380271,0.400612,0.299386,0.140904,0.821264,0.727663,0.483809
0.348976,0.331613,0.314705,0.151408,0.808660,0.708444,0.527330
0.347589,0.350509,0.306933,0.152649,0.762878,0.710561,0.524074
0.376454,0.395300,0.309308,0.166113,0.846099,0.738339,0.562430
0.368141,0.374062,0.295832,0.165369,0.856792,0.718059,0.579199
0.353387,0.373172,0.323728,0.150543,0.778701,0.754095,0.548304
0.367408,0.405314,0.312142,0.140951,0.838800,0.746310,0.531504
0.366507,0.387368,0.308498,0.156090,0.831001,0.745361,0.562975
0.367077,0.353533,0.309956,0.187458,0.735918,0.623500,0.613615
0.374394,0.395466,0.319026,0.191517,0.797198,0.632470,0.507692
0.478836,0.439885,0.337411,0.140418,0.880150,0.804202,0.521576
0.405908,0.409965,0.304646,0.149635,0.863074,0.783262,0.527713
0.402633,0.399059,0.313720,0.186823,0.852630,0.778177,0.524129
0.382392,0.428127,0.286914,0.153994,0.862755,0.745580,0.527924
0.338123,0.330701,0.257367,0.178452,0.857813,0.728055,0.530330
0.366732,0.375944,0.289849,0.193546,0.841666,0.736822,0.553976
0.403899,0.426328,0.321051,0.131202,0.833879,0.776400,0.458001
0.343819,0.362125,0.273460,0.133679,0.799465,0.740525,0.478710
0.342521,0.360637,0.276018,0.152136,0.784934,0.738092,0.517108
0.362753,0.402517,0.308212,0.144477,0.764549,0.758733,0.496335
0.403739,0.448920,0.311646,0.137582,0.825314,0.790829,0.483548
0.408555,0.506338,0.320083,0.132664,0.827510,0.747922,0.462248
0.353131,0.335012,0.298719,0.142436,0.790266,0.777740,0.544499
0.345224,0.318063,0.302679,0.141595,0.770775,0.761288,0.492437
0.338612,0.359014,0.306251,0.164456,0.714270,0.744907,0.531869
0.357840,0.402366,0.323444,0.146561,0.756039,0.734318,0.481815
0.354970,0.374699,0.312559,0.155994,0.751587,0.758079,0.486265
0.332143,0.360682,0.294472,0.152618,0.768540,0.735911,0.459331
0.329301,0.349772,0.290936,0.140397,0.798070,0.722901,0.471927
0.351326,0.388391,0.274745,0.174716,0.794522,0.731127,0.519905
0.371789,0.420429,0.305596,0.140058,0.816442,0.745482,0.471187
0.322676,0.355738,0.293937,0.197780,0.699468,0.690035,0.487486
0.338835,0.361452,0.286628,0.146865,0.754019,0.750958,0.516240
0.391204,0.446222,0.309273,0.132398,0.815904,0.786544,0.487918
0.367050,0.395757,0.300204,0.156920,0.802877,0.748776,0.506994
0.342272,0.376748,0.307227,0.156110,0.733297,0.709389,0.502428
0.372413,0.400961,0.309191,0.136187,0.831563,0.716966,0.456061
0.415153,0.467514,0.293483,0.123618,0.821569,0.721790,0.450197
0.428709,0.368075,0.376749,0.184406,0.766454,0.631645,0.573529
0.415456,0.374928,0.384210,0.203357,0.748086,0.598980,0.564511
0.445938,0.447873,0.338017,0.133020,0.834267,0.789888,0.504852
0.425006,0.455256,0.304221,0.130338,0.819896,0.739674,0.476254
0.375863,0.424786,0.306074,0.134972,0.824577,0.728038,0.490373
0.389123,0.444844,0.288732,0.127416,0.802776,0.666863,0.463516
0.355735,0.396531,0.296355,0.174558,0.780999,0.646769,0.491833
0.359369,0.416439,0.293319,0.152003,0.750670,0.663598,0.443110
0.322465,0.390287,0.291328,0.171681,0.691053,0.626961,0.437589
0.360887,0.394545,0.312755,0.151272,0.657568,0.642682,0.462870
0.391433,0.405668,0.302277,0.143711,0.750808,0.642045,0.460456
0.306277,0.352082,0.291971,0.179900,0.682660,0.634303,0.473453
0.409207,0.449579,0.346261,0.151757,0.838487,0.698311,0.501262
0.370648,0.419698,0.299596,0.152003,0.817026,0.737879,0.464938
0.540388,0.554602,0.447561,0.116260,0.875156,0.768144,0.522055
0.541652,0.570109,0.456345,0.124030,0.880697,0.759705,0.545483
0.326639,0.354618,0.336790,0.174089,0.718344,0.481477,0.464607
0.320511,0.326054,0.309429,0.194737,0.730244,0.581059,0.448364
0.320511,0.326054,0.309429,0.194737,0.730244,0.581059,0.448364
0.550860,0.613884,0.493300,0.114426,0.880169,0.764444,0.536071
0.530950,0.565239,0.456519,0.121663,0.877628,0.756567,0.526870
0.540194,0.584132,0.469395,0.117222,0.885830,0.760660,0.548425
0.556851,0.581469,0.478044,0.122864,0.896690,0.730122,0.576678
0.559153,0.639588,0.507762,0.112212,0.885512,0.751002,0.510564
0.572509,0.647398,0.531053,0.112986,0.899163,0.755448,0.527550
0.545273,0.511483,0.431153,0.140259,0.867610,0.711427,0.549923
0.534337,0.479333,0.423319,0.140509,0.833688,0.677584,0.562010
0.541822,0.540641,0.441248,0.142101,0.876168,0.708402,0.584137
0.539896,0.557128,0.441252,0.155659,0.829936,0.694446,0.556877
0.535320,0.537940,0.438313,0.113877,0.861749,0.720895,0.545301
0.533330,0.507732,0.438243,0.115378,0.836196,0.692137,0.553374
0.535320,0.537940,0.438313,0.113877,0.861749,0.720895,0.545301
0.524228,0.520020,0.425332,0.125515,0.816025,0.650234,0.524181
0.554869,0.593985,0.480371,0.114520,0.883026,0.744800,0.495048
0.538354,0.527159,0.428927,0.127981,0.868545,0.706474,0.559470
0.535085,0.569498,0.436551,0.125090,0.848187,0.726803,0.498300
0.535085,0.569498,0.436551,0.125090,0.848187,0.726803,0.498300
0.537836,0.568206,0.451669,0.143262,0.853996,0.703425,0.511481
0.556851,0.581469,0.478044,0.122864,0.896690,0.730122,0.576678
0.384994,0.384071,0.316123,0.129255,0.783589,0.743392,0.467961
0.529998,0.501558,0.454780,0.116269,0.896999,0.700170,0.577964
0.550207,0.568049,0.504651,0.120729,0.899316,0.754098,0.547916
0.423536,0.445059,0.316312,0.145448,0.861401,0.790131,0.504187
0.542488,0.591732,0.484049,0.113234,0.903271,0.785145,0.556894
0.380193,0.378098,0.299592,0.121504,0.816099,0.777817,0.468698
0.546814,0.595632,0.527118,0.118119,0.893372,0.765963,0.565996
0.521036,0.517213,0.389571,0.140243,0.842265,0.628178,0.515442
0.559201,0.568640,0.486719,0.112112,0.897640,0.713732,0.588321
0.545046,0.537247,0.433063,0.108891,0.887808,0.736676,0.576335
0.545686,0.561808,0.454698,0.110407,0.897756,0.712487,0.580701
0.585853,0.611744,0.490676,0.111172,0.901012,0.711749,0.596170
0.540147,0.537517,0.464396,0.080026,0.892917,0.747554,0.549818
0.553126,0.560279,0.457442,0.111677,0.896794,0.734225,0.564352
0.567969,0.577704,0.503421,0.113648,0.896160,0.711539,0.579571
0.539017,0.525541,0.393129,0.112424,0.859802,0.682110,0.602246
0.541820,0.554899,0.472601,0.117256,0.902328,0.719008,0.584414
0.595456,0.619633,0.536132,0.114969,0.906574,0.716979,0.566274
0.551994,0.519225,0.459701,0.138406,0.893988,0.662796,0.602913
0.528484,0.480965,0.445920,0.137441,0.854345,0.614894,0.629809
0.552148,0.516100,0.453033,0.153708,0.856311,0.639513,0.577001
0.563311,0.528984,0.406139,0.111403,0.847637,0.693929,0.518968
0.503793,0.496738,0.354455,0.131435,0.808628,0.571781,0.536898
0.393737,0.457750,0.327946,0.117526,0.864129,0.738377,0.513601
0.583596,0.592552,0.529879,0.120352,0.893848,0.706107,0.572942
0.399123,0.460136,0.329367,0.126131,0.858514,0.752192,0.482920
0.554323,0.561621,0.489983,0.125158,0.880783,0.712512,0.555049
0.554323,0.561621,0.489983,0.125158,0.880783,0.712512,0.555049
0.524199,0.476585,0.349677,0.137894,0.704869,0.579640,0.529001
0.357325,0.397555,0.286458,0.132017,0.826003,0.679055,0.535950
0.359176,0.397306,0.307915,0.146760,0.832372,0.738760,0.492133
0.329316,0.373472,0.289231,0.159713,0.773663,0.730466,0.461613
0.359176,0.397306,0.307915,0.146760,0.832372,0.738760,0.492133
0.329316,0.373472,0.289231,0.159713,0.773663,0.730466,0.461613
0.359664,0.386621,0.286305,0.192295,0.747362,0.646074,0.464644
0.332518,0.350334,0.327383,0.160788,0.779144,0.529547,0.502131
0.268291,0.313202,0.297998,0.208016,0.690991,0.460007,0.503907
0.362105,0.344842,0.331301,0.145005,0.754594,0.559851,0.502616
0.358733,0.345897,0.324258,0.152819,0.748417,0.548739,0.496324
0.365858,0.341256,0.319783,0.153215,0.739740,0.576667,0.508818
0.339314,0.353504,0.306594,0.282854,0.661615,0.565190,0.517465
0.342053,0.355426,0.305528,0.269265,0.685514,0.559642,0.522608
0.342053,0.355426,0.305528,0.269265,0.685514,0.559642,0.522608
0.436523,0.451271,0.425691,0.156581,0.733980,0.633785,0.505716
0.440186,0.419340,0.380677,0.120657,0.816542,0.578917,0.569185
0.453800,0.459944,0.426705,0.142805,0.710639,0.563809,0.491812
0.463174,0.466649,0.391824,0.137889,0.730576,0.609121,0.502968
0.439720,0.379576,0.376012,0.180928,0.612107,0.541648,0.521032
0.371298,0.394028,0.321283,0.134216,0.827325,0.693695,0.477202
0.365632,0.329000,0.319934,0.164177,0.803370,0.569663,0.483423
0.402736,0.352721,0.308726,0.152170,0.856097,0.642312,0.560591
0.347458,0.316515,0.310517,0.191396,0.755111,0.516600,0.464549
0.347458,0.316515,0.310517,0.191396,0.755111,0.516600,0.464549
0.537268,0.512754,0.368018,0.097119,0.800354,0.659318,0.601771
0.476999,0.444608,0.420790,0.100847,0.784143,0.598043,0.524523
0.448685,0.444538,0.410196,0.130270,0.744337,0.609136,0.536340
0.460744,0.430174,0.402734,0.110704,0.812811,0.592239,0.578779
0.443551,0.374346,0.388354,0.122945,0.757789,0.598829,0.585244
0.453187,0.383928,0.355714,0.120305,0.745561,0.597439,0.580083
0.429351,0.343421,0.368591,0.152337,0.674051,0.517661,0.593734
0.460008,0.428579,0.398014,0.111342,0.814032,0.587737,0.577364
0.510791,0.514721,0.377098,0.113278,0.803998,0.667966,0.566457
0.427293,0.367792,0.396455,0.124541,0.750657,0.512919,0.495372
0.460341,0.455766,0.435602,0.121532,0.776938,0.604833,0.486097
0.422329,0.409279,0.416909,0.141890,0.746022,0.578247,0.501816
0.451185,0.453439,0.422784,0.135580,0.743796,0.628927,0.499792
0.441527,0.373366,0.391619,0.173968,0.649050,0.585158,0.527073
0.413775,0.358176,0.377889,0.135073,0.774404,0.551117,0.543223
0.442173,0.439914,0.414125,0.131748,0.823772,0.598136,0.546813
0.440714,0.397406,0.370633,0.142736,0.731417,0.595834,0.556113
0.403077,0.355610,0.378080,0.167452,0.675458,0.542351,0.567504
0.410749,0.355996,0.373372,0.136193,0.774481,0.544477,0.542294
0.442263,0.437013,0.408793,0.131911,0.824912,0.590602,0.547156
0.409910,0.399204,0.383542,0.165669,0.758917,0.508798,0.496055
0.410536,0.427532,0.423689,0.178882,0.743719,0.476915,0.511393
0.440050,0.452022,0.420361,0.173010,0.782724,0.561049,0.539395
0.528545,0.526269,0.440969,0.142725,0.863798,0.620615,0.498309
0.502024,0.491696,0.436719,0.153907,0.819512,0.616329,0.514621
0.505058,0.503784,0.408801,0.157479,0.812867,0.603439,0.511049
0.454144,0.435447,0.418568,0.166059,0.735662,0.564808,0.528022
0.529154,0.530299,0.440005,0.146246,0.855294,0.624157,0.510063
0.507711,0.509459,0.396276,0.159618,0.789401,0.611762,0.524582
0.530573,0.547103,0.445177,0.142002,0.846203,0.625793,0.507317
0.511808,0.527398,0.399853,0.158063,0.789500,0.612195,0.519662
0.540306,0.542709,0.434844,0.142284,0.866809,0.621031,0.513230
0.518538,0.522852,0.405694,0.155549,0.807865,0.602632,0.525269
0.531886,0.513359,0.372544,0.105043,0.793621,0.656382,0.577245
0.443135,0.429035,0.393030,0.139786,0.749354,0.602737,0.508880
0.442120,0.420471,0.384280,0.119191,0.816058,0.583841,0.568279
0.456198,0.435287,0.409459,0.112458,0.778861,0.590426,0.489740
0.544745,0.532357,0.376170,0.097396,0.789606,0.625570,0.560667
0.473106,0.461889,0.425258,0.124910,0.722556,0.571772,0.483821
0.461098,0.444547,0.435722,0.170545,0.742255,0.548539,0.502211
0.461133,0.422430,0.430954,0.166986,0.739176,0.561410,0.506625
0.371228,0.360485,0.367521,0.212187,0.541567,0.535329,0.517578
0.368699,0.369377,0.369773,0.176897,0.619498,0.557924,0.534462
0.381013,0.379059,0.365565,0.190639,0.584064,0.496277,0.522123
0.401145,0.376318,0.349649,0.181535,0.613242,0.527583,0.521543
0.474454,0.467613,0.350572,0.108851,0.879450,0.704138,0.552936
0.301004,0.309558,0.293166,0.187131,0.750232,0.525424,0.444085
0.301004,0.309558,0.293166,0.187131,0.750232,0.525424,0.444085
0.527544,0.569009,0.404462,0.121687,0.869525,0.651265,0.529116
0.533195,0.524201,0.363217,0.134612,0.845207,0.626242,0.517630
0.527544,0.569009,0.404462,0.121687,0.869525,0.651265,0.529116
0.533195,0.524201,0.363217,0.134612,0.845207,0.626242,0.517630
0.395862,0.313517,0.277292,0.206969,0.731390,0.544604,0.525247
0.395862,0.313517,0.277292,0.206969,0.731390,0.544604,0.525247
0.412358,0.313006,0.285142,0.193843,0.802461,0.602484,0.538786
0.386811,0.307457,0.284880,0.256562,0.728606,0.574027,0.544826
0.433127,0.321247,0.296352,0.183449,0.743446,0.604313,0.534205
0.438408,0.343632,0.304831,0.196648,0.849683,0.669824,0.511040
0.436732,0.329395,0.308644,0.197887,0.794524,0.598257,0.519382
0.387550,0.299819,0.282232,0.178467,0.713618,0.496001,0.494171
0.442579,0.333229,0.307234,0.189345,0.779216,0.580954,0.513898
0.427639,0.330387,0.296088,0.170384,0.761514,0.594726,0.511649
0.432296,0.338502,0.295553,0.169482,0.816051,0.605842,0.521344
0.400697,0.314942,0.279994,0.198922,0.774603,0.530273,0.518907
0.409676,0.317575,0.294329,0.190598,0.825095,0.580400,0.524862
0.431396,0.319847,0.300169,0.176392,0.770482,0.595562,0.534866
0.440526,0.340200,0.290149,0.171652,0.779169,0.573033,0.532665
0.448599,0.344856,0.307273,0.173712,0.823403,0.589026,0.517502
0.361117,0.293725,0.269956,0.221104,0.706270,0.514724,0.524112
0.408774,0.316738,0.302682,0.162727,0.787272,0.598550,0.522554
0.348817,0.274934,0.274953,0.167855,0.737797,0.577361,0.544182
0.339134,0.278970,0.264704,0.184184,0.745546,0.539111,0.536346
0.324066,0.279384,0.260755,0.206249,0.715245,0.523251,0.510952
0.400280,0.303438,0.278912,0.155627,0.798375,0.559044,0.536237
0.400280,0.303438,0.278912,0.155627,0.798375,0.559044,0.536237
0.507420,0.522249,0.405489,0.114442,0.817387,0.574856,0.503522
0.511767,0.548599,0.419476,0.104728,0.830282,0.626982,0.506784
0.514636,0.539981,0.409877,0.095293,0.847497,0.660670,0.537697
0.451612,0.488708,0.373507,0.124141,0.871656,0.613032,0.503609
0.517467,0.546445,0.410348,0.107360,0.832401,0.618072,0.500764
0.437099,0.483822,0.381529,0.147225,0.861849,0.587068,0.498268
0.576312,0.600460,0.484373,0.100336,0.890075,0.696450,0.626779
0.515392,0.482114,0.336929,0.139884,0.721300,0.599168,0.548796
0.498591,0.450131,0.305310,0.150909,0.766638,0.580631,0.514088
0.288295,0.325333,0.294715,0.305686,0.579977,0.442603,0.616851
0.293643,0.363883,0.292185,0.280675,0.453560,0.435290,0.555417
0.456813,0.453589,0.316173,0.166174,0.795650,0.612036,0.536527
0.466056,0.465372,0.319731,0.150344,0.812713,0.562934,0.536483
0.408277,0.421248,0.318585,0.175760,0.655303,0.452246,0.533079
0.475385,0.461721,0.315311,0.150283,0.802077,0.563944,0.525995
0.459003,0.417461,0.312017,0.162925,0.749033,0.637804,0.505010
0.482652,0.403305,0.312088,0.152928,0.763601,0.645423,0.512399
0.425106,0.407022,0.294766,0.138147,0.794743,0.667696,0.559617
0.477017,0.402490,0.294784,0.137004,0.752416,0.673599,0.514940
0.478845,0.406803,0.294473,0.148836,0.762406,0.638867,0.521705
0.424323,0.370378,0.303842,0.179350,0.654489,0.614923,0.511586
0.404750,0.365829,0.288774,0.168189,0.684119,0.580804,0.518250
0.483503,0.405156,0.316285,0.145412,0.766003,0.611453,0.530514
0.481594,0.407016,0.304000,0.133336,0.789637,0.683295,0.529219
0.482812,0.410643,0.315524,0.145749,0.762137,0.643922,0.512504
0.435351,0.384737,0.320865,0.174855,0.659978,0.615440,0.503738
0.482812,0.410643,0.315524,0.145749,0.762137,0.643922,0.512504
0.482812,0.410643,0.315524,0.145749,0.762137,0.643922,0.512504
0.479078,0.422801,0.298057,0.147369,0.768255,0.665666,0.515989
0.430564,0.386543,0.302714,0.177949,0.684449,0.644534,0.506758
0.486272,0.416665,0.310923,0.151410,0.759646,0.643243,0.521465
0.488866,0.438280,0.321883,0.145559,0.765645,0.632215,0.524560
0.475094,0.463847,0.315320,0.149542,0.722144,0.609943,0.567391
0.440047,0.405150,0.331163,0.183299,0.619283,0.562031,0.512549
0.431302,0.389612,0.316326,0.173773,0.648227,0.617575,0.518400
0.444341,0.432056,0.322133,0.162474,0.694702,0.597212,0.528566
0.431082,0.415563,0.297853,0.191184,0.644914,0.583372,0.548413
0.438985,0.418105,0.317337,0.194760,0.614652,0.555163,0.550603
0.424954,0.377607,0.312911,0.175870,0.689620,0.644342,0.588669
0.408985,0.371161,0.309511,0.194839,0.600543,0.575344,0.549164
0.486272,0.416665,0.310923,0.151410,0.759646,0.643243,0.521465
0.486272,0.416665,0.310923,0.151410,0.759646,0.643243,0.521465
0.515135,0.423531,0.319155,0.135686,0.797916,0.649317,0.499631
0.564034,0.467487,0.307491,0.134318,0.820399,0.678979,0.532060
0.479125,0.413058,0.324943,0.145831,0.769039,0.598248,0.530208
0.417200,0.370596,0.279528,0.163950,0.804771,0.605939,0.523845
0.425458,0.387322,0.296139,0.157749,0.798482,0.652062,0.595993
0.437879,0.407314,0.292084,0.137378,0.765885,0.671605,0.535711
0.437879,0.407314,0.292084,0.137378,0.765885,0.671605,0.535711
0.437879,0.407314,0.292084,0.137378,0.765885,0.671605,0.535711
0.485718,0.420056,0.312537,0.133082,0.784274,0.654244,0.531752
0.493754,0.436211,0.289010,0.128222,0.822167,0.710960,0.546116
0.482088,0.399907,0.300883,0.163261,0.752108,0.606806,0.523305
0.431716,0.389276,0.301426,0.165562,0.729869,0.603994,0.535228
0.432586,0.389454,0.322089,0.183017,0.715069,0.626558,0.545179
0.468480,0.429286,0.299990,0.149445,0.825988,0.689190,0.542853
0.467859,0.408045,0.285997,0.122566,0.836146,0.715162,0.539089
0.424693,0.363317,0.313754,0.174906,0.714565,0.561424,0.520770
0.487733,0.410802,0.309014,0.141096,0.803941,0.648393,0.535880
0.447461,0.373977,0.324529,0.172639,0.723283,0.596837,0.533734
0.440692,0.373975,0.316344,0.167862,0.727873,0.611435,0.537306
0.444543,0.376347,0.323651,0.170314,0.719932,0.647212,0.546912
0.446088,0.372750,0.317336,0.180143,0.760752,0.617497,0.572872
0.469133,0.401042,0.311756,0.155538,0.764579,0.624019,0.516501
0.435231,0.416984,0.325058,0.170788,0.801640,0.581401,0.525391
0.427143,0.390946,0.313763,0.209978,0.665052,0.553709,0.507606
0.449728,0.390219,0.306785,0.195051,0.693320,0.560062,0.482502
0.508844,0.445066,0.300218,0.140650,0.776358,0.652586,0.523064
0.480450,0.405830,0.314525,0.178745,0.738998,0.564552,0.494268
0.428934,0.393739,0.317542,0.184100,0.680190,0.569588,0.505281
0.427315,0.394986,0.311775,0.195198,0.666718,0.560931,0.511850
0.494169,0.440756,0.306455,0.182365,0.740006,0.566310,0.511660
0.427202,0.392515,0.325106,0.191617,0.671100,0.517776,0.512916
0.471814,0.403068,0.328159,0.163046,0.750333,0.568190,0.497600
0.466343,0.527702,0.436111,0.144894,0.827978,0.613532,0.507769
0.427746,0.512977,0.408397,0.163152,0.751876,0.596816,0.481723
0.478723,0.547441,0.433102,0.143116,0.828169,0.622910,0.502860
0.458839,0.514606,0.339875,0.098232,0.874747,0.756140,0.581857
0.520814,0.577354,0.408551,0.098250,0.896366,0.790702,0.586045
0.384771,0.349708,0.281640,0.222820,0.775003,0.552798,0.541940
0.387324,0.333952,0.272238,0.233109,0.779356,0.546510,0.556691
0.384034,0.334459,0.280779,0.234095,0.788844,0.555013,0.547265
0.384475,0.334149,0.283636,0.223277,0.777413,0.517938,0.550724
0.400898,0.328602,0.321783,0.167183,0.773851,0.666900,0.557976
0.450451,0.412565,0.365114,0.195035,0.778254,0.562135,0.526797
0.383745,0.349148,0.307736,0.255301,0.725190,0.528446,0.553919
0.373516,0.341112,0.302529,0.250009,0.732569,0.529042,0.549121
0.422407,0.386557,0.317686,0.155016,0.803839,0.671574,0.561716
0.418526,0.364112,0.336085,0.154159,0.772575,0.625995,0.559042
0.418526,0.364112,0.336085,0.154159,0.772575,0.625995,0.559042
0.450533,0.395235,0.357944,0.152240,0.805597,0.657899,0.608887
0.495053,0.421494,0.359520,0.131945,0.825989,0.661121,0.598994
0.495053,0.421494,0.359520,0.131945,0.825989,0.661121,0.598994
0.326743,0.322434,0.278723,0.231627,0.695329,0.508203,0.558470
0.355981,0.328877,0.285644,0.259622,0.728553,0.498182,0.553944
0.361943,0.342064,0.287513,0.253049,0.727218,0.516767,0.548436
0.366091,0.329573,0.275245,0.266499,0.730297,0.523905,0.569912
0.306232,0.295147,0.267332,0.243604,0.688786,0.488303,0.539371
0.339009,0.297663,0.273066,0.283133,0.720645,0.479143,0.535249
0.345066,0.311127,0.276022,0.273244,0.716691,0.492467,0.530689
0.348311,0.299855,0.264366,0.289675,0.723466,0.493397,0.549157
0.344163,0.312007,0.265996,0.281639,0.708883,0.460977,0.533150
0.297393,0.286831,0.262888,0.256344,0.689733,0.481780,0.548520
0.325847,0.290101,0.269036,0.298986,0.721419,0.464585,0.545574
0.333603,0.301176,0.271018,0.290096,0.722434,0.476497,0.541830
0.337978,0.291349,0.258329,0.297120,0.724653,0.480338,0.554856
0.329781,0.305126,0.261289,0.295933,0.709021,0.441751,0.544075
0.346654,0.324109,0.315658,0.154448,0.803816,0.661181,0.525827
0.358729,0.329262,0.295183,0.152323,0.857790,0.680937,0.493617
0.373473,0.326166,0.287203,0.142009,0.839261,0.688874,0.537057
0.347210,0.317242,0.284848,0.144890,0.834668,0.680771,0.514069
0.368509,0.341995,0.299393,0.147544,0.862075,0.689250,0.517035
0.374270,0.339268,0.295535,0.143599,0.856419,0.699002,0.561261
0.370497,0.331959,0.300871,0.141161,0.849998,0.699743,0.544316
0.360789,0.340824,0.313033,0.130991,0.839450,0.676030,0.517042
0.367831,0.334703,0.307004,0.128677,0.839232,0.689454,0.581877
0.353314,0.332073,0.295481,0.137099,0.856739,0.688510,0.537811
0.361117,0.315796,0.302249,0.129994,0.850014,0.714642,0.545721
0.339786,0.315135,0.298105,0.140843,0.817610,0.683879,0.482235
0.319018,0.297274,0.310701,0.217214,0.720682,0.517839,0.576372
0.310704,0.306784,0.300010,0.215697,0.710062,0.496446,0.570513
0.289406,0.263449,0.288300,0.235603,0.713357,0.473548,0.565712
0.283960,0.269622,0.278479,0.238529,0.700877,0.461469,0.563337
0.283839,0.260566,0.285870,0.247138,0.708154,0.459472,0.570788
0.277673,0.268881,0.277581,0.251753,0.700087,0.441460,0.570742
0.356974,0.307141,0.307447,0.149974,0.818147,0.697998,0.583607
0.392429,0.382216,0.317945,0.181453,0.827152,0.655304,0.505562
0.392429,0.382216,0.317945,0.181453,0.827152,0.655304,0.505562
0.388546,0.364122,0.301739,0.181918,0.821737,0.654362,0.516483
0.388546,0.364122,0.301739,0.181918,0.821737,0.654362,0.516483
0.356734,0.362359,0.320230,0.155620,0.795472,0.722753,0.494028
0.570658,0.655288,0.496640,0.096946,0.899622,0.759938,0.530542
0.582182,0.640661,0.486085,0.093758,0.919601,0.759621,0.549593
0.570658,0.655288,0.496640,0.096946,0.899622,0.759938,0.530542
0.514028,0.575839,0.435791,0.077196,0.895764,0.753555,0.582796
0.439148,0.451707,0.341449,0.118161,0.852575,0.612644,0.558491
0.385044,0.299402,0.277641,0.172473,0.781123,0.540711,0.560813
0.385044,0.299402,0.277641,0.172473,0.781123,0.540711,0.560813
0.361007,0.346450,0.305253,0.162146,0.871631,0.692360,0.522796
0.372589,0.332624,0.304477,0.157016,0.868681,0.701940,0.578879
0.362171,0.315979,0.307083,0.155300,0.851728,0.693119,0.554111
0.369881,0.345621,0.303991,0.153132,0.854287,0.685426,0.497458
0.482599,0.526215,0.391510,0.120852,0.891242,0.636103,0.591581
0.441231,0.513935,0.378121,0.140633,0.807632,0.558098,0.511742
0.364612,0.341353,0.306465,0.141215,0.845259,0.670079,0.601534
0.327131,0.323549,0.301443,0.143987,0.805165,0.660877,0.546942
0.425131,0.375225,0.363631,0.200159,0.698799,0.592924,0.546678
0.425131,0.375225,0.363631,0.200159,0.698799,0.592924,0.546678
0.490690,0.407537,0.363726,0.164723,0.762822,0.521103,0.546975
0.490690,0.407537,0.363726,0.164723,0.762822,0.521103,0.546975
0.394773,0.372433,0.345757,0.222295,0.647667,0.517856,0.547288
0.394773,0.372433,0.345757,0.222295,0.647667,0.517856,0.547288
0.513928,0.482065,0.354943,0.154731,0.836210,0.604466,0.561283
0.513928,0.482065,0.354943,0.154731,0.836210,0.604466,0.561283
0.383997,0.375806,0.327355,0.251788,0.672666,0.501697,0.508627
0.383997,0.375806,0.327355,0.251788,0.672666,0.501697,0.508627
0.439198,0.393964,0.350422,0.200216,0.732320,0.561507,0.546010
0.439198,0.393964,0.350422,0.200216,0.732320,0.561507,0.546010
0.412572,0.388951,0.331283,0.228674,0.701102,0.508825,0.534945
0.412572,0.388951,0.331283,0.228674,0.701102,0.508825,0.534945
0.433113,0.393193,0.347984,0.203212,0.736327,0.565342,0.553719
0.433113,0.393193,0.347984,0.203212,0.736327,0.565342,0.553719
0.503025,0.431091,0.362178,0.170729,0.753655,0.519326,0.535484
0.503025,0.431091,0.362178,0.170729,0.753655,0.519326,0.535484
0.622076,0.608657,0.484344,0.138508,0.894961,0.677206,0.455326
0.367892,0.352468,0.304250,0.131140,0.837309,0.708137,0.515818
0.362633,0.328262,0.306898,0.121577,0.826647,0.697073,0.549698
0.367592,0.318190,0.300053,0.125959,0.818765,0.691014,0.568890
0.368711,0.318101,0.295213,0.126728,0.798204,0.686059,0.556667
0.334905,0.319697,0.292816,0.131811,0.800413,0.680770,0.534227
0.358741,0.351647,0.311228,0.131598,0.825989,0.688035,0.521450
0.373090,0.344658,0.306749,0.128902,0.829288,0.708099,0.591521
0.374993,0.330680,0.301039,0.130337,0.863874,0.752061,0.610573
0.362388,0.325858,0.310327,0.125313,0.799033,0.690974,0.559630
0.367892,0.352468,0.304250,0.131140,0.837309,0.708137,0.515818
0.354854,0.315019,0.313127,0.153959,0.783298,0.628459,0.598270
0.352972,0.306630,0.312325,0.162279,0.732281,0.665319,0.532079
0.342546,0.329410,0.311028,0.176112,0.726996,0.644739,0.525653
0.344884,0.328315,0.305042,0.138814,0.741322,0.664320,0.497748
0.361935,0.317080,0.303318,0.152282,0.764200,0.644334,0.570616
0.521222,0.534964,0.367538,0.132032,0.825743,0.639916,0.528052
0.546434,0.485933,0.425494,0.120422,0.821384,0.684123,0.524676
0.346878,0.379865,0.318822,0.162858,0.699704,0.703106,0.530628
0.341973,0.361806,0.318354,0.182809,0.713113,0.700152,0.556766
0.559076,0.509091,0.445401,0.135577,0.764960,0.667462,0.531468
0.545985,0.509782,0.366569,0.145778,0.826840,0.730889,0.540779
0.532153,0.545283,0.369771,0.138397,0.825258,0.731965,0.554810
0.524759,0.530062,0.383519,0.143329,0.831048,0.741545,0.552787
0.527564,0.499871,0.436205,0.161313,0.800678,0.680111,0.583988
0.524406,0.491744,0.435313,0.129978,0.794876,0.692335,0.543328
0.524406,0.491744,0.435313,0.129978,0.794876,0.692335,0.543328
0.524406,0.491744,0.435313,0.129978,0.794876,0.692335,0.543328
0.458556,0.437026,0.365405,0.152296,0.736606,0.585881,0.526873
0.459360,0.450395,0.383418,0.168603,0.763159,0.632158,0.540297
0.520556,0.490697,0.420199,0.152830,0.791166,0.650995,0.563686
0.444746,0.447647,0.373475,0.196505,0.751847,0.602623,0.513851
0.528062,0.478438,0.427124,0.135901,0.807189,0.662919,0.515932
0.525569,0.486332,0.439273,0.148471,0.799735,0.673564,0.534127
0.525569,0.486332,0.439273,0.148471,0.799735,0.673564,0.534127
0.525569,0.486332,0.439273,0.148471,0.799735,0.673564,0.534127
0.515184,0.476461,0.418110,0.132790,0.831848,0.714946,0.541562
0.511497,0.475672,0.419009,0.119345,0.837021,0.690192,0.558201
0.559331,0.514235,0.384371,0.139671,0.845237,0.677891,0.607323
0.527456,0.473489,0.434959,0.161811,0.814124,0.634996,0.615855
0.527918,0.473838,0.434343,0.125790,0.807456,0.647692,0.570060
0.443585,0.514450,0.420426,0.156628,0.783818,0.616890,0.527261
0.354367,0.317364,0.315065,0.157507,0.772917,0.655606,0.575096
0.387149,0.406668,0.312927,0.149382,0.771441,0.759335,0.531004
0.346707,0.318188,0.320168,0.277793,0.683180,0.591792,0.525861
0.365200,0.331637,0.352901,0.255791,0.702617,0.611857,0.522966
0.393156,0.379777,0.341192,0.247905,0.629062,0.583524,0.453958
0.368868,0.320229,0.326633,0.228202,0.737538,0.633540,0.553950
0.324404,0.311180,0.320694,0.274074,0.648947,0.508554,0.536965
0.355179,0.315526,0.325909,0.240909,0.720546,0.621102,0.540302
0.327974,0.327143,0.308142,0.277719,0.633289,0.517757,0.502216
0.346920,0.330782,0.332678,0.278796,0.646443,0.533908,0.509834
0.391508,0.384231,0.340116,0.237660,0.666258,0.564930,0.453441
0.346920,0.330782,0.332678,0.278796,0.646443,0.533908,0.509834
0.391508,0.384231,0.340116,0.237660,0.666258,0.564930,0.453441
0.326730,0.312345,0.320578,0.277345,0.701025,0.596662,0.522979
0.319605,0.310885,0.330085,0.281210,0.676017,0.557753,0.531084
0.350608,0.351877,0.343542,0.234248,0.693391,0.587588,0.488128
0.337834,0.312811,0.315816,0.272798,0.692246,0.560792,0.530276
0.380617,0.336666,0.323830,0.241437,0.816631,0.657034,0.554898
0.357527,0.319355,0.317997,0.226441,0.760909,0.628534,0.558274
0.369766,0.340063,0.323110,0.222991,0.815526,0.678943,0.542071
0.435164,0.419838,0.345021,0.174450,0.822930,0.704260,0.472401
0.421691,0.396599,0.335171,0.182805,0.753779,0.672833,0.454886
0.362136,0.332889,0.320740,0.212912,0.812570,0.702127,0.558479
0.423399,0.413829,0.342214,0.169973,0.822497,0.721776,0.486271
0.415853,0.408452,0.324558,0.183864,0.757395,0.686354,0.490505
0.329936,0.308428,0.311374,0.263104,0.710056,0.605022,0.526740
0.367686,0.351604,0.319793,0.208111,0.712687,0.643324,0.473143
0.363673,0.360539,0.310501,0.219336,0.672375,0.602313,0.487825
0.351290,0.308855,0.302188,0.246600,0.716742,0.638871,0.527767
0.321484,0.304104,0.329377,0.242895,0.705231,0.572743,0.562829
0.360421,0.338996,0.340253,0.198507,0.708129,0.612384,0.512053
0.358172,0.358994,0.324839,0.200233,0.665352,0.583751,0.515486
0.342078,0.315210,0.321902,0.209722,0.748966,0.565609,0.560298
0.347858,0.326492,0.320673,0.221057,0.772675,0.618989,0.543842
0.344761,0.328539,0.295723,0.229961,0.756628,0.575513,0.547491
0.363511,0.339575,0.328277,0.220272,0.782608,0.652002,0.556962
0.363511,0.339575,0.328277,0.220272,0.782608,0.652002,0.556962
0.370694,0.353751,0.331520,0.238307,0.780096,0.625677,0.540305
0.360606,0.357155,0.326575,0.218367,0.798428,0.647475,0.541401
0.425432,0.424251,0.352019,0.175184,0.780464,0.630985,0.472250
0.363602,0.360136,0.331443,0.205374,0.783440,0.659567,0.535331
0.359745,0.350540,0.328440,0.206880,0.791778,0.682766,0.549312
0.424760,0.446456,0.361425,0.158208,0.833331,0.702491,0.494719
0.340871,0.325333,0.309973,0.253132,0.766545,0.613701,0.546677
0.366629,0.341175,0.324236,0.195911,0.809485,0.701505,0.554878
0.370682,0.363294,0.337593,0.231464,0.709814,0.629198,0.550477
0.360091,0.350351,0.267828,0.208981,0.717658,0.510983,0.552952
0.391567,0.345388,0.381968,0.193354,0.641974,0.662869,0.525742
0.323153,0.304013,0.314839,0.174349,0.649370,0.679812,0.533208
0.332838,0.315193,0.329639,0.161411,0.694041,0.707838,0.557445
0.403974,0.373606,0.354344,0.140077,0.758677,0.746549,0.533668
0.316451,0.314440,0.314540,0.176904,0.650845,0.683060,0.553468
0.382068,0.346672,0.344994,0.151389,0.710538,0.731247,0.538923
0.402314,0.343955,0.359641,0.170365,0.700381,0.727251,0.538194
0.403086,0.336133,0.361037,0.168213,0.706181,0.714923,0.530183
0.317952,0.311984,0.292120,0.180443,0.668787,0.639658,0.500410
0.335174,0.320889,0.303121,0.168322,0.719794,0.681200,0.520136
0.405847,0.382983,0.329064,0.149469,0.766954,0.720338,0.508738
0.310692,0.320263,0.291982,0.183299,0.673587,0.644537,0.519330
0.383530,0.357566,0.322195,0.160142,0.721167,0.693971,0.509596
0.336875,0.321781,0.299724,0.201594,0.663075,0.646465,0.527721
0.407668,0.358393,0.332749,0.179727,0.710346,0.701731,0.509576
0.383734,0.395829,0.352603,0.196535,0.645707,0.589295,0.544151
0.363712,0.328971,0.328099,0.209918,0.712988,0.554180,0.475558
0.529050,0.516988,0.433161,0.090416,0.831833,0.693702,0.533384
0.541757,0.530569,0.425934,0.093894,0.829323,0.683878,0.506406
0.562985,0.586063,0.484187,0.104828,0.799466,0.597026,0.493841
0.552239,0.582940,0.420129,0.150889,0.654192,0.476690,0.422250
0.405764,0.404885,0.341968,0.148466,0.781631,0.728655,0.457015
0.565829,0.580260,0.498065,0.113991,0.780493,0.574726,0.460810
0.403086,0.336133,0.361037,0.168213,0.706181,0.714923,0.530183
0.401285,0.361943,0.333076,0.182284,0.754503,0.602680,0.468570
0.588365,0.596239,0.519674,0.105867,0.853256,0.724275,0.584158
0.397610,0.341014,0.323589,0.156935,0.666937,0.633966,0.503412
0.439393,0.388740,0.349621,0.161053,0.812110,0.670426,0.481773
0.439393,0.388740,0.349621,0.161053,0.812110,0.670426,0.481773
0.500799,0.545625,0.516623,0.164329,0.723064,0.616062,0.489331
0.532285,0.502507,0.408100,0.117200,0.839272,0.639843,0.489728
0.538543,0.496002,0.431287,0.124944,0.818247,0.613737,0.502392
0.507452,0.454619,0.429162,0.143951,0.813588,0.643746,0.501799
0.482744,0.433595,0.396725,0.145524,0.768426,0.620887,0.515049
0.525489,0.510906,0.500395,0.116782,0.840983,0.672865,0.510377
0.506189,0.445112,0.421245,0.139130,0.779921,0.621052,0.491143
0.513067,0.451931,0.419470,0.152182,0.765623,0.629450,0.469728
0.512181,0.474597,0.400461,0.133391,0.776689,0.616420,0.507227
0.526017,0.507109,0.403935,0.094866,0.833218,0.664724,0.488368
0.553708,0.538936,0.458801,0.123361,0.853136,0.654191,0.505629
0.521426,0.522275,0.416848,0.094160,0.839197,0.669258,0.519158
0.524262,0.512019,0.431084,0.118303,0.846502,0.662636,0.497485
0.526765,0.511964,0.444920,0.123797,0.838780,0.627656,0.500467
0.527207,0.513515,0.414223,0.105720,0.855544,0.695500,0.491810
0.528499,0.507316,0.420094,0.106030,0.831241,0.680933,0.489732
0.542302,0.569118,0.522085,0.117165,0.866760,0.679060,0.492580
0.466197,0.471249,0.408488,0.143997,0.785659,0.577628,0.492105
0.524438,0.516921,0.428664,0.120691,0.843577,0.637243,0.488228
0.550451,0.579643,0.506862,0.103967,0.856387,0.699597,0.486367
0.556014,0.590252,0.526002,0.108743,0.875292,0.708786,0.495455
0.543329,0.587942,0.512975,0.110214,0.853499,0.671778,0.477126
0.547265,0.525464,0.425013,0.099370,0.838490,0.655284,0.530747
0.533535,0.518219,0.429508,0.121002,0.838966,0.633408,0.498886
0.533535,0.518219,0.429508,0.121002,0.838966,0.633408,0.498886
0.533535,0.518219,0.429508,0.121002,0.838966,0.633408,0.498886
0.553143,0.590317,0.513856,0.109621,0.848992,0.665172,0.487773
0.553143,0.590317,0.513856,0.109621,0.848992,0.665172,0.487773
0.564306,0.601832,0.508912,0.108662,0.854088,0.706355,0.500515
0.547544,0.536923,0.418936,0.102394,0.847037,0.673110,0.518624
0.546575,0.583298,0.506116,0.098745,0.854353,0.706382,0.486724
0.512866,0.465779,0.455513,0.142424,0.776799,0.600250,0.495675
0.504120,0.478658,0.467374,0.157778,0.766331,0.551992,0.491598
0.515083,0.470898,0.455488,0.126996,0.786264,0.642729,0.488662
0.508468,0.471374,0.471728,0.153543,0.784340,0.581307,0.483932
0.528220,0.508609,0.510326,0.158752,0.804988,0.600902,0.577581
0.499134,0.454395,0.435763,0.167429,0.768444,0.554333,0.549682
0.591336,0.582023,0.554597,0.104368,0.841453,0.660379,0.562106
0.518624,0.464798,0.421651,0.116363,0.781165,0.622569,0.487279
0.521144,0.478761,0.426210,0.123872,0.767565,0.608610,0.486279
0.521414,0.465839,0.429071,0.111013,0.816929,0.654796,0.493281
0.514120,0.466597,0.452149,0.130313,0.805359,0.602513,0.487876
0.516853,0.472758,0.441694,0.117827,0.793795,0.601588,0.509938
0.546568,0.535524,0.517812,0.104681,0.815936,0.657492,0.528967
0.523182,0.487029,0.440611,0.112997,0.783957,0.608914,0.501232
0.551812,0.528397,0.523984,0.109950,0.818891,0.640310,0.542487
0.553807,0.532689,0.512245,0.102204,0.825725,0.666788,0.536196
0.519063,0.480728,0.440835,0.119435,0.786665,0.585667,0.515598
0.528409,0.484765,0.433655,0.110111,0.792482,0.599042,0.515195
0.564888,0.543008,0.522048,0.106185,0.813758,0.639865,0.539303
0.564671,0.536566,0.511058,0.102284,0.825938,0.666937,0.527424
0.535041,0.495790,0.438675,0.112451,0.781605,0.590587,0.513210
0.538843,0.487247,0.427560,0.109125,0.792399,0.606959,0.506895
0.558443,0.539201,0.504862,0.110917,0.799523,0.619814,0.513920
0.524219,0.486474,0.411080,0.121212,0.759274,0.571766,0.500599
0.541212,0.530998,0.525259,0.114499,0.820507,0.611311,0.527792
0.502028,0.475603,0.437604,0.124934,0.777192,0.564135,0.498494
0.545867,0.545379,0.523335,0.114883,0.809451,0.623488,0.534192
0.524879,0.478738,0.446877,0.124526,0.787020,0.631788,0.486256
0.518440,0.480082,0.459081,0.138992,0.788014,0.579644,0.483890
0.523607,0.482004,0.421157,0.112799,0.818662,0.675486,0.486375
0.507922,0.470069,0.416707,0.132388,0.821859,0.610331,0.476248
0.516046,0.469376,0.432537,0.138072,0.805180,0.603884,0.473989
0.514202,0.479269,0.441897,0.131417,0.811195,0.624581,0.486489
0.584836,0.580028,0.514653,0.096677,0.855761,0.677770,0.533823
0.531920,0.487222,0.448827,0.120624,0.783759,0.620985,0.496556
0.556177,0.571998,0.530533,0.126439,0.850628,0.664526,0.498446
0.519424,0.531669,0.509117,0.127821,0.804268,0.615475,0.473810
0.537631,0.543721,0.474503,0.130646,0.834252,0.683565,0.487948
0.530338,0.494407,0.443773,0.122241,0.790049,0.639997,0.516967
0.531755,0.496518,0.427229,0.116299,0.806500,0.660235,0.510232
0.541025,0.543250,0.478062,0.107337,0.837967,0.710222,0.491816
0.515694,0.523713,0.494630,0.132192,0.824887,0.625833,0.494865
0.532925,0.540050,0.486815,0.123127,0.833780,0.662965,0.486452
0.544267,0.548838,0.468536,0.121016,0.832118,0.699831,0.480345
0.536451,0.539942,0.466255,0.126696,0.829522,0.682256,0.516742
0.516599,0.530198,0.479063,0.124500,0.841488,0.638539,0.485607
0.605488,0.613155,0.526154,0.097127,0.878707,0.754296,0.505554
0.580296,0.605569,0.537783,0.101353,0.854241,0.715246,0.486300
0.546650,0.535888,0.540045,0.123035,0.816067,0.640899,0.525728
0.526949,0.484302,0.457295,0.130846,0.780186,0.574751,0.497627
0.545748,0.529691,0.486213,0.117352,0.826539,0.637900,0.536160
0.516342,0.475795,0.425008,0.120337,0.779152,0.587654,0.505622
0.527836,0.542162,0.511574,0.120380,0.807266,0.653643,0.474978
0.526515,0.488014,0.454872,0.132445,0.791325,0.595495,0.512365
0.543825,0.521378,0.471862,0.110593,0.842439,0.654521,0.532878
0.524033,0.475687,0.403913,0.111990,0.815028,0.610437,0.511966
0.567600,0.567044,0.517236,0.113535,0.861143,0.720690,0.507061
0.530129,0.537579,0.496119,0.122498,0.831529,0.667194,0.491472
0.537661,0.537080,0.480600,0.116808,0.836261,0.675941,0.480861
0.541515,0.533511,0.486467,0.120524,0.827446,0.662752,0.483324
0.501306,0.489155,0.412362,0.142421,0.775606,0.551643,0.498074
0.527894,0.508047,0.492622,0.132727,0.796308,0.615661,0.516996
0.503330,0.483907,0.407233,0.139564,0.771234,0.549796,0.498553
0.580341,0.601387,0.559464,0.115743,0.835635,0.636813,0.468383
0.531297,0.478830,0.406804,0.109508,0.828578,0.673193,0.492764
0.545307,0.524196,0.496493,0.124463,0.846105,0.666424,0.513601
0.528687,0.480521,0.423914,0.128220,0.824565,0.634635,0.491690
0.515551,0.472216,0.416157,0.122101,0.773179,0.596584,0.493081
0.523097,0.475898,0.420514,0.117009,0.787324,0.602049,0.508766
0.565691,0.573127,0.496264,0.111228,0.827733,0.700387,0.493776
0.542856,0.518289,0.511611,0.104204,0.827056,0.665792,0.530979
0.553774,0.528887,0.500368,0.105070,0.838894,0.672105,0.539488
0.517273,0.471704,0.426134,0.114391,0.794439,0.606746,0.507999
0.529082,0.473440,0.442325,0.104300,0.799037,0.625330,0.512732
0.529423,0.480545,0.419074,0.109567,0.801492,0.622084,0.501590
0.555362,0.527033,0.509198,0.101148,0.822514,0.668518,0.529172
0.565497,0.539968,0.498911,0.102114,0.833808,0.675561,0.539427
0.565458,0.525073,0.504966,0.098497,0.839542,0.677729,0.527366
0.534121,0.480639,0.423657,0.108022,0.789522,0.615549,0.504389
0.543810,0.491997,0.430075,0.105360,0.788016,0.627568,0.517970
0.539045,0.476321,0.436141,0.103009,0.797333,0.636178,0.503518
0.550659,0.522809,0.460966,0.105605,0.821822,0.687399,0.478611
0.548850,0.514208,0.523635,0.109324,0.819217,0.643086,0.531852
0.515941,0.466069,0.436823,0.117679,0.785933,0.589136,0.501199
0.539996,0.536018,0.502414,0.117197,0.843659,0.689378,0.539472
0.531625,0.492405,0.432449,0.120170,0.803923,0.664378,0.518634
0.526087,0.534335,0.486594,0.126980,0.832085,0.676720,0.497637
0.538558,0.510878,0.487747,0.102897,0.833735,0.690440,0.532757
0.512730,0.465193,0.419876,0.109689,0.791925,0.649058,0.502687
0.540120,0.506917,0.514545,0.105716,0.819155,0.677213,0.522614
0.509732,0.453251,0.431009,0.113607,0.787365,0.614121,0.493206
0.586466,0.609235,0.542178,0.109121,0.859778,0.720803,0.525533
0.544399,0.540229,0.511471,0.117635,0.843794,0.671710,0.540518
0.530338,0.494407,0.443773,0.122241,0.790049,0.639997,0.516967
0.536995,0.545354,0.463317,0.121423,0.850357,0.660874,0.493982
0.556477,0.556624,0.439683,0.126121,0.856806,0.685720,0.498966
0.533217,0.537141,0.427170,0.125097,0.855560,0.665297,0.485841
0.537715,0.523040,0.487816,0.118572,0.829187,0.653284,0.456512
0.518023,0.542268,0.446147,0.092559,0.838112,0.657332,0.524195
0.523082,0.544993,0.427508,0.103876,0.840125,0.683733,0.521320
0.524248,0.519362,0.436764,0.123466,0.838999,0.626942,0.471298
0.532695,0.539689,0.445654,0.119299,0.840382,0.664769,0.492214
0.544679,0.542596,0.473157,0.122034,0.808962,0.631920,0.515253
0.521524,0.520764,0.455764,0.124915,0.802185,0.570426,0.491077
0.552076,0.538408,0.441238,0.106411,0.831139,0.682811,0.532876
0.397367,0.459241,0.406214,0.169590,0.680661,0.436213,0.495892
0.502025,0.484762,0.430728,0.136121,0.799498,0.624931,0.473630
0.511597,0.538194,0.508586,0.117552,0.824077,0.646547,0.504361
0.573808,0.607459,0.498550,0.106959,0.820075,0.717694,0.526663
0.390743,0.471093,0.371664,0.154073,0.627445,0.423672,0.513144
0.407079,0.477197,0.393134,0.131703,0.696225,0.437625,0.529771
0.411306,0.436695,0.367582,0.136614,0.691523,0.418576,0.510598
0.382793,0.413336,0.362036,0.144961,0.615224,0.419667,0.540007
0.387298,0.421605,0.351480,0.150556,0.624651,0.441699,0.542482
0.532166,0.495633,0.421783,0.121228,0.748503,0.579373,0.526004
0.526241,0.492465,0.437098,0.148833,0.778579,0.618369,0.483924
0.543837,0.551165,0.504712,0.141353,0.773263,0.590178,0.532909
0.542832,0.519721,0.442962,0.129596,0.796583,0.620941,0.511102
0.421729,0.428196,0.381010,0.150534,0.721011,0.544748,0.486207
0.535385,0.521749,0.455198,0.119837,0.770936,0.634839,0.493196
0.492182,0.439384,0.404553,0.170759,0.720472,0.483226,0.476524
0.544968,0.539962,0.486133,0.124136,0.811183,0.647668,0.532462
0.520476,0.516273,0.456301,0.116816,0.806337,0.636319,0.516479
0.533863,0.531201,0.499958,0.128330,0.813307,0.608340,0.507491
0.543258,0.518264,0.512742,0.152233,0.781485,0.620977,0.523407
0.518100,0.523404,0.464521,0.124174,0.786012,0.637302,0.493401
0.505820,0.478682,0.427565,0.153274,0.748024,0.604029,0.500602
0.541481,0.550610,0.500921,0.129735,0.768067,0.638955,0.504950
0.513292,0.502480,0.410654,0.137853,0.753603,0.631357,0.498307
0.491246,0.444126,0.410698,0.151757,0.744904,0.551742,0.494707
0.550667,0.546874,0.468543,0.120658,0.807472,0.664697,0.518872
0.496270,0.512551,0.426282,0.148067,0.739269,0.595842,0.484538
0.514148,0.534982,0.463295,0.127170,0.763910,0.614682,0.493487
0.503038,0.495226,0.386579,0.144620,0.799567,0.601007,0.534567
0.546246,0.549470,0.456053,0.126198,0.802185,0.674120,0.515183
0.545812,0.551563,0.483486,0.135154,0.786379,0.664658,0.509911
0.433467,0.378417,0.362587,0.200199,0.600273,0.465503,0.506724
0.557079,0.542797,0.448952,0.133850,0.793838,0.630758,0.515263
0.433053,0.452913,0.387284,0.152956,0.717388,0.542302,0.493311
0.562488,0.546634,0.459468,0.123723,0.770476,0.632012,0.504411
0.565291,0.559922,0.499638,0.138293,0.773733,0.634768,0.524765
0.346602,0.366855,0.319827,0.256748,0.460627,0.307448,0.492378
0.471832,0.438710,0.376903,0.152921,0.661274,0.505927,0.499008
0.547185,0.539698,0.477525,0.123384,0.787966,0.665563,0.520576
0.365549,0.373963,0.337310,0.172245,0.538381,0.387080,0.517987
0.494683,0.447729,0.393247,0.134604,0.721270,0.502232,0.508436
0.550667,0.546874,0.468543,0.120658,0.807472,0.664697,0.518872
0.523779,0.495815,0.399475,0.142337,0.762037,0.640174,0.546133
0.527198,0.497726,0.393685,0.139777,0.788936,0.641446,0.543608
0.500275,0.464880,0.364048,0.146377,0.735157,0.578290,0.494776
0.499629,0.447402,0.366432,0.150166,0.735784,0.581971,0.493156
0.539039,0.534592,0.390931,0.125396,0.817914,0.634631,0.505316
0.538006,0.529215,0.373328,0.110559,0.830907,0.604014,0.574641
0.545651,0.543888,0.392128,0.123528,0.826682,0.570169,0.562134
0.565352,0.522068,0.469883,0.143976,0.833532,0.666593,0.490589
0.521446,0.487299,0.428877,0.140246,0.834372,0.654181,0.483072
0.539998,0.497611,0.450901,0.139247,0.830261,0.681327,0.499616
0.538417,0.500441,0.441490,0.132169,0.807852,0.628523,0.485706
0.526017,0.507109,0.403935,0.094866,0.833218,0.664724,0.488368
0.547544,0.536923,0.418936,0.102394,0.847037,0.673110,0.518624
0.546575,0.583298,0.506116,0.098745,0.854353,0.706382,0.486724
0.535264,0.492056,0.458505,0.123527,0.839362,0.672983,0.478043
0.529917,0.480761,0.449447,0.123477,0.832961,0.650101,0.483181
0.529917,0.480761,0.449447,0.123477,0.832961,0.650101,0.483181
0.537992,0.484459,0.405919,0.118836,0.786493,0.596682,0.511484
0.550011,0.485464,0.415325,0.130105,0.792733,0.633865,0.474618
0.523381,0.477429,0.445067,0.140356,0.790505,0.609589,0.471937
0.561572,0.534826,0.511880,0.105381,0.807846,0.691235,0.487306
0.553136,0.540350,0.535693,0.121167,0.853241,0.692661,0.492024
0.533923,0.495959,0.430322,0.125707,0.815650,0.664113,0.465259
0.537860,0.494210,0.443258,0.112337,0.826922,0.674281,0.495233
0.530330,0.472573,0.393038,0.125509,0.786029,0.597759,0.497924
0.534805,0.472697,0.416548,0.111500,0.792187,0.605127,0.504487
0.555428,0.484519,0.401205,0.108885,0.790024,0.626785,0.511860
0.442934,0.461348,0.379982,0.133023,0.761618,0.602548,0.512230
0.447308,0.478123,0.379787,0.131084,0.752454,0.615058,0.532664
0.456608,0.457048,0.413012,0.136256,0.764463,0.566839,0.465512
0.456608,0.457048,0.413012,0.136256,0.764463,0.566839,0.465512
0.537510,0.476323,0.459474,0.115516,0.814747,0.672564,0.480192
0.527264,0.484416,0.447551,0.126052,0.837810,0.650731,0.474784
0.527264,0.484416,0.447551,0.126052,0.837810,0.650731,0.474784
0.504845,0.482109,0.431881,0.149694,0.771912,0.605317,0.456641
0.493786,0.477486,0.406788,0.135188,0.766107,0.613244,0.469669
0.518345,0.497817,0.381839,0.130733,0.699813,0.592769,0.517233
0.541966,0.487655,0.336458,0.141460,0.709569,0.611873,0.476306
0.511080,0.480098,0.378229,0.160441,0.713711,0.551140,0.503041
0.495849,0.482503,0.419350,0.141170,0.705238,0.590188,0.534187
0.546557,0.499115,0.337361,0.151412,0.711179,0.635685,0.484881
0.437236,0.401804,0.374704,0.180311,0.651869,0.513624,0.538011
0.529945,0.501803,0.405164,0.109235,0.776203,0.628890,0.520381
0.494994,0.461174,0.379049,0.129929,0.730790,0.553088,0.506562
0.544056,0.505783,0.352772,0.151868,0.711490,0.575176,0.475032
0.546557,0.499115,0.337361,0.151412,0.711179,0.635685,0.484881
0.519481,0.469030,0.330700,0.162087,0.684475,0.561539,0.505915
0.483341,0.435399,0.404654,0.141316,0.722983,0.600553,0.439794
0.569564,0.572581,0.457833,0.091578,0.790287,0.729909,0.503846
0.576285,0.574920,0.472670,0.087945,0.791986,0.719223,0.502037
0.562812,0.562592,0.465482,0.086607,0.788395,0.700797,0.506732
0.524028,0.498412,0.429035,0.103522,0.757765,0.667659,0.461112
0.539181,0.564957,0.456333,0.090850,0.813426,0.663364,0.519948
0.504080,0.543321,0.469934,0.135563,0.760125,0.577269,0.456303
0.525279,0.508862,0.415661,0.088792,0.785676,0.652688,0.469160
0.499737,0.496859,0.384274,0.116833,0.723353,0.557578,0.494430
0.532828,0.526186,0.420763,0.098251,0.789116,0.663058,0.461742
0.510997,0.520582,0.423673,0.093426,0.817572,0.692887,0.502455
0.519569,0.509196,0.450744,0.116483,0.831234,0.652328,0.461326
0.542511,0.519790,0.430091,0.096415,0.827784,0.687420,0.515405
0.515871,0.495737,0.412016,0.112021,0.765940,0.627971,0.504578
0.541891,0.542882,0.509931,0.110286,0.786027,0.619541,0.516843
0.527454,0.516112,0.472148,0.102364,0.785876,0.606280,0.496689
0.519791,0.494435,0.413631,0.122349,0.741315,0.603433,0.488101
0.527688,0.504132,0.408166,0.117103,0.763672,0.609686,0.493690
0.558368,0.563851,0.496654,0.109212,0.766818,0.633566,0.513542
0.538863,0.522823,0.460720,0.103279,0.767434,0.604304,0.488759
0.524897,0.489602,0.374937,0.113186,0.758254,0.570923,0.469264
0.507621,0.494284,0.410701,0.127250,0.716020,0.595508,0.469121
0.515797,0.485963,0.442990,0.135244,0.775904,0.599979,0.450848
0.521803,0.542536,0.508043,0.129132,0.779623,0.601679,0.435682
0.531292,0.538034,0.505098,0.114982,0.806871,0.663960,0.448673
0.534337,0.551243,0.509060,0.120837,0.778722,0.649814,0.440647
0.516327,0.508259,0.492205,0.116119,0.812208,0.645136,0.477582
0.514282,0.478908,0.407740,0.123587,0.776525,0.588104,0.456310
0.541865,0.531047,0.491227,0.106092,0.793276,0.646128,0.503461
0.523519,0.491721,0.393179,0.121011,0.763234,0.609440,0.483545
0.547541,0.548470,0.488645,0.107726,0.786812,0.664058,0.518127
0.513313,0.506587,0.472715,0.102901,0.784898,0.611375,0.495583
0.521497,0.509425,0.473297,0.101974,0.791094,0.649908,0.501183
0.522357,0.482681,0.406114,0.109682,0.758504,0.613183,0.481743
0.534796,0.493638,0.410170,0.104792,0.771264,0.636175,0.497624
0.529377,0.521423,0.460154,0.102504,0.765507,0.607583,0.488320
0.535155,0.519674,0.472117,0.102399,0.789285,0.646481,0.498749
0.515914,0.489023,0.375712,0.112531,0.755748,0.573471,0.467812
0.526508,0.492384,0.379075,0.110820,0.758457,0.587399,0.477161
0.535590,0.523462,0.511310,0.108893,0.787395,0.624717,0.500152
0.510310,0.481023,0.412628,0.121133,0.742306,0.606185,0.469422
0.545742,0.547695,0.497744,0.110416,0.765168,0.643068,0.512890
0.493814,0.461789,0.405839,0.101605,0.757340,0.701664,0.465221
0.520784,0.480813,0.441902,0.128077,0.781074,0.601524,0.459790
0.524347,0.512911,0.399525,0.092498,0.782576,0.633469,0.472443
0.509185,0.477939,0.367570,0.099820,0.770960,0.644930,0.503880
0.480312,0.522282,0.373603,0.120594,0.685479,0.533111,0.497571
0.536549,0.549832,0.433736,0.091601,0.818157,0.655629,0.470300
0.508970,0.567225,0.460333,0.091544,0.813940,0.685720,0.501102
0.525617,0.535947,0.482936,0.116101,0.818165,0.653892,0.436713
0.519887,0.559872,0.466937,0.133149,0.747846,0.628297,0.456732
0.517242,0.511409,0.438605,0.129655,0.754502,0.627385,0.437954
0.488244,0.506200,0.428079,0.147302,0.671584,0.619923,0.461543
0.504080,0.543321,0.469934,0.135563,0.760125,0.577269,0.456303
0.497604,0.503820,0.442709,0.134464,0.762483,0.592077,0.436965
0.489775,0.497232,0.435835,0.153609,0.721393,0.564936,0.466037
0.522053,0.551311,0.436245,0.105248,0.760370,0.610584,0.507968
0.520263,0.546866,0.445693,0.105597,0.821271,0.681162,0.515551
0.499737,0.496859,0.384274,0.116833,0.723353,0.557578,0.494430
0.524347,0.512911,0.399525,0.092498,0.782576,0.633469,0.472443
0.480312,0.522282,0.373603,0.120594,0.685479,0.533111,0.497571
0.508970,0.567225,0.460333,0.091544,0.813940,0.685720,0.501102
0.572205,0.622236,0.586240,0.086468,0.892480,0.726727,0.483502
0.381162,0.318329,0.365262,0.194208,0.698055,0.512953,0.516632
0.381162,0.318329,0.365262,0.194208,0.698055,0.512953,0.516632
0.431409,0.363793,0.337177,0.159693,0.732725,0.662708,0.550034
0.431409,0.363793,0.337177,0.159693,0.732725,0.662708,0.550034
0.413055,0.355548,0.360773,0.156508,0.741122,0.654985,0.506288
0.409901,0.343256,0.365238,0.173704,0.730070,0.635978,0.549665
0.409901,0.343256,0.365238,0.173704,0.730070,0.635978,0.549665
0.421721,0.357233,0.365712,0.131252,0.738768,0.649222,0.510675
0.421721,0.357233,0.365712,0.131252,0.738768,0.649222,0.510675
0.406286,0.349980,0.321135,0.146291,0.722866,0.680730,0.485278
0.406286,0.349980,0.321135,0.146291,0.722866,0.680730,0.485278
0.419014,0.366515,0.340222,0.163968,0.774466,0.673172,0.515844
0.419306,0.356438,0.344577,0.174932,0.752211,0.667595,0.553101
0.419306,0.356438,0.344577,0.174932,0.752211,0.667595,0.553101
0.433116,0.369892,0.347166,0.135563,0.778187,0.668510,0.523626
0.433116,0.369892,0.347166,0.135563,0.778187,0.668510,0.523626
0.432623,0.375737,0.336265,0.165209,0.742171,0.657008,0.529813
0.432623,0.375737,0.336265,0.165209,0.742171,0.657008,0.529813
0.427908,0.355365,0.342942,0.167601,0.732549,0.638852,0.543373
0.427908,0.355365,0.342942,0.167601,0.732549,0.638852,0.543373
0.416897,0.337645,0.328249,0.166059,0.762644,0.626529,0.510091
0.473314,0.419636,0.353019,0.128997,0.797528,0.722245,0.442643
0.402852,0.367536,0.335867,0.181660,0.778432,0.615200,0.459221
0.402852,0.367536,0.335867,0.181660,0.778432,0.615200,0.459221
0.355261,0.393430,0.332237,0.091402,0.793271,0.502201,0.478994
0.346013,0.310272,0.273051,0.232107,0.776504,0.531915,0.403654
0.347542,0.312255,0.273709,0.231964,0.777384,0.536724,0.404919
0.353853,0.418725,0.360378,0.107355,0.784020,0.575840,0.494941
0.431557,0.365775,0.332584,0.120338,0.808352,0.622072,0.525547
0.365282,0.374408,0.343948,0.098151,0.707330,0.522910,0.455251
0.334203,0.313493,0.329199,0.127516,0.643082,0.582994,0.479297
0.350870,0.335445,0.318911,0.125698,0.692841,0.534081,0.485717
0.319941,0.362284,0.303051,0.114816,0.635287,0.460379,0.453458
0.416945,0.368244,0.324964,0.162966,0.739973,0.561592,0.571891
0.424526,0.365448,0.322585,0.167937,0.793136,0.539504,0.603189
0.362401,0.350678,0.306658,0.173541,0.618020,0.506588,0.495216
0.327835,0.343083,0.302098,0.177066,0.685378,0.551586,0.560257
0.347129,0.343201,0.308635,0.169489,0.642400,0.557862,0.515581
0.349904,0.346057,0.297519,0.115635,0.773217,0.555622,0.571150
0.342344,0.308663,0.313451,0.118619,0.798846,0.617546,0.600859
0.364481,0.373211,0.316150,0.116101,0.707369,0.526879,0.489035
0.373536,0.355449,0.303578,0.105027,0.777055,0.609067,0.568777
0.400061,0.414576,0.304354,0.089761,0.806636,0.637226,0.557847
0.363712,0.328971,0.328099,0.209918,0.712988,0.554180,0.475558
0.522193,0.463713,0.419236,0.103326,0.779067,0.551966,0.478761
0.528406,0.543209,0.433786,0.097628,0.854535,0.622846,0.553615
0.412301,0.460767,0.378650,0.116662,0.629210,0.548421,0.548869
0.539417,0.545126,0.427667,0.096612,0.854506,0.631490,0.552165
0.546563,0.546461,0.448067,0.107615,0.739686,0.595783,0.501267
0.552982,0.551386,0.445709,0.103214,0.739448,0.600970,0.509329
0.526634,0.525840,0.432178,0.118017,0.757349,0.629171,0.575631
0.540356,0.617694,0.551683,0.115762,0.838590,0.657367,0.521733
0.482783,0.509692,0.425832,0.152027,0.709547,0.581643,0.531111
0.492976,0.465411,0.399402,0.133014,0.738119,0.527517,0.478587
0.542526,0.596179,0.545228,0.098644,0.828575,0.631272,0.495033
0.557598,0.605000,0.555663,0.095267,0.828477,0.657736,0.498078
0.531739,0.560631,0.545392,0.083632,0.841092,0.715043,0.460095
0.532755,0.595917,0.562398,0.082836,0.860182,0.700770,0.530902
0.538255,0.498854,0.441355,0.100164,0.817150,0.627335,0.499896
0.526219,0.565312,0.531771,0.093120,0.842880,0.701475,0.461917
0.520352,0.563022,0.436976,0.111001,0.810391,0.626352,0.493811
0.508326,0.501014,0.462518,0.103816,0.792623,0.610642,0.438144
0.515575,0.530393,0.465429,0.108725,0.799181,0.586638,0.453758
0.516907,0.517765,0.439773,0.121439,0.764580,0.553348,0.484835
0.527810,0.592896,0.531266,0.099975,0.852976,0.662901,0.483835
0.525450,0.549372,0.465087,0.135352,0.827216,0.628704,0.511161
0.532043,0.581118,0.535889,0.102618,0.845379,0.692134,0.481946
0.530278,0.593865,0.449525,0.109828,0.881063,0.737959,0.589756
0.531252,0.613331,0.532290,0.106713,0.854790,0.669182,0.511391
0.530557,0.584659,0.544737,0.094213,0.859182,0.738515,0.482866
0.533204,0.576449,0.450554,0.116391,0.813204,0.620420,0.505502
0.483880,0.512398,0.430050,0.134962,0.737496,0.596358,0.528489
0.534200,0.589254,0.528970,0.105764,0.847129,0.693595,0.476123
0.534200,0.589254,0.528970,0.105764,0.847129,0.693595,0.476123
0.547851,0.607811,0.536410,0.103562,0.857339,0.670441,0.528268
0.500434,0.471622,0.428569,0.125329,0.752743,0.517783,0.460110
0.511837,0.456999,0.405569,0.108720,0.751591,0.563852,0.444885
0.539484,0.532790,0.437511,0.109603,0.754029,0.620752,0.534382
0.580830,0.604254,0.589520,0.099247,0.822136,0.652599,0.487901
0.578138,0.615651,0.553583,0.094356,0.823548,0.659835,0.489427
0.542324,0.503104,0.471191,0.117434,0.759409,0.556133,0.419077
0.539381,0.526181,0.449506,0.134302,0.737980,0.481479,0.460347
0.558200,0.621797,0.550011,0.123072,0.837254,0.604791,0.484154
0.561265,0.578456,0.445963,0.122508,0.730586,0.540275,0.530788
0.554224,0.590518,0.451420,0.135274,0.724689,0.577149,0.499631
0.601030,0.637403,0.573103,0.082714,0.840298,0.717666,0.463687
0.603987,0.613891,0.570399,0.079800,0.826690,0.731675,0.479292
0.600288,0.649009,0.565174,0.080455,0.833815,0.698643,0.497690
0.592765,0.619504,0.562328,0.083546,0.836130,0.719074,0.486532
0.609905,0.638624,0.576871,0.088270,0.808754,0.683271,0.513021
0.593587,0.613951,0.567263,0.095087,0.808560,0.680601,0.527884
0.593233,0.655832,0.568671,0.083819,0.839914,0.714512,0.520592
0.544817,0.572327,0.522334,0.110012,0.837342,0.674623,0.474867
0.593071,0.613623,0.573715,0.077626,0.826089,0.673962,0.497296
0.491823,0.511631,0.373991,0.138410,0.678709,0.521007,0.506650
0.490996,0.567646,0.414968,0.111722,0.747634,0.546221,0.517444
0.535917,0.612668,0.529048,0.108695,0.855158,0.665956,0.506477
0.551844,0.580457,0.490272,0.095060,0.768689,0.657927,0.493318
0.552849,0.593441,0.541611,0.092342,0.783226,0.686817,0.494685
0.559757,0.583640,0.491858,0.090560,0.770499,0.666460,0.504350
0.542972,0.577207,0.441836,0.097456,0.794359,0.719232,0.508149
0.533699,0.571517,0.539944,0.090063,0.805109,0.732396,0.527040
0.550115,0.581453,0.464530,0.100191,0.764136,0.704119,0.528235
0.521988,0.564670,0.435871,0.103622,0.750816,0.643767,0.503399
0.512539,0.574120,0.528781,0.088546,0.849878,0.675774,0.491186
0.508555,0.577510,0.552373,0.095652,0.833662,0.663069,0.502648
0.513166,0.580525,0.472804,0.108172,0.785397,0.648979,0.519776
0.516930,0.563902,0.453692,0.104745,0.747742,0.655187,0.499499
0.480881,0.526904,0.427580,0.125619,0.691133,0.578462,0.499253
0.510343,0.575587,0.524274,0.084943,0.848884,0.721950,0.496586
0.507526,0.562486,0.544530,0.091049,0.839485,0.710968,0.525908
0.530210,0.597219,0.442356,0.108900,0.829450,0.657268,0.530060
0.535278,0.591453,0.441482,0.101918,0.813094,0.651244,0.495816
0.475969,0.483756,0.410946,0.138106,0.737974,0.577447,0.488553
0.473971,0.543879,0.410532,0.137775,0.733197,0.571482,0.510904
0.526339,0.584701,0.526815,0.081745,0.877755,0.738571,0.505731
0.527505,0.579770,0.439548,0.098716,0.847710,0.706411,0.543785
0.530285,0.574260,0.434638,0.094154,0.832095,0.711334,0.509874
0.520579,0.545645,0.538999,0.090396,0.835687,0.726520,0.503280
0.524599,0.589101,0.542215,0.091705,0.863228,0.739801,0.524788
0.530776,0.582350,0.457867,0.104298,0.822916,0.690169,0.536676
0.531310,0.573310,0.448164,0.101980,0.797270,0.700840,0.521319
0.550879,0.596789,0.561938,0.089205,0.852206,0.720626,0.487764
0.498919,0.478790,0.431282,0.120354,0.749050,0.598961,0.484869
0.462704,0.447510,0.407357,0.133917,0.716346,0.540927,0.454068
0.495273,0.525166,0.430797,0.120703,0.756004,0.594543,0.509030
0.453019,0.479667,0.385169,0.133658,0.711881,0.548869,0.481568
0.551662,0.604794,0.573361,0.099709,0.845541,0.675568,0.478673
0.500403,0.477592,0.424210,0.117681,0.750899,0.605291,0.487591
0.509379,0.523041,0.487449,0.099102,0.791732,0.662848,0.466183
0.507680,0.557734,0.485037,0.099587,0.813679,0.666271,0.477568
0.496618,0.525428,0.424263,0.118484,0.759069,0.598300,0.512648
0.503423,0.519323,0.426373,0.109295,0.739543,0.595057,0.479298
0.486506,0.478949,0.424225,0.128759,0.739058,0.586388,0.496541
0.484655,0.480050,0.420521,0.121000,0.725677,0.575734,0.463839
0.443583,0.445678,0.400432,0.141984,0.649889,0.537505,0.452529
0.504968,0.523808,0.498863,0.108110,0.751629,0.610121,0.474507
0.502168,0.564276,0.495088,0.107103,0.779306,0.621637,0.495238
0.481548,0.536258,0.427471,0.131321,0.731818,0.577219,0.523876
0.484025,0.526256,0.430771,0.122341,0.703255,0.574639,0.491704
0.434489,0.488019,0.379126,0.143627,0.635831,0.533295,0.481465
0.544856,0.573555,0.492608,0.104514,0.713213,0.679162,0.505002
0.558213,0.632426,0.467026,0.083413,0.804045,0.722546,0.504649
0.557355,0.629148,0.491241,0.080013,0.808963,0.725892,0.496905
0.518947,0.565541,0.477477,0.107931,0.786783,0.647958,0.485097
0.547713,0.523927,0.511070,0.090589,0.827972,0.689922,0.500890
0.517812,0.542862,0.426557,0.104850,0.740148,0.664629,0.495241
0.517812,0.542862,0.426557,0.104850,0.740148,0.664629,0.495241
0.458976,0.495584,0.379845,0.113819,0.717208,0.610635,0.492480
0.525739,0.491757,0.451905,0.099391,0.793414,0.610178,0.452882
0.508926,0.491001,0.444049,0.120491,0.791910,0.576596,0.469557
0.508926,0.491001,0.444049,0.120491,0.791910,0.576596,0.469557
0.577746,0.615365,0.470285,0.098676,0.781668,0.690578,0.482587
0.577746,0.615365,0.470285,0.098676,0.781668,0.690578,0.482587
0.541556,0.564480,0.440266,0.102954,0.718451,0.624138,0.476097
0.545624,0.564604,0.478840,0.098773,0.752042,0.720328,0.493603
0.539228,0.548195,0.437910,0.110517,0.707313,0.647184,0.504410
0.539228,0.548195,0.437910,0.110517,0.707313,0.647184,0.504410
0.476538,0.496228,0.392505,0.129675,0.661904,0.617503,0.493622
0.500232,0.526177,0.431898,0.101739,0.734728,0.670061,0.483806
0.551070,0.574506,0.436364,0.090179,0.793103,0.703894,0.481747
0.551629,0.566238,0.425434,0.104535,0.734101,0.640433,0.496295
0.551629,0.566238,0.425434,0.104535,0.734101,0.640433,0.496295
0.546492,0.582470,0.475041,0.096984,0.771558,0.654467,0.465902
0.539901,0.586249,0.486150,0.102320,0.735332,0.598536,0.483714
0.554639,0.571414,0.496521,0.106969,0.730474,0.624151,0.468405
0.531540,0.568817,0.434636,0.121674,0.690363,0.561997,0.484898
0.515771,0.544230,0.486486,0.093716,0.711824,0.664636,0.469813
0.496507,0.509841,0.408401,0.109121,0.694539,0.605712,0.482156
0.496507,0.509841,0.408401,0.109121,0.694539,0.605712,0.482156
0.517636,0.562760,0.469559,0.093150,0.801144,0.715605,0.477576
0.525220,0.551548,0.481107,0.095000,0.799023,0.729883,0.470817
0.517812,0.542862,0.426557,0.104850,0.740148,0.664629,0.495241
0.517812,0.542862,0.426557,0.104850,0.740148,0.664629,0.495241
0.458976,0.495584,0.379845,0.113819,0.717208,0.610635,0.492480
0.514814,0.566156,0.485697,0.097099,0.748436,0.674401,0.515863
0.505330,0.552718,0.433866,0.115126,0.727138,0.616226,0.518798
0.505330,0.552718,0.433866,0.115126,0.727138,0.616226,0.518798
0.440581,0.499652,0.385475,0.127819,0.644160,0.594294,0.514987
0.548845,0.566254,0.428818,0.098022,0.813241,0.662382,0.455556
0.556370,0.527790,0.462622,0.101612,0.786248,0.634717,0.441823
0.539489,0.490554,0.430039,0.111895,0.739510,0.591242,0.451952
0.519915,0.483088,0.402894,0.107960,0.724849,0.583935,0.475057
0.480497,0.452779,0.379969,0.123915,0.688572,0.583601,0.481633
0.553207,0.568751,0.447369,0.103006,0.783915,0.642803,0.463527
0.546928,0.553568,0.439467,0.111607,0.741950,0.605202,0.480533
0.520631,0.534641,0.410998,0.107114,0.716240,0.584133,0.501224
0.472814,0.495169,0.360751,0.124966,0.670153,0.593608,0.510708
0.554121,0.588696,0.440052,0.100723,0.776883,0.593856,0.450998
0.546323,0.566469,0.433063,0.112064,0.738916,0.564688,0.471462
0.471432,0.510452,0.360452,0.126510,0.676405,0.561200,0.497140
0.556831,0.571792,0.446444,0.107957,0.753912,0.564752,0.466063
0.547203,0.561180,0.439493,0.122398,0.701645,0.553769,0.478045
0.519691,0.537564,0.413394,0.116245,0.680834,0.543482,0.494256
0.462336,0.513492,0.360306,0.134741,0.610848,0.546945,0.500026
0.457232,0.446244,0.375914,0.156377,0.688649,0.548746,0.465750
0.488799,0.486278,0.352222,0.139882,0.719272,0.630181,0.459699
0.479814,0.474952,0.357623,0.147202,0.684683,0.575733,0.467298
0.458388,0.482106,0.352635,0.134433,0.738354,0.682257,0.473133
0.460097,0.466756,0.363413,0.141901,0.708431,0.626743,0.494096
0.443158,0.436280,0.370728,0.200286,0.648690,0.530662,0.479240
0.503913,0.516778,0.377876,0.133784,0.754785,0.584685,0.458834
0.525690,0.537641,0.389709,0.153300,0.724721,0.554862,0.447611
0.460228,0.476503,0.353948,0.148621,0.717948,0.574599,0.452899
0.445569,0.464657,0.358036,0.152767,0.661765,0.555780,0.463006
0.513673,0.527958,0.416227,0.096758,0.855435,0.631117,0.553538
0.525086,0.543235,0.413628,0.101233,0.853079,0.621832,0.529084
0.487258,0.512450,0.412886,0.138726,0.753489,0.582954,0.484718
0.462606,0.454449,0.375440,0.143024,0.622255,0.534435,0.486950
0.448458,0.470017,0.388606,0.121756,0.715052,0.550366,0.474549
0.441878,0.446815,0.411642,0.133701,0.651316,0.535668,0.461706
0.442767,0.497288,0.373048,0.135396,0.640939,0.523190,0.490277
0.430880,0.473747,0.387578,0.133638,0.630101,0.516865,0.476290
0.463255,0.498193,0.374726,0.116531,0.724023,0.592039,0.491264
0.461373,0.476941,0.383402,0.118632,0.713112,0.623663,0.488091
0.443892,0.502062,0.380295,0.130403,0.654805,0.577058,0.512872
0.526241,0.546914,0.403723,0.157539,0.688519,0.529950,0.480813
0.460323,0.480226,0.375206,0.159249,0.626449,0.509907,0.489941
0.436627,0.462720,0.386161,0.143005,0.657356,0.562657,0.483597
0.385587,0.394368,0.353140,0.154769,0.776821,0.675244,0.450350
0.385587,0.394368,0.353140,0.154769,0.776821,0.675244,0.450350
0.563339,0.612994,0.505022,0.102255,0.764959,0.604485,0.433667
0.585088,0.623794,0.513675,0.121670,0.714461,0.515345,0.430321
0.546249,0.585780,0.432974,0.177184,0.549479,0.358339,0.412849
0.501180,0.568511,0.455387,0.122792,0.743880,0.580425,0.442254
0.405764,0.404885,0.341968,0.148466,0.781631,0.728655,0.457015
0.405764,0.404885,0.341968,0.148466,0.781631,0.728655,0.457015
0.356244,0.329858,0.368609,0.223366,0.668980,0.565288,0.506167
0.346740,0.329387,0.348583,0.237245,0.679971,0.556315,0.492121
0.346493,0.322401,0.360672,0.226042,0.651882,0.544584,0.494525
0.368475,0.352310,0.358985,0.194366,0.744599,0.638833,0.507930
0.350766,0.336592,0.357066,0.205998,0.698729,0.624952,0.510759
0.352697,0.339445,0.357062,0.202376,0.702341,0.628214,0.502721
0.376757,0.346994,0.351065,0.205162,0.730146,0.645910,0.489509
0.588365,0.596239,0.519674,0.105867,0.853256,0.724275,0.584158
0.397610,0.341014,0.323589,0.156935,0.666937,0.633966,0.503412
0.508951,0.443473,0.412046,0.137771,0.693642,0.618496,0.521060
0.439393,0.388740,0.349621,0.161053,0.812110,0.670426,0.481773
0.439393,0.388740,0.349621,0.161053,0.812110,0.670426,0.481773
0.538944,0.524831,0.451062,0.107975,0.801986,0.646333,0.460475
0.565717,0.532642,0.457814,0.115083,0.763540,0.550183,0.458510
0.538944,0.524831,0.451062,0.107975,0.801986,0.646333,0.460475
0.533106,0.530892,0.490138,0.116424,0.830465,0.629316,0.469349
0.530961,0.521344,0.409874,0.106736,0.828170,0.654598,0.499768
0.550237,0.551432,0.442097,0.124602,0.858167,0.673768,0.511970
0.464395,0.437759,0.368553,0.165226,0.725974,0.529305,0.519930
0.464395,0.437759,0.368553,0.165226,0.725974,0.529305,0.519930
0.492545,0.446262,0.350418,0.157624,0.706472,0.528809,0.531682
0.458532,0.487646,0.389996,0.105196,0.732021,0.641826,0.526841
0.399475,0.387186,0.368134,0.164149,0.773438,0.714336,0.454703
0.399475,0.387186,0.368134,0.164149,0.773438,0.714336,0.454703
0.282384,0.379441,0.323058,0.205455,0.589044,0.490899,0.508503
0.615778,0.650524,0.616655,0.100267,0.890758,0.757069,0.571772
0.604686,0.630830,0.583078,0.092253,0.885693,0.725088,0.544035
0.624898,0.611326,0.515148,0.093607,0.866349,0.708352,0.495245
0.619960,0.594224,0.510949,0.094433,0.866651,0.684158,0.500016
0.626299,0.612004,0.538733,0.085843,0.874071,0.736165,0.526834
0.603871,0.593489,0.511385,0.095693,0.871017,0.676210,0.505218
0.604556,0.604979,0.541325,0.087185,0.873408,0.715056,0.539131
0.592566,0.592271,0.587133,0.091846,0.878243,0.720590,0.447382
0.604143,0.647089,0.580093,0.089100,0.886301,0.725733,0.473684
0.612865,0.642195,0.602538,0.083767,0.891094,0.762726,0.510973
0.595456,0.629688,0.596074,0.090039,0.883656,0.720583,0.489870
0.592209,0.631808,0.590498,0.087058,0.888119,0.723202,0.489515
0.571775,0.582604,0.577350,0.090409,0.891694,0.686628,0.466099
0.542243,0.565611,0.478960,0.095547,0.854351,0.699282,0.520693
0.580030,0.618846,0.575880,0.087737,0.886178,0.722103,0.486588
0.643213,0.655925,0.581270,0.085971,0.872786,0.693346,0.503579
0.627794,0.644741,0.579595,0.083372,0.874195,0.684074,0.493798
0.608281,0.620811,0.523120,0.082432,0.857573,0.674480,0.499358
0.603880,0.608185,0.517881,0.095515,0.869308,0.679078,0.504282
0.604556,0.604979,0.541325,0.087185,0.873408,0.715056,0.539131
0.592209,0.631808,0.590498,0.087058,0.888119,0.723202,0.489515
0.556056,0.571791,0.518255,0.105114,0.841877,0.716935,0.522463
0.632473,0.662279,0.658911,0.083931,0.903373,0.768092,0.578497
0.615293,0.658311,0.644282,0.082502,0.896135,0.763510,0.521567
0.614643,0.646978,0.634531,0.083634,0.900651,0.737228,0.525831
0.624898,0.611326,0.515148,0.093607,0.866349,0.708352,0.495245
0.604143,0.647089,0.580093,0.089100,0.886301,0.725733,0.473684
0.608850,0.604659,0.548319,0.089176,0.882678,0.682798,0.574020
0.543736,0.570276,0.506720,0.094372,0.866262,0.686425,0.553988
0.630406,0.660015,0.577761,0.088356,0.889992,0.781596,0.523238
0.562304,0.562197,0.536632,0.112823,0.863857,0.677091,0.527899
0.572897,0.497853,0.526446,0.099322,0.836264,0.617844,0.508691
0.527750,0.574179,0.495806,0.100418,0.828008,0.725594,0.505933
0.538838,0.586794,0.526734,0.101332,0.843208,0.709257,0.538090
0.345936,0.310667,0.281983,0.204767,0.758065,0.547693,0.564859
0.433466,0.332841,0.352376,0.159559,0.721099,0.654513,0.496987
0.474742,0.481171,0.412039,0.136859,0.801822,0.684320,0.524340
0.535303,0.528016,0.563461,0.102916,0.853666,0.805630,0.561128
0.541852,0.536472,0.452106,0.111893,0.860420,0.794446,0.548549
0.529646,0.502483,0.424786,0.129615,0.824178,0.767743,0.535590
0.603181,0.635009,0.551572,0.085485,0.881520,0.689678,0.472835
0.586742,0.623324,0.557687,0.082826,0.885712,0.682050,0.490823
0.559138,0.576053,0.518379,0.094711,0.884418,0.627986,0.496493
0.496280,0.555284,0.426554,0.115848,0.806414,0.689607,0.460977
0.454538,0.480181,0.409305,0.117442,0.819559,0.625897,0.506078
0.473793,0.520549,0.409288,0.158220,0.793239,0.509444,0.523889
0.407321,0.433901,0.393982,0.150641,0.788515,0.572559,0.565255
0.368938,0.378008,0.357568,0.163229,0.778037,0.554642,0.570235
0.438249,0.406038,0.385716,0.111776,0.825363,0.632251,0.558526
0.438249,0.406038,0.385716,0.111776,0.825363,0.632251,0.558526
0.460893,0.423899,0.391495,0.121956,0.836051,0.653436,0.559469
0.537185,0.440630,0.389335,0.130412,0.817868,0.613105,0.595595
0.537185,0.440630,0.389335,0.130412,0.817868,0.613105,0.595595
0.488724,0.419366,0.396273,0.131712,0.789115,0.641717,0.575775
0.488724,0.419366,0.396273,0.131712,0.789115,0.641717,0.575775
0.483913,0.405039,0.401233,0.136908,0.785427,0.599070,0.593156
0.483913,0.405039,0.401233,0.136908,0.785427,0.599070,0.593156
0.490021,0.424392,0.389665,0.126204,0.773892,0.633178,0.568540
0.490021,0.424392,0.389665,0.126204,0.773892,0.633178,0.568540
0.474795,0.434657,0.390135,0.109851,0.831609,0.681943,0.594999
0.474795,0.434657,0.390135,0.109851,0.831609,0.681943,0.594999
0.437668,0.432659,0.377749,0.107747,0.841066,0.679528,0.589344
0.437668,0.432659,0.377749,0.107747,0.841066,0.679528,0.589344
0.440335,0.402911,0.377827,0.135380,0.811064,0.648509,0.564242
0.440335,0.402911,0.377827,0.135380,0.811064,0.648509,0.564242
0.480274,0.394545,0.380737,0.147226,0.813548,0.635145,0.600594
0.480274,0.394545,0.380737,0.147226,0.813548,0.635145,0.600594
0.467871,0.402616,0.384652,0.130849,0.802218,0.668146,0.587971
0.467871,0.402616,0.384652,0.130849,0.802218,0.668146,0.587971
0.465359,0.387021,0.393582,0.140467,0.790331,0.656051,0.582401
0.465359,0.387021,0.393582,0.140467,0.790331,0.656051,0.582401
0.427960,0.380880,0.344874,0.167002,0.725833,0.648985,0.591217
0.427960,0.380880,0.344874,0.167002,0.725833,0.648985,0.591217
0.421402,0.361643,0.368431,0.174338,0.676200,0.594379,0.584722
0.421402,0.361643,0.368431,0.174338,0.676200,0.594379,0.584722
0.439802,0.397012,0.394801,0.132751,0.801421,0.638713,0.580446
0.439802,0.397012,0.394801,0.132751,0.801421,0.638713,0.580446
0.432353,0.390828,0.378217,0.127726,0.805578,0.651902,0.580310
0.432353,0.390828,0.378217,0.127726,0.805578,0.651902,0.580310
0.420122,0.376713,0.390109,0.148082,0.754316,0.554024,0.574042
0.420122,0.376713,0.390109,0.148082,0.754316,0.554024,0.574042
0.448823,0.404377,0.384290,0.143347,0.809909,0.647896,0.565045
0.448823,0.404377,0.384290,0.143347,0.809909,0.647896,0.565045
0.378464,0.328210,0.302698,0.148694,0.790036,0.677633,0.521117
0.352634,0.298847,0.310049,0.153060,0.681179,0.593028,0.522165
0.359622,0.313179,0.326987,0.139258,0.764852,0.651138,0.521690
0.351048,0.303920,0.303483,0.148098,0.734949,0.679445,0.535495
0.354692,0.327108,0.278520,0.139739,0.790903,0.651955,0.552675
0.335786,0.302006,0.303577,0.159043,0.655508,0.613833,0.513048
0.353065,0.302024,0.325002,0.192494,0.642461,0.593449,0.509706
0.338708,0.295393,0.314007,0.161592,0.670153,0.634446,0.538174
0.342137,0.325645,0.322903,0.157471,0.728574,0.636680,0.504688
0.342137,0.325645,0.322903,0.157471,0.728574,0.636680,0.504688
0.278870,0.298250,0.297403,0.224197,0.662071,0.578452,0.499558
0.333010,0.295896,0.322462,0.168866,0.667106,0.599898,0.549132
0.411565,0.350608,0.369326,0.188757,0.673930,0.564182,0.529009
0.364971,0.310083,0.303887,0.143908,0.769493,0.689006,0.539703
0.374426,0.309937,0.314695,0.163849,0.658774,0.569551,0.500036
0.365108,0.304972,0.290577,0.160490,0.709105,0.584930,0.493173
0.365108,0.304972,0.290577,0.160490,0.709105,0.584930,0.493173
0.363370,0.307428,0.305921,0.140071,0.767394,0.537893,0.489828
0.358213,0.302871,0.300143,0.138550,0.727940,0.615553,0.513991
0.373968,0.324227,0.310094,0.143372,0.757802,0.527661,0.521694
0.353189,0.315302,0.312564,0.155568,0.681260,0.572022,0.546061
0.365261,0.346735,0.308449,0.134967,0.778220,0.599790,0.494665
0.294288,0.309103,0.284534,0.208305,0.717808,0.534544,0.492847
0.355838,0.304726,0.309801,0.144473,0.697045,0.578325,0.531108
0.343445,0.290868,0.307457,0.188312,0.654762,0.610468,0.535691
0.369784,0.335498,0.304221,0.135513,0.725226,0.641267,0.563136
0.319967,0.300218,0.306240,0.174221,0.681603,0.583339,0.524752
0.328082,0.304443,0.308871,0.187493,0.666215,0.581385,0.521289
0.509990,0.474218,0.384013,0.111262,0.837992,0.690552,0.556105
0.509990,0.474218,0.384013,0.111262,0.837992,0.690552,0.556105
0.536034,0.493884,0.390896,0.099228,0.829412,0.668995,0.544843
0.536034,0.493884,0.390896,0.099228,0.829412,0.668995,0.544843
0.447147,0.332952,0.356634,0.188520,0.821663,0.585520,0.504113
0.427591,0.330496,0.340771,0.198708,0.786565,0.567612,0.487191
0.417315,0.335098,0.341679,0.200272,0.782721,0.595565,0.502632
0.392189,0.326252,0.326669,0.229247,0.718268,0.577879,0.482114
0.409626,0.332679,0.336107,0.197757,0.732141,0.588161,0.491027
0.388275,0.320908,0.320280,0.228712,0.753731,0.564851,0.498501
0.591805,0.628772,0.568938,0.084138,0.870444,0.811658,0.546059
0.529051,0.618838,0.514596,0.105467,0.857590,0.680104,0.535489
0.463415,0.454205,0.345989,0.094541,0.802564,0.764587,0.579340
0.426678,0.395931,0.368398,0.156157,0.841203,0.694339,0.513610
0.367707,0.320312,0.280746,0.171396,0.784059,0.621603,0.541558
0.371337,0.322955,0.280600,0.171337,0.782712,0.618488,0.539759
0.371719,0.323315,0.280289,0.171072,0.782440,0.620751,0.540399
0.373793,0.323487,0.280102,0.171909,0.781101,0.628795,0.542045
0.371220,0.328248,0.297908,0.165282,0.791066,0.581181,0.541829
0.369860,0.328302,0.297870,0.165013,0.785511,0.576559,0.541438
0.369186,0.328737,0.298168,0.164967,0.777078,0.571683,0.541634
0.369180,0.328359,0.298190,0.165254,0.773634,0.570702,0.538911
0.368226,0.328272,0.298589,0.166312,0.771837,0.566961,0.538800
0.368762,0.326669,0.298729,0.167379,0.772550,0.566319,0.536488
0.368521,0.326568,0.298729,0.169084,0.766975,0.566423,0.534430
0.370397,0.326474,0.297565,0.176046,0.766070,0.563484,0.533645
0.369174,0.325945,0.297886,0.177581,0.767465,0.561194,0.532158
0.367015,0.326082,0.297163,0.177974,0.765629,0.557740,0.530843
0.367190,0.324608,0.295117,0.179664,0.767081,0.559315,0.532835
0.317513,0.294838,0.271713,0.213306,0.733901,0.529777,0.541915
0.316714,0.296801,0.274063,0.219881,0.717806,0.523923,0.540789
0.316977,0.295760,0.274445,0.225185,0.699549,0.511414,0.542246
0.317520,0.295406,0.274059,0.232629,0.685054,0.495309,0.542660
0.317192,0.293935,0.273226,0.242682,0.654844,0.491647,0.540816
0.296291,0.292286,0.264538,0.288251,0.690015,0.460353,0.551340
0.297389,0.293364,0.263556,0.275470,0.693035,0.470005,0.554619
0.528179,0.564626,0.430780,0.107186,0.827806,0.668518,0.443785
0.514223,0.547879,0.380332,0.119984,0.785781,0.605821,0.451819
0.515839,0.538722,0.404808,0.131843,0.791215,0.568648,0.455610
0.510425,0.558746,0.405520,0.122536,0.785382,0.590073,0.442927
0.415513,0.372290,0.337850,0.137341,0.746441,0.720391,0.525674
0.417398,0.380768,0.314330,0.146846,0.771466,0.703666,0.505836
0.397799,0.356006,0.309254,0.156581,0.723557,0.670419,0.504768
0.419203,0.353605,0.316793,0.170506,0.711445,0.674100,0.506961
0.487401,0.454774,0.370736,0.130181,0.827303,0.721226,0.545883
0.487401,0.454774,0.370736,0.130181,0.827303,0.721226,0.545883
0.597900,0.548117,0.516230,0.123159,0.844401,0.731143,0.542263
0.536138,0.490364,0.472711,0.121870,0.829694,0.730684,0.561916
0.528594,0.514288,0.453068,0.152827,0.840862,0.707805,0.564810
0.426966,0.380984,0.371310,0.150069,0.726072,0.602703,0.506289
0.501045,0.479827,0.434025,0.178863,0.750979,0.653112,0.544055
0.496237,0.433884,0.394777,0.184933,0.765265,0.590220,0.533141
0.529408,0.483792,0.416732,0.170366,0.699208,0.576504,0.514897
0.538481,0.489592,0.439661,0.164016,0.732752,0.516517,0.523945
0.428970,0.359106,0.313989,0.136163,0.843819,0.653685,0.585439
0.389784,0.389565,0.356470,0.176611,0.740526,0.505310,0.620951
0.584981,0.555368,0.538144,0.126944,0.876777,0.747739,0.528428
0.592743,0.545708,0.512713,0.134616,0.813423,0.730278,0.536312
0.532276,0.494433,0.458461,0.140323,0.811504,0.702394,0.556519
0.507550,0.467275,0.412907,0.158671,0.746433,0.624632,0.552372
0.365875,0.336927,0.292605,0.115317,0.772732,0.558190,0.555925
0.365875,0.336927,0.292605,0.115317,0.772732,0.558190,0.555925
0.379220,0.347322,0.332533,0.173202,0.711986,0.627666,0.573838
0.419340,0.357179,0.373117,0.151287,0.697601,0.660479,0.531985
0.399377,0.345651,0.363899,0.162436,0.703149,0.626317,0.532482
0.442140,0.381370,0.401189,0.144804,0.761480,0.686991,0.547755
0.406479,0.339509,0.356373,0.152515,0.718992,0.682125,0.544424
0.406806,0.346089,0.366962,0.153430,0.718633,0.673770,0.552931
0.404437,0.344140,0.337612,0.163556,0.739546,0.625115,0.512978
0.353589,0.312517,0.319463,0.163148,0.736237,0.627276,0.584528
0.396764,0.343784,0.367943,0.166534,0.703982,0.617580,0.544544
0.401534,0.364589,0.347560,0.136551,0.738670,0.700043,0.542009
0.404898,0.364890,0.336859,0.143822,0.727788,0.712584,0.552617
0.338557,0.320205,0.327694,0.158225,0.660657,0.659190,0.551188
0.333201,0.314856,0.317808,0.168140,0.659319,0.665273,0.564012
0.395821,0.356831,0.344333,0.150889,0.721208,0.701265,0.555507
0.455028,0.416431,0.406445,0.124670,0.784960,0.680235,0.582156
0.440670,0.366990,0.357401,0.134897,0.750347,0.665486,0.571482
0.380559,0.325391,0.326552,0.157076,0.698439,0.717816,0.550516
0.443968,0.418247,0.390972,0.119007,0.750692,0.712987,0.564626
0.402849,0.373764,0.348100,0.129762,0.723239,0.711216,0.567536
0.394499,0.344961,0.338539,0.145149,0.690144,0.645525,0.535777
0.454160,0.439764,0.369891,0.113008,0.792597,0.757270,0.594665
0.434204,0.424258,0.388563,0.118216,0.775345,0.726143,0.599776
0.443108,0.421777,0.387112,0.114831,0.763332,0.731447,0.572240
0.443108,0.421777,0.387112,0.114831,0.763332,0.731447,0.572240
0.444435,0.392350,0.359879,0.120276,0.783105,0.705776,0.585137
0.396221,0.359336,0.308385,0.141847,0.730790,0.696820,0.538776
0.437987,0.413988,0.387011,0.125422,0.762473,0.703888,0.617793
0.429730,0.442971,0.388556,0.108503,0.826554,0.783155,0.597844
0.441999,0.430159,0.392254,0.107622,0.786232,0.738585,0.581953
0.407506,0.358528,0.354117,0.120954,0.752060,0.721376,0.575728
0.438804,0.387568,0.378105,0.106107,0.777461,0.751514,0.579612
0.440421,0.386424,0.380120,0.111140,0.791521,0.740593,0.562673
0.424053,0.413031,0.389824,0.108196,0.797822,0.748742,0.602379
0.360865,0.314297,0.328126,0.128339,0.707568,0.684812,0.598931
0.419546,0.419877,0.391870,0.126304,0.742848,0.711623,0.559243
0.394965,0.354486,0.339044,0.147499,0.679905,0.655546,0.540991
0.416971,0.382593,0.350586,0.127854,0.764943,0.715588,0.560438
0.377019,0.359107,0.315933,0.151011,0.778579,0.663032,0.595548
0.472224,0.454491,0.406388,0.129364,0.774239,0.679935,0.534705
0.379449,0.335729,0.316454,0.173010,0.669639,0.672883,0.535491
0.425088,0.356773,0.358187,0.161430,0.705698,0.628798,0.538188
0.428954,0.378997,0.358275,0.146438,0.761056,0.691761,0.553620
0.423745,0.351241,0.337211,0.190741,0.676826,0.664904,0.545723
0.428307,0.429660,0.380786,0.143421,0.763444,0.727043,0.552349
0.425968,0.425923,0.373423,0.139842,0.776364,0.737326,0.537494
0.414323,0.359889,0.354016,0.166972,0.723074,0.705844,0.533103
0.379765,0.359420,0.328533,0.156605,0.710421,0.666193,0.534725
0.415424,0.395684,0.346894,0.153124,0.801590,0.748776,0.540113
0.449820,0.387505,0.355582,0.169904,0.792339,0.723368,0.534877
0.416731,0.359856,0.346777,0.146913,0.729261,0.690475,0.540818
0.423320,0.404997,0.349628,0.133229,0.747391,0.713859,0.542149
0.414770,0.361692,0.346875,0.150215,0.726867,0.715823,0.540680
0.405382,0.364028,0.322529,0.155520,0.753479,0.680278,0.504497
0.410936,0.366696,0.319736,0.156683,0.711133,0.671951,0.509662
0.396230,0.361066,0.346395,0.150061,0.694814,0.704542,0.549481
0.397386,0.367820,0.321010,0.158108,0.722299,0.674819,0.519385
0.395938,0.356313,0.342693,0.141013,0.766167,0.690704,0.542343
0.325217,0.323942,0.294427,0.179558,0.637137,0.646927,0.534628
0.427850,0.360797,0.323265,0.170129,0.697419,0.663906,0.489686
0.417271,0.354855,0.352317,0.162401,0.682202,0.693416,0.528190
0.415439,0.350512,0.348304,0.156300,0.756155,0.682694,0.524214
0.412557,0.359782,0.354975,0.177566,0.699762,0.695183,0.543309
0.404187,0.361905,0.329136,0.182026,0.723918,0.652334,0.507255
0.432241,0.374936,0.361775,0.139123,0.761467,0.715834,0.533719
0.401930,0.345271,0.331548,0.153785,0.725624,0.720758,0.552712
0.426654,0.376910,0.354689,0.144868,0.771554,0.722632,0.565739
0.419954,0.379034,0.313084,0.144415,0.769607,0.709446,0.511934
0.420942,0.395647,0.346772,0.161596,0.810779,0.698390,0.613320
0.416191,0.405318,0.331420,0.133170,0.781348,0.742077,0.582393
0.433450,0.450822,0.348373,0.123576,0.827035,0.723703,0.594071
0.454357,0.469524,0.372258,0.120131,0.840532,0.750509,0.590459
0.447967,0.461385,0.337719,0.128174,0.838469,0.713427,0.588211
0.403568,0.391008,0.345025,0.136334,0.772897,0.716974,0.582720
0.410154,0.385289,0.324058,0.152343,0.840104,0.744988,0.560314
0.410284,0.395172,0.311494,0.143116,0.807004,0.700778,0.560390
0.411375,0.388326,0.346814,0.135846,0.754581,0.730225,0.558684
0.412415,0.395242,0.320533,0.145968,0.773961,0.706613,0.519403
0.408346,0.386498,0.343345,0.130725,0.815499,0.719607,0.534644
0.409542,0.358708,0.346895,0.151823,0.728370,0.729289,0.546676
0.401716,0.361814,0.320025,0.157809,0.749508,0.690626,0.499155
0.395283,0.352630,0.312005,0.154699,0.719090,0.684787,0.513228
0.379853,0.348697,0.343709,0.149852,0.704608,0.719556,0.564705
0.358807,0.330457,0.354226,0.139246,0.706474,0.735190,0.557991
0.390894,0.360292,0.341101,0.156833,0.754131,0.721966,0.582681
0.380539,0.354808,0.317899,0.158279,0.727826,0.685705,0.523130
0.377302,0.345233,0.342500,0.142985,0.772662,0.705850,0.543012
0.379853,0.348697,0.343709,0.149852,0.704608,0.719556,0.564705
0.413015,0.343882,0.369579,0.157401,0.726844,0.714457,0.548704
0.423061,0.352262,0.316408,0.171576,0.710343,0.677898,0.504796
0.444500,0.393235,0.347696,0.158707,0.750592,0.726522,0.556416
0.407072,0.344024,0.351331,0.165810,0.698998,0.702950,0.558841
0.411006,0.354836,0.323436,0.174161,0.718168,0.680103,0.519423
0.403973,0.344754,0.349659,0.161911,0.767387,0.689453,0.536905
0.407072,0.344024,0.351331,0.165810,0.698998,0.702950,0.558841
0.410011,0.335205,0.350549,0.164575,0.704344,0.706979,0.535320
0.384470,0.349443,0.348736,0.155306,0.695648,0.710866,0.557769
0.408998,0.357420,0.354848,0.154383,0.749948,0.738941,0.523965
0.420705,0.342789,0.362760,0.138729,0.708762,0.719492,0.505683
0.408998,0.357420,0.354848,0.154383,0.749948,0.738941,0.523965
0.411710,0.416339,0.350232,0.126114,0.781357,0.720416,0.545618
0.379449,0.335729,0.316454,0.173010,0.669639,0.672883,0.535491
0.425088,0.356773,0.358187,0.161430,0.705698,0.628798,0.538188
0.409626,0.351109,0.358713,0.123708,0.794231,0.715965,0.578048
0.422870,0.403051,0.348596,0.139935,0.750461,0.720302,0.558245
0.375659,0.316956,0.352440,0.179406,0.691423,0.689533,0.552263
0.394914,0.329637,0.342091,0.172877,0.711309,0.686582,0.556211
0.399078,0.334356,0.340405,0.170899,0.727665,0.747961,0.576705
0.422723,0.344196,0.347446,0.159487,0.741107,0.677374,0.544982
0.418692,0.351163,0.350350,0.144673,0.718750,0.704115,0.541165
0.428928,0.346470,0.342586,0.163710,0.734007,0.711916,0.533785
0.383450,0.343856,0.301520,0.151750,0.804928,0.686670,0.550982
0.381826,0.340136,0.306622,0.149095,0.793659,0.676347,0.527106
0.341397,0.308916,0.315658,0.150530,0.692865,0.689695,0.557440
0.335211,0.304614,0.316743,0.185421,0.668852,0.645241,0.550228
0.331589,0.314510,0.285969,0.195795,0.694117,0.599411,0.532669
0.503607,0.480262,0.480096,0.097621,0.824313,0.665361,0.558643
0.381283,0.339455,0.294516,0.153203,0.782202,0.669075,0.529155
0.413709,0.355683,0.336164,0.145372,0.800228,0.646319,0.611435
0.322277,0.307257,0.307605,0.303052,0.639255,0.500420,0.537639
0.322277,0.307257,0.307605,0.303052,0.639255,0.500420,0.537639
0.354944,0.317168,0.296933,0.139483,0.750735,0.664111,0.551825
0.349579,0.324105,0.280594,0.179489,0.826817,0.558203,0.626694
0.313680,0.312937,0.301195,0.220244,0.622125,0.451509,0.570993
0.306610,0.302159,0.293110,0.224898,0.638441,0.547523,0.565099
0.254693,0.283946,0.304489,0.246966,0.559581,0.467655,0.542785
0.302889,0.301134,0.291201,0.234449,0.626933,0.517600,0.562098
0.317189,0.311142,0.319539,0.236544,0.602710,0.446421,0.561076
0.331164,0.310733,0.269689,0.147894,0.776685,0.572581,0.591853
0.333560,0.312752,0.270477,0.149943,0.785560,0.555494,0.603461
0.334894,0.310044,0.273762,0.148320,0.789013,0.564767,0.603147
0.331322,0.312408,0.271002,0.152064,0.787268,0.544416,0.604267
0.338657,0.313577,0.271257,0.157382,0.765804,0.541595,0.598725
0.272636,0.283758,0.288088,0.314747,0.437266,0.356917,0.528689
0.347321,0.327937,0.303593,0.141191,0.747849,0.670463,0.586766
0.439821,0.433186,0.357791,0.093819,0.794600,0.750810,0.587354
0.343319,0.312291,0.301104,0.138208,0.740284,0.664964,0.562493
0.270929,0.272856,0.271602,0.287626,0.673413,0.418775,0.586673
0.362035,0.341080,0.271636,0.214613,0.771726,0.495809,0.561364
0.342963,0.323404,0.273548,0.221240,0.763661,0.490903,0.579057
0.342745,0.332909,0.268194,0.197313,0.769871,0.502459,0.584472
0.336306,0.316103,0.282781,0.265354,0.694739,0.433490,0.574277
0.336263,0.319021,0.280003,0.228462,0.704029,0.460445,0.569605
0.336263,0.319021,0.280003,0.228462,0.704029,0.460445,0.569605
0.347999,0.322654,0.265364,0.221790,0.691399,0.493195,0.597188
0.334774,0.316966,0.281770,0.272499,0.688371,0.431317,0.570842
0.335513,0.317826,0.277216,0.240692,0.674860,0.454875,0.565147
0.357851,0.335353,0.268045,0.260380,0.706038,0.455754,0.546345
0.359011,0.327861,0.263520,0.206557,0.718982,0.516130,0.552356
0.362919,0.335911,0.270218,0.195525,0.722640,0.530223,0.557206
0.359600,0.328326,0.263099,0.206175,0.721996,0.515626,0.552212
0.353641,0.325148,0.261723,0.236596,0.702985,0.494492,0.535385
0.359396,0.330186,0.262770,0.203722,0.725168,0.516442,0.554607
0.366685,0.329261,0.264219,0.216354,0.750735,0.513416,0.558918
0.336507,0.317600,0.260988,0.187988,0.730649,0.490198,0.574968
0.338819,0.316898,0.260966,0.195048,0.729611,0.485756,0.575128
0.333929,0.304777,0.267584,0.181017,0.740373,0.491135,0.592950
0.377692,0.341771,0.275264,0.184506,0.746739,0.498618,0.587650
0.335927,0.316512,0.261282,0.198556,0.726778,0.486144,0.576650
0.404172,0.350819,0.303670,0.186524,0.738867,0.660185,0.526093
0.421190,0.360268,0.335707,0.139071,0.833388,0.629779,0.577716
0.395460,0.362807,0.315058,0.150600,0.788227,0.534182,0.590517
0.581700,0.591755,0.603502,0.086666,0.877787,0.772177,0.537082
0.513956,0.460682,0.489060,0.091110,0.837764,0.689746,0.513319
0.522064,0.484097,0.509713,0.091708,0.838195,0.688555,0.560453
0.412562,0.352171,0.360850,0.165895,0.679328,0.720650,0.514149
0.424240,0.359521,0.321825,0.171360,0.693480,0.667839,0.494446
0.411757,0.368632,0.315348,0.159164,0.709791,0.665028,0.509070
0.345830,0.322657,0.301031,0.196950,0.667873,0.652906,0.517843
0.329547,0.326889,0.295448,0.183247,0.686731,0.651339,0.529066
0.527495,0.554993,0.448482,0.143946,0.756356,0.691187,0.520136
0.527495,0.554993,0.448482,0.143946,0.756356,0.691187,0.520136
0.428753,0.443326,0.371317,0.189641,0.688549,0.556507,0.491694
0.428753,0.443326,0.371317,0.189641,0.688549,0.556507,0.491694
0.443612,0.439540,0.383618,0.198450,0.728927,0.581974,0.495939
0.443612,0.439540,0.383618,0.198450,0.728927,0.581974,0.495939
0.386845,0.366766,0.303285,0.153830,0.784213,0.652062,0.503895
0.422585,0.357212,0.348696,0.145032,0.727864,0.705701,0.528270
0.567004,0.520835,0.438014,0.111669,0.825219,0.706323,0.507014
0.346833,0.328632,0.307507,0.113438,0.762561,0.589418,0.532357
0.405670,0.414342,0.351450,0.138647,0.799986,0.682637,0.541625
0.404023,0.408655,0.348293,0.137923,0.792688,0.677270,0.523659
0.387726,0.426244,0.345377,0.138389,0.765156,0.665638,0.521737
0.386015,0.417591,0.342939,0.137698,0.754342,0.657302,0.503265
0.299258,0.295201,0.297604,0.200537,0.649713,0.543360,0.569815
0.284882,0.301315,0.297016,0.203098,0.653779,0.550023,0.561919
0.380348,0.432169,0.340073,0.137700,0.767216,0.627013,0.527487
0.353633,0.385941,0.315899,0.141042,0.775262,0.656659,0.510857
0.353182,0.375928,0.326046,0.149705,0.776293,0.607157,0.509525
0.346170,0.392085,0.329958,0.153075,0.695173,0.601357,0.505144
0.353633,0.385941,0.315899,0.141042,0.775262,0.656659,0.510857
0.352752,0.391770,0.321599,0.142093,0.728405,0.626610,0.527144
0.397113,0.392159,0.347601,0.111792,0.765340,0.632522,0.540935
0.385482,0.400704,0.405544,0.130266,0.795065,0.599022,0.482166
0.368432,0.406673,0.395714,0.124132,0.775363,0.611221,0.489791
0.380622,0.417860,0.390191,0.126571,0.758504,0.607379,0.505672
0.355128,0.388240,0.358515,0.133672,0.710981,0.562278,0.499373
0.341140,0.368746,0.353935,0.210388,0.721611,0.495600,0.559102
0.292183,0.274913,0.301361,0.142767,0.694511,0.549716,0.578451
0.283167,0.273081,0.303833,0.146270,0.666500,0.555514,0.571132
0.276729,0.269659,0.306877,0.151783,0.660290,0.525645,0.569714
0.346565,0.330885,0.347189,0.138618,0.762696,0.610285,0.581273
0.326471,0.290421,0.340725,0.136721,0.686026,0.610004,0.451582
0.339101,0.332542,0.352279,0.151864,0.716458,0.555551,0.567351
0.285943,0.278731,0.328338,0.190077,0.641121,0.533216,0.537786
0.313611,0.299342,0.345295,0.150250,0.698631,0.632899,0.449474
0.396822,0.405784,0.381025,0.128949,0.780151,0.634141,0.489782
0.295203,0.286307,0.348416,0.155247,0.681937,0.612821,0.480143
0.302558,0.275037,0.325191,0.150349,0.680660,0.603577,0.484376
0.348257,0.329460,0.329889,0.114641,0.761332,0.616029,0.484560
0.301992,0.270217,0.291372,0.146240,0.689138,0.572240,0.571722
0.297468,0.269077,0.292631,0.153656,0.683550,0.571316,0.571382
0.341240,0.331434,0.339369,0.107168,0.797500,0.607797,0.513038
0.285857,0.262241,0.297309,0.155511,0.683529,0.572693,0.572165
0.308783,0.271542,0.310286,0.142549,0.701123,0.551176,0.584748
0.317265,0.282107,0.312958,0.123695,0.689070,0.594354,0.489171
0.404837,0.397606,0.374345,0.111625,0.802111,0.644398,0.517680
0.351560,0.338340,0.330367,0.133958,0.762082,0.583217,0.587239
0.349709,0.346041,0.334660,0.135855,0.757413,0.599531,0.592928
0.288067,0.273001,0.314840,0.163954,0.669773,0.560299,0.557047
0.398218,0.390974,0.369744,0.117722,0.792203,0.632321,0.497045
0.402174,0.395211,0.382767,0.125894,0.795552,0.643942,0.490758
0.343143,0.342810,0.336242,0.152555,0.722638,0.583382,0.560914
0.337800,0.355438,0.339085,0.155833,0.733586,0.577052,0.571263
0.282421,0.261535,0.306360,0.167687,0.659378,0.556172,0.505510
0.419102,0.419177,0.348378,0.141412,0.795340,0.648944,0.476731
0.367080,0.362884,0.320354,0.159276,0.680143,0.614951,0.465231
0.398261,0.432387,0.343499,0.145061,0.744653,0.642386,0.467064
0.406774,0.403166,0.340077,0.140103,0.797492,0.592460,0.497139
0.402427,0.402321,0.332146,0.127679,0.803542,0.624136,0.471184
0.402852,0.408916,0.325747,0.133946,0.790507,0.614243,0.508161
0.368824,0.355971,0.311236,0.169816,0.654199,0.546899,0.566011
0.604080,0.641491,0.506900,0.090751,0.885702,0.759431,0.621356
0.577986,0.646379,0.511282,0.097618,0.889423,0.735405,0.587181
0.420623,0.373772,0.322115,0.133371,0.833460,0.661346,0.573323
0.412986,0.360894,0.322428,0.224894,0.726481,0.596124,0.534543
0.365359,0.325246,0.303138,0.188775,0.686156,0.610450,0.584058
0.420103,0.367491,0.318962,0.204396,0.746894,0.633352,0.548961
0.579627,0.555419,0.645731,0.086013,0.875902,0.754389,0.541203
0.581689,0.533843,0.619069,0.090191,0.883818,0.751497,0.560143
0.570908,0.537951,0.646625,0.096740,0.865919,0.717834,0.530941
0.504004,0.461863,0.393951,0.151437,0.731647,0.598114,0.558494
0.477267,0.426507,0.391742,0.171074,0.695852,0.566265,0.546328
0.496169,0.464973,0.416342,0.163280,0.711172,0.590322,0.563676
0.500857,0.460635,0.400547,0.149737,0.740131,0.601464,0.568529
0.488263,0.456471,0.387044,0.178034,0.705057,0.566152,0.534981
0.484322,0.448130,0.400698,0.181968,0.715740,0.555823,0.526622
0.489067,0.447689,0.392645,0.193702,0.710093,0.590617,0.525569
0.470453,0.442173,0.397902,0.164306,0.728268,0.574118,0.561765
0.469778,0.416479,0.386036,0.203016,0.687064,0.559228,0.518517
0.469778,0.416479,0.386036,0.203016,0.687064,0.559228,0.518517
0.512190,0.442258,0.427155,0.173942,0.725054,0.577194,0.541974
0.477916,0.442756,0.407354,0.194328,0.712053,0.561203,0.540718
0.469657,0.428939,0.401686,0.211442,0.700845,0.565224,0.528765
0.469657,0.428939,0.401686,0.211442,0.700845,0.565224,0.528765
0.461709,0.424375,0.395836,0.180295,0.734855,0.556610,0.582962
0.516192,0.519096,0.432563,0.160885,0.782187,0.563876,0.577234
0.491290,0.447241,0.405567,0.175681,0.782888,0.592318,0.550984
0.475023,0.451370,0.400206,0.183094,0.750341,0.572508,0.571324
0.487595,0.433177,0.396317,0.171412,0.704310,0.527908,0.555764
0.485151,0.439234,0.406581,0.177302,0.705004,0.530191,0.549647
0.502228,0.448444,0.385754,0.169758,0.690789,0.523894,0.567157
0.485151,0.439234,0.406581,0.177302,0.705004,0.530191,0.549647
0.502228,0.448444,0.385754,0.169758,0.690789,0.523894,0.567157
0.464842,0.447501,0.365962,0.187317,0.676145,0.523893,0.550209
0.505806,0.452009,0.379296,0.136960,0.777308,0.606017,0.553940
0.484761,0.441798,0.396218,0.151200,0.704162,0.597488,0.539360
0.510510,0.465014,0.404631,0.139962,0.740086,0.637057,0.557913
0.495022,0.466578,0.392223,0.155909,0.698588,0.591119,0.549243
0.495939,0.424246,0.410288,0.168725,0.704824,0.623429,0.555137
0.492308,0.441998,0.403834,0.165186,0.691224,0.519381,0.557631
0.500852,0.448048,0.398658,0.166339,0.693796,0.528550,0.566169
0.484103,0.443782,0.384716,0.156029,0.704019,0.537581,0.584040
0.507518,0.451861,0.383013,0.157934,0.686363,0.508828,0.574669
0.492308,0.441998,0.403834,0.165186,0.691224,0.519381,0.557631
0.500852,0.448048,0.398658,0.166339,0.693796,0.528550,0.566169
0.505615,0.513482,0.436857,0.075531,0.869416,0.786176,0.602931
0.388055,0.347928,0.302875,0.208576,0.768602,0.567707,0.545065
0.388319,0.329503,0.291491,0.215751,0.773932,0.569873,0.560045
0.387168,0.329954,0.294041,0.214928,0.777275,0.560014,0.555729
0.388717,0.339102,0.295195,0.199581,0.782802,0.522663,0.567387
0.387506,0.326420,0.311749,0.217803,0.756760,0.546281,0.555145
0.389101,0.341956,0.315367,0.217283,0.762951,0.557106,0.547775
0.387812,0.326274,0.303351,0.226966,0.766207,0.570754,0.564685
0.372087,0.334496,0.300410,0.226650,0.678248,0.533668,0.552370
0.389739,0.341087,0.319280,0.232630,0.729244,0.538533,0.557374
0.379887,0.331214,0.314806,0.231720,0.748234,0.524973,0.544355
0.461650,0.400849,0.379652,0.148712,0.793711,0.662509,0.605495
0.461650,0.400849,0.379652,0.148712,0.793711,0.662509,0.605495
0.431740,0.382992,0.344842,0.159053,0.805066,0.651098,0.589947
0.431740,0.382992,0.344842,0.159053,0.805066,0.651098,0.589947
0.468203,0.399029,0.384860,0.145481,0.787643,0.676223,0.618426
0.468203,0.399029,0.384860,0.145481,0.787643,0.676223,0.618426
0.487114,0.440584,0.374028,0.128524,0.830583,0.697810,0.593469
0.487114,0.440584,0.374028,0.128524,0.830583,0.697810,0.593469
0.424000,0.374337,0.346842,0.179278,0.717349,0.614943,0.584137
0.424000,0.374337,0.346842,0.179278,0.717349,0.614943,0.584137
0.468515,0.391309,0.350234,0.158208,0.768716,0.616314,0.584097
0.468515,0.391309,0.350234,0.158208,0.768716,0.616314,0.584097
0.402624,0.343751,0.301937,0.191272,0.731873,0.554095,0.586536
0.462631,0.408737,0.383955,0.151405,0.781925,0.675778,0.615246
0.462631,0.408737,0.383955,0.151405,0.781925,0.675778,0.615246
0.385676,0.314291,0.294030,0.213952,0.760597,0.559863,0.569272
0.395428,0.340077,0.292476,0.193369,0.759488,0.536575,0.575211
0.336489,0.311674,0.299866,0.207339,0.674146,0.516147,0.559348
0.310731,0.291425,0.281859,0.221045,0.686895,0.504030,0.556287
0.346795,0.298150,0.288434,0.254106,0.718450,0.491616,0.539639
0.352564,0.312387,0.290578,0.239482,0.715351,0.511029,0.534428
0.352295,0.298587,0.278669,0.253166,0.720099,0.520371,0.555655
0.295542,0.279755,0.272541,0.234253,0.686656,0.494192,0.569126
0.331253,0.284726,0.279218,0.274280,0.715768,0.477063,0.560554
0.341488,0.296947,0.280540,0.261663,0.715298,0.488901,0.553726
0.341389,0.286418,0.267666,0.266661,0.718257,0.497427,0.565824
0.542243,0.545770,0.569734,0.122868,0.870819,0.675726,0.554526
0.588669,0.537711,0.493183,0.115658,0.882394,0.657035,0.605435
0.542174,0.560690,0.587082,0.114566,0.788625,0.678270,0.493783
0.360618,0.353572,0.395895,0.165696,0.634086,0.605847,0.537157
0.433555,0.456437,0.407227,0.165675,0.683850,0.618989,0.542790
0.581973,0.565287,0.624060,0.089791,0.895400,0.747308,0.586745
0.571312,0.533011,0.602862,0.090235,0.884681,0.762900,0.544356
0.492087,0.510405,0.459835,0.139721,0.818696,0.696336,0.590785
0.582360,0.551012,0.618533,0.087479,0.906464,0.711702,0.628121
0.533191,0.472190,0.492074,0.116873,0.852512,0.674426,0.619214
0.537628,0.485758,0.482802,0.118912,0.842341,0.671808,0.634441
0.597658,0.549155,0.505367,0.130557,0.867290,0.642759,0.609545
0.575521,0.535157,0.490618,0.113780,0.877652,0.707699,0.620484
0.569884,0.554104,0.601383,0.131963,0.834716,0.683120,0.531563
0.591171,0.543508,0.454955,0.121724,0.825474,0.612458,0.615247
0.326144,0.350426,0.330923,0.179067,0.728559,0.547762,0.487553
0.326144,0.350426,0.330923,0.179067,0.728559,0.547762,0.487553
0.579953,0.552186,0.490095,0.114400,0.894045,0.659166,0.625177
0.440965,0.381023,0.369089,0.167580,0.865105,0.673614,0.514439
0.379360,0.372583,0.365091,0.159409,0.740708,0.596921,0.503335
0.330695,0.333966,0.324830,0.179677,0.662306,0.480090,0.480967
0.328307,0.340940,0.319243,0.173244,0.683013,0.468787,0.500507
0.317805,0.301702,0.317999,0.220274,0.640071,0.451231,0.516467
0.311415,0.308856,0.310275,0.211717,0.657765,0.440857,0.528125
0.494779,0.488692,0.385523,0.157812,0.698374,0.592081,0.474646
0.489971,0.494531,0.378720,0.154177,0.712255,0.551202,0.488887
0.339463,0.339737,0.328859,0.174366,0.673539,0.526837,0.480049
0.383398,0.383358,0.359244,0.151701,0.763365,0.572895,0.511991
0.349559,0.353187,0.326198,0.171644,0.681169,0.542280,0.473444
0.530219,0.472486,0.342055,0.134325,0.762994,0.610852,0.476028
0.305004,0.319567,0.324752,0.228444,0.605954,0.434752,0.479434
0.458391,0.398184,0.302132,0.177567,0.813715,0.639146,0.575052
0.419813,0.354881,0.297985,0.168959,0.821217,0.653850,0.576731
0.432068,0.333780,0.320281,0.171030,0.831540,0.675479,0.554905
0.352793,0.324736,0.303641,0.141563,0.743978,0.656034,0.589694
0.372922,0.325536,0.310299,0.172138,0.667063,0.621736,0.575872
0.374795,0.369140,0.320201,0.189965,0.711203,0.539940,0.600816
0.400437,0.384107,0.313504,0.150506,0.759362,0.672163,0.592979
0.372794,0.329765,0.294763,0.159796,0.735983,0.635484,0.573609
0.372794,0.329765,0.294763,0.159796,0.735983,0.635484,0.573609
0.418704,0.418227,0.334625,0.141888,0.786055,0.654075,0.573484
0.418704,0.418227,0.334625,0.141888,0.786055,0.654075,0.573484
0.355268,0.330414,0.324798,0.179245,0.683542,0.554093,0.558967
0.328928,0.304571,0.295123,0.223856,0.559084,0.496326,0.540407
0.360472,0.334940,0.309905,0.179544,0.660472,0.567947,0.575480
0.329074,0.298857,0.284692,0.191797,0.659349,0.599792,0.539366
0.345959,0.305940,0.283492,0.173519,0.726676,0.605513,0.547562
0.352944,0.324251,0.299759,0.149033,0.785047,0.572543,0.571825
0.400533,0.344189,0.320183,0.160267,0.805326,0.633549,0.583551
0.381953,0.353759,0.296449,0.161248,0.797517,0.608351,0.597656
0.409196,0.345751,0.313749,0.159761,0.822943,0.639252,0.580194
0.356937,0.338754,0.297450,0.148498,0.743683,0.652731,0.584380
0.353884,0.337161,0.284094,0.136868,0.755448,0.666631,0.613513
0.351303,0.319991,0.296799,0.146250,0.747912,0.654459,0.596116
0.350324,0.351481,0.298544,0.149538,0.713802,0.645226,0.595140
0.356517,0.338068,0.305491,0.145639,0.751148,0.662557,0.615291
0.336149,0.330239,0.294429,0.172977,0.683266,0.630029,0.635572
0.344830,0.308257,0.285926,0.174794,0.695069,0.595529,0.572807
0.359475,0.337107,0.301222,0.153953,0.761013,0.568576,0.584332
0.353913,0.334628,0.312533,0.157653,0.683002,0.616286,0.615060
0.372570,0.381439,0.307939,0.129748,0.818061,0.677322,0.569351
0.346889,0.350813,0.301306,0.163422,0.734032,0.625298,0.579462
0.372570,0.381439,0.307939,0.129748,0.818061,0.677322,0.569351
0.352309,0.322286,0.307900,0.149896,0.713082,0.620271,0.605476
0.369138,0.336772,0.301778,0.155637,0.726390,0.602262,0.549939
0.312922,0.330148,0.294340,0.215854,0.723007,0.552726,0.561499
0.336660,0.329611,0.309894,0.160976,0.694976,0.628050,0.606004
0.346144,0.351232,0.314905,0.151147,0.753900,0.629240,0.560358
0.395422,0.380059,0.339409,0.174139,0.728912,0.630875,0.587704
0.395422,0.380059,0.339409,0.174139,0.728912,0.630875,0.587704
0.342401,0.324585,0.309039,0.179090,0.695175,0.620630,0.615735
0.344032,0.341860,0.313372,0.171172,0.746000,0.598244,0.584828
0.626653,0.592029,0.563003,0.123926,0.857833,0.688433,0.464169
0.441264,0.396434,0.364396,0.159691,0.779133,0.620410,0.525980
0.441264,0.396434,0.364396,0.159691,0.779133,0.620410,0.525980
0.342490,0.299606,0.306668,0.158350,0.690249,0.614683,0.553415
0.364563,0.346401,0.310596,0.142634,0.742700,0.654242,0.519680
0.399570,0.346684,0.330032,0.149363,0.784530,0.622037,0.636576
0.343598,0.319391,0.322685,0.137743,0.786290,0.554037,0.607026
0.325418,0.301661,0.303089,0.176605,0.651389,0.620338,0.550492
0.340746,0.331581,0.302982,0.207477,0.672650,0.553091,0.580982
0.340746,0.331581,0.302982,0.207477,0.672650,0.553091,0.580982
0.378427,0.330932,0.319458,0.215196,0.788239,0.653122,0.514057
0.378427,0.330932,0.319458,0.215196,0.788239,0.653122,0.514057
0.289563,0.307121,0.272464,0.233010,0.636012,0.470969,0.533082
0.389394,0.343961,0.310700,0.155547,0.764824,0.670225,0.541458
0.389394,0.343961,0.310700,0.155547,0.764824,0.670225,0.541458
0.383467,0.342946,0.324308,0.211531,0.677258,0.678681,0.504965
0.383467,0.342946,0.324308,0.211531,0.677258,0.678681,0.504965
0.412319,0.363197,0.321305,0.144635,0.764775,0.610476,0.502360
0.596849,0.638690,0.537010,0.110653,0.825270,0.653072,0.598230
0.356827,0.323868,0.300096,0.127852,0.780194,0.671543,0.526952
0.361554,0.319563,0.294876,0.126297,0.769503,0.682939,0.514395
0.358267,0.318608,0.314294,0.131753,0.745761,0.652032,0.553190
0.393689,0.369689,0.357588,0.176352,0.737412,0.531112,0.601109
0.388650,0.394360,0.367355,0.161357,0.742737,0.644125,0.632557
0.382172,0.371009,0.353012,0.162704,0.766616,0.652398,0.633830
0.407262,0.392633,0.368370,0.156445,0.723116,0.638253,0.654445
0.395869,0.375533,0.355285,0.190439,0.762955,0.619385,0.640985
0.388898,0.378748,0.351431,0.165758,0.745594,0.546932,0.607482
0.404766,0.394766,0.368600,0.151017,0.790510,0.598670,0.618611
0.414002,0.401129,0.368374,0.151568,0.812168,0.592179,0.609567
0.387488,0.373102,0.369847,0.146890,0.792870,0.712555,0.638430
0.444368,0.457235,0.393868,0.118488,0.836948,0.724705,0.654193
0.413084,0.399261,0.359598,0.126472,0.839010,0.712457,0.646274
0.406410,0.410815,0.382849,0.139560,0.803925,0.708568,0.647918
0.416238,0.417205,0.379028,0.149618,0.799656,0.637977,0.634349
0.418862,0.394709,0.380225,0.144245,0.760278,0.715872,0.658523
0.405948,0.385623,0.360887,0.158598,0.765481,0.581582,0.635951
0.321938,0.311286,0.309187,0.182247,0.728182,0.562455,0.608117
0.344489,0.315849,0.316698,0.197691,0.738240,0.569570,0.597633
0.306547,0.320989,0.299320,0.223586,0.644047,0.535856,0.646453
0.329037,0.305827,0.316421,0.164542,0.786909,0.644074,0.628612
0.326591,0.305412,0.309625,0.174004,0.800322,0.658081,0.629830
0.399397,0.386251,0.326310,0.178303,0.747843,0.654044,0.663901
0.348662,0.327579,0.323842,0.182500,0.723292,0.577089,0.622283
0.411036,0.405467,0.365538,0.178704,0.732065,0.575686,0.626186
0.389226,0.362354,0.349512,0.146981,0.763067,0.532318,0.596481
0.391954,0.396080,0.374691,0.142584,0.791202,0.617989,0.625810
0.343455,0.357148,0.284084,0.190048,0.613785,0.514414,0.546117
0.469244,0.399372,0.389677,0.116260,0.777930,0.612822,0.472599
0.442996,0.376475,0.323673,0.165896,0.767582,0.663269,0.537467
0.419596,0.361707,0.330602,0.184911,0.772474,0.639181,0.584788
0.348500,0.338755,0.316626,0.123815,0.652841,0.567172,0.477731
0.332620,0.322052,0.335533,0.158650,0.603640,0.530463,0.496812
0.348986,0.330808,0.317278,0.140628,0.695271,0.515603,0.461704
0.369356,0.355173,0.324261,0.116878,0.712426,0.555325,0.487462
0.338022,0.341173,0.302244,0.254458,0.649523,0.580893,0.507046
0.336868,0.335916,0.300541,0.238009,0.694130,0.570092,0.504773
0.430913,0.368646,0.327424,0.172523,0.789270,0.645662,0.586003
0.354485,0.318388,0.268087,0.151566,0.799133,0.608610,0.566094
0.413100,0.359793,0.326917,0.135538,0.838411,0.632070,0.599476
0.407686,0.358755,0.312330,0.133686,0.827651,0.641065,0.584812
0.406420,0.369774,0.307034,0.132316,0.829096,0.620697,0.586903
0.418377,0.358288,0.337959,0.120211,0.804667,0.597568,0.536950
0.408178,0.361603,0.331966,0.115855,0.800394,0.606861,0.533024
0.404640,0.353866,0.313221,0.148997,0.763544,0.601852,0.559122
0.357058,0.329142,0.282434,0.146996,0.771760,0.629771,0.561924
0.400493,0.352516,0.319856,0.155852,0.782242,0.602476,0.605792
0.401564,0.351914,0.332593,0.134406,0.736188,0.555644,0.548191
0.390639,0.340097,0.332862,0.147911,0.715130,0.534935,0.537123
0.408135,0.346401,0.319736,0.134444,0.740411,0.572564,0.537258
0.389738,0.351266,0.335968,0.151716,0.679853,0.524109,0.542040
0.407093,0.352436,0.314280,0.149900,0.749341,0.601480,0.556119
0.314919,0.362752,0.308840,0.317091,0.466896,0.338089,0.543087
0.343154,0.359051,0.321771,0.238428,0.604277,0.460074,0.579676
0.318949,0.365832,0.301553,0.324814,0.465692,0.341762,0.540183
0.341055,0.358275,0.315165,0.251341,0.598306,0.451819,0.575066
0.417625,0.374442,0.350033,0.129960,0.837403,0.624435,0.583549
0.419318,0.381227,0.346380,0.132084,0.787497,0.609489,0.532892
0.451174,0.377227,0.315586,0.149510,0.804771,0.624594,0.608583
0.365726,0.342666,0.286972,0.165922,0.727949,0.622966,0.519809
0.356925,0.332177,0.312538,0.126335,0.689035,0.549025,0.497559
0.419876,0.370456,0.324090,0.130709,0.820905,0.647728,0.578179
0.411626,0.378597,0.316699,0.128538,0.818205,0.643936,0.575558
0.353735,0.364103,0.301872,0.242384,0.496440,0.488321,0.527680
0.372292,0.369769,0.315723,0.222995,0.656488,0.518893,0.566746
0.355209,0.364862,0.293179,0.248873,0.490845,0.481517,0.531728
0.370675,0.368213,0.309598,0.233519,0.632698,0.515575,0.560550
0.347259,0.347242,0.277736,0.124042,0.763979,0.544685,0.607766
0.344147,0.344866,0.282205,0.135567,0.745535,0.509222,0.621233
0.386858,0.339550,0.310417,0.199710,0.756050,0.609482,0.598695
0.404720,0.329956,0.322431,0.164632,0.685307,0.603994,0.595132
0.370970,0.342847,0.315743,0.160064,0.690893,0.579632,0.511400
0.370970,0.342847,0.315743,0.160064,0.690893,0.579632,0.511400
0.451410,0.395801,0.331713,0.138427,0.847248,0.634556,0.622069
0.421977,0.372065,0.328403,0.155250,0.755181,0.649740,0.498892
0.350616,0.310150,0.307440,0.211954,0.709148,0.523757,0.513971
0.350616,0.310150,0.307440,0.211954,0.709148,0.523757,0.513971
0.358097,0.307123,0.318551,0.242396,0.705022,0.468489,0.518783
0.358097,0.307123,0.318551,0.242396,0.705022,0.468489,0.518783
0.349425,0.315116,0.307326,0.190754,0.702583,0.534686,0.523197
0.349425,0.315116,0.307326,0.190754,0.702583,0.534686,0.523197
0.341115,0.312703,0.309760,0.158962,0.753110,0.571554,0.541788
0.341115,0.312703,0.309760,0.158962,0.753110,0.571554,0.541788
0.354471,0.324123,0.313265,0.192990,0.661203,0.583205,0.573706
0.389905,0.350984,0.362175,0.175892,0.716713,0.577934,0.516566
0.389905,0.350984,0.362175,0.175892,0.716713,0.577934,0.516566
0.409720,0.376419,0.320002,0.133844,0.862820,0.560776,0.593822
0.269519,0.314193,0.277253,0.250723,0.561177,0.475634,0.528656
0.384129,0.371236,0.287076,0.147582,0.810695,0.508093,0.539424
0.375327,0.347636,0.343659,0.147359,0.769948,0.588072,0.600551
0.359962,0.342761,0.321011,0.181562,0.754933,0.576680,0.547253
0.359962,0.342761,0.321011,0.181562,0.754933,0.576680,0.547253
0.362062,0.345031,0.323573,0.177784,0.764811,0.567966,0.548268
0.362062,0.345031,0.323573,0.177784,0.764811,0.567966,0.548268
0.324805,0.288518,0.287591,0.232405,0.686858,0.523113,0.501031
0.408538,0.417993,0.328558,0.188210,0.793083,0.483971,0.595694
0.330609,0.295406,0.316624,0.211428,0.748000,0.514369,0.558970
0.444535,0.377917,0.342388,0.128914,0.865032,0.635666,0.621338
0.334455,0.294091,0.320184,0.201814,0.756255,0.520231,0.560596
0.365743,0.312617,0.322811,0.192028,0.794409,0.548791,0.535388
0.365743,0.312617,0.322811,0.192028,0.794409,0.548791,0.535388
0.419243,0.372863,0.321099,0.137074,0.838229,0.610702,0.626866
0.356537,0.336857,0.321554,0.105900,0.725625,0.536099,0.515848
0.346455,0.343231,0.313460,0.200164,0.665518,0.552125,0.583892
0.386965,0.322103,0.326146,0.173723,0.724967,0.588275,0.599619
0.353858,0.336557,0.318623,0.171507,0.789127,0.658401,0.544551
0.353858,0.336557,0.318623,0.171507,0.789127,0.658401,0.544551
0.365116,0.314920,0.298745,0.189229,0.787568,0.617474,0.594181
0.365116,0.314920,0.298745,0.189229,0.787568,0.617474,0.594181
0.342302,0.322471,0.331531,0.131776,0.788071,0.530946,0.615293
0.413970,0.365559,0.329249,0.157310,0.783688,0.542904,0.631208
0.397667,0.361117,0.335339,0.153826,0.745941,0.569265,0.625861
0.337915,0.319458,0.265198,0.231254,0.748551,0.547599,0.597840
0.346170,0.327818,0.267110,0.255944,0.770011,0.563127,0.563202
0.329828,0.317954,0.270308,0.236860,0.745618,0.523656,0.599956
0.348128,0.327813,0.313883,0.126770,0.775514,0.522458,0.586091
0.348275,0.333185,0.319379,0.119261,0.783297,0.525261,0.591809
0.348757,0.329320,0.280022,0.197320,0.786854,0.546703,0.560407
0.348570,0.329683,0.280451,0.196895,0.786871,0.543523,0.560602
0.347172,0.328715,0.280630,0.198179,0.787175,0.544241,0.560711
0.346345,0.325097,0.269308,0.195382,0.809103,0.546037,0.604155
0.346137,0.328279,0.281068,0.199075,0.788208,0.545432,0.560227
0.345511,0.328552,0.281219,0.198266,0.787471,0.549319,0.559995
0.345118,0.326239,0.281219,0.199067,0.788110,0.552660,0.558639
0.344482,0.327134,0.269391,0.199764,0.812539,0.551585,0.601051
0.344638,0.325284,0.281285,0.199883,0.786899,0.555101,0.557781
0.344584,0.324570,0.281330,0.202794,0.786276,0.555803,0.556456
0.344008,0.325904,0.270171,0.205007,0.808491,0.565881,0.601092
0.345719,0.317564,0.316015,0.117031,0.772668,0.544754,0.586496
0.343687,0.315839,0.315443,0.120531,0.772281,0.540874,0.583357
0.346034,0.316059,0.313722,0.125242,0.765887,0.532031,0.578637
0.353321,0.314142,0.314300,0.125920,0.755560,0.535269,0.577903
0.353283,0.324529,0.265666,0.263838,0.716884,0.521694,0.588987
0.342494,0.308596,0.318034,0.135486,0.753500,0.519962,0.583782
0.341485,0.320938,0.317045,0.144545,0.783520,0.541117,0.611782
0.344531,0.325006,0.264964,0.199534,0.824471,0.571677,0.586076
0.351504,0.329803,0.273554,0.200270,0.773852,0.559052,0.551171
0.350022,0.327451,0.275023,0.199741,0.773815,0.560615,0.551471
0.349593,0.326861,0.275530,0.199333,0.773074,0.557262,0.551015
0.348928,0.326226,0.275218,0.199240,0.772457,0.555880,0.550105
0.327122,0.337743,0.311636,0.197299,0.664425,0.507461,0.533550
0.327122,0.337743,0.311636,0.197299,0.664425,0.507461,0.533550
0.400723,0.386191,0.336195,0.140868,0.821937,0.637730,0.580993
0.378772,0.355352,0.335805,0.180530,0.757609,0.555681,0.559687
0.378772,0.355352,0.335805,0.180530,0.757609,0.555681,0.559687
0.359486,0.339123,0.264715,0.145340,0.822384,0.553225,0.630686
0.373083,0.329105,0.329310,0.182467,0.783124,0.574148,0.550337
0.373083,0.329105,0.329310,0.182467,0.783124,0.574148,0.550337
0.362908,0.342415,0.262889,0.151366,0.813452,0.579905,0.637488
0.357810,0.342326,0.343140,0.191773,0.709877,0.555576,0.542913
0.357810,0.342326,0.343140,0.191773,0.709877,0.555576,0.542913
0.369554,0.365677,0.332570,0.207124,0.709108,0.559644,0.567193
0.369554,0.365677,0.332570,0.207124,0.709108,0.559644,0.567193
0.391959,0.357691,0.328487,0.148768,0.804752,0.559921,0.612611
0.359157,0.333124,0.266997,0.181874,0.803784,0.522096,0.596023
0.327756,0.288272,0.312991,0.194818,0.737801,0.522615,0.522022
0.357219,0.344496,0.265233,0.164555,0.803663,0.577596,0.621085
0.372351,0.329789,0.272361,0.166278,0.826597,0.598473,0.593787
0.358561,0.335889,0.266056,0.156187,0.809092,0.576730,0.632792
0.350523,0.324390,0.272236,0.166159,0.805863,0.567069,0.613655
0.364119,0.335433,0.284309,0.244502,0.763829,0.511396,0.539033
0.367186,0.335676,0.260868,0.238592,0.780642,0.560088,0.573541
0.357392,0.335593,0.267090,0.144469,0.823158,0.561106,0.621019
0.366233,0.337294,0.262736,0.232032,0.799137,0.562567,0.569323
0.357429,0.334475,0.267546,0.142328,0.826590,0.557736,0.623307
0.357852,0.337636,0.267635,0.139242,0.830207,0.548307,0.627572
0.363586,0.319422,0.263956,0.231261,0.759945,0.529212,0.586091
0.371624,0.338823,0.262426,0.214849,0.811925,0.574902,0.573801
0.348727,0.408086,0.278014,0.118620,0.786344,0.455972,0.575684
0.348727,0.408086,0.278014,0.118620,0.786344,0.455972,0.575684
0.348727,0.408086,0.278014,0.118620,0.786344,0.455972,0.575684
0.303122,0.330053,0.269316,0.206721,0.665164,0.501961,0.552272
0.303122,0.330053,0.269316,0.206721,0.665164,0.501961,0.552272
0.303122,0.330053,0.269316,0.206721,0.665164,0.501961,0.552272
0.348075,0.365567,0.280723,0.190679,0.783356,0.502723,0.604375
0.321727,0.299390,0.298579,0.168213,0.754224,0.554719,0.518730
0.343282,0.324945,0.266425,0.160199,0.817473,0.538496,0.613261
0.347627,0.365316,0.279235,0.161189,0.804130,0.508646,0.610206
0.404825,0.375380,0.336467,0.129873,0.837234,0.586804,0.623263
0.349368,0.365546,0.284227,0.175628,0.799229,0.494535,0.609366
0.347207,0.364136,0.281707,0.182595,0.794544,0.495314,0.605239
0.345109,0.364158,0.280951,0.199508,0.776156,0.496331,0.603565
0.323251,0.297182,0.299558,0.176728,0.733401,0.561769,0.520281
0.356164,0.328106,0.266786,0.154775,0.827392,0.548575,0.619510
0.321777,0.291761,0.306260,0.175764,0.750180,0.492370,0.509774
0.413588,0.378862,0.337392,0.132489,0.871193,0.616521,0.611521
0.342714,0.323631,0.264408,0.166152,0.801690,0.539822,0.606685
0.402332,0.355994,0.328778,0.151917,0.822003,0.578855,0.614242
0.405003,0.355314,0.333596,0.157479,0.814702,0.569208,0.615236
0.339845,0.323224,0.265206,0.174400,0.798249,0.531983,0.612755
0.402314,0.355204,0.329515,0.154432,0.813375,0.574112,0.612589
0.349201,0.315299,0.303355,0.158115,0.715501,0.560545,0.608698
0.416412,0.362241,0.336606,0.140394,0.845615,0.621804,0.607351
0.322556,0.291659,0.307519,0.177880,0.727433,0.500795,0.509080
0.418837,0.370929,0.342234,0.132633,0.872369,0.613379,0.603152
0.431814,0.423675,0.346017,0.136745,0.837875,0.589134,0.589075
0.312369,0.293846,0.291722,0.222129,0.715214,0.509794,0.480130
0.394635,0.344362,0.348257,0.158786,0.819953,0.587348,0.594946
0.365568,0.344432,0.263404,0.153665,0.823869,0.562456,0.611299
0.350380,0.353457,0.303436,0.138272,0.767856,0.547455,0.590745
0.418440,0.377252,0.342795,0.151686,0.827096,0.583859,0.614047
0.399741,0.332702,0.343099,0.161417,0.837098,0.609550,0.630055
0.397948,0.358594,0.335660,0.145275,0.825786,0.576968,0.622886
0.355808,0.354905,0.279392,0.216828,0.681652,0.451981,0.546471
0.425295,0.368917,0.321474,0.150289,0.815781,0.612646,0.588895
0.412752,0.348615,0.336183,0.158578,0.816302,0.614596,0.605559
0.413580,0.381209,0.341955,0.152122,0.822734,0.579748,0.613969
0.419588,0.374344,0.343018,0.137127,0.868466,0.618190,0.607763
0.434615,0.385447,0.327914,0.133750,0.868012,0.613306,0.594738
0.428186,0.379077,0.327868,0.141811,0.864706,0.615016,0.604945
0.398768,0.380766,0.306730,0.112499,0.834998,0.592899,0.622238
0.413758,0.363825,0.322081,0.166642,0.807724,0.572892,0.605572
0.323868,0.295315,0.287896,0.207555,0.728317,0.536804,0.511584
0.343973,0.332374,0.263279,0.187846,0.759469,0.553270,0.590345
0.312250,0.292677,0.292495,0.234000,0.708793,0.568163,0.490648
0.304084,0.293615,0.289895,0.263287,0.650499,0.530218,0.478779
0.324771,0.302739,0.286387,0.212489,0.699113,0.548521,0.504017
0.339844,0.308012,0.283525,0.208616,0.711958,0.537023,0.542023
0.306770,0.293722,0.283253,0.260833,0.631131,0.491082,0.471808
0.343769,0.302100,0.291417,0.194121,0.732480,0.548879,0.525663
0.331398,0.296678,0.292295,0.190460,0.725385,0.537168,0.530098
0.353761,0.334416,0.269670,0.156862,0.809706,0.555754,0.607551
0.319177,0.306877,0.292995,0.200307,0.742041,0.567252,0.524447
0.351779,0.334125,0.261072,0.152732,0.832516,0.561043,0.622612
0.316107,0.295654,0.293683,0.213743,0.755998,0.611155,0.511423
0.325868,0.293299,0.294444,0.201166,0.754003,0.592018,0.510640
0.316681,0.290156,0.295624,0.221946,0.737264,0.585285,0.499281
0.320385,0.292608,0.288146,0.246481,0.708456,0.565095,0.497512
0.296291,0.289231,0.292605,0.237280,0.708974,0.555899,0.496816
0.306715,0.283699,0.292134,0.244155,0.688426,0.546907,0.504812
0.298317,0.288439,0.282232,0.246405,0.702680,0.525878,0.483764
0.304024,0.288457,0.291786,0.252962,0.681267,0.556608,0.484271
0.323506,0.282645,0.307287,0.205793,0.712679,0.544283,0.507170
0.348842,0.361664,0.286127,0.129257,0.802676,0.545518,0.591639
0.317272,0.291978,0.294064,0.210614,0.703914,0.533792,0.508524
0.349121,0.331611,0.326084,0.144203,0.763567,0.565998,0.593435
0.351927,0.338880,0.260854,0.173239,0.835170,0.560017,0.640270
0.391426,0.362760,0.328043,0.116034,0.720848,0.553457,0.547937
0.319193,0.293469,0.290642,0.209500,0.720953,0.542393,0.488397
0.316734,0.288845,0.298134,0.222114,0.736983,0.577804,0.501271
0.304141,0.287059,0.294172,0.253437,0.680237,0.548931,0.484931
0.311470,0.291780,0.293703,0.224524,0.728554,0.588588,0.521814
0.310321,0.293993,0.309238,0.195804,0.726256,0.509813,0.533012
0.306001,0.292453,0.306775,0.198393,0.720453,0.507730,0.529345
0.348031,0.341338,0.323440,0.184759,0.719382,0.573778,0.571693
0.345520,0.380356,0.287949,0.125748,0.813753,0.605126,0.633097
0.348040,0.345340,0.318181,0.151687,0.724895,0.563687,0.585890
0.350612,0.345321,0.326790,0.123628,0.693468,0.540174,0.526935
0.316450,0.290697,0.295638,0.204838,0.713814,0.569831,0.494245
0.342898,0.340610,0.317761,0.134786,0.660725,0.496360,0.537881
0.361119,0.342534,0.310678,0.164122,0.773818,0.573391,0.618451
0.345921,0.322751,0.305477,0.145446,0.703535,0.496657,0.517590
0.400562,0.354370,0.337035,0.154802,0.820618,0.600350,0.606820
0.405455,0.364961,0.322173,0.178758,0.757824,0.594348,0.591421
0.367105,0.330628,0.292045,0.188695,0.724279,0.540200,0.558617
0.346983,0.316049,0.293900,0.181619,0.795436,0.547263,0.562474
0.316313,0.326613,0.300786,0.180856,0.606240,0.467361,0.491442
0.428613,0.368862,0.336869,0.144339,0.840280,0.672666,0.581856
0.356993,0.341965,0.327900,0.120895,0.723192,0.578650,0.502752
0.422177,0.343008,0.327912,0.150991,0.817776,0.662583,0.599681
0.350137,0.324547,0.331298,0.119874,0.739750,0.599176,0.523008
0.366325,0.333823,0.300866,0.163119,0.790262,0.572545,0.554108
0.391764,0.349364,0.328012,0.179182,0.839251,0.601777,0.615119
0.352869,0.341032,0.333473,0.132685,0.763935,0.569549,0.533956
0.363944,0.342896,0.275959,0.163737,0.824947,0.567027,0.604590
0.424738,0.382856,0.311682,0.135352,0.802584,0.601272,0.521093
0.356146,0.335261,0.263768,0.155996,0.817421,0.559864,0.613532
0.405203,0.362425,0.328741,0.136741,0.825309,0.588641,0.623413
0.414039,0.360215,0.310904,0.163013,0.813501,0.580829,0.574200
0.346326,0.372528,0.277623,0.182357,0.795128,0.503098,0.608593
0.410718,0.362271,0.326709,0.147301,0.818074,0.600355,0.612178
0.490714,0.508429,0.382158,0.154519,0.887236,0.535002,0.607109
0.345897,0.335549,0.301559,0.164289,0.689460,0.508873,0.497093
0.350613,0.327125,0.299110,0.127072,0.732090,0.510441,0.521936
0.369138,0.334733,0.295616,0.153780,0.822631,0.632985,0.587648
0.359747,0.332426,0.294493,0.145365,0.802956,0.619602,0.579988
0.355462,0.335412,0.292031,0.160565,0.764533,0.597563,0.552069
0.347162,0.320464,0.311957,0.126690,0.680886,0.487659,0.516559
0.340575,0.326716,0.264168,0.170875,0.796814,0.538787,0.609546
0.401730,0.360674,0.325770,0.142979,0.821007,0.598618,0.619390
0.401236,0.358711,0.325914,0.144694,0.817623,0.605485,0.618755
0.409781,0.350738,0.316834,0.144965,0.826534,0.629815,0.605404
0.395491,0.367246,0.319979,0.147181,0.822376,0.596757,0.630774
0.410843,0.361472,0.327545,0.149585,0.810818,0.599454,0.610517
0.416742,0.353276,0.317927,0.149407,0.820019,0.623342,0.597819
0.433633,0.366576,0.335382,0.134662,0.842886,0.647559,0.592421
0.410795,0.348762,0.317510,0.149023,0.834000,0.641084,0.547805
0.358541,0.327289,0.303945,0.145256,0.785739,0.641281,0.574508
0.376039,0.319399,0.284844,0.165830,0.802951,0.631891,0.581715
0.419400,0.360526,0.324045,0.133669,0.835064,0.658899,0.572142
0.405562,0.353856,0.323655,0.145488,0.818416,0.626122,0.611160
0.417419,0.377815,0.314997,0.126554,0.836965,0.625594,0.583847
0.433214,0.369430,0.338389,0.116870,0.811357,0.617172,0.530714
0.417092,0.371680,0.331981,0.109933,0.809636,0.624753,0.537438
0.348879,0.320729,0.315711,0.100697,0.802138,0.591291,0.614556
0.406957,0.358799,0.317367,0.144156,0.777426,0.598863,0.561533
0.490503,0.507217,0.384732,0.158293,0.882869,0.545364,0.609833
0.402282,0.348180,0.333601,0.174071,0.723039,0.589428,0.558642
0.312622,0.295164,0.295644,0.192763,0.727973,0.556598,0.519150
0.298402,0.295394,0.290689,0.221725,0.679891,0.549039,0.506544
0.341071,0.314849,0.314524,0.124107,0.638549,0.512709,0.520759
0.414805,0.359083,0.314396,0.168632,0.761126,0.580158,0.562089
0.346486,0.329799,0.263295,0.176762,0.789228,0.531653,0.607134
0.412943,0.362688,0.326540,0.145231,0.826912,0.567095,0.607436
0.346192,0.326083,0.304248,0.181641,0.713675,0.565993,0.590582
0.418868,0.354215,0.317567,0.147809,0.827034,0.626812,0.598374
0.399028,0.345725,0.323337,0.195695,0.724834,0.589241,0.612587
0.408024,0.362483,0.331279,0.128979,0.776057,0.555763,0.546819
0.405348,0.351624,0.323451,0.147170,0.793310,0.555442,0.573863
0.395133,0.364321,0.323139,0.143715,0.772493,0.523035,0.562028
0.384923,0.377087,0.323328,0.168009,0.781270,0.542330,0.603089
0.433165,0.430300,0.317685,0.139950,0.829910,0.573244,0.612244
0.407639,0.425522,0.311672,0.139845,0.818855,0.517358,0.621747
0.362877,0.337643,0.297287,0.175118,0.790990,0.590288,0.608077
0.364547,0.337588,0.300871,0.158518,0.780703,0.597160,0.612306
0.402328,0.343561,0.322323,0.163435,0.808497,0.573810,0.594181
0.416230,0.367067,0.309535,0.162299,0.734124,0.597701,0.598144
0.412020,0.352568,0.321519,0.154126,0.772202,0.588950,0.605538
0.417395,0.348951,0.321048,0.127925,0.778232,0.586132,0.535541
0.399611,0.346561,0.310640,0.152395,0.725596,0.585902,0.573356
0.394492,0.355883,0.332273,0.143415,0.703285,0.544575,0.536847
0.405063,0.369756,0.321123,0.151873,0.815003,0.594189,0.622230
0.395636,0.357165,0.322572,0.145183,0.790407,0.563846,0.605467
0.408305,0.357193,0.326863,0.151581,0.804641,0.601125,0.609573
0.463604,0.469450,0.352488,0.173853,0.868588,0.495739,0.602283
0.326606,0.291585,0.310088,0.213531,0.686687,0.498246,0.526801
0.435718,0.393147,0.313621,0.133671,0.840828,0.660803,0.576916
0.364761,0.338490,0.325223,0.112317,0.720996,0.537428,0.513316
0.367363,0.350677,0.317774,0.140747,0.641849,0.479085,0.525132
0.318036,0.290045,0.290043,0.205394,0.726525,0.565547,0.531688
0.336041,0.371969,0.275500,0.127153,0.815058,0.601696,0.614565
0.346584,0.368948,0.289529,0.115499,0.809903,0.606895,0.596917
0.347898,0.357943,0.296212,0.127467,0.816730,0.585327,0.603680
0.353310,0.398679,0.314031,0.131351,0.813308,0.571487,0.621902
0.308066,0.293565,0.290299,0.208398,0.732993,0.548246,0.521325
0.367602,0.361216,0.310930,0.192879,0.660782,0.531718,0.581092
0.356002,0.342757,0.319749,0.136932,0.662833,0.552605,0.540955
0.294137,0.293706,0.286151,0.238139,0.682908,0.537360,0.513688
0.363993,0.328317,0.306864,0.118227,0.761887,0.538031,0.520422
0.349380,0.317320,0.305406,0.136068,0.735178,0.503107,0.512170
0.338573,0.305673,0.310822,0.150525,0.660011,0.541891,0.503243
0.358473,0.342029,0.300436,0.130802,0.802825,0.575596,0.600072
0.426357,0.365330,0.319826,0.175812,0.765834,0.605000,0.592000
0.335641,0.337853,0.295682,0.167155,0.735842,0.553348,0.604962
0.352825,0.329821,0.263216,0.164259,0.800137,0.543214,0.616425
0.399553,0.358601,0.318833,0.146285,0.814245,0.579805,0.616363
0.392660,0.350528,0.329441,0.137909,0.793872,0.579172,0.605146
0.403993,0.352104,0.330492,0.166317,0.748092,0.584398,0.607235
0.406193,0.356417,0.328279,0.154225,0.780714,0.601720,0.606855
0.350896,0.327684,0.315091,0.117016,0.826579,0.648654,0.627518
0.341743,0.328826,0.261702,0.275748,0.703769,0.502525,0.575680
0.353357,0.372725,0.311704,0.243537,0.519784,0.462118,0.566636
0.345511,0.348868,0.309400,0.224862,0.745065,0.428635,0.563920
0.343573,0.368573,0.279418,0.197684,0.773820,0.500381,0.606212
0.397334,0.351077,0.323148,0.155679,0.798728,0.581414,0.616049
0.398593,0.350574,0.311732,0.180703,0.733991,0.534286,0.602539
0.402073,0.352201,0.326380,0.162671,0.745697,0.589941,0.604360
0.417902,0.407644,0.332857,0.184010,0.838311,0.477839,0.599760
0.359008,0.365647,0.320399,0.223928,0.700330,0.485772,0.594903
0.351198,0.372750,0.299278,0.251509,0.515813,0.456494,0.563765
0.337776,0.347615,0.300251,0.234430,0.735494,0.424481,0.561819
0.342231,0.367898,0.275866,0.204171,0.762379,0.499282,0.603901
0.335775,0.368088,0.279309,0.215034,0.724689,0.486702,0.605248
0.401267,0.372232,0.322483,0.194663,0.801492,0.476806,0.597848
0.321402,0.362971,0.277793,0.235213,0.716984,0.461457,0.603071
0.326569,0.360739,0.280759,0.249528,0.725976,0.471324,0.593152
0.357401,0.362638,0.313339,0.230606,0.684577,0.470828,0.588212
0.335689,0.353078,0.274204,0.226151,0.743133,0.508557,0.582080
0.297054,0.288493,0.298925,0.243309,0.658804,0.468007,0.531760
0.376878,0.353551,0.308565,0.195488,0.711982,0.514601,0.602567
0.299664,0.289277,0.301071,0.240168,0.665260,0.469024,0.531493
0.383547,0.354118,0.314207,0.189513,0.719049,0.516010,0.605462
0.340298,0.346172,0.288771,0.166913,0.664695,0.511457,0.576455
0.303646,0.289472,0.303926,0.234035,0.672965,0.469145,0.531622
0.390493,0.379982,0.320035,0.206237,0.775870,0.476951,0.592015
0.328464,0.325808,0.269297,0.206183,0.659967,0.515220,0.560442
0.383597,0.355319,0.304934,0.176363,0.706146,0.547763,0.568842
0.345232,0.348354,0.297902,0.158851,0.675964,0.519682,0.582527
0.305378,0.288041,0.304581,0.233514,0.675422,0.478913,0.528535
0.355245,0.320590,0.270698,0.199271,0.676336,0.538440,0.579269
0.388208,0.353336,0.322731,0.158026,0.707920,0.526448,0.603311
0.405105,0.348676,0.312770,0.169454,0.746072,0.585451,0.603368
0.371775,0.375443,0.320058,0.189467,0.698211,0.505053,0.606959
0.361803,0.367098,0.303988,0.146943,0.705459,0.534970,0.583073
0.309209,0.286821,0.305911,0.228133,0.677969,0.503388,0.528265
0.352952,0.320956,0.272823,0.188573,0.715501,0.542889,0.581828
0.401113,0.360536,0.328071,0.162130,0.750349,0.595028,0.615885
0.452916,0.481166,0.354696,0.180948,0.843111,0.516695,0.601534
0.407993,0.365411,0.313188,0.152838,0.832551,0.614984,0.618359
0.371232,0.344190,0.316741,0.114463,0.810037,0.584499,0.642032
0.402604,0.358340,0.322021,0.165698,0.758117,0.563631,0.613377
0.336880,0.326984,0.304640,0.163132,0.765162,0.541024,0.589971
0.375647,0.348068,0.318490,0.112309,0.773304,0.544064,0.531510
0.315477,0.286868,0.304511,0.219045,0.689950,0.502065,0.512717
0.412743,0.386171,0.330021,0.149033,0.788114,0.603614,0.586350
0.420596,0.375254,0.332491,0.154123,0.857401,0.614973,0.622331
0.355157,0.324823,0.295441,0.195525,0.790624,0.546980,0.588280
0.367105,0.330628,0.292045,0.188695,0.724279,0.540200,0.558617
0.316313,0.326613,0.300786,0.180856,0.606240,0.467361,0.491442
0.432399,0.389799,0.332616,0.130267,0.826636,0.628677,0.580981
0.386083,0.348566,0.328131,0.105787,0.736674,0.579805,0.509446
0.409860,0.360880,0.327437,0.169627,0.763649,0.551013,0.636945
0.386083,0.348566,0.328131,0.105787,0.736674,0.579805,0.509446
0.333450,0.301526,0.295402,0.196380,0.740796,0.524642,0.526167
0.334574,0.297301,0.292496,0.202448,0.730246,0.527594,0.522429
0.336199,0.297683,0.292929,0.207249,0.700916,0.519700,0.480068
0.456224,0.392704,0.317244,0.160352,0.829840,0.630902,0.584916
0.458759,0.393014,0.343883,0.134174,0.855186,0.639339,0.611884
0.397759,0.377536,0.320690,0.116735,0.846376,0.579210,0.643188
0.460455,0.392903,0.345932,0.131660,0.848139,0.650412,0.614348
0.376194,0.356677,0.344289,0.108761,0.806284,0.543827,0.558464
0.362924,0.327072,0.334643,0.155876,0.719064,0.553922,0.497277
0.380703,0.371139,0.304207,0.105596,0.802693,0.622698,0.610147
0.418256,0.363075,0.348048,0.163185,0.836660,0.611564,0.638314
0.353346,0.315009,0.316894,0.198951,0.743568,0.542294,0.549614
0.353346,0.315009,0.316894,0.198951,0.743568,0.542294,0.549614
0.394564,0.361484,0.333005,0.150155,0.825496,0.610196,0.626557
0.359056,0.345138,0.321557,0.189359,0.719311,0.570657,0.547057
0.359056,0.345138,0.321557,0.189359,0.719311,0.570657,0.547057
0.398416,0.358574,0.353590,0.142692,0.847309,0.675227,0.589846
0.400243,0.359531,0.353207,0.143638,0.844957,0.679728,0.591011
0.416321,0.361586,0.334408,0.150194,0.842019,0.619549,0.557085
0.427372,0.384786,0.339922,0.121310,0.845513,0.664173,0.568100
0.419076,0.383992,0.340206,0.130441,0.839615,0.641899,0.567968
0.436320,0.390263,0.340334,0.127773,0.843942,0.653547,0.564912
0.430973,0.387826,0.340719,0.136247,0.838186,0.637267,0.563265
0.405018,0.352280,0.340794,0.145233,0.833703,0.637067,0.602326
0.415124,0.355280,0.339755,0.149589,0.831128,0.629112,0.597250
0.408310,0.363825,0.335657,0.150095,0.827617,0.635222,0.596966
0.431536,0.386098,0.338413,0.134920,0.841859,0.652866,0.576006
0.460009,0.436653,0.354446,0.134415,0.865838,0.636497,0.629968
0.430599,0.362799,0.329913,0.162399,0.832367,0.606218,0.597836
0.442813,0.392780,0.357312,0.132525,0.851765,0.634341,0.585998
0.417298,0.366059,0.352721,0.145289,0.847426,0.624535,0.606814
0.299417,0.340465,0.303772,0.231672,0.671521,0.470751,0.518455
0.299417,0.340465,0.303772,0.231672,0.671521,0.470751,0.518455
0.397579,0.392737,0.296985,0.133704,0.860722,0.684745,0.611382
0.347065,0.306022,0.297508,0.203796,0.769852,0.660592,0.505216
0.415932,0.380507,0.341658,0.146375,0.841664,0.581156,0.632838
0.418336,0.384297,0.341763,0.153016,0.801662,0.573102,0.640648
0.447414,0.420444,0.359318,0.130117,0.861021,0.641190,0.651163
0.509426,0.443313,0.344716,0.121989,0.880403,0.663613,0.609214
0.451336,0.373522,0.329691,0.152040,0.880045,0.640911,0.630783
0.463021,0.389232,0.338939,0.139904,0.878910,0.656626,0.639006
0.457972,0.386086,0.343768,0.139601,0.871349,0.653993,0.631449
0.431522,0.370483,0.360634,0.132244,0.851356,0.648576,0.575651
0.426306,0.369439,0.378988,0.113528,0.852762,0.662218,0.560273
0.423635,0.348551,0.349221,0.136201,0.820653,0.637317,0.636863
0.429373,0.358363,0.354921,0.136765,0.836774,0.653790,0.631970
0.457845,0.394302,0.360817,0.125689,0.839945,0.661142,0.616699
0.432310,0.356665,0.354762,0.140942,0.832637,0.648897,0.630395
0.423942,0.346874,0.355303,0.149463,0.819480,0.632082,0.630990
0.433173,0.357131,0.358079,0.143382,0.833107,0.644909,0.631817
0.463162,0.397254,0.361463,0.131696,0.837388,0.663866,0.611718
0.420111,0.343674,0.357982,0.135923,0.786086,0.632587,0.576875
0.392608,0.323697,0.313600,0.143095,0.797906,0.627999,0.612545
0.418039,0.343520,0.340338,0.151543,0.804684,0.607278,0.629972
0.417130,0.346868,0.328283,0.157844,0.826892,0.621921,0.633203
0.414944,0.340965,0.346508,0.155422,0.796464,0.597698,0.631554
0.385256,0.322621,0.301602,0.161040,0.767201,0.582521,0.603883
0.412687,0.349450,0.336815,0.169471,0.753937,0.586500,0.628726
0.389468,0.354089,0.317504,0.153860,0.745426,0.550495,0.617017
0.333769,0.295598,0.318516,0.208386,0.750567,0.511179,0.558039
0.415034,0.350473,0.341511,0.162714,0.776457,0.594301,0.631357
0.391821,0.358477,0.323365,0.144857,0.763465,0.559653,0.622539
0.417029,0.349086,0.346055,0.156523,0.796221,0.616101,0.632411
0.396638,0.360977,0.326820,0.137550,0.782904,0.583069,0.623459
0.406878,0.352856,0.346957,0.138886,0.837255,0.602293,0.630188
0.414565,0.392512,0.336411,0.130380,0.808231,0.596707,0.626261
0.342239,0.297609,0.323211,0.188709,0.785852,0.565194,0.558246
0.414227,0.366845,0.350381,0.133699,0.854240,0.617941,0.629025
0.429368,0.346754,0.358045,0.153677,0.817622,0.635196,0.629046
0.424672,0.345154,0.358219,0.153039,0.815553,0.626973,0.629147
0.462681,0.473273,0.367067,0.123523,0.818294,0.608034,0.615107
0.454002,0.391738,0.358513,0.138652,0.837228,0.652696,0.623240
0.452261,0.372314,0.340325,0.149686,0.845170,0.679230,0.598734
0.420908,0.352043,0.329361,0.178194,0.794887,0.641588,0.615048
0.313355,0.273727,0.257945,0.217253,0.608658,0.465741,0.502150
0.313355,0.273727,0.257945,0.217253,0.608658,0.465741,0.502150
0.396616,0.344459,0.324826,0.151283,0.763781,0.582815,0.591265
0.347065,0.306022,0.297508,0.203796,0.769852,0.660592,0.505216
0.369776,0.339647,0.275711,0.148661,0.766431,0.573927,0.560404
0.443528,0.403470,0.367247,0.122329,0.869885,0.617338,0.634710
0.246762,0.303233,0.267862,0.305708,0.509630,0.402934,0.542574
0.410718,0.362271,0.326709,0.147301,0.818074,0.600355,0.612178
0.433297,0.375833,0.325405,0.181395,0.760940,0.591082,0.535779
0.413714,0.364592,0.344951,0.167944,0.812356,0.589737,0.561613
0.361517,0.345226,0.260032,0.243453,0.753047,0.550586,0.566810
0.366233,0.337294,0.262736,0.232032,0.799137,0.562567,0.569323
0.410870,0.377040,0.317177,0.169467,0.754444,0.568479,0.545691
0.377360,0.344971,0.305532,0.219894,0.700573,0.483070,0.576261
0.406350,0.346853,0.294601,0.238221,0.753745,0.541080,0.600632
0.370665,0.347241,0.311579,0.160731,0.769511,0.550429,0.571553
0.370230,0.343411,0.315303,0.163320,0.729275,0.548878,0.568814
0.342158,0.330812,0.304978,0.171039,0.624907,0.497635,0.555961
0.379955,0.345881,0.304168,0.151537,0.784804,0.578857,0.555310
0.316465,0.301417,0.305972,0.203712,0.610658,0.527534,0.567824
0.366249,0.342866,0.320013,0.167024,0.713183,0.545327,0.559520
0.396751,0.353691,0.315396,0.146072,0.846380,0.606834,0.584638
0.410718,0.362271,0.326709,0.147301,0.818074,0.600355,0.612178
0.410843,0.361472,0.327545,0.149585,0.810818,0.599454,0.610517
0.416742,0.353276,0.317927,0.149407,0.820019,0.623342,0.597819
0.417804,0.359808,0.326827,0.167539,0.782949,0.587364,0.590886
0.316733,0.317681,0.287635,0.215903,0.663908,0.468529,0.586319
0.373564,0.349237,0.322263,0.177190,0.706492,0.516452,0.552202
0.396150,0.362408,0.321159,0.153967,0.772341,0.567753,0.505703
0.389964,0.354624,0.315121,0.154673,0.774125,0.551860,0.500205
0.388208,0.353336,0.322731,0.158026,0.707920,0.526448,0.603311
0.362382,0.345649,0.325610,0.189927,0.706673,0.495557,0.552353
0.421053,0.369021,0.312658,0.179499,0.784027,0.564452,0.526091
0.427959,0.375617,0.372591,0.116170,0.847267,0.640560,0.521501
0.427959,0.375617,0.372591,0.116170,0.847267,0.640560,0.521501
0.428381,0.369199,0.370025,0.129206,0.850558,0.664737,0.586309
0.414225,0.373495,0.298708,0.213847,0.734014,0.544263,0.595105
0.421242,0.352021,0.348051,0.150757,0.815894,0.632943,0.635440
0.467393,0.407321,0.335032,0.181242,0.845084,0.676116,0.604460
0.439070,0.379132,0.342761,0.117312,0.862568,0.599109,0.618889
0.355034,0.326095,0.268317,0.218882,0.756723,0.540311,0.550295
0.353105,0.327426,0.268780,0.214883,0.771097,0.548134,0.547668
0.324380,0.320650,0.297035,0.196270,0.735929,0.564098,0.527163
0.368885,0.334022,0.261860,0.241639,0.772327,0.558301,0.568729
0.366421,0.336311,0.261859,0.237799,0.787433,0.558386,0.571272
0.353312,0.326405,0.268602,0.218824,0.763747,0.543369,0.547006
0.304356,0.280908,0.308943,0.232060,0.684954,0.509387,0.530534
0.312689,0.312123,0.282246,0.205953,0.752646,0.619206,0.498635
0.440226,0.355991,0.351938,0.144520,0.827895,0.635589,0.604107
0.357823,0.328457,0.313581,0.117156,0.705263,0.526575,0.490743
0.435582,0.365258,0.327246,0.134523,0.702488,0.608959,0.499422
0.332378,0.311730,0.262307,0.195027,0.754216,0.547039,0.557732
0.357823,0.328457,0.313581,0.117156,0.705263,0.526575,0.490743
0.381804,0.335990,0.321704,0.196865,0.760089,0.583160,0.511468
0.381804,0.335990,0.321704,0.196865,0.760089,0.583160,0.511468
0.346365,0.307523,0.314623,0.124091,0.691712,0.516834,0.526215
0.324933,0.307367,0.291834,0.125833,0.615941,0.491213,0.476124
0.354961,0.330961,0.307836,0.111524,0.707624,0.535282,0.495490
0.345435,0.332144,0.334820,0.153067,0.761372,0.610634,0.585890
0.354471,0.324123,0.313265,0.192990,0.661203,0.583205,0.573706
0.337982,0.326073,0.311290,0.239466,0.745592,0.558007,0.581780
0.337982,0.326073,0.311290,0.239466,0.745592,0.558007,0.581780
0.390147,0.341925,0.309397,0.197366,0.798496,0.628199,0.537372
0.390147,0.341925,0.309397,0.197366,0.798496,0.628199,0.537372
0.378774,0.333356,0.337840,0.182677,0.696891,0.559962,0.498357
0.378774,0.333356,0.337840,0.182677,0.696891,0.559962,0.498357
0.358365,0.352250,0.328583,0.131818,0.719998,0.600024,0.515093
0.380681,0.335530,0.319438,0.143081,0.675125,0.538941,0.524895
0.407897,0.442488,0.326289,0.141544,0.758026,0.567427,0.538702
0.412968,0.357546,0.347156,0.167100,0.708875,0.572696,0.475941
0.412968,0.357546,0.347156,0.167100,0.708875,0.572696,0.475941
0.450876,0.377693,0.339221,0.131959,0.842567,0.643277,0.606753
0.427607,0.444229,0.360830,0.123616,0.847688,0.636834,0.578017
0.423915,0.378309,0.336623,0.127716,0.761572,0.585954,0.534731
0.355856,0.324082,0.291999,0.256863,0.680981,0.513687,0.507472
0.355856,0.324082,0.291999,0.256863,0.680981,0.513687,0.507472
0.390114,0.410036,0.365116,0.092911,0.808191,0.546732,0.528315
0.372990,0.344044,0.330845,0.123429,0.716104,0.570201,0.510862
0.385797,0.406243,0.367845,0.098397,0.788515,0.555689,0.499021
0.356494,0.339396,0.332951,0.155012,0.647413,0.589016,0.489075
0.408078,0.350714,0.342889,0.196980,0.723490,0.572893,0.593302
0.365369,0.339115,0.309203,0.128067,0.735785,0.571243,0.549666
0.361552,0.344931,0.313031,0.169048,0.721004,0.626211,0.527125
0.378500,0.325145,0.329835,0.140031,0.778704,0.521711,0.544161
0.320231,0.312803,0.327757,0.274292,0.654518,0.537970,0.508544
0.320231,0.312803,0.327757,0.274292,0.654518,0.537970,0.508544
0.343485,0.326375,0.326751,0.280273,0.660096,0.553059,0.513013
0.343485,0.326375,0.326751,0.280273,0.660096,0.553059,0.513013
0.361678,0.331937,0.317612,0.254983,0.727751,0.582780,0.525732
0.361678,0.331937,0.317612,0.254983,0.727751,0.582780,0.525732
0.349807,0.327228,0.306133,0.275497,0.644814,0.566132,0.522926
0.349807,0.327228,0.306133,0.275497,0.644814,0.566132,0.522926
0.346879,0.323204,0.305805,0.245951,0.714954,0.581844,0.517740
0.346879,0.323204,0.305805,0.245951,0.714954,0.581844,0.517740
0.353670,0.324011,0.311208,0.228105,0.770112,0.583030,0.514088
0.353670,0.324011,0.311208,0.228105,0.770112,0.583030,0.514088
0.340630,0.306729,0.284093,0.283651,0.686900,0.577333,0.530934
0.340630,0.306729,0.284093,0.283651,0.686900,0.577333,0.530934
0.330179,0.303948,0.291291,0.289566,0.653523,0.554254,0.538208
0.330179,0.303948,0.291291,0.289566,0.653523,0.554254,0.538208
0.360479,0.326954,0.307400,0.201728,0.793939,0.608723,0.512847
0.360479,0.326954,0.307400,0.201728,0.793939,0.608723,0.512847
0.352911,0.323924,0.310281,0.260667,0.713858,0.581995,0.512522
0.352911,0.323924,0.310281,0.260667,0.713858,0.581995,0.512522
0.352383,0.325599,0.306445,0.252701,0.763879,0.567489,0.534954
0.352383,0.325599,0.306445,0.252701,0.763879,0.567489,0.534954
0.348185,0.331681,0.307378,0.261760,0.749022,0.574616,0.523964
0.348185,0.331681,0.307378,0.261760,0.749022,0.574616,0.523964
0.353376,0.329700,0.304669,0.250311,0.791128,0.563516,0.533278
0.353376,0.329700,0.304669,0.250311,0.791128,0.563516,0.533278
0.374786,0.329187,0.327972,0.257701,0.763668,0.571888,0.517259
0.374786,0.329187,0.327972,0.257701,0.763668,0.571888,0.517259
0.360891,0.332169,0.310367,0.257723,0.695913,0.568956,0.519849
0.360891,0.332169,0.310367,0.257723,0.695913,0.568956,0.519849
0.354169,0.329488,0.317993,0.269033,0.693096,0.580322,0.506487
0.354169,0.329488,0.317993,0.269033,0.693096,0.580322,0.506487
0.360998,0.330367,0.314621,0.258094,0.746946,0.559724,0.510118
0.360998,0.330367,0.314621,0.258094,0.746946,0.559724,0.510118
0.352190,0.332897,0.299197,0.243033,0.733082,0.581399,0.537305
0.352190,0.332897,0.299197,0.243033,0.733082,0.581399,0.537305
0.350295,0.321036,0.307771,0.264665,0.657008,0.585390,0.525370
0.350295,0.321036,0.307771,0.264665,0.657008,0.585390,0.525370
0.356781,0.331692,0.307097,0.235730,0.725819,0.606345,0.499907
0.356781,0.331692,0.307097,0.235730,0.725819,0.606345,0.499907
0.366346,0.325253,0.312623,0.242142,0.734484,0.593619,0.516789
0.366346,0.325253,0.312623,0.242142,0.734484,0.593619,0.516789
0.349170,0.319693,0.306382,0.249238,0.706353,0.583983,0.525172
0.349170,0.319693,0.306382,0.249238,0.706353,0.583983,0.525172
0.350835,0.323074,0.304352,0.255008,0.703278,0.590741,0.507057
0.350835,0.323074,0.304352,0.255008,0.703278,0.590741,0.507057
0.361706,0.328846,0.303896,0.243115,0.709980,0.569709,0.518957
0.361706,0.328846,0.303896,0.243115,0.709980,0.569709,0.518957
0.358061,0.325736,0.303046,0.267908,0.688207,0.581621,0.550698
0.358061,0.325736,0.303046,0.267908,0.688207,0.581621,0.550698
0.361267,0.332412,0.303151,0.267351,0.699284,0.600809,0.481080
0.361267,0.332412,0.303151,0.267351,0.699284,0.600809,0.481080
0.361911,0.327157,0.301977,0.257834,0.713557,0.572399,0.514813
0.361911,0.327157,0.301977,0.257834,0.713557,0.572399,0.514813
0.360057,0.318380,0.315491,0.251580,0.739223,0.572592,0.499322
0.360057,0.318380,0.315491,0.251580,0.739223,0.572592,0.499322
0.367247,0.324646,0.311684,0.243375,0.746180,0.585423,0.501920
0.367247,0.324646,0.311684,0.243375,0.746180,0.585423,0.501920
0.348679,0.322374,0.308242,0.260340,0.690032,0.579794,0.566008
0.348679,0.322374,0.308242,0.260340,0.690032,0.579794,0.566008
0.356970,0.327479,0.322357,0.208049,0.754772,0.613291,0.493990
0.356970,0.327479,0.322357,0.208049,0.754772,0.613291,0.493990
0.349573,0.326532,0.307980,0.266020,0.708349,0.598011,0.497894
0.349573,0.326532,0.307980,0.266020,0.708349,0.598011,0.497894
0.344230,0.324724,0.313198,0.253969,0.709529,0.576138,0.525977
0.344230,0.324724,0.313198,0.253969,0.709529,0.576138,0.525977
0.346463,0.324734,0.291694,0.232473,0.650083,0.561132,0.516962
0.346463,0.324734,0.291694,0.232473,0.650083,0.561132,0.516962
0.368608,0.323613,0.313805,0.208658,0.764767,0.622898,0.498234
0.368608,0.323613,0.313805,0.208658,0.764767,0.622898,0.498234
0.363514,0.318461,0.312329,0.253508,0.730087,0.581982,0.535839
0.363514,0.318461,0.312329,0.253508,0.730087,0.581982,0.535839
0.363603,0.327894,0.324071,0.195701,0.785477,0.611538,0.465866
0.363603,0.327894,0.324071,0.195701,0.785477,0.611538,0.465866
0.354701,0.325286,0.312120,0.228313,0.759378,0.572025,0.517377
0.354701,0.325286,0.312120,0.228313,0.759378,0.572025,0.517377
0.358357,0.324871,0.307599,0.231864,0.748691,0.606757,0.514362
0.358357,0.324871,0.307599,0.231864,0.748691,0.606757,0.514362
0.333597,0.309557,0.281390,0.280478,0.692977,0.571342,0.545879
0.333597,0.309557,0.281390,0.280478,0.692977,0.571342,0.545879
0.338704,0.312431,0.287073,0.283559,0.714460,0.590092,0.502638
0.338704,0.312431,0.287073,0.283559,0.714460,0.590092,0.502638
0.362328,0.321170,0.301247,0.248815,0.740615,0.569750,0.489499
0.362328,0.321170,0.301247,0.248815,0.740615,0.569750,0.489499
0.361192,0.325929,0.310763,0.269566,0.705699,0.576031,0.515777
0.361192,0.325929,0.310763,0.269566,0.705699,0.576031,0.515777
0.341812,0.321972,0.305510,0.277899,0.666509,0.572238,0.518132
0.341812,0.321972,0.305510,0.277899,0.666509,0.572238,0.518132
0.336016,0.331826,0.287210,0.284811,0.652615,0.535324,0.493188
0.336016,0.331826,0.287210,0.284811,0.652615,0.535324,0.493188
0.349815,0.330154,0.299867,0.294771,0.676129,0.556796,0.505670
0.349815,0.330154,0.299867,0.294771,0.676129,0.556796,0.505670
0.346997,0.328312,0.305952,0.291865,0.662326,0.571343,0.506757
0.346997,0.328312,0.305952,0.291865,0.662326,0.571343,0.506757
0.365037,0.334803,0.298467,0.200718,0.701871,0.584683,0.509149
0.359841,0.337279,0.291864,0.196798,0.675416,0.576588,0.513964
0.388895,0.344154,0.314846,0.201779,0.774491,0.643635,0.482515
0.388895,0.344154,0.314846,0.201779,0.774491,0.643635,0.482515
0.377741,0.332403,0.317399,0.198584,0.798222,0.657278,0.500923
0.377741,0.332403,0.317399,0.198584,0.798222,0.657278,0.500923
0.372118,0.333539,0.314483,0.227970,0.758748,0.562113,0.508100
0.372118,0.333539,0.314483,0.227970,0.758748,0.562113,0.508100
0.386580,0.336489,0.314894,0.189720,0.753339,0.604724,0.490672
0.386580,0.336489,0.314894,0.189720,0.753339,0.604724,0.490672
0.329774,0.320768,0.313218,0.271326,0.678530,0.583135,0.516099
0.329774,0.320768,0.313218,0.271326,0.678530,0.583135,0.516099
0.375984,0.330364,0.327444,0.180543,0.726558,0.656144,0.497944
0.375984,0.330364,0.327444,0.180543,0.726558,0.656144,0.497944
0.366431,0.343668,0.294038,0.243626,0.751808,0.590005,0.542989
0.366431,0.343668,0.294038,0.243626,0.751808,0.590005,0.542989
0.356979,0.327701,0.303933,0.265149,0.716796,0.579691,0.504430
0.356979,0.327701,0.303933,0.265149,0.716796,0.579691,0.504430
0.369175,0.339242,0.310315,0.204857,0.795870,0.638974,0.488673
0.369175,0.339242,0.310315,0.204857,0.795870,0.638974,0.488673
0.329229,0.312680,0.291042,0.280870,0.674159,0.528624,0.509735
0.329229,0.312680,0.291042,0.280870,0.674159,0.528624,0.509735
0.324039,0.325475,0.308591,0.288793,0.682607,0.551850,0.503699
0.324039,0.325475,0.308591,0.288793,0.682607,0.551850,0.503699
0.334318,0.331074,0.314022,0.265163,0.755209,0.565994,0.572315
0.334318,0.331074,0.314022,0.265163,0.755209,0.565994,0.572315
0.320473,0.320431,0.297832,0.306167,0.636379,0.500560,0.499496
0.320473,0.320431,0.297832,0.306167,0.636379,0.500560,0.499496
0.353428,0.333006,0.306924,0.209788,0.741611,0.560722,0.578633
0.353428,0.333006,0.306924,0.209788,0.741611,0.560722,0.578633
0.355303,0.332125,0.309017,0.222932,0.741132,0.562442,0.577977
0.355303,0.332125,0.309017,0.222932,0.741132,0.562442,0.577977
0.351311,0.330268,0.310595,0.231527,0.739819,0.560651,0.581959
0.351311,0.330268,0.310595,0.231527,0.739819,0.560651,0.581959
0.328774,0.323152,0.310136,0.249830,0.740220,0.560898,0.580512
0.328774,0.323152,0.310136,0.249830,0.740220,0.560898,0.580512
0.321135,0.321638,0.309339,0.254278,0.735525,0.563348,0.558597
0.321135,0.321638,0.309339,0.254278,0.735525,0.563348,0.558597
0.358434,0.327938,0.295097,0.204520,0.795633,0.526547,0.584686
0.358434,0.327938,0.295097,0.204520,0.795633,0.526547,0.584686
0.330662,0.309456,0.311148,0.238229,0.722074,0.528675,0.563257
0.330662,0.309456,0.311148,0.238229,0.722074,0.528675,0.563257
0.315791,0.307670,0.302309,0.265700,0.724813,0.598829,0.551115
0.315791,0.307670,0.302309,0.265700,0.724813,0.598829,0.551115
0.302694,0.332313,0.281938,0.214637,0.690650,0.524048,0.533936
0.302694,0.332313,0.281938,0.214637,0.690650,0.524048,0.533936
0.388196,0.339581,0.312465,0.201614,0.804475,0.628486,0.523114
0.388196,0.339581,0.312465,0.201614,0.804475,0.628486,0.523114
0.354263,0.314732,0.299471,0.268915,0.750068,0.561158,0.550221
0.354263,0.314732,0.299471,0.268915,0.750068,0.561158,0.550221
0.348184,0.316835,0.305261,0.292697,0.731007,0.575244,0.534432
0.348184,0.316835,0.305261,0.292697,0.731007,0.575244,0.534432
0.313073,0.319536,0.298351,0.293578,0.685978,0.502491,0.531569
0.313073,0.319536,0.298351,0.293578,0.685978,0.502491,0.531569
0.326925,0.317207,0.304306,0.282830,0.727815,0.562327,0.532765
0.326925,0.317207,0.304306,0.282830,0.727815,0.562327,0.532765
0.318519,0.318555,0.307185,0.274438,0.722727,0.556703,0.547568
0.318519,0.318555,0.307185,0.274438,0.722727,0.556703,0.547568
0.292673,0.320401,0.300479,0.297742,0.666332,0.515858,0.526822
0.292673,0.320401,0.300479,0.297742,0.666332,0.515858,0.526822
0.300418,0.314253,0.307792,0.335158,0.699174,0.504504,0.522820
0.300418,0.314253,0.307792,0.335158,0.699174,0.504504,0.522820
0.421977,0.372065,0.328403,0.155250,0.755181,0.649740,0.498892
0.314468,0.314613,0.307514,0.283978,0.693692,0.531342,0.576047
0.314468,0.314613,0.307514,0.283978,0.693692,0.531342,0.576047
0.377165,0.343501,0.303653,0.123759,0.753107,0.648286,0.490142
0.433077,0.363056,0.331194,0.184185,0.810329,0.632425,0.603048
0.372684,0.341998,0.334932,0.129342,0.757777,0.493943,0.549594
0.395093,0.337455,0.330009,0.117808,0.706355,0.560938,0.481081
0.357864,0.355135,0.311950,0.177018,0.678303,0.604473,0.533732
0.354912,0.315043,0.318327,0.222026,0.670664,0.488509,0.512110
0.354912,0.315043,0.318327,0.222026,0.670664,0.488509,0.512110
0.382187,0.332563,0.267651,0.238295,0.802742,0.592553,0.579641
0.397632,0.342128,0.325946,0.197794,0.681041,0.553696,0.517290
0.397632,0.342128,0.325946,0.197794,0.681041,0.553696,0.517290
0.384632,0.322487,0.333049,0.222053,0.709057,0.494420,0.501488
0.384632,0.322487,0.333049,0.222053,0.709057,0.494420,0.501488
0.392173,0.351153,0.333177,0.187259,0.710193,0.565507,0.516397
0.392173,0.351153,0.333177,0.187259,0.710193,0.565507,0.516397
0.362589,0.350266,0.263442,0.159267,0.818967,0.609362,0.591808
0.333264,0.307959,0.330762,0.285968,0.689283,0.540767,0.500869
0.333264,0.307959,0.330762,0.285968,0.689283,0.540767,0.500869
0.368614,0.336453,0.325732,0.179966,0.692114,0.595156,0.501523
0.368614,0.336453,0.325732,0.179966,0.692114,0.595156,0.501523
0.400380,0.329452,0.372611,0.189777,0.734512,0.564542,0.495158
0.400380,0.329452,0.372611,0.189777,0.734512,0.564542,0.495158
0.363611,0.326623,0.312028,0.225891,0.686987,0.545993,0.489766
0.363611,0.326623,0.312028,0.225891,0.686987,0.545993,0.489766
0.429861,0.380326,0.323642,0.122359,0.785240,0.570268,0.497822
0.312439,0.311072,0.337244,0.315765,0.624903,0.448960,0.472511
0.312439,0.311072,0.337244,0.315765,0.624903,0.448960,0.472511
0.315366,0.306860,0.319477,0.291826,0.656230,0.508253,0.493902
0.315366,0.306860,0.319477,0.291826,0.656230,0.508253,0.493902
0.384897,0.331994,0.308756,0.170242,0.692893,0.556947,0.506622
0.384897,0.331994,0.308756,0.170242,0.692893,0.556947,0.506622
0.386497,0.333014,0.316493,0.153690,0.750104,0.613673,0.499866
0.386497,0.333014,0.316493,0.153690,0.750104,0.613673,0.499866
0.373647,0.315050,0.315789,0.187479,0.703774,0.583765,0.505217
0.373647,0.315050,0.315789,0.187479,0.703774,0.583765,0.505217
0.378410,0.332697,0.329927,0.174283,0.696704,0.554663,0.490351
0.378410,0.332697,0.329927,0.174283,0.696704,0.554663,0.490351
0.383839,0.341752,0.319505,0.170827,0.717054,0.571791,0.500494
0.383839,0.341752,0.319505,0.170827,0.717054,0.571791,0.500494
0.376029,0.318118,0.336796,0.187808,0.693804,0.569481,0.485870
0.376029,0.318118,0.336796,0.187808,0.693804,0.569481,0.485870
0.376061,0.324620,0.338496,0.195408,0.689004,0.518938,0.475931
0.376061,0.324620,0.338496,0.195408,0.689004,0.518938,0.475931
0.392493,0.327051,0.326452,0.180408,0.713616,0.522401,0.489996
0.392493,0.327051,0.326452,0.180408,0.713616,0.522401,0.489996
0.381598,0.340966,0.333801,0.191763,0.694648,0.515510,0.519975
0.381598,0.340966,0.333801,0.191763,0.694648,0.515510,0.519975
0.371127,0.334157,0.332476,0.200248,0.706943,0.479055,0.495284
0.371127,0.334157,0.332476,0.200248,0.706943,0.479055,0.495284
0.395333,0.334739,0.331841,0.186229,0.712435,0.540830,0.498426
0.395333,0.334739,0.331841,0.186229,0.712435,0.540830,0.498426
0.388777,0.325146,0.330182,0.196467,0.712230,0.508321,0.477563
0.388777,0.325146,0.330182,0.196467,0.712230,0.508321,0.477563
0.393181,0.331781,0.329813,0.217281,0.642297,0.546906,0.497846
0.393181,0.331781,0.329813,0.217281,0.642297,0.546906,0.497846
0.397619,0.332450,0.324585,0.172324,0.690449,0.535281,0.500334
0.397619,0.332450,0.324585,0.172324,0.690449,0.535281,0.500334
0.355371,0.329761,0.313645,0.243731,0.656860,0.520202,0.478700
0.355371,0.329761,0.313645,0.243731,0.656860,0.520202,0.478700
0.383104,0.338041,0.320881,0.184819,0.697268,0.568373,0.499554
0.383104,0.338041,0.320881,0.184819,0.697268,0.568373,0.499554
0.391652,0.333832,0.322616,0.157056,0.700586,0.594262,0.514900
0.379941,0.328064,0.302975,0.119565,0.770341,0.578085,0.498410
0.378086,0.312315,0.300215,0.138881,0.734270,0.598771,0.537133
0.378086,0.312315,0.300215,0.138881,0.734270,0.598771,0.537133
0.379656,0.316160,0.303040,0.145506,0.719298,0.586955,0.520863
0.379656,0.316160,0.303040,0.145506,0.719298,0.586955,0.520863
0.356905,0.331713,0.266775,0.238960,0.781501,0.563393,0.573754
0.367784,0.338232,0.285834,0.126445,0.779591,0.540720,0.533670
0.367784,0.338232,0.285834,0.126445,0.779591,0.540720,0.533670
0.367402,0.339280,0.285803,0.122270,0.780850,0.549473,0.534879
0.367402,0.339280,0.285803,0.122270,0.780850,0.549473,0.534879
0.368605,0.341359,0.286144,0.120698,0.781250,0.552049,0.539259
0.368605,0.341359,0.286144,0.120698,0.781250,0.552049,0.539259
0.374057,0.341010,0.268321,0.228845,0.799486,0.571996,0.552672
0.375180,0.316740,0.308137,0.227720,0.787785,0.594822,0.547304
0.391447,0.334771,0.315491,0.158636,0.746356,0.589656,0.512579
0.360607,0.333144,0.270607,0.238760,0.750998,0.542423,0.527561
0.396775,0.351224,0.315792,0.156461,0.743665,0.593605,0.528039
0.373024,0.342921,0.305198,0.127240,0.779543,0.553154,0.525939
0.385592,0.358477,0.328761,0.124521,0.729066,0.568485,0.509792
0.371012,0.336388,0.266659,0.247073,0.766991,0.559205,0.547923
0.370488,0.337181,0.306091,0.120368,0.772304,0.549637,0.544552
0.392085,0.355433,0.314561,0.121345,0.764579,0.553024,0.554960
0.376288,0.327402,0.315070,0.136394,0.680261,0.578290,0.499401
0.401363,0.346975,0.319239,0.141851,0.749145,0.586693,0.539288
0.369799,0.339405,0.308922,0.114353,0.772443,0.545188,0.550095
0.389713,0.356815,0.317334,0.118589,0.767471,0.550314,0.562689
0.377997,0.333807,0.286104,0.243668,0.754625,0.616874,0.473392
0.370761,0.336685,0.266757,0.235320,0.781747,0.564631,0.553786
0.340406,0.311612,0.289492,0.225161,0.768703,0.544785,0.409319
0.347701,0.307240,0.267054,0.229896,0.757480,0.542032,0.408189
0.347701,0.307240,0.267054,0.229896,0.757480,0.542032,0.408189
0.358744,0.327142,0.277078,0.237735,0.759555,0.569089,0.535651
0.369127,0.329983,0.282494,0.211909,0.759600,0.604951,0.416007
0.356973,0.325128,0.276704,0.236780,0.754926,0.617004,0.443225
0.357690,0.328248,0.273338,0.278737,0.746234,0.581370,0.514293
0.371927,0.333137,0.295940,0.226771,0.767036,0.559023,0.484237
0.366963,0.330787,0.289000,0.255519,0.753111,0.600342,0.459858
0.365735,0.312181,0.293295,0.258899,0.769027,0.571078,0.441683
0.367252,0.332360,0.284977,0.268676,0.747090,0.590948,0.539944
0.364580,0.323147,0.265584,0.149621,0.794936,0.569285,0.590902
0.347903,0.307632,0.268114,0.229064,0.756624,0.542525,0.410349
0.365790,0.340400,0.308732,0.109857,0.783528,0.555996,0.553638
0.373365,0.337908,0.268346,0.229303,0.787619,0.568985,0.554963
0.374559,0.339180,0.268863,0.215688,0.803541,0.567114,0.559463
0.362966,0.328406,0.276660,0.208801,0.776640,0.546757,0.540653
0.351619,0.327188,0.281344,0.192042,0.763895,0.550088,0.530167
0.351265,0.326305,0.281344,0.191760,0.765895,0.547371,0.528928
0.351701,0.333546,0.285008,0.183002,0.769032,0.562325,0.533093
0.353007,0.323531,0.280230,0.188438,0.766349,0.554172,0.530664
0.349788,0.324291,0.281936,0.192637,0.766477,0.547216,0.529375
0.351262,0.330703,0.277214,0.196605,0.754039,0.533708,0.521573
0.349934,0.324399,0.281803,0.193052,0.765882,0.544959,0.528832
0.333801,0.312204,0.316312,0.181698,0.722060,0.474466,0.551231
0.333801,0.312204,0.316312,0.181698,0.722060,0.474466,0.551231
0.349871,0.324408,0.281803,0.194404,0.764211,0.539553,0.527562
0.330502,0.311173,0.315480,0.187953,0.719297,0.477447,0.552083
0.330502,0.311173,0.315480,0.187953,0.719297,0.477447,0.552083
0.358986,0.326346,0.270814,0.198479,0.812626,0.554190,0.559744
0.382533,0.335622,0.321789,0.110346,0.770965,0.539585,0.567595
0.380265,0.316074,0.308218,0.187282,0.785279,0.556803,0.548907
0.349346,0.323759,0.281570,0.194582,0.763195,0.537541,0.528467
0.329426,0.309035,0.315415,0.194734,0.717573,0.480327,0.551372
0.329426,0.309035,0.315415,0.194734,0.717573,0.480327,0.551372
0.379611,0.315362,0.308357,0.187141,0.785529,0.556041,0.548885
0.348171,0.322283,0.281570,0.196125,0.763566,0.537156,0.526891
0.326698,0.307677,0.318292,0.203830,0.712231,0.485459,0.551730
0.326698,0.307677,0.318292,0.203830,0.712231,0.485459,0.551730
0.357625,0.328321,0.270691,0.202395,0.812901,0.559533,0.558896
0.311351,0.325727,0.302885,0.188487,0.610440,0.454993,0.484170
0.311351,0.325727,0.302885,0.188487,0.610440,0.454993,0.484170
0.287520,0.282812,0.304966,0.223837,0.610187,0.426246,0.504097
0.287520,0.282812,0.304966,0.223837,0.610187,0.426246,0.504097
0.370112,0.325024,0.306107,0.112360,0.776853,0.535303,0.542109
0.377976,0.315055,0.308357,0.187063,0.785477,0.556406,0.548297
0.386407,0.411084,0.365655,0.090806,0.811512,0.546882,0.529650
0.366038,0.329841,0.290877,0.191126,0.780741,0.579530,0.554152
0.322968,0.305585,0.320718,0.206237,0.714207,0.474276,0.554173
0.322968,0.305585,0.320718,0.206237,0.714207,0.474276,0.554173
0.377394,0.314029,0.308357,0.188641,0.786186,0.554050,0.548504
0.387333,0.410752,0.366214,0.090085,0.812937,0.545937,0.530878
0.345291,0.319364,0.282113,0.197256,0.756158,0.541885,0.524075
0.322242,0.305197,0.320019,0.216379,0.709275,0.467006,0.555592
0.322242,0.305197,0.320019,0.216379,0.709275,0.467006,0.555592
0.263971,0.278063,0.303303,0.239872,0.597734,0.416670,0.498205
0.263971,0.278063,0.303303,0.239872,0.597734,0.416670,0.498205
0.367486,0.321017,0.304914,0.112472,0.774460,0.532827,0.535163
0.377667,0.313078,0.308186,0.189351,0.787607,0.554088,0.546330
0.350031,0.337072,0.273079,0.148528,0.832095,0.584007,0.603526
0.386407,0.409295,0.365125,0.090804,0.811272,0.547546,0.531201
0.359534,0.326827,0.274091,0.155014,0.827075,0.558434,0.569139
0.318031,0.302664,0.317953,0.230986,0.705276,0.465291,0.556197
0.318031,0.302664,0.317953,0.230986,0.705276,0.465291,0.556197
0.378332,0.312464,0.308537,0.195785,0.788405,0.557070,0.547560
0.389189,0.409641,0.367594,0.091990,0.813390,0.546778,0.532188
0.373861,0.327944,0.335283,0.102989,0.766463,0.593072,0.547813
0.307656,0.299652,0.318926,0.235195,0.690035,0.463000,0.534722
0.307656,0.299652,0.318926,0.235195,0.690035,0.463000,0.534722
0.285218,0.322584,0.302078,0.207157,0.538765,0.429771,0.462520
0.285218,0.322584,0.302078,0.207157,0.538765,0.429771,0.462520
0.245399,0.270711,0.303272,0.258284,0.543658,0.408024,0.498739
0.245399,0.270711,0.303272,0.258284,0.543658,0.408024,0.498739
0.369815,0.319559,0.304638,0.116173,0.766015,0.529618,0.532651
0.374673,0.344717,0.318833,0.138657,0.656456,0.489094,0.492521
0.293188,0.313454,0.288953,0.184808,0.650550,0.435720,0.519461
0.293188,0.313454,0.288953,0.184808,0.650550,0.435720,0.519461
0.373662,0.345333,0.330462,0.122134,0.725234,0.576249,0.514827
0.372523,0.318879,0.301710,0.121719,0.762207,0.532736,0.529362
0.391287,0.411369,0.364346,0.096348,0.804594,0.555341,0.513394
0.360934,0.332244,0.301775,0.186604,0.704524,0.560032,0.593004
0.291330,0.294141,0.324862,0.267892,0.650223,0.446022,0.516262
0.291330,0.294141,0.324862,0.267892,0.650223,0.446022,0.516262
0.230937,0.266998,0.300154,0.288914,0.482949,0.378622,0.485208
0.230937,0.266998,0.300154,0.288914,0.482949,0.378622,0.485208
0.373313,0.317928,0.302646,0.125215,0.765152,0.541305,0.515200
0.363772,0.340323,0.333457,0.127900,0.794851,0.508787,0.501257
0.349422,0.307974,0.306573,0.192040,0.735397,0.547728,0.487964
0.349422,0.307974,0.306573,0.192040,0.735397,0.547728,0.487964
0.382951,0.321128,0.304352,0.211714,0.788686,0.591633,0.531308
0.350257,0.319755,0.277107,0.229416,0.736626,0.528401,0.530265
0.333781,0.326517,0.274927,0.221033,0.666217,0.528805,0.611031
0.345541,0.326672,0.283793,0.209776,0.756730,0.553514,0.597116
0.381795,0.325765,0.310799,0.236210,0.777379,0.573043,0.568367
0.344468,0.328321,0.284251,0.217089,0.747863,0.529220,0.593468
0.347998,0.319611,0.276639,0.251905,0.718665,0.508534,0.530299
0.360497,0.328894,0.267088,0.273946,0.701519,0.532395,0.540655
0.367711,0.348419,0.329705,0.119560,0.776220,0.525214,0.491927
0.367223,0.348428,0.319733,0.127289,0.785920,0.512820,0.506441
0.368436,0.334031,0.331802,0.117761,0.779958,0.497339,0.484270
0.315586,0.309976,0.313091,0.283230,0.640543,0.462768,0.519212
0.315586,0.309976,0.313091,0.283230,0.640543,0.462768,0.519212
0.344346,0.311198,0.314156,0.238432,0.702960,0.478804,0.526770
0.344346,0.311198,0.314156,0.238432,0.702960,0.478804,0.526770
0.327157,0.299582,0.301986,0.223991,0.717405,0.622086,0.463523
0.359308,0.343486,0.331182,0.121890,0.734229,0.572046,0.508193
0.348257,0.331249,0.323887,0.139962,0.737317,0.597965,0.451060
0.350374,0.334226,0.313566,0.149459,0.696943,0.588965,0.476877
0.316557,0.308621,0.310369,0.307295,0.639301,0.479066,0.508388
0.316557,0.308621,0.310369,0.307295,0.639301,0.479066,0.508388
0.364834,0.354279,0.306727,0.156542,0.673883,0.607590,0.558394
0.376860,0.362211,0.318049,0.158553,0.739565,0.588528,0.575915
0.360194,0.350745,0.320788,0.170223,0.740582,0.624995,0.559893
0.358000,0.348978,0.315487,0.173102,0.669725,0.585247,0.530911
0.359626,0.368423,0.326235,0.140537,0.807233,0.607566,0.575362
0.359917,0.369008,0.333774,0.114476,0.798252,0.585281,0.528186
0.350900,0.337246,0.312885,0.194734,0.633891,0.551075,0.524105
0.365902,0.350015,0.317592,0.177563,0.678743,0.595354,0.558773
0.363631,0.349450,0.327814,0.141697,0.662916,0.585562,0.504145
0.337808,0.319285,0.300403,0.209011,0.690107,0.580268,0.561548
0.323039,0.315844,0.306544,0.172347,0.666664,0.561389,0.505109
0.340967,0.331704,0.313195,0.175915,0.692351,0.541723,0.558906
0.348025,0.340847,0.330087,0.127987,0.719391,0.573545,0.537239
0.360773,0.368011,0.327712,0.143659,0.801241,0.602815,0.568806
0.340353,0.328617,0.298590,0.213589,0.715335,0.577783,0.506663
0.354480,0.349634,0.327651,0.151498,0.649064,0.581810,0.495878
0.352846,0.351848,0.317163,0.156919,0.652417,0.565219,0.549421
0.359839,0.356618,0.323034,0.125982,0.706434,0.562996,0.497566
0.374603,0.378333,0.315718,0.119080,0.754763,0.579603,0.500363
0.396019,0.342112,0.319204,0.138199,0.760698,0.636385,0.536911
0.408078,0.350714,0.342889,0.196980,0.723490,0.572893,0.593302
0.400845,0.350960,0.343574,0.154503,0.783594,0.586305,0.592264
0.397285,0.351761,0.328023,0.186363,0.735094,0.591780,0.599063
0.408078,0.350714,0.342889,0.196980,0.723490,0.572893,0.593302
0.408078,0.350714,0.342889,0.196980,0.723490,0.572893,0.593302
0.365925,0.337975,0.298537,0.139768,0.657863,0.554266,0.487996
0.343382,0.324946,0.303719,0.176424,0.632200,0.548552,0.487191
0.365889,0.338723,0.314754,0.150421,0.629338,0.514638,0.500640
0.353174,0.325148,0.304751,0.142858,0.690729,0.536869,0.474251
0.368219,0.343098,0.317720,0.134791,0.760258,0.550231,0.495190
0.380533,0.320100,0.305466,0.209135,0.786001,0.603501,0.536407
0.372966,0.353565,0.307243,0.132557,0.727615,0.561650,0.480977
0.372671,0.340642,0.315392,0.124426,0.750862,0.519893,0.496331
0.374679,0.346842,0.299324,0.162412,0.782991,0.582849,0.570911
0.375642,0.330730,0.325530,0.124038,0.683462,0.570602,0.497970
0.359405,0.330313,0.325587,0.118520,0.710955,0.593637,0.487592
0.363864,0.344250,0.308906,0.137687,0.685353,0.560275,0.508364
0.364326,0.339928,0.327255,0.126867,0.739719,0.574598,0.491400
0.370267,0.332574,0.324866,0.113497,0.718566,0.559305,0.508926
0.350911,0.328693,0.281436,0.196450,0.766257,0.543746,0.521788
0.350010,0.327103,0.282115,0.197081,0.762260,0.545973,0.520624
0.349213,0.324092,0.281959,0.199151,0.756686,0.545488,0.518409
0.354239,0.326256,0.303972,0.122679,0.667745,0.509956,0.504851
0.348224,0.323748,0.319473,0.128727,0.767788,0.521281,0.513685
0.348464,0.337564,0.279493,0.159603,0.685473,0.530647,0.575053
0.362965,0.319769,0.315600,0.116860,0.707154,0.513620,0.480919
0.361684,0.329618,0.311926,0.121953,0.679106,0.504136,0.485605
0.354156,0.302528,0.315791,0.147792,0.690781,0.517884,0.500651
0.340180,0.322162,0.299534,0.156026,0.706050,0.556466,0.511280
0.357823,0.328457,0.313581,0.117156,0.705263,0.526575,0.490743
0.356781,0.319981,0.316978,0.127906,0.683454,0.546384,0.523642
0.365159,0.315470,0.319007,0.123165,0.709709,0.528912,0.493493
0.351829,0.334768,0.307271,0.136503,0.707774,0.533384,0.473308
0.324550,0.309091,0.314998,0.172214,0.612692,0.494792,0.491904
0.488922,0.488201,0.367960,0.149611,0.868840,0.519641,0.576056
0.349552,0.347649,0.294193,0.135946,0.779895,0.584559,0.559807
0.378799,0.342420,0.296738,0.155912,0.801140,0.649125,0.563021
0.420353,0.359846,0.314284,0.145508,0.796372,0.630537,0.589839
0.373773,0.340631,0.318178,0.099450,0.733947,0.550430,0.497897
0.442603,0.374113,0.333488,0.133369,0.821716,0.654621,0.570238
0.427093,0.378267,0.325133,0.128456,0.822460,0.652883,0.571018
0.408232,0.365754,0.304909,0.152822,0.761510,0.628859,0.547409
0.488840,0.488055,0.367343,0.155289,0.866945,0.515011,0.574949
0.424473,0.365248,0.315540,0.226600,0.798011,0.590324,0.589083
0.360213,0.334671,0.303087,0.179887,0.728758,0.570457,0.584479
0.372996,0.346979,0.291019,0.168591,0.753399,0.590835,0.591496
0.413474,0.351757,0.312748,0.164225,0.653424,0.554259,0.582703
0.420564,0.370435,0.324017,0.147373,0.794374,0.606919,0.603663
0.411209,0.361995,0.320217,0.152892,0.719762,0.570844,0.574083
0.466381,0.459265,0.342179,0.169154,0.848999,0.491226,0.568565
0.363075,0.349031,0.330936,0.133598,0.735761,0.537236,0.548274
0.363814,0.339216,0.321903,0.139174,0.766303,0.518361,0.547752
0.384301,0.357751,0.316182,0.141965,0.632446,0.478238,0.498172
0.371880,0.351920,0.324302,0.144429,0.677540,0.566866,0.524906
0.352448,0.366017,0.293532,0.118469,0.802816,0.594241,0.573875
0.310514,0.309931,0.304762,0.181338,0.649980,0.542739,0.522591
0.325908,0.309018,0.293302,0.208007,0.728256,0.583314,0.496507
0.349973,0.336343,0.308223,0.202657,0.635704,0.528430,0.532724
0.357529,0.352279,0.327646,0.128556,0.723186,0.588041,0.503552
0.372510,0.351880,0.319785,0.140131,0.662062,0.562401,0.522468
0.357161,0.344554,0.328441,0.145729,0.668654,0.576872,0.522128
0.300618,0.327464,0.271353,0.243016,0.531218,0.471859,0.507548
0.358824,0.322289,0.271767,0.169926,0.607200,0.574006,0.513512
0.357529,0.352279,0.327646,0.128556,0.723186,0.588041,0.503552
0.358794,0.347832,0.310604,0.209047,0.654084,0.566240,0.567207
0.361973,0.349853,0.304862,0.198210,0.669190,0.564933,0.546814
0.362646,0.327239,0.308566,0.134168,0.718900,0.529076,0.473851
0.354571,0.331747,0.302215,0.130841,0.776044,0.541009,0.597356
0.358743,0.324007,0.320065,0.118794,0.807878,0.645801,0.607842
0.379677,0.367543,0.301863,0.230752,0.568644,0.493057,0.550929
0.375601,0.339751,0.308652,0.146685,0.770267,0.519068,0.575319
0.379759,0.374318,0.314903,0.213879,0.704672,0.513923,0.582632
0.376731,0.366997,0.290815,0.235823,0.554357,0.484198,0.549678
0.372240,0.338686,0.306526,0.154792,0.766076,0.509789,0.573044
0.408279,0.365473,0.315964,0.194090,0.806806,0.473251,0.572208
0.376572,0.372039,0.306361,0.224026,0.689765,0.496321,0.577110
0.374289,0.341867,0.304537,0.185309,0.614271,0.547660,0.554899
0.368995,0.339722,0.304167,0.156495,0.734437,0.507330,0.573223
0.353629,0.352348,0.279492,0.183429,0.638972,0.522547,0.569305
0.315194,0.323098,0.280026,0.237041,0.620954,0.484593,0.550451
0.354393,0.353267,0.284110,0.177784,0.640422,0.513924,0.568344
0.319852,0.323394,0.281083,0.227686,0.625486,0.482801,0.552049
0.400734,0.377082,0.310721,0.198791,0.778075,0.470465,0.575979
0.356943,0.343931,0.295217,0.168236,0.730751,0.581532,0.561194
0.410636,0.366854,0.318288,0.163467,0.726355,0.587951,0.610858
0.345979,0.341160,0.280375,0.118231,0.773274,0.528998,0.605121
0.351497,0.344800,0.291633,0.130989,0.801292,0.540676,0.592440
0.354816,0.327934,0.303631,0.121001,0.766975,0.529282,0.601418
0.323621,0.325667,0.288461,0.209950,0.678319,0.479145,0.558448
0.415337,0.410588,0.317566,0.190125,0.816632,0.482895,0.578632
0.360877,0.339721,0.300749,0.154271,0.804010,0.504454,0.567704
0.326228,0.326424,0.291942,0.204507,0.698704,0.496137,0.560507
0.459709,0.469112,0.338979,0.183044,0.839416,0.508387,0.580408
0.366072,0.339762,0.321928,0.120294,0.749818,0.538173,0.561584
0.367026,0.318375,0.323079,0.139224,0.744115,0.595601,0.562078
0.384787,0.353004,0.315382,0.111118,0.741183,0.555989,0.501477
0.381243,0.334382,0.327547,0.132910,0.654581,0.509834,0.478822
0.374679,0.346842,0.299324,0.162412,0.782991,0.582849,0.570911
0.386556,0.339964,0.292240,0.183578,0.714918,0.557532,0.550743
0.386556,0.339964,0.292240,0.183578,0.714918,0.557532,0.550743
0.380865,0.360662,0.319919,0.129176,0.717490,0.587298,0.471816
0.368219,0.343098,0.317720,0.134791,0.760258,0.550231,0.495190
0.380865,0.360662,0.319919,0.129176,0.717490,0.587298,0.471816
0.459754,0.373537,0.327840,0.175420,0.798944,0.623758,0.566067
0.438953,0.344406,0.341383,0.164367,0.798323,0.653460,0.560686
0.449431,0.339112,0.337810,0.183459,0.772593,0.626325,0.562765
0.290274,0.296766,0.305958,0.322567,0.647013,0.454024,0.495509
0.290274,0.296766,0.305958,0.322567,0.647013,0.454024,0.495509
0.364517,0.335273,0.259017,0.243293,0.740113,0.556509,0.556739
0.251955,0.286908,0.322993,0.271302,0.495586,0.414622,0.477579
0.251955,0.286908,0.322993,0.271302,0.495586,0.414622,0.477579
0.380383,0.312227,0.303794,0.202316,0.780437,0.598032,0.537550
0.380383,0.312227,0.303794,0.202316,0.780437,0.598032,0.537550
0.379920,0.363834,0.306205,0.109497,0.791227,0.603285,0.569226
0.262441,0.279063,0.296889,0.259594,0.583076,0.416143,0.486353
0.262441,0.279063,0.296889,0.259594,0.583076,0.416143,0.486353
0.279442,0.290524,0.302178,0.255980,0.595378,0.414803,0.516478
0.279442,0.290524,0.302178,0.255980,0.595378,0.414803,0.516478
0.384994,0.354262,0.315471,0.133095,0.713744,0.604271,0.512345
0.375531,0.320497,0.328305,0.210353,0.696494,0.556265,0.510321
0.375531,0.320497,0.328305,0.210353,0.696494,0.556265,0.510321
0.372934,0.349595,0.321605,0.119969,0.718634,0.594927,0.518335
0.398967,0.360720,0.315731,0.156387,0.818070,0.593953,0.585345
0.361998,0.347921,0.336412,0.139303,0.752600,0.585167,0.475568
0.341049,0.337757,0.310404,0.160389,0.646055,0.535960,0.475947
0.340749,0.305838,0.329269,0.277362,0.702174,0.532674,0.505333
0.340749,0.305838,0.329269,0.277362,0.702174,0.532674,0.505333
0.340749,0.305838,0.329269,0.277362,0.702174,0.532674,0.505333
0.340749,0.305838,0.329269,0.277362,0.702174,0.532674,0.505333
0.314314,0.302631,0.324045,0.293206,0.621419,0.511729,0.490108
0.314314,0.302631,0.324045,0.293206,0.621419,0.511729,0.490108
0.417406,0.360076,0.318280,0.156565,0.825734,0.648152,0.565459
0.378248,0.331395,0.261894,0.224663,0.789106,0.567129,0.542922
0.388492,0.324225,0.312076,0.184406,0.780964,0.575692,0.498538
0.368662,0.341218,0.306975,0.198658,0.630606,0.513302,0.508386
0.368662,0.341218,0.306975,0.198658,0.630606,0.513302,0.508386
0.381635,0.314515,0.327326,0.187796,0.777569,0.566727,0.492371
0.379974,0.359286,0.308849,0.187123,0.628862,0.506568,0.494959
0.323571,0.321303,0.297656,0.228622,0.627514,0.490678,0.502958
0.303346,0.328179,0.290575,0.238619,0.602345,0.509734,0.522940
0.339337,0.337940,0.300134,0.228165,0.626493,0.472058,0.482846
0.373999,0.376106,0.316969,0.170668,0.646453,0.509064,0.465001
0.332577,0.329273,0.291039,0.247242,0.631880,0.487835,0.487980
0.361437,0.319778,0.301488,0.215635,0.775721,0.581753,0.524822
0.340654,0.323758,0.311961,0.237319,0.713249,0.567694,0.545240
0.373741,0.327916,0.311890,0.200434,0.763209,0.638444,0.535294
0.360711,0.330320,0.295841,0.204369,0.769979,0.629865,0.546048
0.343202,0.318948,0.293204,0.227292,0.741435,0.593171,0.528899
0.357958,0.326196,0.287708,0.237136,0.712177,0.574978,0.524629
0.354738,0.334486,0.303155,0.204101,0.692989,0.606851,0.506589
0.346067,0.315698,0.290850,0.228398,0.688738,0.575286,0.527570
0.359865,0.334480,0.307265,0.231704,0.688098,0.582394,0.503308
0.355491,0.329143,0.298676,0.223575,0.769319,0.599483,0.517576
0.382180,0.340122,0.314050,0.220354,0.767580,0.577196,0.516647
0.364343,0.330704,0.326759,0.211386,0.772634,0.616458,0.539279
0.346546,0.319716,0.320002,0.223856,0.763053,0.598454,0.518080
0.341444,0.330247,0.303228,0.206805,0.744050,0.615431,0.526742
0.352619,0.328892,0.308104,0.215468,0.739400,0.577318,0.534204
0.351395,0.318566,0.297529,0.234014,0.685521,0.567160,0.522594
0.351041,0.330648,0.305585,0.226525,0.744398,0.575155,0.516240
0.356183,0.328994,0.307720,0.229883,0.744608,0.578011,0.524521
0.356183,0.328994,0.307720,0.229883,0.744608,0.578011,0.524521
0.357149,0.322393,0.316816,0.200701,0.747178,0.610984,0.528307
0.370021,0.328201,0.296927,0.212429,0.771455,0.602522,0.537301
0.346893,0.322669,0.296795,0.242388,0.706474,0.576475,0.496639
0.348327,0.328031,0.299428,0.224869,0.724436,0.596605,0.523025
0.340408,0.332535,0.304289,0.225285,0.726658,0.564619,0.531521
0.378037,0.318763,0.318756,0.215064,0.747993,0.600715,0.543918
0.355283,0.327493,0.316381,0.216631,0.759687,0.594694,0.521786
0.357149,0.322393,0.316816,0.200701,0.747178,0.610984,0.528307
0.377591,0.323486,0.312104,0.229734,0.733162,0.567300,0.533930
0.362982,0.327616,0.301633,0.202887,0.767849,0.584674,0.545842
0.357149,0.322393,0.316816,0.200701,0.747178,0.610984,0.528307
0.357149,0.322393,0.316816,0.200701,0.747178,0.610984,0.528307
0.359185,0.335859,0.302966,0.215039,0.693998,0.597685,0.513445
0.364297,0.335966,0.300573,0.198130,0.728100,0.626738,0.551867
0.360689,0.337368,0.291875,0.199364,0.783265,0.631598,0.546067
0.372778,0.337470,0.304300,0.221722,0.693930,0.581073,0.510116
0.370782,0.325317,0.305814,0.216104,0.744562,0.576100,0.550963
0.361646,0.314929,0.309257,0.231792,0.679268,0.553478,0.515732
0.363729,0.339590,0.306080,0.200833,0.767534,0.595223,0.506401
0.361646,0.314929,0.309257,0.231792,0.679268,0.553478,0.515732
0.361386,0.332199,0.304476,0.222490,0.709926,0.575560,0.522615
0.362097,0.326738,0.293530,0.238820,0.678099,0.575229,0.499227
0.368574,0.320857,0.312348,0.221840,0.730744,0.594213,0.536869
0.367772,0.321895,0.310271,0.228143,0.748848,0.583361,0.534533
0.361649,0.331057,0.302070,0.231387,0.750262,0.584531,0.574073
0.350506,0.338931,0.300885,0.231037,0.676412,0.564184,0.517447
0.358534,0.324000,0.305331,0.215586,0.751974,0.606669,0.558288
0.364180,0.328974,0.300886,0.210502,0.746969,0.601864,0.559671
0.353613,0.327835,0.289152,0.253673,0.717625,0.564027,0.571354
0.353095,0.339026,0.283156,0.244482,0.746776,0.575067,0.562431
0.353095,0.339026,0.283156,0.244482,0.746776,0.575067,0.562431
0.358534,0.324000,0.305331,0.215586,0.751974,0.606669,0.558288
0.364180,0.328974,0.300886,0.210502,0.746969,0.601864,0.559671
0.356367,0.334706,0.300845,0.222223,0.713740,0.578070,0.539206
0.353095,0.339026,0.283156,0.244482,0.746776,0.575067,0.562431
0.370659,0.332219,0.309491,0.225476,0.709031,0.578093,0.539181
0.343379,0.340674,0.287913,0.210896,0.739286,0.584126,0.519771
0.365835,0.343599,0.293802,0.227006,0.738268,0.575372,0.543488
0.338718,0.330195,0.305071,0.228131,0.716152,0.563974,0.528971
0.349618,0.322283,0.315445,0.224419,0.715441,0.576844,0.543063
0.349373,0.333494,0.294075,0.241225,0.688838,0.562991,0.516901
0.349373,0.333494,0.294075,0.241225,0.688838,0.562991,0.516901
0.345684,0.320895,0.292546,0.201186,0.748539,0.609745,0.522042
0.345684,0.320895,0.292546,0.201186,0.748539,0.609745,0.522042
0.331919,0.333996,0.289347,0.222173,0.732011,0.569558,0.504820
0.349373,0.333494,0.294075,0.241225,0.688838,0.562991,0.516901
0.349373,0.333494,0.294075,0.241225,0.688838,0.562991,0.516901
0.345684,0.320895,0.292546,0.201186,0.748539,0.609745,0.522042
0.345684,0.320895,0.292546,0.201186,0.748539,0.609745,0.522042
0.331919,0.333996,0.289347,0.222173,0.732011,0.569558,0.504820
0.367398,0.327237,0.303498,0.208447,0.727544,0.586235,0.512518
0.363355,0.330228,0.297616,0.199447,0.709138,0.584496,0.513218
0.357271,0.331816,0.291425,0.186441,0.734733,0.599732,0.533728
0.362060,0.318179,0.319404,0.217475,0.743182,0.587313,0.559076
0.339769,0.329291,0.307551,0.224277,0.728901,0.566371,0.529505
0.355511,0.328947,0.301438,0.220075,0.765075,0.597785,0.526097
0.346866,0.335883,0.289641,0.232556,0.652194,0.545271,0.509074
0.339575,0.337028,0.284326,0.244428,0.670284,0.539065,0.480992
0.373094,0.334278,0.296880,0.236804,0.683473,0.546412,0.522471
0.380101,0.322888,0.314597,0.233722,0.744426,0.583672,0.571275
0.353850,0.318660,0.267626,0.230496,0.771118,0.561312,0.426275
0.358100,0.336491,0.308691,0.188209,0.750238,0.550697,0.577102
0.358100,0.336491,0.308691,0.188209,0.750238,0.550697,0.577102
0.354963,0.333839,0.308015,0.200065,0.750514,0.552205,0.579938
0.354963,0.333839,0.308015,0.200065,0.750514,0.552205,0.579938
0.354491,0.333779,0.307856,0.203535,0.744961,0.561674,0.580806
0.354491,0.333779,0.307856,0.203535,0.744961,0.561674,0.580806
0.338954,0.332485,0.301468,0.228643,0.724522,0.566869,0.531011
0.358082,0.337290,0.302070,0.234522,0.715557,0.565343,0.536073
0.335102,0.323323,0.276072,0.274564,0.696476,0.566828,0.546252
0.331205,0.328131,0.277771,0.293114,0.693025,0.559253,0.533128
0.352838,0.328993,0.293938,0.244455,0.735986,0.583770,0.550355
0.383543,0.342888,0.330090,0.132898,0.752419,0.525469,0.503787
0.418369,0.379757,0.338684,0.133849,0.773531,0.578557,0.487270
0.389362,0.345501,0.332722,0.156024,0.667344,0.571655,0.499311
0.412708,0.359004,0.355164,0.116986,0.778877,0.647704,0.502708
0.396826,0.370339,0.360140,0.118667,0.854041,0.613669,0.516968
0.396826,0.370339,0.360140,0.118667,0.854041,0.613669,0.516968
0.403855,0.360495,0.347627,0.129904,0.741738,0.530991,0.519816
0.424171,0.382570,0.360226,0.117527,0.845502,0.644478,0.498339
0.424171,0.382570,0.360226,0.117527,0.845502,0.644478,0.498339
0.423641,0.361961,0.337861,0.136240,0.779292,0.608397,0.517825
0.377165,0.343501,0.303653,0.123759,0.753107,0.648286,0.490142
0.475299,0.380617,0.324755,0.151364,0.819918,0.709850,0.561213
0.447304,0.378638,0.330720,0.124325,0.724898,0.614483,0.511922
0.447304,0.378638,0.330720,0.124325,0.724898,0.614483,0.511922
0.435582,0.365258,0.327246,0.134523,0.702488,0.608959,0.499422
0.398740,0.348831,0.355838,0.133285,0.760975,0.618784,0.511774
0.397699,0.345577,0.316878,0.192880,0.783291,0.610604,0.604518
0.436397,0.364963,0.331037,0.163052,0.814589,0.639262,0.613225
0.433077,0.363056,0.331194,0.184185,0.810329,0.632425,0.603048
0.435514,0.361534,0.327140,0.188393,0.813195,0.645164,0.611353
0.422052,0.353094,0.320474,0.188782,0.802908,0.588255,0.602822
0.457790,0.360137,0.336936,0.144960,0.820418,0.655999,0.552708
0.445028,0.371186,0.340777,0.141788,0.837218,0.622248,0.594546
0.493008,0.383829,0.327726,0.163472,0.814213,0.677664,0.560146
0.374241,0.351892,0.333534,0.110100,0.744323,0.552898,0.534835
0.348025,0.340847,0.330087,0.127987,0.719391,0.573545,0.537239
0.340967,0.331704,0.313195,0.175915,0.692351,0.541723,0.558906
0.361437,0.319778,0.301488,0.215635,0.775721,0.581753,0.524822
0.359280,0.328494,0.295942,0.212846,0.753027,0.602724,0.526478
0.336265,0.320228,0.301001,0.235776,0.714944,0.577770,0.529767
0.363355,0.330228,0.297616,0.199447,0.709138,0.584496,0.513218
0.357271,0.331816,0.291425,0.186441,0.734733,0.599732,0.533728
0.339575,0.337028,0.284326,0.244428,0.670284,0.539065,0.480992
0.373094,0.334278,0.296880,0.236804,0.683473,0.546412,0.522471
0.380101,0.322888,0.314597,0.233722,0.744426,0.583672,0.571275
0.345242,0.316027,0.277327,0.211114,0.802298,0.583627,0.395828
0.358100,0.336491,0.308691,0.188209,0.750238,0.550697,0.577102
0.358100,0.336491,0.308691,0.188209,0.750238,0.550697,0.577102
0.354963,0.333839,0.308015,0.200065,0.750514,0.552205,0.579938
0.354963,0.333839,0.308015,0.200065,0.750514,0.552205,0.579938
0.354491,0.333779,0.307856,0.203535,0.744961,0.561674,0.580806
0.354491,0.333779,0.307856,0.203535,0.744961,0.561674,0.580806
0.365759,0.331468,0.322305,0.115325,0.730365,0.506713,0.500831
0.389457,0.367260,0.294085,0.163710,0.782068,0.506042,0.592026
0.339109,0.350239,0.303476,0.164144,0.645122,0.499316,0.520348
0.357524,0.349037,0.279662,0.193590,0.728482,0.524055,0.598457
0.356756,0.337123,0.319345,0.123094,0.742896,0.529979,0.504124
0.312515,0.317870,0.284301,0.248477,0.617804,0.514298,0.559823
0.351280,0.321891,0.317685,0.132726,0.700500,0.489330,0.482559
0.354015,0.334564,0.325697,0.134064,0.736691,0.519156,0.486929
0.349838,0.331063,0.286151,0.187767,0.770779,0.565618,0.519725
0.364145,0.332510,0.306697,0.158540,0.606545,0.490849,0.449220
0.366002,0.336167,0.332651,0.151384,0.635061,0.522796,0.446651
0.354602,0.324161,0.304755,0.181536,0.664602,0.553131,0.427739
0.352838,0.328993,0.293938,0.244455,0.735986,0.583770,0.550355
0.351705,0.329679,0.308457,0.126933,0.719022,0.498403,0.536620
0.365266,0.346261,0.332588,0.128764,0.777305,0.531267,0.544293
0.364878,0.337567,0.317752,0.109627,0.701772,0.499984,0.510311
0.348793,0.358301,0.317301,0.151541,0.670252,0.533859,0.508611
0.370761,0.336685,0.266757,0.235320,0.781747,0.564631,0.553786
0.346591,0.316433,0.281809,0.206235,0.745767,0.544184,0.521081
0.369817,0.339519,0.264761,0.221683,0.803501,0.568833,0.559565
0.356586,0.333014,0.322150,0.139798,0.676247,0.516547,0.496974
0.358986,0.326346,0.270814,0.198479,0.812626,0.554190,0.559744
0.347067,0.321524,0.282037,0.196807,0.760591,0.540766,0.525664
0.346027,0.318447,0.281899,0.197347,0.749414,0.542841,0.520418
0.306813,0.301883,0.281741,0.250807,0.649853,0.533648,0.441290
0.338684,0.303043,0.300827,0.214302,0.709879,0.531444,0.542361
0.338684,0.303043,0.300827,0.214302,0.709879,0.531444,0.542361
0.346365,0.307523,0.314623,0.124091,0.691712,0.516834,0.526215
0.324933,0.307367,0.291834,0.125833,0.615941,0.491213,0.476124
0.354961,0.330961,0.307836,0.111524,0.707624,0.535282,0.495490
0.374329,0.296236,0.291077,0.235977,0.650328,0.524892,0.544464
0.359683,0.320862,0.301038,0.144108,0.610244,0.519817,0.509946
0.351083,0.311206,0.300657,0.137830,0.604053,0.520920,0.526293
0.344734,0.312612,0.302175,0.147439,0.592333,0.540542,0.507413
0.338029,0.305400,0.306910,0.173536,0.593161,0.564094,0.487123
0.332224,0.329998,0.299273,0.133915,0.680023,0.536599,0.524876
0.335214,0.322640,0.293344,0.167920,0.585718,0.539979,0.512044
0.345435,0.332144,0.334820,0.153067,0.761372,0.610634,0.585890
0.329966,0.317117,0.339892,0.253786,0.651076,0.465080,0.501507
0.329966,0.317117,0.339892,0.253786,0.651076,0.465080,0.501507
0.278045,0.314651,0.298077,0.338383,0.687372,0.486524,0.511032
0.278045,0.314651,0.298077,0.338383,0.687372,0.486524,0.511032
0.306609,0.300396,0.320671,0.324991,0.631254,0.508704,0.463862
0.306609,0.300396,0.320671,0.324991,0.631254,0.508704,0.463862
0.303389,0.317862,0.298965,0.328518,0.702214,0.518824,0.520255
0.303389,0.317862,0.298965,0.328518,0.702214,0.518824,0.520255
0.317764,0.304028,0.320841,0.316375,0.640606,0.479663,0.468971
0.317764,0.304028,0.320841,0.316375,0.640606,0.479663,0.468971
0.338609,0.291679,0.303987,0.216164,0.667008,0.515227,0.515965
0.360727,0.318294,0.301621,0.291574,0.749108,0.542845,0.548139
0.360727,0.318294,0.301621,0.291574,0.749108,0.542845,0.548139
0.361696,0.316975,0.307284,0.275474,0.755077,0.581998,0.501880
0.361696,0.316975,0.307284,0.275474,0.755077,0.581998,0.501880
0.340855,0.307297,0.292582,0.322895,0.709779,0.536534,0.517456
0.340855,0.307297,0.292582,0.322895,0.709779,0.536534,0.517456
0.282060,0.296514,0.280429,0.228916,0.732240,0.585365,0.555009
0.418579,0.389403,0.330763,0.132503,0.786080,0.620300,0.609594
0.335352,0.324181,0.278570,0.258905,0.637062,0.552940,0.548409
0.335352,0.324181,0.278570,0.258905,0.637062,0.552940,0.548409
0.462592,0.409788,0.367073,0.219424,0.794318,0.539072,0.578617
0.480954,0.436359,0.353021,0.207419,0.789785,0.593127,0.597551
0.461191,0.402541,0.347859,0.207621,0.764405,0.559250,0.557513
0.457251,0.460220,0.356155,0.201993,0.777231,0.540533,0.601168
0.478304,0.432592,0.338106,0.191888,0.827332,0.626048,0.634896
0.483009,0.434360,0.358902,0.217532,0.815261,0.603143,0.617374
0.459267,0.398051,0.334589,0.203723,0.774072,0.582527,0.589993
0.440800,0.418666,0.368358,0.237541,0.747626,0.561721,0.594939
0.444205,0.420446,0.367498,0.239642,0.747034,0.565286,0.594434
0.424385,0.395646,0.382798,0.242269,0.771560,0.522889,0.581135
0.350179,0.305823,0.336642,0.182404,0.679242,0.670717,0.529715
0.345915,0.306499,0.310436,0.191553,0.701989,0.619096,0.495996
0.340400,0.308240,0.337166,0.178266,0.673682,0.677310,0.549698
0.342621,0.316846,0.344272,0.183310,0.690277,0.669032,0.555525
0.338906,0.314527,0.315659,0.191000,0.714997,0.618991,0.517390
0.520852,0.496875,0.383187,0.147366,0.736089,0.565258,0.544806
0.559389,0.503599,0.393559,0.120594,0.819572,0.637314,0.565328
0.285195,0.288664,0.306798,0.180450,0.680542,0.455138,0.499272
0.374492,0.340619,0.336661,0.145201,0.698818,0.514342,0.545792
0.374492,0.340619,0.336661,0.145201,0.698818,0.514342,0.545792
0.374492,0.340619,0.336661,0.145201,0.698818,0.514342,0.545792
0.402154,0.373777,0.344317,0.127445,0.780123,0.539249,0.576355
0.304489,0.321355,0.306153,0.156248,0.675264,0.528829,0.529733
0.527433,0.459497,0.359561,0.135139,0.761700,0.570045,0.588626
0.471748,0.423196,0.342876,0.117493,0.855284,0.618062,0.565146
0.471748,0.423196,0.342876,0.117493,0.855284,0.618062,0.565146
0.428432,0.383838,0.352119,0.158675,0.734300,0.630239,0.561231
0.428432,0.383838,0.352119,0.158675,0.734300,0.630239,0.561231
0.478098,0.434458,0.357471,0.140360,0.823309,0.639257,0.520209
0.478098,0.434458,0.357471,0.140360,0.823309,0.639257,0.520209
0.478098,0.434458,0.357471,0.140360,0.823309,0.639257,0.520209
0.474534,0.429814,0.361588,0.146208,0.808552,0.650397,0.505387
0.474534,0.429814,0.361588,0.146208,0.808552,0.650397,0.505387
0.474534,0.429814,0.361588,0.146208,0.808552,0.650397,0.505387
0.475983,0.415666,0.365775,0.154429,0.765755,0.693989,0.498324
0.475983,0.415666,0.365775,0.154429,0.765755,0.693989,0.498324
0.475983,0.415666,0.365775,0.154429,0.765755,0.693989,0.498324
0.467885,0.415704,0.363164,0.156615,0.753748,0.682391,0.494016
0.467885,0.415704,0.363164,0.156615,0.753748,0.682391,0.494016
0.467885,0.415704,0.363164,0.156615,0.753748,0.682391,0.494016
0.533322,0.486022,0.378718,0.136097,0.845908,0.687398,0.511362
0.533322,0.486022,0.378718,0.136097,0.845908,0.687398,0.511362
0.533322,0.486022,0.378718,0.136097,0.845908,0.687398,0.511362
0.482557,0.418757,0.367296,0.151072,0.769794,0.683712,0.492313
0.482557,0.418757,0.367296,0.151072,0.769794,0.683712,0.492313
0.482557,0.418757,0.367296,0.151072,0.769794,0.683712,0.492313
0.420027,0.370914,0.401113,0.110946,0.764197,0.587582,0.504864
0.430424,0.424589,0.408082,0.147298,0.733506,0.573517,0.485685
0.335033,0.331142,0.322705,0.205911,0.565689,0.459459,0.522198
0.355393,0.373830,0.329701,0.176819,0.641462,0.469454,0.543397
0.325920,0.328911,0.321421,0.213672,0.536330,0.452738,0.507745
0.326153,0.307493,0.308935,0.403457,0.403164,0.294831,0.456942
0.276924,0.295994,0.290987,0.457807,0.418036,0.267151,0.471619
0.356179,0.399181,0.334120,0.209027,0.505491,0.527335,0.482368
0.482855,0.480068,0.425080,0.134360,0.802933,0.623625,0.468428
0.425558,0.372899,0.366707,0.149838,0.629734,0.545050,0.477383
0.529292,0.554460,0.496283,0.103762,0.793946,0.666749,0.477408
0.534942,0.546682,0.502553,0.097201,0.789343,0.644580,0.481892
0.534795,0.547423,0.503648,0.100422,0.802344,0.644789,0.478977
0.512549,0.513959,0.427005,0.139066,0.787697,0.580304,0.467407
0.413750,0.378215,0.386157,0.161096,0.614366,0.495975,0.472329
0.542362,0.581540,0.543457,0.112290,0.810761,0.634875,0.478042
0.501677,0.542932,0.495732,0.102740,0.829815,0.673372,0.487089
0.498350,0.537257,0.498077,0.105302,0.832264,0.671259,0.484079
0.392770,0.370276,0.387404,0.151516,0.644844,0.572331,0.481204
0.506248,0.576924,0.537338,0.114926,0.834876,0.671178,0.492350
0.487746,0.505056,0.480983,0.112817,0.849121,0.654716,0.459235
0.494905,0.491921,0.472257,0.097746,0.859307,0.672834,0.513845
0.403297,0.367577,0.350491,0.200903,0.751458,0.553271,0.456920
0.406705,0.366878,0.343617,0.204970,0.783229,0.576373,0.475409
0.436333,0.361879,0.337235,0.179269,0.810558,0.563877,0.489583
0.518550,0.578684,0.545105,0.105099,0.857025,0.687558,0.475718
0.474489,0.509686,0.502995,0.123615,0.847252,0.619264,0.466754
0.430228,0.342382,0.371147,0.204766,0.735064,0.573850,0.448940
0.404129,0.350245,0.369889,0.204491,0.741456,0.615638,0.449646
0.489299,0.518525,0.502159,0.121233,0.865813,0.643253,0.518591
0.529135,0.589597,0.500327,0.104731,0.844161,0.783902,0.505788
0.497571,0.560855,0.528185,0.093945,0.857397,0.677666,0.501015
0.551295,0.569150,0.510344,0.103090,0.855872,0.743487,0.571046
0.510331,0.536874,0.517950,0.114885,0.796867,0.654612,0.453052
0.507832,0.511773,0.415015,0.134364,0.828199,0.618394,0.488424
0.539210,0.560521,0.493925,0.098880,0.812775,0.620075,0.484163
0.503104,0.522765,0.474426,0.108750,0.852388,0.635074,0.471530
0.504692,0.513764,0.431329,0.129120,0.804727,0.615721,0.474833
0.544246,0.600953,0.513346,0.103173,0.811039,0.665388,0.480574
0.458333,0.381405,0.372979,0.147313,0.644026,0.540775,0.463736
0.550093,0.585237,0.489436,0.098643,0.794208,0.679940,0.475193
0.519965,0.536005,0.421079,0.132806,0.789394,0.604171,0.469127
0.423188,0.376128,0.371784,0.166578,0.706268,0.515233,0.503148
0.505710,0.526746,0.411007,0.126137,0.816117,0.645231,0.485358
0.425042,0.378107,0.393371,0.146234,0.663226,0.564155,0.465509
0.512370,0.539948,0.477741,0.103125,0.845128,0.671100,0.454635
0.347322,0.371419,0.324912,0.160569,0.698792,0.630853,0.479719
0.471602,0.415150,0.360428,0.189064,0.627553,0.542102,0.555949
0.459380,0.405138,0.363078,0.186407,0.613771,0.521184,0.539198
0.435486,0.390882,0.347025,0.188285,0.684723,0.545911,0.543437
0.455399,0.407228,0.357330,0.205024,0.701221,0.568828,0.569985
0.419459,0.397105,0.357978,0.235678,0.545087,0.505030,0.496000
0.462703,0.406568,0.358899,0.210213,0.637439,0.513848,0.554916
0.458137,0.408497,0.356379,0.213981,0.684726,0.577154,0.569649
0.466262,0.418583,0.363591,0.206713,0.695131,0.592117,0.592579
0.447658,0.409240,0.355722,0.216563,0.675233,0.551585,0.570552
0.424698,0.397598,0.356089,0.233213,0.625798,0.542292,0.567808
0.443882,0.406082,0.365306,0.202837,0.640081,0.524184,0.563519
0.444895,0.413118,0.370311,0.192363,0.662708,0.543386,0.541171
0.466300,0.427003,0.370180,0.180999,0.700972,0.563744,0.587212
0.466512,0.428355,0.368816,0.202840,0.668994,0.543674,0.558672
0.432604,0.409590,0.352210,0.200271,0.665612,0.595629,0.569055
0.424885,0.399337,0.352635,0.228502,0.591006,0.460079,0.546466
0.430804,0.413520,0.349000,0.206023,0.681604,0.580933,0.569165
0.414986,0.392830,0.347826,0.237262,0.649937,0.530548,0.560319
0.593085,0.578175,0.474283,0.123015,0.802584,0.687067,0.527740
0.436927,0.408415,0.342166,0.214560,0.678000,0.559929,0.560538
0.433524,0.401820,0.349752,0.223124,0.633062,0.502764,0.557593
0.436927,0.408415,0.342166,0.214560,0.678000,0.559929,0.560538
0.427318,0.388625,0.342069,0.242971,0.580461,0.550532,0.544696
0.432070,0.398122,0.345690,0.218825,0.651630,0.538870,0.569635
0.436074,0.392711,0.352991,0.171263,0.664999,0.561917,0.538696
0.399306,0.386823,0.341739,0.184299,0.679976,0.552984,0.543307
0.418174,0.344342,0.381222,0.209844,0.677041,0.513955,0.501763
0.444101,0.384146,0.364100,0.195794,0.671293,0.568654,0.548041
0.440669,0.382522,0.361413,0.196017,0.695411,0.591839,0.564272
0.397177,0.373479,0.351343,0.189194,0.691463,0.567641,0.568833
0.440533,0.382420,0.362797,0.202280,0.681559,0.569082,0.558485
0.437599,0.387475,0.352887,0.211944,0.638751,0.554712,0.536203
0.349290,0.361970,0.321974,0.264477,0.659778,0.508586,0.602462
0.411321,0.357305,0.350619,0.184913,0.716685,0.589669,0.563030
0.454249,0.365405,0.356244,0.193143,0.707846,0.608051,0.575104
0.590080,0.561428,0.452575,0.120817,0.831880,0.673301,0.533557
0.418597,0.385858,0.352739,0.219584,0.584329,0.536078,0.528733
0.418857,0.358553,0.346743,0.187132,0.647351,0.518366,0.541832
0.410217,0.394137,0.331703,0.236291,0.582658,0.505312,0.546357
0.431255,0.400314,0.343044,0.206446,0.669340,0.551044,0.584461
0.416672,0.399562,0.336950,0.206773,0.658350,0.543979,0.559138
0.435499,0.390671,0.345964,0.199884,0.680439,0.542177,0.567553
0.421691,0.391255,0.357432,0.210291,0.681335,0.557927,0.561245
0.413788,0.395387,0.341188,0.212682,0.638871,0.514262,0.559075
0.425775,0.388343,0.340788,0.195295,0.700577,0.539077,0.608898
0.424795,0.396766,0.345470,0.195220,0.691553,0.523974,0.598151
0.403040,0.375756,0.332418,0.194565,0.667192,0.539735,0.582936
0.440232,0.388410,0.350959,0.195723,0.690011,0.526364,0.596831
0.425450,0.386429,0.339235,0.207869,0.667121,0.539505,0.577675
0.429966,0.386545,0.354232,0.220386,0.605400,0.552374,0.530124
0.444101,0.384146,0.364100,0.195794,0.671293,0.568654,0.548041
0.437878,0.375470,0.356438,0.198229,0.699692,0.578335,0.568934
0.430664,0.359116,0.390442,0.197763,0.683907,0.523922,0.501938
0.403679,0.353000,0.337791,0.185236,0.640615,0.577129,0.543002
0.425781,0.382835,0.350686,0.206836,0.657350,0.577630,0.562832
0.403679,0.353000,0.337791,0.185236,0.640615,0.577129,0.543002
0.425781,0.382835,0.350686,0.206836,0.657350,0.577630,0.562832
0.451231,0.403945,0.362210,0.203259,0.768984,0.572354,0.561441
0.389708,0.370175,0.363104,0.181166,0.774572,0.642588,0.465825
0.576257,0.552984,0.428416,0.115603,0.805968,0.693451,0.529159
0.557844,0.632160,0.518780,0.098573,0.857798,0.744141,0.545045
0.457891,0.364796,0.336957,0.179651,0.780429,0.645430,0.480707
0.408302,0.356062,0.335205,0.177808,0.763219,0.621036,0.477368
0.300813,0.392314,0.308442,0.259437,0.562341,0.520902,0.577217
0.393072,0.350752,0.306214,0.230721,0.727183,0.585160,0.469842
0.505659,0.587143,0.465746,0.123082,0.829186,0.755909,0.551260
0.504941,0.510168,0.460853,0.119337,0.800300,0.714393,0.548380
0.494685,0.496636,0.440696,0.126747,0.798758,0.696318,0.559247
0.505503,0.502092,0.464195,0.135007,0.795243,0.680695,0.535157
0.501101,0.487549,0.443965,0.144790,0.795881,0.673932,0.548090
0.463344,0.386499,0.352464,0.192553,0.773979,0.580993,0.466867
0.441371,0.363352,0.328333,0.184522,0.730217,0.560067,0.487159
0.439413,0.379716,0.338181,0.174894,0.759287,0.595432,0.494349
0.441080,0.367948,0.364847,0.225989,0.751393,0.564409,0.437469
0.411270,0.391866,0.409677,0.127622,0.766932,0.616616,0.488494
0.524060,0.542620,0.474569,0.115352,0.845566,0.705100,0.532369
0.372362,0.345259,0.324289,0.223890,0.647735,0.543516,0.468509
0.444168,0.375685,0.367716,0.225343,0.652494,0.566303,0.531184
0.455598,0.413043,0.382432,0.205975,0.643215,0.526672,0.552778
0.491140,0.546820,0.446481,0.133385,0.743433,0.467603,0.577603
0.415539,0.519485,0.407939,0.173575,0.642534,0.479733,0.547535
0.599875,0.597095,0.540552,0.089445,0.862589,0.823135,0.509302
0.519698,0.439627,0.473722,0.105609,0.813262,0.668969,0.521420
0.521764,0.446639,0.513101,0.111180,0.820270,0.678280,0.508868
0.623715,0.618555,0.587418,0.080228,0.890055,0.766729,0.578698
0.584300,0.551264,0.638111,0.092925,0.856023,0.774130,0.534799
0.584167,0.535798,0.623410,0.082697,0.858640,0.740917,0.556700
0.559659,0.545888,0.585745,0.120201,0.847581,0.730522,0.527753
0.571864,0.533485,0.615265,0.097347,0.832094,0.724335,0.511150
0.568617,0.528333,0.623212,0.093911,0.850249,0.731356,0.524780
0.562458,0.564592,0.599496,0.110162,0.846344,0.721253,0.530557
0.571864,0.533485,0.615265,0.097347,0.832094,0.724335,0.511150
0.567925,0.568256,0.605858,0.114719,0.838916,0.711008,0.511275
0.562458,0.564592,0.599496,0.110162,0.846344,0.721253,0.530557
0.582353,0.581536,0.553173,0.086633,0.874709,0.807962,0.584980
0.593232,0.592119,0.595632,0.078961,0.879096,0.813227,0.606516
0.389445,0.356808,0.384944,0.147902,0.651255,0.551749,0.468266
0.389445,0.356808,0.384944,0.147902,0.651255,0.551749,0.468266
0.379459,0.350213,0.383640,0.158693,0.597376,0.533480,0.485802
0.529428,0.496681,0.376584,0.105265,0.734600,0.698669,0.532376
0.392316,0.352098,0.379086,0.128923,0.662108,0.591182,0.514610
0.392316,0.352098,0.379086,0.128923,0.662108,0.591182,0.514610
0.383137,0.344985,0.381390,0.137479,0.656374,0.571570,0.536676
0.511563,0.461912,0.367680,0.124066,0.717227,0.670857,0.517493
0.459371,0.436956,0.414258,0.126728,0.679512,0.651673,0.524341
0.433789,0.377402,0.418267,0.146747,0.699837,0.569774,0.504462
0.433789,0.377402,0.418267,0.146747,0.699837,0.569774,0.504462
0.378351,0.346546,0.385459,0.148351,0.645863,0.556155,0.497843
0.378351,0.346546,0.385459,0.148351,0.645863,0.556155,0.497843
0.383917,0.351071,0.391984,0.147510,0.651174,0.561361,0.478576
0.501620,0.450168,0.383335,0.117340,0.677707,0.664071,0.523735
0.366049,0.342882,0.384456,0.160951,0.587236,0.534064,0.520134
0.493241,0.437433,0.373030,0.116337,0.740279,0.620965,0.518329
0.415392,0.327342,0.371609,0.199689,0.672114,0.509500,0.413835
0.589259,0.536708,0.490650,0.153037,0.744626,0.693467,0.477132
0.409921,0.371737,0.354827,0.139174,0.712432,0.564355,0.570654
0.666023,0.695516,0.647752,0.118590,0.832715,0.787095,0.464413
0.666023,0.695516,0.647752,0.118590,0.832715,0.787095,0.464413
0.666023,0.695516,0.647752,0.118590,0.832715,0.787095,0.464413
0.631306,0.607197,0.666632,0.145081,0.781285,0.680642,0.463443
0.631306,0.607197,0.666632,0.145081,0.781285,0.680642,0.463443
0.631306,0.607197,0.666632,0.145081,0.781285,0.680642,0.463443
0.657210,0.633389,0.579607,0.134442,0.812713,0.715291,0.424258
0.657210,0.633389,0.579607,0.134442,0.812713,0.715291,0.424258
0.657210,0.633389,0.579607,0.134442,0.812713,0.715291,0.424258
0.666024,0.628145,0.623816,0.115948,0.797473,0.707363,0.422697
0.666024,0.628145,0.623816,0.115948,0.797473,0.707363,0.422697
0.666024,0.628145,0.623816,0.115948,0.797473,0.707363,0.422697
0.643063,0.638708,0.557881,0.142054,0.741905,0.686874,0.467707
0.643063,0.638708,0.557881,0.142054,0.741905,0.686874,0.467707
0.643063,0.638708,0.557881,0.142054,0.741905,0.686874,0.467707
0.640563,0.656156,0.611372,0.125528,0.730067,0.684645,0.476762
0.580756,0.542334,0.487809,0.181375,0.637749,0.564113,0.452484
0.580756,0.542334,0.487809,0.181375,0.637749,0.564113,0.452484
0.580756,0.542334,0.487809,0.181375,0.637749,0.564113,0.452484
0.608455,0.572468,0.616198,0.174463,0.668294,0.561614,0.431426
0.608455,0.572468,0.616198,0.174463,0.668294,0.561614,0.431426
0.608455,0.572468,0.616198,0.174463,0.668294,0.561614,0.431426
0.657293,0.595668,0.597590,0.143428,0.750675,0.644453,0.426869
0.527361,0.491263,0.463838,0.220845,0.599293,0.516860,0.416882
0.527361,0.491263,0.463838,0.220845,0.599293,0.516860,0.416882
0.552559,0.518233,0.436686,0.221488,0.523348,0.429100,0.433944
0.452686,0.464010,0.407608,0.392115,0.371259,0.258261,0.394871
0.452686,0.464010,0.407608,0.392115,0.371259,0.258261,0.394871
0.502163,0.534342,0.431963,0.219700,0.640592,0.495575,0.458880
0.396091,0.363219,0.343240,0.209390,0.727121,0.490125,0.576701
0.422144,0.379676,0.344605,0.155165,0.799296,0.596905,0.606155
0.487790,0.507370,0.429434,0.138854,0.764964,0.568164,0.554290
0.435372,0.416796,0.393763,0.188229,0.725633,0.527229,0.616239
0.602122,0.633664,0.568246,0.113623,0.884088,0.696595,0.614760
0.516228,0.506516,0.416691,0.123471,0.845934,0.602271,0.627242
0.392246,0.402804,0.371591,0.178016,0.681854,0.492870,0.614558
0.635910,0.671527,0.593144,0.117445,0.861164,0.764893,0.548190
0.632699,0.681314,0.613001,0.119597,0.814102,0.741266,0.523570
0.401103,0.407414,0.337606,0.164947,0.702475,0.533938,0.564538
0.494224,0.474992,0.388684,0.117782,0.817185,0.593213,0.648222
0.439751,0.464135,0.385238,0.142101,0.771588,0.540912,0.615076
0.502477,0.500218,0.390287,0.113215,0.827975,0.578752,0.597770
0.448353,0.436236,0.387933,0.133789,0.780556,0.543115,0.614940
0.500711,0.470212,0.409021,0.123473,0.820490,0.550486,0.634918
0.525152,0.529327,0.410019,0.104125,0.857286,0.682158,0.625931
0.521315,0.513618,0.431389,0.106703,0.852188,0.645164,0.637954
0.519670,0.482796,0.415595,0.125874,0.819383,0.550789,0.613523
0.485797,0.491791,0.405550,0.119412,0.836087,0.596093,0.610004
0.492174,0.485156,0.372603,0.117880,0.841032,0.605493,0.603767
0.487663,0.453253,0.403689,0.128708,0.828694,0.644392,0.627218
0.513523,0.487869,0.393120,0.120341,0.815924,0.606470,0.629901
0.493506,0.503931,0.387939,0.120311,0.840439,0.620854,0.601302
0.530442,0.488679,0.388245,0.124520,0.822610,0.652279,0.586335
0.462872,0.419274,0.434890,0.144945,0.741763,0.565549,0.558823
0.456418,0.444564,0.422833,0.147070,0.823302,0.608124,0.599647
0.444663,0.380135,0.358314,0.146778,0.798233,0.551855,0.612484
0.376314,0.339567,0.351669,0.194690,0.677622,0.461768,0.601415
0.355756,0.333127,0.346928,0.188033,0.643609,0.486754,0.605749
0.411293,0.374152,0.355564,0.158347,0.733713,0.546022,0.591650
0.465141,0.434987,0.382413,0.139918,0.774620,0.589499,0.580114
0.429244,0.438202,0.381196,0.137471,0.768276,0.558528,0.624016
0.465658,0.415991,0.425212,0.147315,0.733263,0.605062,0.543891
0.497371,0.482977,0.375578,0.114650,0.860883,0.639322,0.620468
0.451371,0.433476,0.409920,0.150411,0.831977,0.624664,0.593162
0.471482,0.462807,0.364714,0.124651,0.847616,0.609578,0.593754
0.466947,0.479545,0.395566,0.141272,0.842793,0.619270,0.604975
0.465958,0.421972,0.383623,0.146239,0.786347,0.546546,0.633686
0.475283,0.458759,0.371390,0.154262,0.752822,0.588791,0.596568
0.489677,0.467703,0.379375,0.128322,0.814427,0.614270,0.625744
0.469683,0.415889,0.376886,0.133100,0.816733,0.635198,0.608253
0.495299,0.474086,0.407554,0.125851,0.826693,0.634353,0.608575
0.411062,0.342404,0.369077,0.197552,0.709735,0.610188,0.585525
0.528337,0.497529,0.408005,0.146768,0.848459,0.697318,0.557640
0.534361,0.503734,0.402385,0.127940,0.891993,0.693329,0.605415
0.420432,0.434134,0.382830,0.156008,0.759894,0.565503,0.605089
0.384331,0.387302,0.353189,0.160963,0.758256,0.537677,0.590247
0.437722,0.408108,0.381487,0.142375,0.755174,0.547653,0.639133
0.462658,0.437341,0.353354,0.125407,0.791653,0.624846,0.584198
0.457037,0.442102,0.341437,0.121072,0.827194,0.610129,0.578761
0.465396,0.475275,0.386885,0.116758,0.829156,0.607623,0.615330
0.482891,0.493168,0.373435,0.119475,0.837308,0.640718,0.607778
0.461649,0.429680,0.351580,0.130149,0.842056,0.629510,0.560042
0.470107,0.405571,0.349618,0.125828,0.823653,0.630885,0.581646
0.451413,0.464099,0.392289,0.121627,0.831537,0.622488,0.607529
0.491543,0.488528,0.385834,0.123521,0.815948,0.630604,0.596803
0.443681,0.384664,0.348432,0.141560,0.827695,0.642520,0.584634
0.462635,0.476437,0.409485,0.143546,0.847012,0.625207,0.630913
0.478541,0.467490,0.373547,0.122153,0.834180,0.601150,0.629398
0.424288,0.422590,0.371988,0.129613,0.816036,0.583404,0.627586
0.429244,0.438202,0.381196,0.137471,0.768276,0.558528,0.624016
0.508777,0.495088,0.365797,0.129538,0.823782,0.588446,0.606619
0.419793,0.423650,0.382838,0.150490,0.735535,0.550435,0.626680
0.435092,0.443387,0.365293,0.143046,0.750121,0.568328,0.612740
0.428565,0.438276,0.382625,0.149284,0.722143,0.535591,0.627400
0.409444,0.418569,0.382440,0.151562,0.727672,0.555732,0.628896
0.420989,0.429020,0.398352,0.170031,0.751526,0.553377,0.626013
0.373733,0.378175,0.346250,0.152050,0.705761,0.519538,0.625832
0.369184,0.367651,0.345760,0.156096,0.711343,0.529681,0.624233
0.374336,0.364365,0.347839,0.160367,0.704365,0.504995,0.622632
0.405314,0.363199,0.379876,0.158052,0.730717,0.561314,0.589810
0.526032,0.469007,0.391567,0.124937,0.817284,0.657399,0.590708
0.513134,0.458525,0.387912,0.134111,0.817059,0.689372,0.576743
0.455971,0.419458,0.385202,0.149193,0.772391,0.653834,0.565455
0.511459,0.468752,0.398794,0.135972,0.813420,0.686501,0.568226
0.457033,0.435342,0.406156,0.149416,0.754107,0.564899,0.551364
0.465658,0.415991,0.425212,0.147315,0.733263,0.605062,0.543891
0.453184,0.412435,0.405981,0.161278,0.780087,0.642977,0.587137
0.527586,0.479644,0.412512,0.149789,0.784567,0.672340,0.536902
0.497371,0.482977,0.375578,0.114650,0.860883,0.639322,0.620468
0.495464,0.471635,0.375172,0.129142,0.851723,0.654367,0.615105
0.419358,0.379797,0.352734,0.139041,0.797070,0.559253,0.604672
0.496213,0.483368,0.378498,0.134434,0.852897,0.658212,0.612315
0.484732,0.442695,0.400343,0.145078,0.810000,0.657805,0.571823
0.451371,0.433476,0.409920,0.150411,0.831977,0.624664,0.593162
0.510428,0.464751,0.379551,0.105340,0.839888,0.655678,0.631044
0.441709,0.426333,0.334852,0.122159,0.832416,0.602339,0.618328
0.457167,0.415350,0.381578,0.151928,0.770635,0.657975,0.581335
0.449411,0.430801,0.379859,0.135043,0.801614,0.605542,0.603093
0.524883,0.470636,0.381879,0.105540,0.867519,0.716381,0.604442
0.325469,0.329301,0.350894,0.203895,0.634949,0.485992,0.599199
0.394328,0.346244,0.342033,0.159112,0.730733,0.563127,0.623774
0.386369,0.362514,0.363941,0.129889,0.687702,0.530889,0.571354
0.386805,0.366043,0.342680,0.173960,0.680165,0.474292,0.603058
0.382987,0.353552,0.341329,0.154873,0.732154,0.532754,0.628845
0.385156,0.366214,0.358998,0.127048,0.715436,0.542863,0.575990
0.483720,0.405780,0.360958,0.124312,0.825428,0.722800,0.595617
0.445523,0.383732,0.358073,0.138179,0.804938,0.646067,0.600283
0.431038,0.379679,0.342937,0.133717,0.814319,0.681105,0.587548
0.544946,0.465384,0.361704,0.112679,0.836328,0.760406,0.568288
0.459453,0.409881,0.376354,0.147480,0.795249,0.698377,0.537903
0.459647,0.382292,0.376856,0.147316,0.783496,0.710156,0.530458
0.399230,0.436345,0.358031,0.173698,0.626925,0.415531,0.609497
0.437564,0.370247,0.373449,0.175163,0.864596,0.681777,0.507570
0.435732,0.444214,0.402787,0.201454,0.692008,0.453794,0.533808
0.435732,0.444214,0.402787,0.201454,0.692008,0.453794,0.533808
0.435732,0.444214,0.402787,0.201454,0.692008,0.453794,0.533808
0.439240,0.458992,0.408679,0.198450,0.701511,0.475580,0.528268
0.439240,0.458992,0.408679,0.198450,0.701511,0.475580,0.528268
0.439240,0.458992,0.408679,0.198450,0.701511,0.475580,0.528268
0.442228,0.447707,0.394160,0.194137,0.671696,0.459525,0.530833
0.442228,0.447707,0.394160,0.194137,0.671696,0.459525,0.530833
0.442228,0.447707,0.394160,0.194137,0.671696,0.459525,0.530833
0.475848,0.463305,0.401243,0.170798,0.728744,0.496838,0.508691
0.475848,0.463305,0.401243,0.170798,0.728744,0.496838,0.508691
0.475848,0.463305,0.401243,0.170798,0.728744,0.496838,0.508691
0.469251,0.468652,0.397930,0.173410,0.725086,0.489905,0.498143
0.469251,0.468652,0.397930,0.173410,0.725086,0.489905,0.498143
0.469251,0.468652,0.397930,0.173410,0.725086,0.489905,0.498143
0.474757,0.475194,0.391721,0.180146,0.726940,0.479109,0.523957
0.474757,0.475194,0.391721,0.180146,0.726940,0.479109,0.523957
0.474757,0.475194,0.391721,0.180146,0.726940,0.479109,0.523957
0.448639,0.412060,0.392513,0.196439,0.656430,0.437683,0.510723
0.448639,0.412060,0.392513,0.196439,0.656430,0.437683,0.510723
0.448639,0.412060,0.392513,0.196439,0.656430,0.437683,0.510723
0.582113,0.590194,0.429026,0.100962,0.862508,0.713339,0.568409
0.354924,0.346832,0.343537,0.203542,0.687853,0.633682,0.531857
0.268074,0.255456,0.278464,0.165200,0.681483,0.474861,0.605964
0.339465,0.295040,0.302653,0.128585,0.719727,0.523495,0.631810
0.262119,0.255248,0.280411,0.170194,0.657773,0.471952,0.591297
0.254868,0.255114,0.274128,0.219371,0.560832,0.431280,0.581913
0.420112,0.376509,0.328269,0.145737,0.841044,0.656224,0.604129
0.388686,0.379470,0.340940,0.227686,0.719115,0.583116,0.608262
0.600843,0.518868,0.421176,0.116425,0.799149,0.701213,0.495201
0.536103,0.466502,0.448758,0.186931,0.600646,0.555636,0.427258
0.596291,0.516457,0.425894,0.120737,0.815108,0.718761,0.513744
0.574263,0.471947,0.417146,0.128887,0.792654,0.697536,0.522930
0.561341,0.488928,0.408976,0.123704,0.789072,0.711296,0.525631
0.571081,0.499000,0.418202,0.126793,0.800470,0.724194,0.540083
0.538231,0.426903,0.407004,0.141538,0.756011,0.684846,0.521290
0.401888,0.349045,0.326815,0.140680,0.721295,0.573086,0.513243
0.493555,0.524099,0.478984,0.144506,0.658310,0.639492,0.537615
0.339604,0.319818,0.291258,0.182648,0.655962,0.533349,0.505551
0.501601,0.452473,0.510520,0.083397,0.825516,0.704738,0.496365
0.496644,0.435885,0.458904,0.094489,0.835421,0.689007,0.507154
0.496526,0.480056,0.498949,0.094036,0.838488,0.689915,0.552871
0.502967,0.444379,0.502515,0.095523,0.827755,0.672515,0.514514
0.511356,0.489614,0.491438,0.102158,0.835444,0.675626,0.562449
0.457282,0.429595,0.419060,0.116255,0.781621,0.641527,0.546758
0.519584,0.462324,0.487401,0.101789,0.824901,0.663866,0.515023
0.405430,0.380883,0.415362,0.123562,0.720987,0.587603,0.494619
0.371250,0.355298,0.404540,0.138859,0.671463,0.594110,0.499437
0.360642,0.366464,0.381487,0.124612,0.718460,0.562495,0.495253
0.463957,0.427212,0.409837,0.114032,0.730924,0.628875,0.494777
0.422861,0.437562,0.389940,0.140836,0.704702,0.615560,0.517151
0.466410,0.415127,0.439026,0.106979,0.722012,0.624839,0.494389
0.400013,0.371297,0.404167,0.136456,0.627248,0.553074,0.488777
0.461477,0.436056,0.424479,0.124162,0.790927,0.620245,0.552433
0.451337,0.434521,0.427060,0.118952,0.789949,0.648763,0.552738
0.495154,0.453557,0.435771,0.114469,0.751497,0.657686,0.507849
0.527307,0.522049,0.473910,0.109906,0.802544,0.678898,0.518892
0.529305,0.525846,0.556202,0.111123,0.855494,0.716954,0.546485
0.575967,0.556351,0.576669,0.079832,0.871204,0.747061,0.548926
0.571812,0.542824,0.553823,0.086842,0.882331,0.749898,0.558931
0.530380,0.537708,0.503392,0.091721,0.828379,0.740524,0.524384
0.538983,0.520371,0.487769,0.103145,0.841413,0.732947,0.565714
0.580901,0.563608,0.627316,0.080260,0.877749,0.757754,0.541518
0.579117,0.545468,0.605081,0.086564,0.883129,0.748399,0.563105
0.582274,0.597587,0.631905,0.076459,0.896008,0.740954,0.611637
0.574858,0.547556,0.598941,0.086739,0.856147,0.674495,0.541040
0.591580,0.565438,0.586122,0.086175,0.850652,0.722503,0.545260
0.578013,0.537413,0.482289,0.094259,0.833972,0.687879,0.554630
0.594791,0.566360,0.603801,0.086071,0.873851,0.755123,0.546258
0.584493,0.541262,0.582584,0.095081,0.882915,0.744926,0.556907
0.522913,0.483820,0.485207,0.101732,0.805894,0.715282,0.507477
0.505948,0.492170,0.461034,0.115594,0.806064,0.688721,0.558097
0.508845,0.500873,0.496983,0.107262,0.811271,0.696543,0.507080
0.508096,0.496962,0.469351,0.122391,0.799520,0.677824,0.552705
0.522447,0.524675,0.467485,0.107116,0.799353,0.714981,0.532047
0.537065,0.553140,0.554715,0.096957,0.824514,0.736086,0.527513
0.548198,0.530230,0.553046,0.108189,0.836125,0.727811,0.551959
0.553904,0.557872,0.488158,0.111972,0.794289,0.708686,0.518326
0.528702,0.517619,0.446946,0.118815,0.727475,0.670141,0.525962
0.537065,0.553140,0.554715,0.096957,0.824514,0.736086,0.527513
0.568644,0.540553,0.512159,0.090845,0.828941,0.736726,0.539817
0.613798,0.590189,0.624131,0.079748,0.873199,0.771380,0.526887
0.577864,0.569074,0.560783,0.100549,0.802498,0.706025,0.514322
0.548198,0.530230,0.553046,0.108189,0.836125,0.727811,0.551959
0.527030,0.525814,0.481967,0.117749,0.767641,0.680999,0.540750
0.530546,0.506200,0.459560,0.129822,0.779757,0.615294,0.561520
0.544439,0.498245,0.470879,0.108841,0.836550,0.735408,0.553645
0.580106,0.539970,0.622478,0.076297,0.880210,0.734674,0.583507
0.566709,0.529488,0.602271,0.083531,0.893303,0.724324,0.613096
0.573848,0.564634,0.622195,0.074973,0.901528,0.706793,0.650260
0.557788,0.538853,0.489271,0.091182,0.845455,0.714772,0.573526
0.566255,0.522358,0.480999,0.106091,0.859043,0.679364,0.606400
0.558888,0.552727,0.494013,0.103476,0.888362,0.727551,0.662907
0.535696,0.564595,0.556183,0.104076,0.836439,0.704111,0.525205
0.583483,0.545095,0.487561,0.097825,0.837293,0.663784,0.539426
0.580498,0.538914,0.490513,0.096001,0.830353,0.676611,0.552839
0.530978,0.534986,0.444095,0.121309,0.733724,0.629897,0.524768
0.532732,0.527699,0.444933,0.122050,0.721514,0.659510,0.516898
0.563819,0.543667,0.624571,0.092693,0.865670,0.728410,0.537463
0.572092,0.545688,0.589226,0.098475,0.839030,0.706089,0.534800
0.421623,0.446018,0.384886,0.166042,0.706082,0.591054,0.518423
0.558903,0.536865,0.578656,0.091150,0.861639,0.706409,0.541951
0.523797,0.529973,0.509375,0.102858,0.830307,0.703988,0.529386
0.562546,0.525113,0.603282,0.102337,0.869282,0.715959,0.562791
0.560999,0.516060,0.492622,0.109509,0.823553,0.674143,0.549367
0.519216,0.476555,0.492320,0.115889,0.805236,0.685319,0.503003
0.499334,0.488053,0.504672,0.121734,0.803556,0.666435,0.500532
0.533577,0.551765,0.561564,0.112054,0.826397,0.701931,0.526074
0.545821,0.525500,0.560339,0.124074,0.836872,0.694254,0.550768
0.565164,0.531630,0.519092,0.103823,0.824196,0.706023,0.526255
0.421623,0.446018,0.384886,0.166042,0.706082,0.591054,0.518423
0.563819,0.543667,0.624571,0.092693,0.865670,0.728410,0.537463
0.556948,0.523023,0.600469,0.098840,0.843734,0.657343,0.539739
0.519216,0.476555,0.492320,0.115889,0.805236,0.685319,0.503003
0.533577,0.551765,0.561564,0.112054,0.826397,0.701931,0.526074
0.564127,0.537398,0.627533,0.099026,0.861477,0.716127,0.551787
0.391035,0.348042,0.334117,0.195152,0.717487,0.650873,0.469601
0.391035,0.348042,0.334117,0.195152,0.717487,0.650873,0.469601
0.399662,0.364523,0.341890,0.178023,0.743850,0.668578,0.479028
0.399662,0.364523,0.341890,0.178023,0.743850,0.668578,0.479028
0.478599,0.452106,0.444115,0.100917,0.797538,0.653813,0.544268
0.477766,0.442378,0.463413,0.100211,0.813715,0.644417,0.550186
0.551744,0.582371,0.394330,0.106910,0.871995,0.675818,0.574628
0.409981,0.455505,0.355259,0.127465,0.774830,0.625739,0.531792
0.490667,0.486599,0.393093,0.129803,0.773925,0.655266,0.552013
0.569051,0.598233,0.429591,0.099526,0.826493,0.696718,0.513182
0.475142,0.477652,0.353139,0.125071,0.762791,0.702545,0.472130
0.491699,0.481132,0.366205,0.137307,0.734109,0.670099,0.498403
0.371842,0.402824,0.360563,0.160550,0.711934,0.553935,0.542557
0.371842,0.402824,0.360563,0.160550,0.711934,0.553935,0.542557
0.541905,0.504237,0.440116,0.104107,0.791958,0.539884,0.513874
0.479012,0.452808,0.381594,0.114018,0.725475,0.573657,0.487295
0.477431,0.445158,0.381476,0.111274,0.723623,0.575530,0.486538
0.479012,0.452808,0.381594,0.114018,0.725475,0.573657,0.487295
0.301044,0.319642,0.302905,0.324089,0.540381,0.446377,0.606878
0.432900,0.488089,0.425858,0.128078,0.743475,0.581648,0.444421
0.564351,0.590128,0.545209,0.093396,0.823888,0.709137,0.528374
0.494565,0.489284,0.431917,0.118745,0.715693,0.624294,0.465242
0.490956,0.513616,0.410554,0.117160,0.706423,0.607767,0.474374
0.416912,0.348035,0.371053,0.145668,0.729701,0.622150,0.465072
0.482456,0.458325,0.345605,0.106110,0.732203,0.600458,0.573879
0.543170,0.581532,0.497402,0.093670,0.825036,0.737702,0.460040
0.555896,0.590164,0.527376,0.093881,0.838977,0.698263,0.496779
0.537218,0.585680,0.488215,0.089287,0.843290,0.748586,0.485103
0.551051,0.591019,0.516295,0.090303,0.845533,0.708924,0.503457
0.565628,0.581026,0.466778,0.085908,0.875927,0.772051,0.593749
0.571476,0.652426,0.529264,0.085832,0.923131,0.808333,0.608162
0.578350,0.623287,0.515426,0.102773,0.872150,0.752665,0.528692
0.566562,0.626348,0.498200,0.095558,0.885702,0.790865,0.597537
0.560352,0.620334,0.482515,0.091046,0.887408,0.816231,0.590285
0.566295,0.591312,0.521483,0.094742,0.864112,0.763717,0.533512
0.561107,0.612159,0.447060,0.084829,0.862106,0.777800,0.562442
0.546206,0.618985,0.480860,0.095794,0.872055,0.792076,0.560030
0.543629,0.585360,0.452551,0.098281,0.849499,0.762905,0.563767
0.594706,0.649501,0.516963,0.106131,0.832114,0.758453,0.570854
0.557666,0.636582,0.503983,0.098095,0.864670,0.735903,0.547717
0.553049,0.636381,0.516683,0.098744,0.856663,0.767706,0.532805
0.570338,0.636325,0.490214,0.092778,0.871492,0.794343,0.549760
0.572238,0.675518,0.560200,0.090159,0.876284,0.771502,0.539597
0.572700,0.632171,0.494579,0.107102,0.834239,0.733965,0.533446
0.528382,0.590639,0.472611,0.114153,0.820297,0.743115,0.563202
0.566927,0.618991,0.486980,0.106827,0.827115,0.753995,0.569828
0.517585,0.561058,0.439267,0.122787,0.790436,0.760561,0.535313
0.565080,0.611637,0.491111,0.097052,0.877148,0.750135,0.551119
0.552781,0.558984,0.481335,0.109607,0.860889,0.773442,0.594702
0.606947,0.643842,0.495369,0.099274,0.844287,0.765410,0.519824
0.573132,0.595788,0.508051,0.105714,0.822786,0.739302,0.518947
0.539108,0.583095,0.499132,0.101092,0.847668,0.773936,0.554020
0.570338,0.636325,0.490214,0.092778,0.871492,0.794343,0.549760
0.557094,0.563644,0.447158,0.099698,0.865360,0.727912,0.611097
0.561673,0.587709,0.459934,0.098734,0.854200,0.721869,0.598136
0.572649,0.594507,0.459117,0.106355,0.817942,0.750117,0.581668
0.515294,0.537310,0.477193,0.106183,0.878518,0.738740,0.604436
0.515533,0.540917,0.485164,0.106173,0.877515,0.744366,0.603098
0.527226,0.550745,0.499343,0.107529,0.875269,0.750999,0.600181
0.538150,0.563087,0.520641,0.121743,0.869899,0.743405,0.585063
0.551713,0.583675,0.530838,0.115604,0.865727,0.766416,0.559983
0.467049,0.416697,0.333313,0.139735,0.798232,0.656455,0.642105
0.568820,0.587597,0.472718,0.087494,0.850549,0.764874,0.549013
0.562665,0.595643,0.515319,0.095895,0.862965,0.771399,0.541474
0.564000,0.568460,0.515035,0.125788,0.804630,0.695946,0.546187
0.591267,0.615490,0.521388,0.076771,0.897238,0.759168,0.637067
0.535016,0.541969,0.413007,0.093791,0.866377,0.730952,0.633165
0.568290,0.589540,0.498653,0.087272,0.886750,0.746455,0.619507
0.542470,0.552147,0.430194,0.096015,0.868484,0.724668,0.625471
0.571641,0.595510,0.505012,0.089054,0.887864,0.753802,0.620123
0.563260,0.573479,0.483621,0.101692,0.852614,0.725723,0.586303
0.512225,0.508981,0.394753,0.115352,0.861771,0.706613,0.600653
0.572055,0.591494,0.517581,0.104039,0.889936,0.735696,0.608634
0.564659,0.568428,0.502712,0.096251,0.874793,0.728543,0.581564
0.589730,0.603770,0.542705,0.080875,0.887401,0.749564,0.611594
0.588346,0.598854,0.574877,0.072883,0.904798,0.793631,0.600310
0.578541,0.598599,0.523287,0.082965,0.902342,0.797009,0.578306
0.572743,0.593716,0.538018,0.085254,0.869066,0.760465,0.551690
0.538853,0.516462,0.449305,0.119544,0.888853,0.710688,0.597152
0.576488,0.584768,0.531556,0.096529,0.872161,0.735026,0.614823
0.534733,0.518104,0.432609,0.102929,0.861934,0.712101,0.599384
0.572589,0.595359,0.524357,0.094864,0.887979,0.750346,0.601288
0.555760,0.560073,0.443573,0.100454,0.861866,0.715239,0.623043
0.517650,0.521591,0.388879,0.104958,0.793440,0.694204,0.588701
0.571800,0.607832,0.507549,0.093406,0.876362,0.770058,0.600589
0.567457,0.590310,0.501712,0.097727,0.880763,0.764467,0.577172
0.569581,0.619721,0.519005,0.096959,0.889914,0.735197,0.595202
0.602634,0.642490,0.573543,0.109357,0.887049,0.754467,0.607197
0.582481,0.603449,0.522200,0.090082,0.883882,0.754604,0.618509
0.606606,0.654469,0.550596,0.088847,0.894043,0.737434,0.595968
0.594415,0.648544,0.604777,0.084767,0.879443,0.735129,0.542621
0.553056,0.602497,0.487672,0.096594,0.887848,0.737959,0.571837
0.591808,0.621709,0.504630,0.090077,0.881450,0.768773,0.589840
0.585389,0.580378,0.509060,0.106697,0.852682,0.686740,0.600545
0.581468,0.580991,0.510169,0.103814,0.847687,0.727393,0.588872
0.543857,0.554337,0.449380,0.108367,0.893094,0.719026,0.652865
0.578628,0.581919,0.494920,0.110687,0.843917,0.713560,0.626535
0.571076,0.562910,0.466073,0.106524,0.840097,0.726717,0.583998
0.541829,0.521974,0.355911,0.132406,0.786254,0.612174,0.601367
0.527430,0.528897,0.363827,0.122745,0.776882,0.662261,0.597571
0.520102,0.516800,0.401764,0.118358,0.830545,0.695390,0.598197
0.465350,0.479593,0.378253,0.134817,0.778953,0.633873,0.597376
0.581237,0.520802,0.468750,0.104165,0.870045,0.725949,0.645815
0.561454,0.589395,0.464134,0.103491,0.852611,0.704710,0.612976
0.571287,0.611161,0.485397,0.099209,0.860251,0.689973,0.588577
0.570871,0.616806,0.500178,0.101825,0.874072,0.691130,0.606799
0.590574,0.633338,0.551516,0.097825,0.884176,0.744176,0.610870
0.587333,0.605424,0.530719,0.107960,0.831922,0.709291,0.578359
0.523754,0.543005,0.414223,0.128929,0.824225,0.652427,0.587604
0.570191,0.593807,0.462966,0.110882,0.817745,0.729989,0.595203
0.609595,0.645698,0.545029,0.106135,0.872602,0.762053,0.579064
0.560340,0.506967,0.409342,0.122136,0.849521,0.634739,0.676276
0.570113,0.592434,0.504128,0.101104,0.863714,0.754466,0.572634
0.570113,0.592434,0.504128,0.101104,0.863714,0.754466,0.572634
0.561577,0.604067,0.517356,0.097599,0.883559,0.789956,0.580651
0.561577,0.604067,0.517356,0.097599,0.883559,0.789956,0.580651
0.561573,0.538322,0.356890,0.111013,0.806247,0.622797,0.575342
0.571306,0.602036,0.509260,0.090615,0.887248,0.758913,0.622906
0.480493,0.526395,0.394445,0.123116,0.727258,0.596812,0.463807
0.530540,0.525209,0.390526,0.101472,0.814024,0.626079,0.606878
0.606224,0.618048,0.519801,0.098061,0.835351,0.706702,0.610279
0.586775,0.613796,0.537003,0.096669,0.877265,0.695823,0.608775
0.599732,0.645790,0.552901,0.102699,0.870902,0.688683,0.601630
0.555114,0.623028,0.492904,0.096508,0.881468,0.765363,0.586309
0.557666,0.636582,0.503983,0.098095,0.864670,0.735903,0.547717
0.586775,0.613796,0.537003,0.096669,0.877265,0.695823,0.608775
0.599732,0.645790,0.552901,0.102699,0.870902,0.688683,0.601630
0.497668,0.524699,0.475573,0.099283,0.771397,0.662759,0.446457
0.290445,0.305500,0.303407,0.157729,0.625645,0.483464,0.526227
0.388888,0.334478,0.373736,0.198996,0.617170,0.558356,0.493932
0.396205,0.341047,0.375975,0.170211,0.677150,0.582278,0.494793
0.415486,0.352571,0.377940,0.157773,0.720445,0.606809,0.451182
0.403910,0.344675,0.365472,0.170549,0.647832,0.596269,0.455707
0.397662,0.332949,0.374946,0.189508,0.653166,0.590580,0.460287
0.377900,0.332697,0.374290,0.205936,0.597071,0.572053,0.476197
0.385150,0.336689,0.363798,0.165833,0.663599,0.587175,0.493762
0.432518,0.354869,0.358676,0.168544,0.627629,0.558115,0.489984
0.388001,0.345900,0.363271,0.173006,0.663434,0.592459,0.495602
0.388546,0.336633,0.373076,0.157334,0.653242,0.594930,0.484339
0.427711,0.396370,0.385581,0.138767,0.741921,0.663937,0.490466
0.389359,0.341223,0.378829,0.156821,0.657649,0.600784,0.488748
0.384154,0.338655,0.366975,0.152384,0.651373,0.610739,0.479659
0.388635,0.339518,0.345061,0.164924,0.649337,0.628272,0.490133
0.363965,0.334695,0.351383,0.175204,0.621892,0.604263,0.500298
0.366019,0.324478,0.382854,0.158202,0.668809,0.626872,0.495600
0.376230,0.329536,0.382030,0.146785,0.675486,0.654969,0.448595
0.361932,0.328609,0.378684,0.161782,0.662749,0.620558,0.475590
0.357376,0.321343,0.370200,0.152429,0.666789,0.627595,0.494003
0.375233,0.348928,0.364818,0.151136,0.614139,0.623778,0.484166
0.395888,0.346751,0.378709,0.190390,0.657758,0.621219,0.517296
0.369877,0.330398,0.380077,0.202925,0.584356,0.594281,0.462207
0.390628,0.344492,0.400379,0.170564,0.677105,0.651522,0.504614
0.330832,0.325390,0.350183,0.189167,0.655844,0.644365,0.488405
0.362097,0.317395,0.376926,0.190776,0.612242,0.537140,0.483821
0.339314,0.298729,0.361135,0.132504,0.749016,0.594977,0.523357
0.344013,0.308967,0.345340,0.135869,0.665141,0.610448,0.495904
0.348715,0.311082,0.364562,0.166567,0.653736,0.585216,0.483409
0.267432,0.291626,0.321177,0.208469,0.622242,0.542362,0.509464
0.261595,0.271730,0.320348,0.218619,0.612106,0.520392,0.512520
0.333527,0.309759,0.322925,0.146066,0.714855,0.536173,0.533620
0.404333,0.339295,0.344205,0.156324,0.660142,0.642700,0.526424
0.406472,0.384527,0.381068,0.131804,0.762229,0.683634,0.502091
0.358833,0.316606,0.358770,0.177124,0.631036,0.619826,0.502213
0.347999,0.327429,0.354612,0.191874,0.626045,0.610367,0.498287
0.449288,0.480009,0.421798,0.110249,0.672317,0.623034,0.481071
0.450292,0.489482,0.413739,0.101123,0.737027,0.635061,0.440817
0.510993,0.531895,0.422814,0.102793,0.687733,0.599891,0.438046
0.581372,0.593133,0.441770,0.117101,0.785462,0.537776,0.478805
0.540361,0.567629,0.435495,0.130095,0.796888,0.590092,0.486915
0.535377,0.575108,0.453612,0.131867,0.819885,0.563541,0.508870
0.526760,0.548330,0.441584,0.136954,0.780590,0.556081,0.505993
0.525604,0.564479,0.457668,0.140446,0.807279,0.512358,0.523098
0.516450,0.587021,0.453447,0.133922,0.818198,0.526442,0.491643
0.512415,0.499739,0.450898,0.107311,0.783366,0.634049,0.453710
0.519265,0.506564,0.428536,0.098896,0.810663,0.650468,0.473268
0.481435,0.477413,0.389083,0.116502,0.746618,0.506617,0.475953
0.484608,0.502921,0.390104,0.124056,0.775682,0.528653,0.475274
0.518662,0.494298,0.436451,0.102073,0.802471,0.656893,0.441122
0.514240,0.562974,0.451566,0.108744,0.795987,0.574870,0.446128
0.533680,0.581960,0.490436,0.116844,0.818678,0.547294,0.465699
0.463256,0.453766,0.408415,0.117540,0.755833,0.567576,0.470740
0.497958,0.489662,0.407884,0.114463,0.734809,0.572317,0.428919
0.488410,0.490808,0.392805,0.108688,0.746737,0.623258,0.437007
0.514618,0.546995,0.457989,0.104309,0.734707,0.604655,0.428723
0.522228,0.558005,0.465038,0.107716,0.812832,0.651092,0.466356
0.530219,0.578399,0.482377,0.098392,0.821998,0.639153,0.441081
0.529469,0.582318,0.499892,0.102847,0.838721,0.594953,0.469277
0.569284,0.586166,0.446264,0.101117,0.781881,0.568457,0.442541
0.572264,0.582701,0.474686,0.103108,0.793015,0.547343,0.469966
0.528222,0.573595,0.473665,0.100892,0.779286,0.616411,0.426029
0.521247,0.577424,0.502711,0.108050,0.793823,0.577568,0.462224
0.560544,0.611728,0.484301,0.098182,0.835834,0.594932,0.434672
0.562971,0.599451,0.480682,0.096949,0.834589,0.579157,0.436221
0.578411,0.609188,0.515485,0.094606,0.843461,0.616865,0.470831
0.510467,0.575690,0.448855,0.109209,0.779092,0.566624,0.429657
0.603650,0.620794,0.471479,0.105458,0.790343,0.508896,0.430924
0.602925,0.604912,0.469839,0.105182,0.788898,0.493340,0.435367
0.617337,0.615499,0.501368,0.099203,0.802114,0.531340,0.467812
0.547055,0.546009,0.410871,0.104016,0.756195,0.499864,0.428380
0.567320,0.556180,0.451965,0.108024,0.776209,0.481561,0.458007
0.525372,0.554440,0.405378,0.099383,0.790620,0.602165,0.441732
0.540072,0.566664,0.443742,0.104980,0.804864,0.575580,0.465657
0.499432,0.537504,0.402920,0.116781,0.700360,0.547146,0.405916
0.548364,0.548510,0.412362,0.103616,0.746827,0.528596,0.429834
0.566548,0.557997,0.453554,0.105258,0.768895,0.509234,0.456238
0.499893,0.555686,0.437516,0.119994,0.786995,0.573042,0.454044
0.557434,0.583319,0.438575,0.117504,0.657613,0.477429,0.423901
0.528637,0.568696,0.442506,0.111961,0.799045,0.579621,0.462272
0.499239,0.494009,0.427867,0.104521,0.824812,0.651412,0.470360
0.531733,0.510531,0.379627,0.116369,0.738750,0.497198,0.467094
0.565757,0.583132,0.433402,0.108076,0.736418,0.540765,0.485894
0.525315,0.540356,0.413146,0.097877,0.792397,0.584997,0.480126
0.535198,0.564443,0.443364,0.106947,0.800238,0.596205,0.483322
0.558434,0.600896,0.483865,0.095249,0.838501,0.635504,0.466700
0.519649,0.565541,0.449354,0.115159,0.787108,0.574136,0.505331
0.527831,0.563605,0.446271,0.110933,0.796022,0.579843,0.498954
0.527831,0.563605,0.446271,0.110933,0.796022,0.579843,0.498954
0.478672,0.496981,0.383731,0.123747,0.749563,0.585417,0.501014
0.540409,0.539561,0.450267,0.104762,0.780971,0.555216,0.479614
0.569799,0.561985,0.448164,0.117869,0.727035,0.495264,0.459067
0.523934,0.502209,0.370036,0.124358,0.735249,0.515152,0.484671
0.481020,0.491313,0.392493,0.133272,0.741340,0.517450,0.495409
0.508297,0.514465,0.403018,0.117698,0.729320,0.525306,0.494223
0.511144,0.534589,0.403866,0.111822,0.723315,0.521985,0.485857
0.519387,0.509613,0.457278,0.106675,0.737950,0.630912,0.473422
0.363740,0.361159,0.386702,0.163683,0.566485,0.563798,0.461026
0.363740,0.361159,0.386702,0.163683,0.566485,0.563798,0.461026
0.366423,0.411091,0.391589,0.141462,0.631344,0.553373,0.461391
0.521550,0.528413,0.444558,0.100141,0.786800,0.641824,0.428231
0.479677,0.427268,0.345196,0.120206,0.658338,0.538326,0.501467
0.491088,0.454844,0.388752,0.120901,0.720704,0.526175,0.532258
0.484126,0.420664,0.339228,0.115915,0.692637,0.562340,0.514994
0.508455,0.498307,0.436931,0.119686,0.681719,0.566234,0.464249
0.503114,0.508825,0.450155,0.114726,0.676598,0.554440,0.456146
0.496687,0.499571,0.437328,0.118613,0.675984,0.554189,0.458034
0.498606,0.493845,0.439615,0.114894,0.682213,0.549753,0.451430
0.509886,0.506672,0.440197,0.118615,0.671289,0.568926,0.453392
0.371759,0.371430,0.370101,0.146540,0.722933,0.541778,0.422467
0.511908,0.535623,0.423583,0.100675,0.825068,0.586351,0.432289
0.567488,0.560261,0.427421,0.106786,0.777738,0.477835,0.421998
0.562870,0.595356,0.473354,0.099528,0.828297,0.602581,0.422562
0.611942,0.616793,0.476680,0.107322,0.784070,0.484576,0.411633
0.540222,0.573408,0.475290,0.103255,0.833090,0.637614,0.462242
0.474164,0.476246,0.415692,0.111388,0.758099,0.621833,0.458880
0.324171,0.309798,0.292744,0.164832,0.786658,0.483485,0.509029
0.326324,0.305970,0.290907,0.155775,0.782771,0.480972,0.504486
0.317830,0.299172,0.276376,0.165949,0.763695,0.497168,0.535592
0.324171,0.309798,0.292744,0.164832,0.786658,0.483485,0.509029
0.354434,0.368445,0.273258,0.141033,0.823264,0.509140,0.538601
0.325444,0.311560,0.292069,0.159489,0.792567,0.477750,0.507241
0.324171,0.309798,0.292744,0.164832,0.786658,0.483485,0.509029
0.562726,0.544620,0.409527,0.115594,0.908217,0.606106,0.527024
0.324171,0.309798,0.292744,0.164832,0.786658,0.483485,0.509029
0.322046,0.308773,0.292772,0.166745,0.781364,0.484041,0.511913
0.321917,0.297835,0.298798,0.182784,0.725411,0.458791,0.527301
0.266713,0.285207,0.295190,0.253688,0.673368,0.357712,0.518838
0.267075,0.286653,0.292741,0.259022,0.673176,0.348931,0.517087
0.330638,0.319637,0.333564,0.203578,0.746619,0.402309,0.526639
0.266997,0.280962,0.295163,0.247839,0.668228,0.358790,0.505143
0.330056,0.319935,0.328753,0.215476,0.738087,0.384654,0.522726
0.330675,0.320067,0.323578,0.224330,0.734944,0.366851,0.517540
0.330462,0.320873,0.318901,0.232708,0.731023,0.357149,0.516626
0.331715,0.322827,0.316259,0.238557,0.730251,0.343395,0.512703
0.287664,0.301779,0.298209,0.236056,0.707017,0.379880,0.533374
0.438640,0.497545,0.427124,0.124611,0.782575,0.568089,0.480186
0.476778,0.447188,0.459701,0.117177,0.817970,0.662952,0.517640
0.437283,0.444952,0.428463,0.137159,0.803519,0.658828,0.566442
0.573430,0.595680,0.614121,0.092120,0.871839,0.735474,0.553781
0.567164,0.566998,0.587249,0.098949,0.855527,0.725622,0.542637
0.544295,0.545774,0.463589,0.132102,0.784868,0.696132,0.521691
0.559140,0.574507,0.612266,0.107085,0.858425,0.704813,0.547172
0.557070,0.544940,0.586258,0.118174,0.839608,0.692691,0.536408
0.536843,0.570139,0.492236,0.143026,0.824126,0.677757,0.532543
0.539486,0.539823,0.477557,0.155429,0.790064,0.658710,0.516989
0.561717,0.549181,0.514521,0.135521,0.809420,0.686854,0.536322
0.559140,0.574507,0.612266,0.107085,0.858425,0.704813,0.547172
0.553875,0.557748,0.524066,0.123002,0.866522,0.683831,0.554249
0.505317,0.546075,0.388431,0.112250,0.777538,0.611475,0.501061
0.484880,0.449721,0.374805,0.128643,0.733475,0.630770,0.424423
0.444680,0.419002,0.352775,0.160804,0.678785,0.624329,0.523567
0.516749,0.562122,0.396885,0.126776,0.755971,0.576915,0.447354
0.498198,0.475072,0.394643,0.115549,0.744358,0.681211,0.451391
0.581864,0.620789,0.518944,0.093452,0.804762,0.764322,0.481036
0.591358,0.579106,0.508123,0.094387,0.830560,0.712834,0.533918
0.607775,0.588270,0.534824,0.095553,0.826162,0.710929,0.536783
0.497761,0.470465,0.339713,0.134932,0.733183,0.605370,0.523113
0.495053,0.466975,0.338529,0.131194,0.734894,0.598455,0.529363
0.435225,0.417407,0.387872,0.140297,0.757500,0.510419,0.542922
0.315161,0.326960,0.300206,0.263295,0.621310,0.392246,0.543824
0.510865,0.545324,0.433629,0.130398,0.842110,0.607836,0.565127
0.242269,0.283244,0.297033,0.474647,0.390259,0.227966,0.442259
0.383106,0.336971,0.308563,0.150726,0.791654,0.694851,0.534495
0.375678,0.334762,0.307211,0.146719,0.789953,0.682420,0.521199
0.378330,0.352328,0.298822,0.154767,0.788848,0.668664,0.505839
0.381990,0.345085,0.290207,0.134937,0.789692,0.685257,0.519740
0.381538,0.337272,0.295938,0.152031,0.767859,0.678386,0.504367
0.366874,0.334665,0.310255,0.140735,0.790906,0.673752,0.500844
0.361063,0.340773,0.301054,0.136697,0.788652,0.664795,0.526225
0.373393,0.339533,0.308677,0.135799,0.775957,0.645106,0.511632
0.365982,0.333887,0.295780,0.160785,0.781778,0.669942,0.548541
0.350922,0.342874,0.315255,0.160004,0.697073,0.629360,0.517653
0.383219,0.357058,0.306850,0.145225,0.794483,0.620956,0.531066
0.281709,0.283197,0.301592,0.280769,0.538781,0.453006,0.529972
0.505871,0.506697,0.422467,0.117038,0.881799,0.694800,0.550787
0.253541,0.304187,0.266124,0.271131,0.620507,0.392920,0.555488
0.315444,0.328889,0.299059,0.226553,0.718280,0.492217,0.576951
0.372174,0.351085,0.327852,0.185230,0.688947,0.482999,0.527326
0.378747,0.336237,0.312854,0.171090,0.711248,0.527366,0.488712
0.272451,0.284676,0.268830,0.212035,0.666787,0.537236,0.507608
0.241687,0.286886,0.274119,0.305494,0.606039,0.399049,0.517721
0.249685,0.290625,0.284311,0.243707,0.680617,0.456950,0.532667
0.261875,0.305810,0.287416,0.255553,0.681255,0.452314,0.543507
0.258999,0.305589,0.285296,0.280774,0.679981,0.430434,0.548066
0.346868,0.350889,0.330304,0.190760,0.689172,0.502979,0.482443
0.350661,0.366667,0.343557,0.204241,0.679887,0.444178,0.473927
0.344149,0.337913,0.298707,0.206258,0.757604,0.527208,0.557036
0.315220,0.317635,0.282498,0.203665,0.706655,0.513447,0.540615
0.269353,0.331797,0.301747,0.212094,0.653080,0.442618,0.498083
0.247133,0.285896,0.282050,0.268782,0.552243,0.442679,0.529206
0.242972,0.286479,0.279107,0.291663,0.502346,0.417879,0.504084
0.238395,0.279884,0.275711,0.313454,0.584291,0.439065,0.549329
0.232662,0.283364,0.278051,0.230998,0.628611,0.476780,0.594264
0.375102,0.346199,0.320009,0.172250,0.696727,0.574895,0.439462
0.371104,0.355359,0.317105,0.168191,0.701680,0.579719,0.443494
0.319343,0.312636,0.302101,0.171483,0.662505,0.600831,0.446636
0.522243,0.546070,0.429868,0.090511,0.856028,0.719611,0.536322
0.408814,0.451784,0.353398,0.113475,0.830423,0.691874,0.508530
0.514809,0.513257,0.425198,0.092189,0.857602,0.745045,0.546084
0.394833,0.434022,0.337322,0.111416,0.823879,0.625915,0.536976
0.534384,0.580842,0.473746,0.086415,0.911111,0.716275,0.564897
0.527921,0.563908,0.481830,0.086355,0.908800,0.729442,0.585691
0.379519,0.364918,0.327011,0.144373,0.731572,0.631251,0.463510
0.313310,0.304652,0.287855,0.167316,0.696512,0.644658,0.532261
0.372552,0.336422,0.326216,0.170464,0.696598,0.570985,0.445946
0.366167,0.343135,0.323289,0.168554,0.703361,0.572534,0.452861
0.314450,0.304545,0.306925,0.172814,0.663524,0.590604,0.448876
0.304513,0.310715,0.309131,0.194775,0.645981,0.545095,0.460205
0.309100,0.330567,0.299301,0.166330,0.639694,0.539104,0.456692
0.525947,0.529198,0.438015,0.083770,0.870548,0.727829,0.533885
0.516645,0.499348,0.434145,0.086506,0.872091,0.751177,0.542789
0.413647,0.470031,0.387588,0.104901,0.887359,0.655761,0.516436
0.504515,0.525365,0.395399,0.107739,0.875530,0.705194,0.527721
0.378953,0.360927,0.325912,0.141849,0.732370,0.647274,0.465864
0.492237,0.494798,0.386949,0.105510,0.877402,0.725914,0.537579
0.441559,0.432913,0.346698,0.133642,0.701757,0.554538,0.470140
0.310503,0.293574,0.294928,0.162271,0.695673,0.643383,0.548203
0.312998,0.316544,0.290909,0.160218,0.662532,0.623355,0.541483
0.315104,0.322322,0.303333,0.161178,0.671880,0.594714,0.547499
0.236286,0.249123,0.267210,0.263534,0.629263,0.406390,0.563779
0.324502,0.300827,0.308445,0.145592,0.753105,0.671715,0.475934
0.348644,0.359652,0.333872,0.135074,0.738277,0.659301,0.488961
0.325095,0.310854,0.296506,0.157622,0.734168,0.629592,0.506214
0.524379,0.507775,0.428121,0.111014,0.856847,0.663811,0.521762
0.495919,0.482745,0.390895,0.101694,0.860133,0.731037,0.497965
0.415055,0.425790,0.421206,0.136442,0.682936,0.604511,0.525627
0.529187,0.531758,0.598788,0.093321,0.829349,0.722598,0.501568
0.315690,0.308684,0.366154,0.173053,0.630061,0.491875,0.501635
0.266814,0.302921,0.291289,0.461138,0.396737,0.249489,0.547205
0.290983,0.293222,0.292405,0.167466,0.692550,0.590868,0.435226
0.490554,0.536373,0.451171,0.127015,0.809849,0.729308,0.456848
0.490823,0.556549,0.492487,0.131486,0.788980,0.655195,0.468159
0.394902,0.503404,0.418264,0.144618,0.714502,0.577298,0.470293
0.397584,0.506388,0.420495,0.145167,0.714222,0.576543,0.468369
0.457492,0.442492,0.402350,0.130782,0.803815,0.660114,0.520902
0.544837,0.596777,0.538249,0.090665,0.896383,0.755134,0.489558
0.504929,0.538598,0.427351,0.099688,0.877302,0.744038,0.488038
0.496997,0.541347,0.518417,0.129162,0.856357,0.737946,0.475048
0.441609,0.453856,0.397022,0.132068,0.792382,0.696507,0.478537
0.457748,0.459249,0.417788,0.142766,0.813634,0.668921,0.505987
0.495574,0.487505,0.428421,0.117555,0.815249,0.732702,0.470458
0.444522,0.456983,0.396735,0.133231,0.790552,0.691171,0.472284
0.416123,0.401335,0.350752,0.115197,0.786016,0.730486,0.469191
0.514067,0.556634,0.464937,0.110504,0.773721,0.708728,0.467012
0.442545,0.440456,0.399279,0.131795,0.794171,0.676351,0.484711
0.452102,0.447407,0.382265,0.126584,0.778090,0.671894,0.523350
0.273566,0.296808,0.322752,0.211028,0.612123,0.572713,0.439697
0.401597,0.512635,0.406397,0.155129,0.737979,0.663137,0.559253
0.287915,0.314358,0.318465,0.251442,0.486782,0.504719,0.507990
0.293327,0.344892,0.325514,0.255142,0.469010,0.481748,0.538633
0.286426,0.330175,0.308067,0.255991,0.538975,0.492000,0.555858
0.302519,0.332375,0.299449,0.231939,0.602782,0.538736,0.546887
0.286674,0.373959,0.302901,0.235958,0.519010,0.526997,0.539406
0.297753,0.370778,0.299847,0.229573,0.556453,0.553454,0.534373
0.294071,0.350691,0.309739,0.251592,0.486221,0.510414,0.544765
0.315611,0.389835,0.369297,0.236887,0.469807,0.456331,0.519629
0.297369,0.391682,0.355164,0.211128,0.557000,0.584570,0.558211
0.296832,0.361911,0.318773,0.333399,0.388072,0.345154,0.485420
0.283991,0.364123,0.307161,0.252686,0.470613,0.495163,0.539512
0.283856,0.374612,0.318391,0.248448,0.520724,0.467669,0.557664
0.464690,0.515979,0.404904,0.163320,0.654842,0.642664,0.529261
0.307191,0.355113,0.305579,0.217329,0.487894,0.545910,0.520404
0.447161,0.516758,0.393480,0.138459,0.705096,0.659720,0.545145
0.324047,0.354131,0.306358,0.184759,0.541798,0.572602,0.529464
0.451682,0.517279,0.401962,0.155379,0.575265,0.554962,0.482854
0.453571,0.530769,0.394617,0.154147,0.650603,0.660698,0.529614
0.414780,0.413066,0.306223,0.213712,0.643114,0.602357,0.566665
0.298728,0.364866,0.303394,0.259170,0.419039,0.474925,0.517817
0.300328,0.364238,0.296112,0.224310,0.462760,0.530586,0.518921
0.308684,0.366776,0.306692,0.250265,0.444450,0.386588,0.502063
0.405677,0.444532,0.380759,0.158172,0.688907,0.679013,0.562041
0.425424,0.490714,0.394167,0.154853,0.735474,0.695172,0.551939
0.419200,0.503236,0.392789,0.151887,0.717068,0.701517,0.558515
0.426319,0.522357,0.401061,0.158743,0.670482,0.705986,0.494980
0.400181,0.530592,0.386811,0.154949,0.703101,0.700498,0.557512
0.425026,0.507586,0.401431,0.171223,0.712489,0.699442,0.550054
0.366317,0.506225,0.367224,0.203187,0.641775,0.582052,0.561044
0.407475,0.516126,0.381393,0.160919,0.668952,0.683653,0.590374
0.307130,0.374589,0.306483,0.287472,0.437246,0.421061,0.503149
0.273611,0.355476,0.298137,0.224582,0.530870,0.592711,0.544309
0.259721,0.338565,0.292016,0.446363,0.366181,0.324567,0.509867
0.415233,0.467675,0.413310,0.176615,0.594709,0.565518,0.495634
0.420856,0.471768,0.404828,0.173180,0.667862,0.619103,0.551844
0.417807,0.496723,0.413431,0.177717,0.592616,0.631674,0.515335
0.392246,0.500290,0.399008,0.175193,0.631202,0.616290,0.561926
0.412820,0.486600,0.420166,0.200509,0.579968,0.557764,0.490017
0.420708,0.494643,0.410785,0.192693,0.653123,0.626663,0.554273
0.357432,0.429832,0.339583,0.246384,0.605029,0.614722,0.576988
0.278780,0.351950,0.317347,0.252096,0.479775,0.478804,0.544120
0.290507,0.350469,0.314242,0.378216,0.390021,0.337344,0.467833
0.286244,0.352208,0.319554,0.278471,0.394574,0.483901,0.506186
0.272625,0.349391,0.311119,0.277930,0.414840,0.463127,0.540647
0.437974,0.562201,0.419405,0.153077,0.721745,0.720469,0.569984
0.293450,0.343472,0.315093,0.384124,0.363441,0.319592,0.504585
0.263520,0.353133,0.298134,0.301227,0.474901,0.494646,0.545209
0.301477,0.314685,0.306518,0.271423,0.609029,0.491925,0.627237
0.308301,0.342387,0.317989,0.220779,0.650200,0.510707,0.607659
0.298228,0.323663,0.305110,0.333531,0.541373,0.450300,0.625736
0.341325,0.342223,0.332168,0.283616,0.648735,0.494613,0.635084
0.318482,0.342924,0.309309,0.273251,0.541518,0.483072,0.608109
0.370393,0.361175,0.305679,0.230228,0.666828,0.532319,0.624405
0.360701,0.355101,0.323648,0.269482,0.655595,0.517032,0.630990
0.347330,0.355353,0.311142,0.271121,0.647350,0.497874,0.611915
0.312639,0.320618,0.285460,0.260049,0.656094,0.480695,0.582141
0.336543,0.341613,0.295059,0.284158,0.680601,0.554412,0.609459
0.355578,0.348147,0.304863,0.247149,0.682045,0.572017,0.628477
0.342551,0.336906,0.310665,0.256536,0.669602,0.527212,0.639345
0.346313,0.347680,0.299531,0.259229,0.667777,0.539371,0.619949
0.296066,0.329315,0.296301,0.283279,0.636993,0.453442,0.621529
0.362705,0.393685,0.354128,0.146999,0.684158,0.650782,0.445372
0.481825,0.498522,0.449183,0.115109,0.792024,0.782613,0.457848
0.601650,0.600458,0.526625,0.126495,0.779106,0.716847,0.519066
0.532087,0.480590,0.466418,0.202911,0.686990,0.531070,0.416510
0.610678,0.598017,0.620002,0.128812,0.841213,0.657383,0.478298
0.610678,0.598017,0.620002,0.128812,0.841213,0.657383,0.478298
0.610678,0.598017,0.620002,0.128812,0.841213,0.657383,0.478298
0.571883,0.521844,0.479092,0.155466,0.763535,0.638386,0.461969
0.571883,0.521844,0.479092,0.155466,0.763535,0.638386,0.461969
0.571883,0.521844,0.479092,0.155466,0.763535,0.638386,0.461969
0.601977,0.561310,0.605587,0.148085,0.823032,0.626449,0.450796
0.601977,0.561310,0.605587,0.148085,0.823032,0.626449,0.450796
0.601977,0.561310,0.605587,0.148085,0.823032,0.626449,0.450796
0.223878,0.284484,0.227504,0.497295,0.398278,0.236805,0.517661
0.223878,0.284484,0.227504,0.497295,0.398278,0.236805,0.517661
0.223878,0.284484,0.227504,0.497295,0.398278,0.236805,0.517661
0.319281,0.301052,0.298319,0.248256,0.703451,0.497310,0.510668
0.321488,0.300791,0.310203,0.264846,0.615021,0.456811,0.517002
0.331117,0.313588,0.301300,0.249599,0.640785,0.503746,0.522316
0.302315,0.287956,0.264727,0.271263,0.706534,0.479633,0.508061
0.374103,0.338082,0.315056,0.240557,0.684928,0.571128,0.535719
0.372317,0.336108,0.298282,0.234945,0.773474,0.546560,0.526706
0.364838,0.338448,0.302417,0.229505,0.718349,0.553323,0.515909
0.368974,0.340136,0.314185,0.234557,0.706085,0.526267,0.526122
0.341109,0.332470,0.315005,0.247165,0.684254,0.526233,0.505533
0.305524,0.288101,0.290342,0.267581,0.709482,0.475657,0.510040
0.366920,0.344978,0.317947,0.233810,0.687180,0.529665,0.541657
0.343652,0.337799,0.302009,0.246390,0.688839,0.547231,0.513395
0.369649,0.307215,0.290966,0.285333,0.687293,0.524640,0.519109
0.372008,0.324036,0.314659,0.252604,0.691968,0.541723,0.535761
0.377628,0.325904,0.302036,0.254639,0.688906,0.574088,0.551514
0.379913,0.331670,0.297884,0.239029,0.736145,0.525814,0.552741
0.378629,0.322085,0.299148,0.238951,0.759166,0.536594,0.524394
0.384595,0.321046,0.291698,0.245224,0.772257,0.536815,0.536960
0.373338,0.307150,0.285478,0.282549,0.709513,0.521088,0.516748
0.376979,0.329005,0.292223,0.221870,0.772223,0.518264,0.538192
0.386494,0.329121,0.292973,0.239272,0.762102,0.511795,0.547755
0.369248,0.322572,0.290904,0.240754,0.725040,0.554161,0.529258
0.388642,0.341519,0.315781,0.232715,0.726057,0.540324,0.526802
0.390267,0.340459,0.290616,0.216945,0.723636,0.564067,0.507302
0.395569,0.341794,0.282037,0.220352,0.738786,0.591142,0.523167
0.389533,0.337376,0.288205,0.215298,0.740445,0.572899,0.519610
0.390864,0.340323,0.278807,0.214578,0.750579,0.585085,0.533647
0.320191,0.305668,0.286841,0.278690,0.676298,0.470663,0.517204
0.327226,0.306211,0.285806,0.283472,0.690651,0.469997,0.526436
0.317910,0.301366,0.280070,0.276238,0.691387,0.455176,0.525923
0.330810,0.298782,0.278230,0.282834,0.707123,0.465266,0.530996
0.318081,0.308143,0.259414,0.305359,0.656927,0.424668,0.513502
0.310093,0.290973,0.273699,0.288229,0.699255,0.444970,0.541242
0.319208,0.287696,0.271325,0.287581,0.699862,0.449510,0.541925
0.303812,0.292333,0.272953,0.295715,0.698847,0.434387,0.542257
0.309352,0.289950,0.269479,0.294306,0.695101,0.440715,0.539135
0.304531,0.276417,0.289637,0.281032,0.711325,0.473625,0.517135
0.307675,0.276958,0.277176,0.274912,0.716747,0.489212,0.524054
0.301501,0.291946,0.274746,0.301293,0.688753,0.427380,0.547550
0.309749,0.290525,0.270124,0.299070,0.689267,0.432558,0.545630
0.399134,0.337208,0.294802,0.218917,0.747217,0.587070,0.572516
0.320739,0.310358,0.302938,0.255862,0.681854,0.524288,0.520545
0.345763,0.326606,0.299697,0.263835,0.697333,0.529312,0.529857
0.361747,0.323085,0.296782,0.206618,0.774312,0.580554,0.527663
0.373864,0.322314,0.305409,0.246313,0.706735,0.578927,0.534750
0.361363,0.307344,0.293986,0.270082,0.689906,0.505218,0.534457
0.382500,0.324825,0.297211,0.227163,0.734697,0.488982,0.560486
0.374518,0.307624,0.284888,0.267389,0.715468,0.498576,0.532668
0.393509,0.325083,0.286610,0.225647,0.765029,0.503343,0.561859
0.389911,0.331106,0.294010,0.204212,0.743062,0.533598,0.533880
0.400142,0.340661,0.310964,0.206977,0.803991,0.576580,0.513447
0.373812,0.328271,0.287083,0.183755,0.685015,0.541089,0.529166
0.302021,0.300081,0.294598,0.215930,0.655711,0.519363,0.528511
0.483442,0.504744,0.423763,0.146137,0.823977,0.664859,0.567169
0.340716,0.323352,0.298718,0.194760,0.616849,0.572000,0.536819
0.366558,0.343930,0.340734,0.171830,0.657900,0.584789,0.450316
0.364194,0.331031,0.350302,0.183893,0.576574,0.588225,0.451907
0.417196,0.388246,0.342120,0.153695,0.679891,0.565523,0.519938
0.382796,0.348743,0.334635,0.166434,0.685421,0.685922,0.457022
0.397311,0.357485,0.296313,0.118035,0.820103,0.666298,0.531851
0.340600,0.309179,0.280878,0.141320,0.739166,0.609664,0.526824
0.400565,0.344621,0.278262,0.133055,0.775440,0.633174,0.525763
0.386704,0.329140,0.288905,0.121354,0.773272,0.642425,0.520522
0.472169,0.455451,0.318353,0.103505,0.877357,0.646714,0.591627
0.392456,0.332793,0.300423,0.131415,0.698271,0.665739,0.508630
0.337949,0.309982,0.293634,0.160258,0.650155,0.618140,0.512194
0.374594,0.326961,0.291732,0.138362,0.706171,0.632417,0.520540
0.390075,0.336825,0.305409,0.139017,0.689880,0.667693,0.505475
0.380282,0.338235,0.294588,0.152171,0.698419,0.623472,0.501798
0.362896,0.337122,0.330320,0.168531,0.610071,0.655171,0.464821
0.376645,0.326756,0.292620,0.143665,0.692280,0.636093,0.513613
0.373598,0.336928,0.296659,0.153139,0.684325,0.637978,0.500307
0.313630,0.298289,0.273287,0.189726,0.654788,0.601177,0.523879
0.350239,0.320954,0.293319,0.176712,0.668175,0.642754,0.530143
0.352816,0.320138,0.293983,0.176990,0.671179,0.621937,0.524872
0.373630,0.333377,0.305846,0.167394,0.708450,0.620310,0.516603
0.379691,0.347562,0.340701,0.175844,0.684209,0.667356,0.470873
0.379691,0.347562,0.340701,0.175844,0.684209,0.667356,0.470873
0.412250,0.356266,0.323221,0.169962,0.694660,0.661987,0.476165
0.364047,0.337191,0.352588,0.182361,0.617228,0.586831,0.473254
0.364047,0.337191,0.352588,0.182361,0.617228,0.586831,0.473254
0.351337,0.312155,0.312409,0.190644,0.673954,0.583846,0.525348
0.377359,0.407276,0.357439,0.217997,0.647279,0.532712,0.528719
0.377359,0.407276,0.357439,0.217997,0.647279,0.532712,0.528719
0.487915,0.467653,0.407526,0.185957,0.800094,0.644681,0.545429
0.487915,0.467653,0.407526,0.185957,0.800094,0.644681,0.545429
0.371007,0.389679,0.355847,0.224290,0.629196,0.539311,0.535792
0.371007,0.389679,0.355847,0.224290,0.629196,0.539311,0.535792
0.412179,0.386750,0.361823,0.197909,0.671351,0.600807,0.518796
0.412179,0.386750,0.361823,0.197909,0.671351,0.600807,0.518796
0.362873,0.376460,0.334273,0.228912,0.678296,0.512686,0.529792
0.362873,0.376460,0.334273,0.228912,0.678296,0.512686,0.529792
0.398423,0.426777,0.362897,0.211901,0.729910,0.533462,0.530173
0.398423,0.426777,0.362897,0.211901,0.729910,0.533462,0.530173
0.404130,0.382069,0.342168,0.197392,0.688212,0.543883,0.491434
0.404130,0.382069,0.342168,0.197392,0.688212,0.543883,0.491434
0.392570,0.427090,0.354377,0.221570,0.719093,0.521571,0.532971
0.392570,0.427090,0.354377,0.221570,0.719093,0.521571,0.532971
0.471128,0.451215,0.362483,0.172192,0.733527,0.650598,0.543444
0.471128,0.451215,0.362483,0.172192,0.733527,0.650598,0.543444
0.396369,0.407716,0.354975,0.209769,0.657439,0.495667,0.521571
0.396369,0.407716,0.354975,0.209769,0.657439,0.495667,0.521571
0.424414,0.393364,0.345901,0.194223,0.706107,0.559322,0.519442
0.424414,0.393364,0.345901,0.194223,0.706107,0.559322,0.519442
0.390586,0.404307,0.339580,0.213410,0.666841,0.501651,0.520912
0.390586,0.404307,0.339580,0.213410,0.666841,0.501651,0.520912
0.424837,0.407185,0.347165,0.188203,0.705281,0.568783,0.514080
0.424837,0.407185,0.347165,0.188203,0.705281,0.568783,0.514080
0.413865,0.381651,0.350837,0.207570,0.751699,0.573412,0.529761
0.413865,0.381651,0.350837,0.207570,0.751699,0.573412,0.529761
0.419359,0.390261,0.367594,0.191401,0.688340,0.570243,0.525571
0.468985,0.465707,0.380113,0.171601,0.711788,0.610831,0.526745
0.441216,0.455894,0.371126,0.182235,0.750477,0.627560,0.557608
0.400502,0.402272,0.364075,0.205931,0.672757,0.564451,0.503733
0.400502,0.402272,0.364075,0.205931,0.672757,0.564451,0.503733
0.319464,0.341180,0.328045,0.228556,0.715116,0.546093,0.523937
0.319464,0.341180,0.328045,0.228556,0.715116,0.546093,0.523937
0.442673,0.412814,0.330087,0.179201,0.707359,0.565223,0.506665
0.442673,0.412814,0.330087,0.179201,0.707359,0.565223,0.506665
0.436776,0.428805,0.339569,0.206909,0.726965,0.587297,0.517252
0.436776,0.428805,0.339569,0.206909,0.726965,0.587297,0.517252
0.449868,0.458932,0.379013,0.198454,0.764007,0.634713,0.521972
0.449868,0.458932,0.379013,0.198454,0.764007,0.634713,0.521972
0.361552,0.403976,0.348953,0.238853,0.585947,0.494846,0.519978
0.361552,0.403976,0.348953,0.238853,0.585947,0.494846,0.519978
0.510230,0.477102,0.407642,0.201460,0.737953,0.633071,0.538203
0.510230,0.477102,0.407642,0.201460,0.737953,0.633071,0.538203
0.409314,0.412422,0.361301,0.202147,0.636891,0.591781,0.512277
0.405810,0.402987,0.354079,0.227853,0.533539,0.510340,0.513552
0.424414,0.393364,0.345901,0.194223,0.706107,0.559322,0.519442
0.424414,0.393364,0.345901,0.194223,0.706107,0.559322,0.519442
0.424414,0.393364,0.345901,0.194223,0.706107,0.559322,0.519442
0.424414,0.393364,0.345901,0.194223,0.706107,0.559322,0.519442
0.424837,0.407185,0.347165,0.188203,0.705281,0.568783,0.514080
0.424837,0.407185,0.347165,0.188203,0.705281,0.568783,0.514080
0.424414,0.393364,0.345901,0.194223,0.706107,0.559322,0.519442
0.424414,0.393364,0.345901,0.194223,0.706107,0.559322,0.519442
0.424414,0.393364,0.345901,0.194223,0.706107,0.559322,0.519442
0.424414,0.393364,0.345901,0.194223,0.706107,0.559322,0.519442
0.424837,0.407185,0.347165,0.188203,0.705281,0.568783,0.514080
0.424837,0.407185,0.347165,0.188203,0.705281,0.568783,0.514080
0.412179,0.386750,0.361823,0.197909,0.671351,0.600807,0.518796
0.466255,0.453825,0.375461,0.185183,0.717265,0.606381,0.518999
0.332802,0.332856,0.325431,0.207550,0.706179,0.571114,0.525551
0.332802,0.332856,0.325431,0.207550,0.706179,0.571114,0.525551
0.334377,0.313301,0.278682,0.165015,0.761622,0.503778,0.506900
0.333351,0.311415,0.279169,0.170895,0.736199,0.499729,0.507615
0.314974,0.281193,0.296758,0.197592,0.699826,0.437920,0.514558
0.327105,0.308135,0.280517,0.180213,0.715370,0.499941,0.505551
0.317495,0.302298,0.281049,0.186931,0.707854,0.478926,0.502307
0.347822,0.316322,0.291568,0.163211,0.753252,0.492594,0.530351
0.309903,0.297802,0.281308,0.192283,0.705097,0.462054,0.496390
0.296598,0.293265,0.282922,0.199414,0.703469,0.453462,0.493473
0.288757,0.295035,0.282715,0.203553,0.698413,0.440583,0.493434
0.255797,0.282189,0.312319,0.221581,0.551344,0.426073,0.560478
0.255797,0.282189,0.312319,0.221581,0.551344,0.426073,0.560478
0.250937,0.283972,0.310686,0.235852,0.513703,0.401821,0.547925
0.250937,0.283972,0.310686,0.235852,0.513703,0.401821,0.547925
0.380862,0.325708,0.323146,0.156854,0.683570,0.571560,0.551840
0.316847,0.462923,0.347635,0.221778,0.509664,0.486289,0.552019
0.576062,0.581424,0.504901,0.093032,0.891341,0.637366,0.570899
0.398836,0.534399,0.400580,0.168047,0.617955,0.488880,0.596043
0.321478,0.455019,0.350310,0.218538,0.510210,0.477686,0.548880
0.406410,0.516451,0.402128,0.164661,0.612517,0.488024,0.593566
0.319244,0.447901,0.349156,0.204211,0.511042,0.486232,0.553705
0.414626,0.522922,0.409250,0.172535,0.620035,0.493729,0.596263
0.306401,0.315345,0.283743,0.203950,0.657020,0.423099,0.495240
0.249757,0.287542,0.308990,0.247027,0.478153,0.388555,0.483183
0.249757,0.287542,0.308990,0.247027,0.478153,0.388555,0.483183
0.401762,0.542396,0.437518,0.185059,0.684615,0.557633,0.619628
0.322575,0.456567,0.354017,0.231144,0.523400,0.515656,0.542278
0.414043,0.538158,0.409230,0.184540,0.633601,0.516878,0.594333
0.338511,0.325064,0.295605,0.192215,0.704698,0.559828,0.537434
0.324972,0.336498,0.299415,0.225442,0.639209,0.505538,0.531945
0.306947,0.338525,0.300727,0.307535,0.509290,0.400859,0.514015
0.223396,0.270316,0.262688,0.509988,0.353530,0.214112,0.385357
0.223396,0.270316,0.262688,0.509988,0.353530,0.214112,0.385357
0.213120,0.241096,0.293101,0.299136,0.422272,0.339250,0.475300
0.213120,0.241096,0.293101,0.299136,0.422272,0.339250,0.475300
0.210674,0.245743,0.288980,0.433586,0.349438,0.279717,0.464029
0.210674,0.245743,0.288980,0.433586,0.349438,0.279717,0.464029
0.209263,0.243587,0.275739,0.510094,0.328777,0.252958,0.442525
0.209263,0.243587,0.275739,0.510094,0.328777,0.252958,0.442525
0.216825,0.257880,0.297088,0.512362,0.342623,0.213184,0.421548
0.216825,0.257880,0.297088,0.512362,0.342623,0.213184,0.421548
0.193905,0.228612,0.245373,0.553675,0.321693,0.253629,0.407113
0.193905,0.228612,0.245373,0.553675,0.321693,0.253629,0.407113
0.201478,0.241953,0.263707,0.548304,0.334715,0.214942,0.391584
0.201478,0.241953,0.263707,0.548304,0.334715,0.214942,0.391584
0.189961,0.234638,0.222203,0.600869,0.303518,0.253794,0.372441
0.189961,0.234638,0.222203,0.600869,0.303518,0.253794,0.372441
0.196178,0.248019,0.237389,0.599389,0.320958,0.214975,0.373211
0.196178,0.248019,0.237389,0.599389,0.320958,0.214975,0.373211
0.200806,0.229859,0.270817,0.501441,0.429598,0.267468,0.420484
0.200806,0.229859,0.270817,0.501441,0.429598,0.267468,0.420484
0.206054,0.238977,0.271868,0.499420,0.421408,0.283061,0.451743
0.206054,0.238977,0.271868,0.499420,0.421408,0.283061,0.451743
0.320805,0.301553,0.322165,0.195492,0.574876,0.507365,0.563429
0.313043,0.305000,0.270458,0.220098,0.766952,0.586907,0.581932
0.410928,0.398605,0.326643,0.175259,0.584570,0.512600,0.540425
0.443779,0.407772,0.324581,0.188151,0.522421,0.433565,0.509697
0.469528,0.470669,0.366522,0.207786,0.727300,0.500417,0.549009
0.495778,0.508855,0.497907,0.126786,0.776374,0.533909,0.485826
0.350857,0.329308,0.346928,0.191340,0.706156,0.472938,0.485305
0.337640,0.325502,0.348819,0.214044,0.669741,0.479267,0.496304
0.363637,0.342927,0.315733,0.177880,0.657882,0.553626,0.581983
0.370324,0.319542,0.306065,0.152716,0.727739,0.517323,0.588906
0.548237,0.477439,0.379415,0.103826,0.753636,0.680347,0.495940
0.552682,0.466314,0.371206,0.124691,0.676312,0.647120,0.513193
0.351598,0.348561,0.317891,0.168502,0.629133,0.501406,0.578902
0.569073,0.472572,0.371624,0.134871,0.684808,0.633394,0.493741
0.467253,0.416150,0.347903,0.142124,0.756342,0.649046,0.537359
0.464937,0.400496,0.344790,0.139972,0.781601,0.651106,0.542723
0.470625,0.427060,0.333616,0.130030,0.833952,0.634817,0.559286
0.454958,0.424891,0.324430,0.144392,0.726085,0.656241,0.553162
0.576277,0.605392,0.476162,0.094562,0.830224,0.666141,0.507175
0.528561,0.541154,0.453952,0.102968,0.807823,0.528643,0.521366
0.527830,0.547996,0.477048,0.123228,0.807346,0.552357,0.525296
0.563517,0.626741,0.531587,0.089609,0.873286,0.685473,0.534984
0.532049,0.563791,0.439317,0.100288,0.799877,0.642028,0.539283
0.541723,0.567850,0.433933,0.095747,0.847556,0.648503,0.530146
0.529083,0.530651,0.442958,0.096523,0.783347,0.688955,0.498344
0.510161,0.544803,0.434010,0.101086,0.806189,0.626445,0.522995
0.544378,0.545709,0.445113,0.092171,0.820593,0.695580,0.512954
0.531416,0.560453,0.434833,0.097111,0.845709,0.643506,0.535874
0.526022,0.547728,0.459516,0.107124,0.861617,0.651607,0.543816
0.559944,0.569546,0.460502,0.099764,0.854869,0.565092,0.506909
0.575385,0.569027,0.475390,0.101574,0.821320,0.672271,0.506885
0.522840,0.507720,0.346073,0.134153,0.792398,0.577028,0.515947
0.551509,0.577337,0.463346,0.107250,0.793313,0.710002,0.505417
0.567882,0.557126,0.444237,0.091829,0.794633,0.699681,0.526191
0.533932,0.544273,0.420745,0.106771,0.840567,0.657338,0.559743
0.550187,0.607067,0.459593,0.124152,0.793424,0.545061,0.545781
0.571486,0.578690,0.435116,0.087721,0.875239,0.639897,0.512383
0.561302,0.500049,0.467000,0.097777,0.825274,0.616312,0.493453
0.574043,0.553343,0.423964,0.102866,0.862017,0.622034,0.548834
0.575110,0.577652,0.413066,0.101739,0.864096,0.626989,0.559998
0.462498,0.526750,0.358106,0.172609,0.735163,0.474487,0.521998
0.561977,0.540741,0.453511,0.086542,0.827958,0.695739,0.512720
0.550661,0.525479,0.438086,0.085600,0.850485,0.610184,0.503326
0.555830,0.560416,0.442732,0.091885,0.853116,0.633094,0.530679
0.547563,0.561080,0.426433,0.096108,0.856917,0.657499,0.547506
0.547370,0.524979,0.446768,0.096965,0.837262,0.661993,0.510905
0.553978,0.576895,0.442240,0.093433,0.829535,0.648442,0.529328
0.564480,0.584386,0.438721,0.094936,0.845827,0.617746,0.547437
0.596487,0.557420,0.508405,0.092341,0.845163,0.657074,0.491002
0.468722,0.515135,0.428733,0.114673,0.849080,0.615099,0.552332
0.468722,0.515135,0.428733,0.114673,0.849080,0.615099,0.552332
0.524535,0.538803,0.457429,0.103839,0.874466,0.609076,0.508635
0.520451,0.538561,0.437607,0.105733,0.825832,0.588513,0.546544
0.559944,0.569546,0.460502,0.099764,0.854869,0.565092,0.506909
0.550692,0.537953,0.401210,0.122578,0.865148,0.613601,0.520252
0.533387,0.541757,0.467908,0.105328,0.848413,0.609369,0.494839
0.518095,0.531376,0.548000,0.105301,0.870481,0.643007,0.512636
0.511229,0.524673,0.442078,0.104716,0.823669,0.587390,0.517951
0.550642,0.550174,0.471141,0.100891,0.852383,0.583709,0.489915
0.545425,0.546183,0.464179,0.099603,0.856826,0.590368,0.499837
0.542417,0.555194,0.473792,0.108773,0.847685,0.611830,0.498748
0.503809,0.523482,0.446707,0.108867,0.796386,0.609607,0.519246
0.519163,0.562868,0.553984,0.105880,0.873625,0.636932,0.523970
0.494106,0.530669,0.485930,0.133175,0.865637,0.587324,0.565530
0.526219,0.553253,0.495273,0.100871,0.848942,0.638308,0.525547
0.476458,0.518249,0.501559,0.137949,0.848116,0.589725,0.586000
0.595246,0.619721,0.528956,0.081240,0.850949,0.658518,0.502220
0.556615,0.545444,0.442820,0.110284,0.825698,0.618247,0.497629
0.545890,0.564434,0.466555,0.107818,0.864258,0.584900,0.469673
0.546414,0.562072,0.577470,0.105401,0.847198,0.628316,0.496497
0.536223,0.557736,0.571294,0.098939,0.865501,0.706341,0.483632
0.537079,0.558349,0.602248,0.107319,0.858463,0.679730,0.503398
0.553786,0.554215,0.499828,0.113776,0.805106,0.606036,0.485414
0.564099,0.526348,0.452728,0.123156,0.776596,0.582644,0.542249
0.549754,0.538953,0.466014,0.100182,0.769199,0.619706,0.502455
0.481426,0.535541,0.419268,0.107822,0.811920,0.640619,0.598538
0.550485,0.558655,0.456488,0.097384,0.858342,0.603970,0.512507
0.533019,0.548617,0.423316,0.092106,0.871986,0.636897,0.516812
0.547841,0.561556,0.413264,0.116114,0.844614,0.600666,0.546824
0.551404,0.538354,0.444890,0.093454,0.803733,0.685654,0.512114
0.542000,0.531885,0.445034,0.096252,0.806381,0.694908,0.508970
0.535180,0.525342,0.430984,0.092846,0.827077,0.581578,0.512259
0.522660,0.550917,0.436018,0.100219,0.826822,0.630051,0.535482
0.513674,0.540721,0.422352,0.106003,0.845848,0.641593,0.530505
0.541024,0.515062,0.443445,0.107389,0.819469,0.645086,0.518157
0.528131,0.559788,0.436385,0.098801,0.827210,0.621329,0.537185
0.501604,0.509388,0.418227,0.118102,0.773119,0.508028,0.493618
0.526219,0.538500,0.447352,0.124521,0.801035,0.477369,0.488331
0.550650,0.569256,0.477743,0.097481,0.857820,0.634056,0.499637
0.561505,0.519349,0.438757,0.113135,0.831740,0.613086,0.530672
0.557601,0.578404,0.440401,0.088092,0.873396,0.629868,0.517752
0.545043,0.552238,0.420206,0.097961,0.807523,0.571742,0.523176
0.541936,0.497148,0.445706,0.103389,0.829166,0.614564,0.496041
0.560739,0.549527,0.428639,0.090515,0.879535,0.614634,0.536029
0.575647,0.551536,0.425390,0.095441,0.850729,0.649358,0.525916
0.570574,0.545334,0.425960,0.098959,0.854887,0.654098,0.528031
0.563333,0.547179,0.430243,0.102099,0.861058,0.602098,0.550757
0.566372,0.570549,0.419103,0.101286,0.863840,0.606467,0.558951
0.355832,0.384060,0.287514,0.128223,0.786824,0.553672,0.532714
0.583075,0.549328,0.415945,0.094496,0.867561,0.700543,0.574331
0.564804,0.600903,0.457645,0.094318,0.848094,0.693316,0.542992
0.564012,0.615998,0.458796,0.080255,0.862422,0.703453,0.567623
0.550779,0.536988,0.460078,0.088363,0.827473,0.690354,0.515254
0.548216,0.545582,0.446247,0.091839,0.838182,0.698023,0.519479
0.568244,0.542777,0.453050,0.094612,0.811250,0.671519,0.528780
0.534845,0.561356,0.435801,0.096086,0.858884,0.645452,0.546752
0.551124,0.566512,0.434389,0.098905,0.824365,0.617111,0.549979
0.556851,0.574997,0.434826,0.102700,0.816298,0.556581,0.532552
0.524785,0.532735,0.397285,0.120377,0.746944,0.452772,0.513343
0.557027,0.564402,0.412890,0.110052,0.798066,0.676936,0.578683
0.511997,0.494557,0.349832,0.136656,0.753161,0.589808,0.528607
0.574853,0.570415,0.438827,0.094735,0.836558,0.728142,0.561140
0.555919,0.565151,0.397488,0.084647,0.861303,0.677316,0.544954
0.554442,0.549177,0.448033,0.088922,0.833503,0.697468,0.523220
0.538674,0.565667,0.435830,0.093398,0.856015,0.640933,0.547315
0.574853,0.570415,0.438827,0.094735,0.836558,0.728142,0.561140
0.532363,0.538847,0.404761,0.115362,0.761684,0.436701,0.537469
0.533725,0.520074,0.402768,0.115965,0.759413,0.479379,0.524825
0.544302,0.553717,0.418303,0.102012,0.768494,0.504805,0.543058
0.545913,0.546026,0.442367,0.089347,0.813971,0.699699,0.504008
0.552216,0.560669,0.433497,0.085501,0.878536,0.633562,0.524742
0.560944,0.564900,0.492295,0.099907,0.855392,0.616740,0.508827
0.575864,0.548364,0.507403,0.095930,0.839314,0.650773,0.497416
0.542007,0.522340,0.430495,0.117999,0.785194,0.545707,0.588963
0.506992,0.542146,0.438710,0.098303,0.755517,0.670072,0.521211
0.552967,0.532266,0.444243,0.099941,0.819889,0.651727,0.509135
0.547377,0.549933,0.459048,0.099930,0.861749,0.660446,0.523982
0.543906,0.532118,0.495598,0.106601,0.834246,0.638897,0.510788
0.524660,0.559392,0.542843,0.095068,0.873445,0.704412,0.528581
0.518797,0.560002,0.565811,0.100135,0.864571,0.693350,0.552614
0.536991,0.532776,0.466730,0.101575,0.828032,0.652617,0.504882
0.513716,0.553386,0.544893,0.099253,0.845959,0.702270,0.495827
0.549799,0.566057,0.432449,0.102165,0.863548,0.627831,0.518110
0.485155,0.514777,0.499689,0.114301,0.846629,0.604208,0.546762
0.525952,0.558635,0.545366,0.102413,0.877291,0.650281,0.517771
0.471926,0.520595,0.486507,0.106497,0.840844,0.673766,0.546384
0.536767,0.542485,0.430585,0.087420,0.870401,0.617100,0.505744
0.539664,0.555627,0.428551,0.092585,0.866063,0.630409,0.532034
0.520174,0.507461,0.429030,0.099599,0.856402,0.676086,0.519034
0.526873,0.506015,0.444001,0.100820,0.824425,0.656389,0.501959
0.509328,0.532295,0.562220,0.099171,0.843569,0.701342,0.509792
0.532870,0.553496,0.585661,0.091368,0.853206,0.743156,0.517568
0.516203,0.507070,0.500973,0.124630,0.797391,0.606449,0.496942
0.534570,0.559884,0.570419,0.091072,0.858902,0.750946,0.476282
0.538928,0.547436,0.605300,0.095627,0.839405,0.736967,0.506241
0.541556,0.550566,0.526294,0.098364,0.852835,0.680942,0.572904
0.519978,0.540565,0.426609,0.105137,0.869622,0.649044,0.533104
0.492742,0.531785,0.441672,0.094702,0.804820,0.658723,0.521289
0.573389,0.602827,0.529034,0.087883,0.875760,0.705548,0.537660
0.571769,0.608304,0.513960,0.082436,0.889679,0.713057,0.526867
0.579199,0.608748,0.531592,0.086986,0.883411,0.711890,0.517307
0.510444,0.521084,0.456500,0.097867,0.869629,0.636691,0.492172
0.485155,0.514777,0.499689,0.114301,0.846629,0.604208,0.546762
0.503785,0.517755,0.421235,0.097256,0.858969,0.685983,0.555486
0.582814,0.563362,0.452883,0.096609,0.889815,0.687674,0.539619
0.577530,0.566368,0.444373,0.098272,0.879886,0.747335,0.561638
0.575572,0.556144,0.430933,0.103683,0.847477,0.615983,0.509628
0.564194,0.522209,0.437724,0.105074,0.849642,0.666377,0.508938
0.526219,0.553253,0.495273,0.100871,0.848942,0.638308,0.525547
0.526219,0.553253,0.495273,0.100871,0.848942,0.638308,0.525547
0.518149,0.547175,0.507031,0.106491,0.836081,0.613967,0.529119
0.576648,0.554156,0.447068,0.101173,0.888125,0.690133,0.525429
0.556717,0.525845,0.434448,0.106015,0.846494,0.674919,0.496524
0.560085,0.514868,0.437493,0.101107,0.855857,0.701773,0.544243
0.528694,0.442066,0.445762,0.099611,0.813762,0.671537,0.569384
0.482543,0.470744,0.362703,0.093004,0.866023,0.711797,0.588914
0.376988,0.355543,0.359200,0.173243,0.741954,0.686002,0.488541
0.294337,0.302426,0.279764,0.135909,0.667233,0.592594,0.580022
0.375317,0.374048,0.299834,0.127181,0.748703,0.690051,0.556854
0.461803,0.439087,0.357036,0.081701,0.852672,0.748693,0.586935
0.388726,0.395389,0.321430,0.088224,0.819842,0.715085,0.596783
0.296946,0.308519,0.284323,0.122039,0.674743,0.651680,0.578411
0.382592,0.385101,0.313094,0.113940,0.786440,0.731061,0.555225
0.459713,0.446637,0.370037,0.072125,0.852229,0.769221,0.585205
0.394152,0.409557,0.338706,0.077477,0.819097,0.734562,0.597487
0.276899,0.292137,0.272831,0.161092,0.620117,0.528089,0.590130
0.347274,0.339999,0.298312,0.148923,0.728083,0.594316,0.575501
0.432662,0.418109,0.350054,0.099062,0.834770,0.720408,0.611784
0.367461,0.364989,0.323731,0.102396,0.782649,0.674773,0.617511
0.277079,0.296593,0.282449,0.149258,0.663234,0.562622,0.583617
0.358227,0.353315,0.314353,0.139827,0.736568,0.640059,0.562484
0.431787,0.426681,0.356840,0.088777,0.840018,0.756644,0.599853
0.378983,0.388014,0.332609,0.093462,0.798815,0.714566,0.612909
0.280850,0.314971,0.282741,0.160251,0.600364,0.582960,0.528305
0.369048,0.398116,0.311558,0.137820,0.714897,0.636969,0.510091
0.454633,0.460376,0.362689,0.091458,0.834450,0.776138,0.546290
0.389300,0.421280,0.332068,0.099595,0.784938,0.726558,0.554270
0.289396,0.299936,0.279492,0.153286,0.661343,0.572597,0.565737
0.368005,0.373312,0.302595,0.137540,0.739262,0.654920,0.544344
0.468285,0.447346,0.358615,0.088096,0.854900,0.750441,0.568113
0.390181,0.399006,0.326588,0.093350,0.813935,0.717041,0.580874
0.297576,0.303560,0.286703,0.135571,0.663177,0.620841,0.572688
0.380774,0.385055,0.316198,0.121826,0.764951,0.728698,0.550596
0.463264,0.451278,0.370381,0.079449,0.851133,0.771068,0.588151
0.392845,0.411105,0.340375,0.083025,0.817598,0.741572,0.600523
0.459295,0.391913,0.367358,0.148808,0.794516,0.617635,0.565595
0.473730,0.416063,0.407534,0.143099,0.747149,0.601998,0.587027
0.457238,0.443235,0.411886,0.153639,0.745941,0.617120,0.564612
0.499074,0.440452,0.394644,0.167270,0.717070,0.647507,0.534548
0.437761,0.438536,0.357562,0.118667,0.846038,0.685271,0.608703
0.533162,0.486529,0.405932,0.138526,0.808332,0.631388,0.548630
0.470522,0.421485,0.374718,0.162920,0.671405,0.547624,0.510466
0.499018,0.476396,0.347931,0.085532,0.830298,0.697852,0.526305
0.511952,0.457497,0.398051,0.151179,0.743099,0.643064,0.522165
0.438851,0.404192,0.403159,0.149409,0.716233,0.641589,0.541572
0.423868,0.388095,0.347069,0.138473,0.788221,0.659108,0.592627
0.420777,0.426710,0.357143,0.134424,0.742964,0.595422,0.620741
0.408586,0.362943,0.325018,0.132778,0.797105,0.705784,0.594430
0.536881,0.474910,0.397009,0.134132,0.691375,0.605078,0.521300
0.551120,0.561797,0.515482,0.075354,0.875100,0.719772,0.552952
0.456475,0.440017,0.361687,0.151962,0.729935,0.596162,0.552955
0.394735,0.360577,0.304176,0.173283,0.671657,0.544794,0.504912
0.519100,0.433830,0.342521,0.138840,0.737454,0.663562,0.496034
0.454885,0.382639,0.332855,0.166536,0.727041,0.639959,0.514436
0.417188,0.383659,0.324108,0.179263,0.654801,0.596114,0.512859
0.365108,0.348959,0.314241,0.196183,0.554546,0.515504,0.514019
0.467950,0.398480,0.373578,0.161516,0.809983,0.562820,0.542404
0.315391,0.346311,0.278933,0.136545,0.663499,0.658505,0.518108
0.335262,0.361494,0.282655,0.129613,0.730240,0.673667,0.573941
0.288134,0.316432,0.277120,0.158299,0.637573,0.562186,0.528602
0.472993,0.476915,0.351641,0.086164,0.850231,0.764216,0.549971
0.308773,0.333819,0.287082,0.141258,0.669488,0.595198,0.559686
0.285957,0.317764,0.275137,0.179945,0.619041,0.616367,0.502971
0.308412,0.335047,0.283044,0.158353,0.668446,0.630761,0.556250
0.508868,0.527664,0.453837,0.086289,0.859241,0.770272,0.545387
0.304262,0.347405,0.344999,0.163582,0.643575,0.575313,0.552916
0.525895,0.557143,0.538391,0.091006,0.872002,0.712437,0.479418
0.281211,0.329784,0.275770,0.198441,0.571890,0.572107,0.501414
0.391721,0.415707,0.354889,0.189423,0.640985,0.526565,0.491980
0.391721,0.415707,0.354889,0.189423,0.640985,0.526565,0.491980
0.294254,0.350268,0.285766,0.170713,0.638458,0.592536,0.536005
0.392559,0.435994,0.360573,0.178386,0.603983,0.545675,0.500171
0.561719,0.499172,0.390044,0.147152,0.685640,0.546179,0.467232
0.604925,0.529174,0.416758,0.122829,0.754229,0.670668,0.514588
0.591477,0.535727,0.402363,0.124348,0.770862,0.715887,0.520980
0.531521,0.568045,0.531208,0.087872,0.887534,0.669886,0.599455
0.562901,0.480318,0.374936,0.135392,0.714070,0.643593,0.501610
0.604682,0.530090,0.405944,0.117873,0.775007,0.669910,0.518115
0.426681,0.375501,0.322489,0.179970,0.750772,0.584074,0.523428
0.573281,0.560693,0.547941,0.084047,0.868693,0.723564,0.451391
0.577917,0.555739,0.551267,0.079708,0.876233,0.698933,0.463618
0.464038,0.458209,0.348000,0.102493,0.852453,0.684715,0.577501
0.530863,0.557082,0.516500,0.109682,0.867623,0.608677,0.545316
0.490080,0.437731,0.370429,0.162306,0.670619,0.528276,0.495422
0.369507,0.349310,0.339894,0.242746,0.496514,0.404703,0.482239
0.369507,0.349310,0.339894,0.242746,0.496514,0.404703,0.482239
0.442095,0.446383,0.348587,0.107575,0.851295,0.719057,0.587645
0.499054,0.531989,0.496710,0.113128,0.872000,0.664292,0.564808
0.517450,0.508464,0.552024,0.105014,0.836851,0.693943,0.446914
0.476291,0.435432,0.367974,0.160391,0.745240,0.661854,0.526230
0.281211,0.329784,0.275770,0.198441,0.571890,0.572107,0.501414
0.294254,0.350268,0.285766,0.170713,0.638458,0.592536,0.536005
0.486430,0.512628,0.409630,0.093274,0.862022,0.762954,0.546977
0.495985,0.534004,0.428254,0.091267,0.850162,0.781477,0.544714
0.531494,0.589169,0.561351,0.094653,0.859532,0.713740,0.513372
0.530257,0.559529,0.463392,0.105652,0.848842,0.714465,0.516572
0.438168,0.444441,0.355991,0.119676,0.845787,0.677372,0.582542
0.497709,0.519873,0.517374,0.126776,0.832277,0.634664,0.545748
0.418431,0.402329,0.389740,0.159190,0.681104,0.553252,0.508843
0.476397,0.420743,0.357906,0.146840,0.789841,0.689894,0.532130
0.285957,0.317764,0.275137,0.179945,0.619041,0.616367,0.502971
0.308412,0.335047,0.283044,0.158353,0.668446,0.630761,0.556250
0.511485,0.563706,0.540341,0.096474,0.867484,0.742998,0.509341
0.513273,0.538939,0.443718,0.106891,0.864242,0.729615,0.514719
0.472993,0.476915,0.351641,0.086164,0.850231,0.764216,0.549971
0.490595,0.501775,0.429486,0.076458,0.868481,0.770442,0.577375
0.361966,0.313715,0.340739,0.151774,0.780931,0.580907,0.500888
0.532557,0.603924,0.558332,0.080732,0.912212,0.708716,0.577797
0.359565,0.315810,0.345799,0.155248,0.775718,0.590793,0.499576
0.524679,0.490167,0.440071,0.083618,0.859346,0.757658,0.513373
0.570476,0.535511,0.537404,0.080248,0.874115,0.761251,0.601736
0.553080,0.539353,0.530124,0.085760,0.866912,0.753928,0.638130
0.546391,0.544149,0.556900,0.078193,0.871182,0.740099,0.558327
0.536546,0.536453,0.541124,0.086297,0.855505,0.737992,0.536288
0.544796,0.564586,0.538071,0.081823,0.887985,0.685722,0.599456
0.468242,0.409227,0.357299,0.134167,0.771605,0.622428,0.575371
0.347519,0.326991,0.313237,0.207526,0.549204,0.445903,0.482788
0.555566,0.570030,0.550711,0.082869,0.884946,0.688073,0.595113
0.509089,0.535853,0.523402,0.100229,0.837550,0.641077,0.519547
0.273326,0.289112,0.270922,0.165556,0.619747,0.526741,0.556177
0.343275,0.342922,0.299394,0.145969,0.740138,0.591236,0.545890
0.438587,0.412725,0.344055,0.095047,0.839593,0.718494,0.576372
0.371396,0.359199,0.318108,0.102997,0.782583,0.685065,0.582880
0.276581,0.294104,0.281082,0.150392,0.656678,0.547533,0.550972
0.360569,0.356693,0.315805,0.129874,0.742954,0.630027,0.535621
0.435676,0.424430,0.352724,0.084645,0.840014,0.745724,0.571419
0.383439,0.380010,0.329073,0.089774,0.797631,0.708724,0.587019
0.492062,0.562454,0.563992,0.089784,0.849502,0.687070,0.555208
0.268757,0.290590,0.261176,0.205871,0.520093,0.458264,0.565353
0.335166,0.334279,0.289285,0.178013,0.659765,0.535131,0.559113
0.418463,0.388279,0.315863,0.108108,0.786658,0.653355,0.594145
0.351249,0.342452,0.297819,0.114995,0.729819,0.581737,0.589164
0.267016,0.291868,0.270022,0.180710,0.572144,0.502128,0.555312
0.343814,0.345825,0.304282,0.156516,0.697702,0.569182,0.549069
0.410438,0.399771,0.323896,0.096303,0.820478,0.712541,0.584934
0.362491,0.358060,0.305468,0.102587,0.739641,0.661428,0.587602
0.265503,0.295850,0.268134,0.190644,0.477898,0.506048,0.506413
0.343273,0.358613,0.297987,0.158302,0.618417,0.572369,0.493157
0.444253,0.442071,0.346876,0.093260,0.784945,0.726201,0.523490
0.381411,0.389516,0.324844,0.101619,0.691516,0.643292,0.528523
0.269980,0.311777,0.280974,0.158792,0.581309,0.545895,0.541732
0.353385,0.362351,0.324402,0.138272,0.697192,0.613077,0.524559
0.448589,0.468809,0.355995,0.084266,0.842915,0.751175,0.561833
0.398437,0.415440,0.347146,0.089249,0.779611,0.708113,0.559189
0.496163,0.518621,0.370943,0.130573,0.773537,0.601146,0.579301
0.497154,0.502556,0.395124,0.123279,0.813470,0.667480,0.584304
0.315506,0.365839,0.311940,0.170513,0.727479,0.566783,0.511733
0.462508,0.425658,0.365127,0.141030,0.748970,0.566729,0.563884
0.354871,0.323098,0.320437,0.195276,0.661479,0.460257,0.510986
0.488257,0.578633,0.493429,0.125151,0.785353,0.618703,0.530677
0.456447,0.432136,0.378907,0.139330,0.736107,0.622651,0.558080
0.306846,0.329586,0.311048,0.185610,0.701150,0.589743,0.511894
0.518791,0.535406,0.510716,0.097190,0.855614,0.696957,0.481036
0.515132,0.574414,0.562065,0.097521,0.847483,0.699879,0.517620
0.267639,0.302718,0.267302,0.235660,0.436762,0.460225,0.486311
0.341768,0.364265,0.296314,0.186856,0.555270,0.539007,0.470214
0.273994,0.318541,0.277728,0.186067,0.538029,0.530344,0.525454
0.353803,0.371930,0.318179,0.155942,0.677167,0.613686,0.520036
0.517529,0.506807,0.428066,0.085923,0.849884,0.706379,0.488425
0.330748,0.303395,0.341923,0.202710,0.709879,0.490444,0.521568
0.413888,0.338561,0.325924,0.171387,0.715878,0.557538,0.604910
0.414539,0.350605,0.331472,0.173139,0.738833,0.559076,0.617931
0.469981,0.529899,0.347679,0.084854,0.874265,0.740398,0.593135
0.350117,0.327242,0.347001,0.175104,0.732777,0.566995,0.468035
0.465430,0.435441,0.360625,0.153553,0.730416,0.573416,0.551752
0.526437,0.555440,0.538108,0.087369,0.877238,0.718527,0.561680
0.510020,0.487885,0.386142,0.148280,0.802162,0.633490,0.526367
0.534425,0.504185,0.537651,0.120212,0.831088,0.672976,0.518818
0.534425,0.504185,0.537651,0.120212,0.831088,0.672976,0.518818
0.530034,0.527901,0.496392,0.081297,0.848198,0.726121,0.462112
0.525939,0.486528,0.380972,0.144650,0.754509,0.643194,0.516267
0.503202,0.494153,0.344420,0.082557,0.830303,0.696286,0.525636
0.572205,0.489087,0.374629,0.129885,0.668491,0.637370,0.497236
0.581996,0.510541,0.393691,0.113994,0.749347,0.670627,0.520327
0.600982,0.590781,0.448705,0.144401,0.744237,0.581631,0.476500
0.554039,0.510278,0.388172,0.134235,0.685596,0.635546,0.524517
0.544868,0.478029,0.389731,0.132776,0.724717,0.661313,0.519039
0.557478,0.476781,0.403294,0.121668,0.689039,0.566969,0.506099
0.481005,0.513914,0.508785,0.112865,0.867928,0.556916,0.538589
0.517653,0.611059,0.561305,0.086549,0.907266,0.632665,0.549686
0.557478,0.476781,0.403294,0.121668,0.689039,0.566969,0.506099
0.228378,0.305097,0.276967,0.238228,0.391349,0.324592,0.480856
0.228378,0.305097,0.276967,0.238228,0.391349,0.324592,0.480856
0.229210,0.315095,0.266951,0.412730,0.280794,0.232238,0.401270
0.229210,0.315095,0.266951,0.412730,0.280794,0.232238,0.401270
0.383798,0.393850,0.359762,0.153864,0.723767,0.610800,0.569936
0.207372,0.275124,0.269209,0.529304,0.348990,0.233753,0.400394
0.207372,0.275124,0.269209,0.529304,0.348990,0.233753,0.400394
0.446354,0.403919,0.377941,0.129838,0.756818,0.638154,0.549879
0.436551,0.425339,0.368066,0.145162,0.745327,0.537425,0.624178
0.424569,0.364420,0.341640,0.143021,0.792856,0.676149,0.599364
0.493925,0.466775,0.399882,0.158244,0.774394,0.687481,0.531568
0.495768,0.439065,0.360643,0.150525,0.802853,0.720086,0.521783
0.567114,0.532423,0.389823,0.134867,0.807471,0.697764,0.552498
0.493925,0.466775,0.399882,0.158244,0.774394,0.687481,0.531568
0.508810,0.554830,0.510529,0.092280,0.877553,0.685402,0.530121
0.436546,0.384056,0.367187,0.137030,0.771905,0.632007,0.569388
0.498186,0.455269,0.377443,0.125355,0.795887,0.681128,0.576515
0.489757,0.447625,0.375695,0.136526,0.798472,0.712541,0.563756
0.459799,0.420354,0.378004,0.152582,0.777383,0.622367,0.583420
0.417570,0.402779,0.342573,0.125299,0.789141,0.648627,0.582859
0.520491,0.528346,0.384084,0.106560,0.875677,0.679793,0.616072
0.532965,0.596218,0.514658,0.108912,0.871672,0.658719,0.596016
0.485725,0.449962,0.377164,0.132791,0.812395,0.648103,0.617491
0.462087,0.437229,0.387131,0.112756,0.893019,0.637796,0.564898
0.318090,0.333474,0.298066,0.161520,0.759786,0.598811,0.561587
0.544766,0.552906,0.429549,0.125066,0.851347,0.659540,0.642763
0.494801,0.475848,0.358891,0.114663,0.868451,0.645776,0.607277
0.496813,0.488517,0.382429,0.129956,0.813106,0.607873,0.649449
0.411717,0.400066,0.346123,0.137264,0.734221,0.584334,0.598499
0.411717,0.400066,0.346123,0.137264,0.734221,0.584334,0.598499
0.429421,0.406693,0.358608,0.147297,0.793863,0.660232,0.562773
0.429421,0.406693,0.358608,0.147297,0.793863,0.660232,0.562773
0.499246,0.494429,0.389925,0.134347,0.812922,0.612083,0.640625
0.481051,0.471759,0.364834,0.136541,0.840299,0.671048,0.610098
0.356715,0.319601,0.349868,0.158312,0.770957,0.576583,0.495984
0.354715,0.330312,0.354890,0.157234,0.757394,0.563969,0.492126
0.352347,0.305661,0.345479,0.166896,0.738094,0.557528,0.504366
0.533250,0.531794,0.384095,0.141753,0.875272,0.688174,0.615628
0.483969,0.468475,0.380982,0.141354,0.824287,0.671529,0.586772
0.405810,0.336800,0.330191,0.161681,0.713683,0.528604,0.557981
0.521550,0.525532,0.378779,0.097536,0.856694,0.677294,0.570318
0.492723,0.456068,0.375185,0.140634,0.817102,0.671104,0.585530
0.417687,0.391787,0.384048,0.163003,0.760763,0.674578,0.567035
0.335258,0.322662,0.334763,0.196971,0.704102,0.496696,0.527111
0.417989,0.339159,0.324440,0.165601,0.715996,0.554291,0.600373
0.362537,0.376996,0.360149,0.180355,0.672181,0.450984,0.587787
0.423627,0.418416,0.359222,0.162377,0.725357,0.524422,0.602084
0.426731,0.457106,0.369830,0.153906,0.641771,0.544574,0.623797
0.322151,0.316923,0.320503,0.190012,0.612849,0.489517,0.583768
0.320119,0.297661,0.329504,0.211738,0.688750,0.448531,0.505358
0.348211,0.357232,0.325670,0.181252,0.637453,0.511574,0.586929
0.404863,0.357795,0.346425,0.171172,0.723608,0.523060,0.580727
0.386984,0.345853,0.331060,0.171360,0.718509,0.513199,0.571805
0.336413,0.361082,0.328877,0.266919,0.622933,0.439686,0.523160
0.321631,0.297256,0.334279,0.206392,0.690277,0.450367,0.502991
0.371132,0.301113,0.307370,0.196862,0.668082,0.462733,0.596332
0.240786,0.286257,0.278492,0.260728,0.572140,0.439009,0.557685
0.322580,0.297593,0.337953,0.202882,0.695691,0.463427,0.505913
0.375538,0.302672,0.313694,0.181757,0.673474,0.469254,0.601275
0.322787,0.299147,0.340657,0.194088,0.701077,0.498310,0.506406
0.384126,0.323847,0.320947,0.168877,0.679091,0.498548,0.606058
0.342174,0.324869,0.317382,0.156922,0.648669,0.488995,0.592939
0.328944,0.312570,0.340929,0.190295,0.728366,0.523201,0.514707
0.409906,0.369301,0.348550,0.157017,0.705425,0.571055,0.600906
0.374257,0.365884,0.343305,0.150801,0.663789,0.522561,0.597027
0.349141,0.335651,0.357114,0.181123,0.736865,0.544722,0.489569
0.459719,0.434636,0.375224,0.139239,0.726776,0.597798,0.559358
0.449511,0.463873,0.400013,0.134709,0.734145,0.537585,0.576866
0.412378,0.399545,0.368729,0.140643,0.778246,0.607790,0.545737
0.475804,0.441761,0.363886,0.116808,0.831249,0.633654,0.543958
0.500759,0.442498,0.366522,0.106666,0.813712,0.623173,0.601902
0.547121,0.609510,0.484768,0.112209,0.850611,0.681868,0.565234
0.526532,0.551538,0.471495,0.149225,0.728288,0.562991,0.591613
0.527179,0.529539,0.460366,0.158022,0.731696,0.579775,0.615285
0.488810,0.527379,0.474463,0.159393,0.745239,0.577127,0.599770
0.573211,0.565844,0.474731,0.148315,0.776542,0.640480,0.580838
0.495915,0.574083,0.454986,0.138738,0.788263,0.591090,0.644017
0.500402,0.558027,0.452495,0.145285,0.783253,0.579928,0.671702
0.479934,0.555922,0.452658,0.137905,0.776960,0.592711,0.665279
0.522066,0.596808,0.483077,0.111827,0.865512,0.682644,0.602466
0.505779,0.470951,0.387899,0.136968,0.801593,0.646026,0.585410
0.495939,0.459142,0.410888,0.165780,0.750878,0.624583,0.560541
0.490845,0.452836,0.385884,0.164009,0.699787,0.504518,0.512434
0.500916,0.493637,0.416368,0.178200,0.670220,0.533593,0.510046
0.385382,0.363144,0.309583,0.151546,0.762881,0.481523,0.508419
0.429201,0.407771,0.343321,0.191444,0.593742,0.491655,0.541914
0.473065,0.417816,0.375512,0.132994,0.798489,0.591159,0.598426
0.424996,0.342054,0.346423,0.153287,0.763830,0.508893,0.616931
0.465330,0.433590,0.382724,0.139033,0.776070,0.534620,0.587117
0.464762,0.442594,0.377733,0.151291,0.760073,0.545110,0.570963
0.508587,0.498190,0.403707,0.144376,0.824245,0.603350,0.549032
0.524317,0.501385,0.399494,0.140333,0.785386,0.616697,0.534364
0.568181,0.503415,0.393056,0.130309,0.705236,0.621002,0.523040
0.553111,0.505223,0.400111,0.130790,0.690033,0.616814,0.521337
0.495865,0.465465,0.389355,0.170237,0.711680,0.509725,0.521334
0.495865,0.465465,0.389355,0.170237,0.711680,0.509725,0.521334
0.327400,0.325931,0.332474,0.190791,0.681959,0.419277,0.556805
0.327400,0.325931,0.332474,0.190791,0.681959,0.419277,0.556805
0.321722,0.328688,0.340342,0.176023,0.709181,0.424154,0.583760
0.321722,0.328688,0.340342,0.176023,0.709181,0.424154,0.583760
0.316567,0.323502,0.340494,0.180440,0.669505,0.421957,0.578661
0.316567,0.323502,0.340494,0.180440,0.669505,0.421957,0.578661
0.306698,0.308402,0.318960,0.232193,0.607321,0.427972,0.542286
0.306698,0.308402,0.318960,0.232193,0.607321,0.427972,0.542286
0.204889,0.276521,0.238496,0.513930,0.344717,0.200287,0.401923
0.204889,0.276521,0.238496,0.513930,0.344717,0.200287,0.401923
0.335246,0.335333,0.305636,0.178179,0.767940,0.528535,0.623897
0.327667,0.335469,0.302617,0.183672,0.760511,0.496821,0.620683
0.429729,0.403488,0.350104,0.212986,0.638044,0.446599,0.479967
0.440558,0.529484,0.391787,0.177572,0.680067,0.566110,0.558831
0.440876,0.492741,0.394364,0.177464,0.634329,0.547458,0.542867
0.488019,0.442347,0.410279,0.159759,0.657649,0.529254,0.541294
0.438142,0.514697,0.418703,0.144699,0.794971,0.574869,0.568699
0.496468,0.548370,0.430022,0.129135,0.786566,0.578315,0.615186
0.401399,0.497012,0.399555,0.178070,0.632478,0.544735,0.608338
0.395218,0.489530,0.386330,0.190580,0.629036,0.511698,0.569543
0.409005,0.493192,0.420231,0.187075,0.691420,0.531000,0.588152
0.400646,0.493448,0.387104,0.165241,0.649146,0.487686,0.593580
0.443942,0.546552,0.383982,0.147729,0.761588,0.536546,0.602067
0.447363,0.521159,0.415854,0.136191,0.784087,0.558356,0.571676
0.398884,0.478972,0.392333,0.168087,0.653979,0.529041,0.556959
0.339190,0.299840,0.314459,0.159485,0.726075,0.608196,0.640042
0.340920,0.299413,0.318751,0.161217,0.711324,0.613733,0.631755
0.412425,0.521609,0.378087,0.177832,0.654253,0.488764,0.573262
0.420225,0.506763,0.381052,0.185707,0.653191,0.507990,0.604331
0.449256,0.488214,0.416911,0.178434,0.658773,0.513353,0.552088
0.317825,0.292795,0.289446,0.225938,0.635326,0.434535,0.470579
0.325279,0.293661,0.303277,0.205225,0.675471,0.481422,0.616467
0.406577,0.507567,0.382718,0.180592,0.652336,0.506283,0.586118
0.359694,0.412769,0.361729,0.183585,0.686213,0.478398,0.548272
0.302463,0.328599,0.341079,0.247727,0.572477,0.379473,0.575104
0.302463,0.328599,0.341079,0.247727,0.572477,0.379473,0.575104
0.319172,0.288694,0.306285,0.218566,0.661344,0.470557,0.629101
0.315656,0.296300,0.306845,0.212495,0.680999,0.489568,0.648476
0.290582,0.313830,0.331856,0.258993,0.556527,0.365373,0.603801
0.290582,0.313830,0.331856,0.258993,0.556527,0.365373,0.603801
0.312758,0.342430,0.307181,0.472621,0.420488,0.222026,0.490421
0.375997,0.312344,0.334867,0.208180,0.593415,0.497280,0.568600
0.308469,0.329899,0.315810,0.213881,0.652621,0.434580,0.553532
0.392178,0.422664,0.340434,0.401875,0.471084,0.225431,0.530752
0.311713,0.327367,0.300394,0.479941,0.415370,0.220674,0.488861
0.351115,0.325546,0.332140,0.250551,0.586002,0.442228,0.546855
0.344776,0.326122,0.289077,0.196063,0.720809,0.479243,0.612420
0.371969,0.378695,0.331572,0.413656,0.461881,0.229642,0.527558
0.292101,0.307315,0.312554,0.331720,0.588083,0.340705,0.555482
0.407034,0.405389,0.362314,0.160095,0.695639,0.499757,0.600311
0.312560,0.342056,0.324853,0.203085,0.626696,0.478303,0.574431
0.346371,0.392898,0.362577,0.194251,0.644980,0.472891,0.576954
0.380188,0.453843,0.382761,0.184717,0.664943,0.518726,0.587527
0.477399,0.525306,0.432199,0.139216,0.790613,0.619247,0.590363
0.479894,0.531463,0.422043,0.141919,0.783503,0.607665,0.622695
0.315216,0.294856,0.302976,0.206625,0.677320,0.478081,0.641325
0.483774,0.539421,0.411129,0.139612,0.821712,0.658397,0.537116
0.485182,0.536490,0.420788,0.135842,0.805240,0.653098,0.586875
0.503928,0.542959,0.440370,0.115693,0.827669,0.660269,0.599728
0.500362,0.525259,0.403652,0.131221,0.844826,0.618807,0.581746
0.486998,0.542264,0.411185,0.132547,0.795259,0.651187,0.612230
0.496980,0.535203,0.392327,0.127859,0.837053,0.621799,0.593294
0.440284,0.485474,0.377809,0.154674,0.734764,0.567647,0.542946
0.366681,0.432416,0.335724,0.278003,0.446908,0.411687,0.503334
0.263891,0.301078,0.289748,0.273416,0.549684,0.327669,0.520769
0.523715,0.580326,0.461314,0.118664,0.849123,0.609115,0.640929
0.490364,0.439482,0.400034,0.120442,0.826225,0.610981,0.597215
0.471637,0.426073,0.379230,0.125815,0.804009,0.610094,0.602175
0.469824,0.550144,0.410135,0.147404,0.715267,0.505692,0.606115
0.498261,0.450469,0.413107,0.123361,0.806231,0.590970,0.589796
0.481244,0.544560,0.413629,0.154364,0.721730,0.515897,0.625037
0.455730,0.368139,0.355259,0.111295,0.814249,0.606224,0.612429
0.473292,0.450617,0.376152,0.139039,0.763409,0.563928,0.571822
0.460139,0.543691,0.414784,0.150403,0.717933,0.515326,0.628143
0.324099,0.308030,0.347151,0.218910,0.705440,0.422090,0.516295
0.325841,0.306847,0.352372,0.213547,0.706557,0.426281,0.513868
0.368841,0.304317,0.323920,0.176754,0.694831,0.450047,0.605419
0.340508,0.299766,0.320545,0.169561,0.657379,0.446929,0.593319
0.328164,0.307071,0.356612,0.209459,0.712681,0.437035,0.517990
0.374330,0.306848,0.331323,0.166961,0.700061,0.456065,0.610292
0.329519,0.308933,0.359401,0.200978,0.718317,0.471076,0.518714
0.384687,0.327940,0.338480,0.157285,0.704458,0.486174,0.614659
0.327352,0.340264,0.344256,0.192377,0.584348,0.484856,0.593971
0.327352,0.340264,0.344256,0.192377,0.584348,0.484856,0.593971
0.335021,0.321886,0.359562,0.198735,0.741897,0.492687,0.528277
0.412216,0.374684,0.369715,0.145590,0.727730,0.551460,0.616186
0.402790,0.309819,0.328336,0.134757,0.755946,0.596933,0.630615
0.456429,0.440325,0.396884,0.127564,0.746094,0.582010,0.592165
0.546908,0.578142,0.474864,0.112946,0.842205,0.685821,0.609776
0.549442,0.581438,0.449934,0.112525,0.835354,0.647333,0.619526
0.541754,0.582232,0.398926,0.144519,0.758650,0.608007,0.631930
0.553212,0.574333,0.401295,0.144430,0.757475,0.610594,0.642532
0.513495,0.567301,0.474465,0.120043,0.844475,0.712462,0.603100
0.561431,0.549422,0.460993,0.088624,0.862514,0.710853,0.556145
0.296759,0.325679,0.316786,0.198272,0.564848,0.498336,0.576825
0.538152,0.566736,0.556587,0.071746,0.864018,0.639055,0.566296
0.538152,0.566736,0.556587,0.071746,0.864018,0.639055,0.566296
0.553280,0.581239,0.565918,0.071657,0.866185,0.638478,0.556885
0.553280,0.581239,0.565918,0.071657,0.866185,0.638478,0.556885
0.569883,0.610423,0.564369,0.089657,0.878423,0.760295,0.513460
0.374786,0.367103,0.352820,0.167218,0.796660,0.660839,0.491503
0.388630,0.407709,0.372622,0.176149,0.745100,0.505051,0.473061
0.394503,0.384432,0.325039,0.200557,0.766335,0.603203,0.507222
0.636888,0.626427,0.558952,0.125992,0.817090,0.682422,0.599041
0.535792,0.475084,0.342769,0.126308,0.749003,0.575831,0.587319
0.476301,0.428228,0.312603,0.138925,0.685405,0.539943,0.598190
0.495909,0.434014,0.325560,0.151235,0.694309,0.501892,0.600647
0.225445,0.307320,0.262991,0.464962,0.334402,0.179143,0.408278
0.225445,0.307320,0.262991,0.464962,0.334402,0.179143,0.408278
0.436589,0.437407,0.322001,0.161822,0.682385,0.532588,0.596783
0.256876,0.379694,0.323212,0.431264,0.370642,0.181142,0.437981
0.256876,0.379694,0.323212,0.431264,0.370642,0.181142,0.437981
0.561731,0.598308,0.441424,0.103830,0.832663,0.690085,0.624459
0.480317,0.461965,0.327242,0.144679,0.722290,0.538648,0.594230
0.554072,0.528996,0.491780,0.112531,0.869294,0.675546,0.546621
0.512224,0.442615,0.389041,0.099461,0.856108,0.686728,0.545363
0.509149,0.511033,0.462673,0.093361,0.858555,0.646004,0.518288
0.577543,0.578786,0.554508,0.093130,0.847348,0.756105,0.463911
0.434648,0.377422,0.329554,0.129980,0.773052,0.625690,0.559067
0.558445,0.565221,0.495546,0.112840,0.882389,0.667912,0.572053
0.521802,0.445201,0.391852,0.098368,0.848686,0.714430,0.564118
0.502164,0.440919,0.387670,0.105503,0.855039,0.736311,0.576384
0.584302,0.611126,0.553975,0.088908,0.863927,0.756959,0.497981
0.584302,0.611126,0.553975,0.088908,0.863927,0.756959,0.497981
0.583469,0.619719,0.515295,0.074392,0.897814,0.699520,0.577389
0.582710,0.608414,0.528637,0.077882,0.899628,0.681524,0.589176
0.585573,0.607728,0.493889,0.085624,0.820665,0.664046,0.526667
0.585886,0.607026,0.499246,0.078581,0.821489,0.650746,0.527281
0.542860,0.581390,0.460603,0.102130,0.828509,0.639456,0.517145
0.555857,0.619928,0.482920,0.083998,0.859173,0.688431,0.538959
0.573201,0.621244,0.498569,0.079698,0.810143,0.693002,0.528056
0.577818,0.611148,0.500725,0.076741,0.807249,0.684844,0.536938
0.579057,0.605636,0.502830,0.077546,0.811060,0.659897,0.534363
0.554940,0.577148,0.465814,0.096910,0.825915,0.652372,0.521915
0.589062,0.630004,0.504714,0.080274,0.823292,0.678604,0.531599
0.560379,0.623899,0.498955,0.081704,0.858162,0.693173,0.532202
0.548639,0.490014,0.561620,0.094253,0.883959,0.687786,0.567929
0.556539,0.546461,0.577513,0.097631,0.864256,0.697782,0.498242
0.558681,0.546508,0.579417,0.101104,0.864102,0.702447,0.518367
0.558681,0.546508,0.579417,0.101104,0.864102,0.702447,0.518367
0.585433,0.556488,0.599521,0.082390,0.885810,0.783953,0.512403
0.548746,0.538116,0.370899,0.149653,0.776093,0.583861,0.551615
0.305194,0.332820,0.299644,0.186223,0.681633,0.534246,0.474168
0.296799,0.325752,0.304258,0.184991,0.667092,0.537007,0.455141
0.492013,0.437146,0.320915,0.171924,0.705230,0.561602,0.516520
0.520046,0.461079,0.338059,0.150263,0.681445,0.607741,0.508969
0.543192,0.569945,0.515401,0.093310,0.885523,0.626564,0.509061
0.584117,0.572390,0.456289,0.138097,0.818714,0.698471,0.474255
0.584117,0.572390,0.456289,0.138097,0.818714,0.698471,0.474255
0.584117,0.572390,0.456289,0.138097,0.818714,0.698471,0.474255
0.457794,0.394432,0.364297,0.168273,0.778364,0.667803,0.463997
0.598836,0.607559,0.510060,0.133136,0.818400,0.708966,0.483957
0.598836,0.607559,0.510060,0.133136,0.818400,0.708966,0.483957
0.598836,0.607559,0.510060,0.133136,0.818400,0.708966,0.483957
0.601501,0.626100,0.556513,0.116813,0.806013,0.707650,0.479048
0.601501,0.626100,0.556513,0.116813,0.806013,0.707650,0.479048
0.601501,0.626100,0.556513,0.116813,0.806013,0.707650,0.479048
0.598330,0.637968,0.546170,0.123614,0.830258,0.711935,0.483043
0.579008,0.581084,0.461827,0.142094,0.773758,0.633323,0.472175
0.410929,0.345458,0.330777,0.173209,0.751140,0.603254,0.479166
0.437065,0.405186,0.344002,0.205858,0.785816,0.676500,0.502179
0.413816,0.365859,0.332814,0.214180,0.723784,0.621679,0.495144
0.428854,0.392569,0.360716,0.180641,0.797524,0.686007,0.482852
0.423499,0.413553,0.360448,0.132778,0.816121,0.708136,0.466448
0.405966,0.394106,0.353969,0.167478,0.814500,0.745472,0.460545
0.413957,0.384615,0.375508,0.158242,0.816098,0.708522,0.466359
0.423030,0.400115,0.361823,0.161569,0.827588,0.704849,0.486049
0.420252,0.397033,0.362919,0.162307,0.811637,0.675837,0.489526
0.437033,0.399326,0.353923,0.180865,0.794845,0.688909,0.497066
0.403384,0.364557,0.339037,0.193537,0.731183,0.643005,0.473750
0.368998,0.343918,0.346304,0.207821,0.717138,0.600627,0.468272
0.380723,0.349647,0.335892,0.212050,0.704277,0.611003,0.470887
0.422103,0.378107,0.364617,0.177230,0.756985,0.646165,0.499429
0.410743,0.395151,0.352117,0.160785,0.828690,0.721855,0.482250
0.411451,0.374732,0.356797,0.166409,0.781222,0.701216,0.497467
0.350490,0.349855,0.288172,0.131917,0.702322,0.623614,0.560571
0.442776,0.439955,0.332186,0.121527,0.789225,0.709540,0.535842
0.534170,0.482550,0.437661,0.081197,0.862190,0.757064,0.560353
0.448430,0.440796,0.340059,0.083894,0.836533,0.711737,0.567139
0.355288,0.356887,0.294188,0.116887,0.742964,0.648370,0.571948
0.440121,0.437096,0.343383,0.115962,0.809743,0.724965,0.532121
0.528826,0.502932,0.461529,0.073443,0.856755,0.773927,0.557506
0.438816,0.441654,0.353345,0.074585,0.828370,0.723755,0.571993
0.311101,0.321906,0.274135,0.152390,0.685516,0.537826,0.569236
0.410040,0.387158,0.307017,0.146361,0.750702,0.599443,0.550040
0.516639,0.468299,0.404295,0.094952,0.855402,0.723252,0.581282
0.430453,0.422763,0.328340,0.100655,0.821890,0.675057,0.590630
0.316226,0.331463,0.280252,0.143056,0.686441,0.566097,0.570325
0.415762,0.392304,0.321137,0.137960,0.755659,0.657926,0.535800
0.512499,0.487125,0.428151,0.087346,0.857262,0.755656,0.576172
0.427947,0.431494,0.337799,0.093994,0.821962,0.709251,0.587356
0.335336,0.369326,0.300372,0.153133,0.672804,0.597239,0.535178
0.443904,0.454592,0.356903,0.132268,0.739285,0.671569,0.502732
0.527181,0.525773,0.479344,0.088220,0.854728,0.804130,0.552911
0.439795,0.457291,0.359341,0.095125,0.815976,0.748949,0.557177
0.438358,0.398740,0.372427,0.150106,0.828873,0.677167,0.514683
0.344848,0.348938,0.288387,0.146916,0.692063,0.600305,0.542832
0.443811,0.438310,0.334565,0.132710,0.764354,0.699981,0.514086
0.533559,0.489235,0.441057,0.086288,0.863708,0.766410,0.542803
0.448304,0.442737,0.340120,0.091784,0.837719,0.720122,0.551329
0.353623,0.353617,0.293231,0.125130,0.722639,0.650892,0.564340
0.445075,0.434194,0.342467,0.123419,0.799227,0.726208,0.530589
0.529614,0.500628,0.459682,0.077541,0.857406,0.780109,0.562162
0.442272,0.440932,0.351503,0.079971,0.829406,0.723329,0.577011
0.425735,0.360571,0.360804,0.171358,0.790317,0.644767,0.478568
0.412746,0.394267,0.353226,0.164279,0.808072,0.685738,0.488213
0.412746,0.394267,0.353226,0.164279,0.808072,0.685738,0.488213
0.333469,0.327493,0.315989,0.180585,0.746759,0.641483,0.495234
0.317042,0.326914,0.314782,0.193775,0.721016,0.613192,0.480274
0.418053,0.360121,0.346782,0.178418,0.756413,0.612877,0.507485
0.426013,0.394736,0.364529,0.186704,0.778719,0.666520,0.497783
0.434721,0.384786,0.359686,0.168283,0.795751,0.627731,0.493013
0.435086,0.380881,0.375505,0.163744,0.768511,0.678453,0.496507
0.317042,0.326914,0.314782,0.193775,0.721016,0.613192,0.480274
0.455167,0.415526,0.366953,0.166381,0.806373,0.679819,0.488665
0.434721,0.384786,0.359686,0.168283,0.795751,0.627731,0.493013
0.427599,0.401541,0.357835,0.140765,0.842322,0.677415,0.527685
0.412702,0.389094,0.356615,0.144857,0.817184,0.644858,0.512502
0.421959,0.407822,0.343953,0.155163,0.792208,0.602039,0.526196
0.431480,0.405505,0.362911,0.146929,0.837312,0.665489,0.527230
0.522109,0.554451,0.442693,0.086058,0.906630,0.737598,0.601171
0.416489,0.393360,0.363512,0.152794,0.806988,0.610694,0.506154
0.410193,0.398128,0.342385,0.162868,0.791423,0.664738,0.501291
0.378861,0.371701,0.331404,0.179085,0.754489,0.557837,0.501316
0.349396,0.346160,0.322099,0.185287,0.707375,0.552420,0.499848
0.392847,0.366995,0.339660,0.149516,0.849099,0.651660,0.504654
0.529272,0.614528,0.534048,0.084613,0.928607,0.685910,0.613528
0.395026,0.359649,0.342274,0.152768,0.810206,0.641948,0.537662
0.362306,0.357190,0.331349,0.158422,0.822862,0.559003,0.516836
0.306541,0.333140,0.292772,0.191922,0.689765,0.536451,0.449970
0.306541,0.333140,0.292772,0.191922,0.689765,0.536451,0.449970
0.462892,0.484035,0.347378,0.086531,0.853771,0.667714,0.588678
0.296042,0.319851,0.304214,0.191383,0.678690,0.564596,0.460781
0.577606,0.599526,0.549389,0.077207,0.908726,0.716251,0.561856
0.389929,0.360637,0.329210,0.187169,0.763685,0.584884,0.453485
0.452223,0.400567,0.349601,0.173326,0.734475,0.595993,0.445195
0.421664,0.392459,0.351860,0.159569,0.787470,0.666995,0.503214
0.404888,0.381095,0.343837,0.161184,0.773208,0.648797,0.512463
0.353163,0.331148,0.321746,0.201876,0.719402,0.527455,0.484893
0.399432,0.382333,0.347838,0.174125,0.777311,0.603575,0.490004
0.357664,0.348148,0.327582,0.203887,0.684569,0.547315,0.488989
0.421958,0.378189,0.355855,0.176166,0.749371,0.641791,0.493878
0.380893,0.358705,0.330451,0.190301,0.752874,0.605843,0.475338
0.343654,0.317717,0.321083,0.221050,0.658703,0.528554,0.474511
0.387316,0.337197,0.305961,0.216741,0.683475,0.536723,0.493934
0.372402,0.342575,0.334120,0.208539,0.744308,0.570968,0.463915
0.366862,0.357129,0.334779,0.188091,0.767523,0.599910,0.464277
0.334285,0.313924,0.317053,0.224399,0.622001,0.519622,0.465223
0.410427,0.366159,0.337036,0.172211,0.731109,0.555701,0.444121
0.444780,0.400556,0.338365,0.188322,0.771109,0.640076,0.497035
0.436322,0.397541,0.351833,0.196515,0.771871,0.628988,0.472911
0.477722,0.398081,0.347207,0.153293,0.765002,0.609893,0.468996
0.469101,0.406017,0.321070,0.159430,0.749700,0.667027,0.461053
0.562669,0.616691,0.502022,0.083740,0.884201,0.717766,0.522134
0.430504,0.409661,0.328711,0.177633,0.749967,0.565655,0.472768
0.385004,0.374084,0.319447,0.187105,0.758545,0.676828,0.445274
0.610030,0.604442,0.510831,0.077325,0.877666,0.717101,0.541977
0.395701,0.371268,0.318809,0.179013,0.768353,0.560097,0.479494
0.393494,0.380173,0.307536,0.180247,0.796086,0.568120,0.502675
0.363915,0.347551,0.301004,0.191930,0.699003,0.550485,0.468593
0.343830,0.329588,0.302186,0.205723,0.627596,0.508864,0.467440
0.469082,0.420619,0.338469,0.168846,0.725817,0.583859,0.454399
0.539723,0.574019,0.498692,0.105554,0.889968,0.646639,0.538636
0.515157,0.579212,0.515781,0.108925,0.866231,0.688151,0.510380
0.553572,0.585786,0.489611,0.108355,0.881676,0.636967,0.532860
0.608485,0.642061,0.556113,0.094420,0.851929,0.693579,0.498334
0.486455,0.537688,0.420051,0.111363,0.815741,0.642137,0.513831
0.468492,0.415116,0.341844,0.143414,0.820936,0.684348,0.464545
0.453100,0.399760,0.352638,0.158508,0.757348,0.679078,0.450098
0.444675,0.412239,0.329522,0.153559,0.849988,0.689795,0.531662
0.421664,0.392459,0.351860,0.159569,0.787470,0.666995,0.503214
0.417462,0.405788,0.328595,0.145387,0.832609,0.698017,0.475444
0.373291,0.415113,0.277991,0.136713,0.762457,0.696917,0.530405
0.384911,0.415424,0.286871,0.122660,0.791594,0.696420,0.594180
0.390902,0.366753,0.327144,0.155972,0.781322,0.665791,0.487115
0.352341,0.385461,0.284302,0.149667,0.697280,0.605684,0.538873
0.545247,0.549289,0.455390,0.081417,0.868155,0.797348,0.558137
0.374582,0.398120,0.300818,0.131863,0.740968,0.673628,0.571638
0.553365,0.574315,0.466028,0.073886,0.881514,0.807040,0.582871
0.348969,0.383467,0.284267,0.170034,0.692700,0.619886,0.510017
0.377033,0.394872,0.299483,0.150658,0.730339,0.673273,0.571638
0.413424,0.397366,0.341192,0.161518,0.777436,0.656736,0.496006
0.389929,0.360637,0.329210,0.187169,0.763685,0.584884,0.453485
0.413994,0.395266,0.336870,0.172675,0.798120,0.615425,0.470296
0.365359,0.361935,0.315210,0.201184,0.711713,0.539890,0.462739
0.538960,0.560928,0.485843,0.083384,0.877861,0.803888,0.556449
0.407835,0.385319,0.331822,0.190369,0.762520,0.610223,0.483746
0.386458,0.364711,0.320118,0.192705,0.732474,0.573573,0.468206
0.356921,0.346806,0.320780,0.207842,0.706710,0.551199,0.471764
0.410665,0.394281,0.343693,0.155539,0.821133,0.675927,0.490831
0.369131,0.358940,0.332103,0.196619,0.712610,0.572860,0.468064
0.428144,0.392753,0.328609,0.174050,0.797077,0.652822,0.493772
0.397247,0.365020,0.316789,0.184463,0.746941,0.603197,0.477248
0.385800,0.344004,0.322658,0.196803,0.716314,0.572581,0.477445
0.392379,0.373654,0.338536,0.182167,0.773886,0.633383,0.455010
0.355455,0.327128,0.325418,0.205686,0.708318,0.554549,0.456499
0.342085,0.327393,0.321113,0.206276,0.710212,0.531730,0.448776
0.406925,0.373594,0.336466,0.180523,0.777873,0.628833,0.436765
0.403298,0.371792,0.343615,0.194142,0.770507,0.618971,0.468274
0.370125,0.353122,0.329449,0.203132,0.732077,0.574759,0.449875
0.337878,0.390514,0.285692,0.188004,0.657988,0.600354,0.502075
0.366342,0.408239,0.300523,0.162285,0.697499,0.635427,0.540864
0.351977,0.333195,0.329326,0.211661,0.693660,0.556716,0.448367
0.399762,0.366060,0.341417,0.185859,0.771361,0.615273,0.450697
0.406742,0.364929,0.348171,0.172630,0.777343,0.585336,0.474549
0.406742,0.364929,0.348171,0.172630,0.777343,0.585336,0.474549
0.405250,0.367039,0.329631,0.185709,0.772446,0.610706,0.454591
0.380718,0.364491,0.311646,0.192683,0.812489,0.662026,0.483126
0.414086,0.379371,0.321448,0.157046,0.760500,0.662342,0.466662
0.570026,0.611110,0.538179,0.106684,0.898413,0.634632,0.551852
0.562313,0.582244,0.523050,0.108306,0.848336,0.652256,0.497969
0.441373,0.391655,0.329553,0.168453,0.748299,0.544980,0.491322
0.439434,0.383497,0.338527,0.163952,0.748748,0.580871,0.483235
0.372402,0.342575,0.334120,0.208539,0.744308,0.570968,0.463915
0.574782,0.623192,0.535643,0.085069,0.852859,0.721098,0.538607
0.549615,0.602358,0.515446,0.104919,0.878990,0.688966,0.577841
0.317220,0.309191,0.302765,0.190224,0.681781,0.508846,0.457747
0.454066,0.408655,0.333206,0.150211,0.799353,0.655945,0.492497
0.379037,0.383619,0.347709,0.214663,0.775447,0.573240,0.517517
0.559304,0.624522,0.519879,0.083489,0.902988,0.681902,0.587475
0.572575,0.631326,0.529856,0.082846,0.903016,0.687528,0.595379
0.549132,0.570490,0.494170,0.105036,0.873477,0.634796,0.541701
0.547988,0.605361,0.504810,0.098661,0.875997,0.660694,0.524180
0.506795,0.563644,0.497083,0.111665,0.833691,0.670377,0.511903
0.553938,0.585116,0.416113,0.111108,0.828130,0.627269,0.521086
0.605902,0.633123,0.548942,0.097900,0.810004,0.684045,0.495277
0.522760,0.571506,0.415437,0.133660,0.872370,0.680699,0.547468
0.474542,0.546731,0.401286,0.133425,0.787179,0.566697,0.503901
0.535815,0.582106,0.528328,0.094356,0.872658,0.635500,0.531078
0.542801,0.596306,0.533741,0.105491,0.892392,0.645572,0.550208
0.561902,0.540142,0.434179,0.076689,0.849997,0.723678,0.528847
0.551507,0.598619,0.499890,0.111951,0.888926,0.647760,0.570735
0.584935,0.626239,0.501182,0.086480,0.857745,0.714221,0.500748
0.579855,0.554059,0.522869,0.095269,0.887904,0.680703,0.500952
0.571222,0.600299,0.528625,0.105057,0.886955,0.619306,0.540907
0.548437,0.568580,0.496692,0.120214,0.796234,0.631294,0.475562
0.543229,0.613535,0.556810,0.099156,0.913835,0.688197,0.563143
0.526265,0.506535,0.414242,0.099689,0.867032,0.701300,0.571589
0.512787,0.458596,0.392046,0.095989,0.856624,0.721808,0.568573
0.605606,0.620073,0.534817,0.124071,0.787576,0.645866,0.456957
0.605606,0.620073,0.534817,0.124071,0.787576,0.645866,0.456957
0.605606,0.620073,0.534817,0.124071,0.787576,0.645866,0.456957
0.536512,0.579857,0.460217,0.091045,0.874983,0.621304,0.537334
0.575994,0.622751,0.560424,0.086406,0.876653,0.725050,0.515104
0.567122,0.573911,0.536461,0.099766,0.828256,0.675197,0.484038
0.557151,0.587245,0.525559,0.103935,0.842517,0.619108,0.495703
0.557407,0.624264,0.514869,0.094395,0.880482,0.716369,0.544546
0.567218,0.612702,0.557467,0.091782,0.898710,0.753534,0.462624
0.515157,0.579212,0.515781,0.108925,0.866231,0.688151,0.510380
0.506795,0.563644,0.497083,0.111665,0.833691,0.670377,0.511903
0.515650,0.609548,0.550821,0.094866,0.912376,0.712246,0.573393
0.549062,0.558450,0.561458,0.099784,0.869858,0.726464,0.456345
0.406925,0.373594,0.336466,0.180523,0.777873,0.628833,0.436765
0.337878,0.390514,0.285692,0.188004,0.657988,0.600354,0.502075
0.366342,0.408239,0.300523,0.162285,0.697499,0.635427,0.540864
0.534866,0.578649,0.445252,0.090378,0.877142,0.794413,0.562617
0.551751,0.562863,0.434614,0.090499,0.870367,0.796666,0.540736
0.540241,0.548291,0.432350,0.103609,0.867127,0.785224,0.560946
0.552143,0.598385,0.462154,0.088031,0.874505,0.821545,0.550563
0.559480,0.565118,0.456151,0.099425,0.861694,0.802985,0.559278
0.456246,0.533083,0.348481,0.096200,0.838055,0.768969,0.559314
0.577524,0.634077,0.566861,0.085458,0.868433,0.773154,0.486801
0.521942,0.607919,0.515197,0.093872,0.832920,0.720453,0.495304
0.557103,0.618345,0.553652,0.082667,0.896661,0.734691,0.488662
0.558986,0.638267,0.544911,0.089425,0.883852,0.733446,0.517277
0.570010,0.625277,0.603834,0.103421,0.861259,0.714246,0.525776
0.556061,0.601225,0.555790,0.097144,0.890090,0.753078,0.482193
0.556162,0.631627,0.588614,0.098293,0.879363,0.716450,0.517705
0.558786,0.632612,0.544583,0.095648,0.899258,0.685586,0.511600
0.549261,0.578485,0.533434,0.112819,0.844762,0.641401,0.500664
0.438179,0.401224,0.360016,0.165217,0.779396,0.622012,0.483520
0.358101,0.339025,0.338374,0.194167,0.706727,0.556879,0.456556
0.341766,0.319658,0.331286,0.230756,0.636189,0.535315,0.458927
0.519358,0.558916,0.475556,0.108173,0.869196,0.634096,0.544120
0.541666,0.551254,0.556648,0.100413,0.874629,0.717269,0.452717
0.541666,0.551254,0.556648,0.100413,0.874629,0.717269,0.452717
0.348969,0.383467,0.284267,0.170034,0.692700,0.619886,0.510017
0.377033,0.394872,0.299483,0.150658,0.730339,0.673273,0.571638
0.554480,0.579450,0.461449,0.082025,0.883538,0.822946,0.579261
0.516153,0.605276,0.503070,0.093586,0.858247,0.732431,0.502983
0.558287,0.618721,0.557573,0.093603,0.891294,0.715028,0.529269
0.554395,0.626355,0.539470,0.087297,0.890357,0.735639,0.513032
0.563547,0.616022,0.577754,0.102725,0.871001,0.730098,0.529482
0.552876,0.592571,0.553996,0.096322,0.894258,0.746377,0.476686
0.553110,0.619934,0.560966,0.097728,0.887884,0.728349,0.519499
0.559249,0.619029,0.540691,0.091944,0.903831,0.679047,0.507052
0.548768,0.557572,0.522362,0.114161,0.871262,0.649678,0.492088
0.569773,0.584597,0.517411,0.090963,0.892103,0.670954,0.572007
0.371988,0.342218,0.323187,0.175083,0.746524,0.593479,0.467745
0.545247,0.549289,0.455390,0.081417,0.868155,0.797348,0.558137
0.553365,0.574315,0.466028,0.073886,0.881514,0.807040,0.582871
0.576558,0.622718,0.518476,0.077912,0.902629,0.683155,0.585423
0.564616,0.577235,0.526950,0.088935,0.875449,0.690518,0.522052
0.534660,0.559857,0.440194,0.074100,0.880608,0.760171,0.593396
0.595549,0.599474,0.533967,0.085844,0.899314,0.705871,0.606952
0.611915,0.614672,0.547851,0.075017,0.890793,0.730594,0.538358
0.597389,0.596588,0.546182,0.082772,0.885148,0.738964,0.519043
0.595166,0.623677,0.553543,0.078223,0.896781,0.696576,0.535690
0.585659,0.608967,0.503420,0.087604,0.906424,0.710047,0.549535
0.592624,0.637410,0.529468,0.076630,0.903827,0.687478,0.587829
0.592388,0.628565,0.554805,0.090655,0.886442,0.687066,0.606638
0.604374,0.621258,0.546764,0.073334,0.909732,0.743497,0.557294
0.513906,0.527789,0.410272,0.120334,0.851966,0.619136,0.518301
0.573100,0.624911,0.548020,0.083930,0.894237,0.729854,0.572876
0.419676,0.395048,0.348274,0.141691,0.815638,0.646958,0.502252
0.592715,0.634865,0.534146,0.078716,0.903248,0.695690,0.592739
0.423015,0.400273,0.353853,0.149287,0.805724,0.604497,0.495462
0.560954,0.613899,0.494171,0.072652,0.918294,0.794761,0.598976
0.309975,0.328858,0.266274,0.156362,0.691052,0.557000,0.551370
0.408807,0.397290,0.300448,0.141541,0.767300,0.615846,0.526985
0.510383,0.465101,0.398647,0.093682,0.865238,0.757105,0.562810
0.425634,0.418303,0.318170,0.100469,0.828361,0.707672,0.572833
0.320623,0.338994,0.272974,0.141008,0.698812,0.570981,0.553755
0.416056,0.405701,0.313178,0.128613,0.767809,0.676359,0.516157
0.504767,0.492788,0.425596,0.084314,0.864223,0.763585,0.567049
0.418782,0.431352,0.325052,0.090470,0.829167,0.707761,0.571524
0.537717,0.618991,0.558722,0.086123,0.876661,0.710565,0.566390
0.291638,0.316633,0.256914,0.186848,0.602563,0.514241,0.551306
0.384759,0.364755,0.289280,0.161642,0.713456,0.558719,0.544029
0.492368,0.453743,0.328450,0.102970,0.833713,0.715128,0.572664
0.423378,0.404218,0.313669,0.113030,0.763355,0.631315,0.580443
0.294135,0.329542,0.263061,0.164147,0.640594,0.524185,0.556428
0.383720,0.374519,0.305955,0.153678,0.748664,0.591181,0.533165
0.476890,0.468715,0.401184,0.096789,0.855969,0.720498,0.578017
0.410281,0.414581,0.322624,0.101662,0.793603,0.670369,0.579057
0.303226,0.343317,0.267132,0.176509,0.587176,0.549086,0.509841
0.394600,0.409374,0.303717,0.150210,0.693954,0.614493,0.491026
0.535117,0.512273,0.433367,0.092947,0.848340,0.762050,0.534332
0.434336,0.448048,0.330312,0.099629,0.776700,0.701307,0.533065
0.317328,0.349464,0.278593,0.152743,0.648304,0.582373,0.547872
0.402491,0.415640,0.315125,0.140507,0.763676,0.642922,0.520557
0.532239,0.544040,0.444905,0.084373,0.867222,0.795386,0.563656
0.426913,0.471836,0.334990,0.091882,0.818707,0.723386,0.564221
0.561952,0.586808,0.458440,0.074096,0.870483,0.768824,0.586286
0.570479,0.598341,0.475164,0.074017,0.876155,0.770580,0.592165
0.498154,0.468664,0.390064,0.079072,0.865808,0.730588,0.581855
0.557530,0.603292,0.540076,0.092407,0.887352,0.707474,0.481209
0.303641,0.350407,0.266082,0.200519,0.536160,0.525715,0.480442
0.396730,0.419661,0.301682,0.170493,0.668987,0.598940,0.468908
0.319333,0.359106,0.275230,0.169456,0.631442,0.584928,0.536550
0.404944,0.420894,0.310256,0.154266,0.733727,0.652470,0.513445
0.559628,0.631108,0.557204,0.097920,0.850354,0.706957,0.501097
0.542473,0.594508,0.512949,0.106356,0.849307,0.605725,0.576707
0.584046,0.615444,0.541304,0.104132,0.884410,0.669079,0.602133
0.560572,0.617339,0.552198,0.095550,0.886625,0.682625,0.527509
0.551266,0.601800,0.528690,0.088647,0.888350,0.689523,0.510294
0.551266,0.601800,0.528690,0.088647,0.888350,0.689523,0.510294
0.537922,0.498734,0.375208,0.149734,0.775745,0.646847,0.543005
0.584710,0.602073,0.544108,0.083329,0.889691,0.745584,0.538228
0.557517,0.592288,0.528608,0.084624,0.891623,0.707413,0.553297
0.546024,0.614994,0.548945,0.084929,0.898337,0.711742,0.502675
0.557517,0.592288,0.528608,0.084624,0.891623,0.707413,0.553297
0.546024,0.614994,0.548945,0.084929,0.898337,0.711742,0.502675
0.584710,0.602073,0.544108,0.083329,0.889691,0.745584,0.538228
0.411928,0.403196,0.370359,0.180217,0.776658,0.586597,0.482190
0.571062,0.543153,0.417344,0.134542,0.847941,0.710720,0.536004
0.295759,0.324412,0.299432,0.190475,0.700232,0.546381,0.453154
0.562650,0.602196,0.553055,0.094736,0.878977,0.722522,0.559134
0.562650,0.602196,0.553055,0.094736,0.878977,0.722522,0.559134
0.295759,0.324412,0.299432,0.190475,0.700232,0.546381,0.453154
0.562650,0.602196,0.553055,0.094736,0.878977,0.722522,0.559134
0.562650,0.602196,0.553055,0.094736,0.878977,0.722522,0.559134
0.578456,0.620092,0.553836,0.082647,0.878133,0.749562,0.456012
0.545825,0.600154,0.525962,0.092238,0.887181,0.696658,0.540142
0.545825,0.600154,0.525962,0.092238,0.887181,0.696658,0.540142
0.590412,0.611137,0.524428,0.088269,0.904477,0.746845,0.541955
0.574592,0.573080,0.410261,0.105720,0.876127,0.697801,0.511202
0.391061,0.344941,0.315768,0.184626,0.703347,0.585542,0.425993
0.540495,0.585858,0.539286,0.112396,0.881282,0.617691,0.554915
0.547422,0.587389,0.522630,0.107813,0.877516,0.690654,0.567403
0.450067,0.384448,0.367996,0.154981,0.774085,0.570795,0.472532
0.547422,0.587389,0.522630,0.107813,0.877516,0.690654,0.567403
0.450067,0.384448,0.367996,0.154981,0.774085,0.570795,0.472532
0.574813,0.596077,0.530342,0.087531,0.914192,0.647862,0.562186
0.514653,0.560798,0.568409,0.087992,0.874713,0.686721,0.579153
0.500795,0.535568,0.497105,0.100417,0.877225,0.631114,0.609802
0.437329,0.439609,0.355741,0.111289,0.850486,0.647719,0.578672
0.434632,0.442365,0.351636,0.104849,0.850494,0.651277,0.581416
0.516205,0.526992,0.508160,0.107471,0.873010,0.636527,0.574004
0.438755,0.424816,0.313409,0.088733,0.827882,0.577199,0.619749
0.442964,0.421960,0.320030,0.090529,0.829446,0.577768,0.621117
0.438693,0.417308,0.318690,0.087986,0.827269,0.593732,0.624056
0.520952,0.541016,0.520655,0.103811,0.878082,0.652508,0.573865
0.477013,0.392703,0.355555,0.155206,0.770842,0.612552,0.476198
0.567574,0.530351,0.388774,0.145823,0.827554,0.704126,0.521194
0.535083,0.583862,0.528312,0.091076,0.890062,0.691740,0.503360
0.381983,0.344802,0.332594,0.158533,0.800074,0.643937,0.460880
0.403284,0.349612,0.336053,0.174066,0.796234,0.586295,0.497662
0.366986,0.335591,0.323260,0.180471,0.757341,0.538709,0.475724
0.346619,0.310704,0.323266,0.185998,0.705675,0.536547,0.473487
0.581821,0.607496,0.537045,0.075220,0.899500,0.651766,0.562454
0.389552,0.368054,0.327774,0.179167,0.775092,0.568605,0.485385
0.405323,0.309143,0.312435,0.188558,0.687484,0.507518,0.579607
0.419631,0.320324,0.318475,0.174875,0.701400,0.548184,0.582580
0.449999,0.389092,0.345870,0.156529,0.741959,0.589905,0.587996
0.518677,0.448640,0.360389,0.149615,0.781776,0.619821,0.588254
0.462225,0.443458,0.347198,0.140824,0.715177,0.567596,0.571905
0.530672,0.504845,0.387423,0.078099,0.862206,0.669945,0.604881
0.582483,0.507913,0.395086,0.129120,0.798395,0.641221,0.546097
0.303062,0.304497,0.299494,0.195709,0.656060,0.531030,0.452761
0.447486,0.379181,0.370409,0.154945,0.779552,0.577931,0.476246
0.386247,0.338957,0.347058,0.189810,0.772446,0.657105,0.485984
0.362095,0.341535,0.322362,0.200801,0.756315,0.596800,0.539151
0.534712,0.497845,0.395904,0.113543,0.862648,0.671838,0.525973
0.306713,0.328790,0.302290,0.185616,0.652371,0.543150,0.457951
0.306713,0.328790,0.302290,0.185616,0.652371,0.543150,0.457951
0.528899,0.576849,0.561656,0.096032,0.884314,0.663240,0.526791
0.524281,0.602688,0.552301,0.103141,0.873118,0.659097,0.512065
0.575209,0.647055,0.520840,0.093807,0.893237,0.736050,0.542632
0.547305,0.584675,0.538600,0.106566,0.844329,0.649177,0.555395
0.548721,0.601920,0.571322,0.101970,0.885477,0.676791,0.552419
0.544778,0.601775,0.592539,0.108314,0.873080,0.655123,0.563038
0.615554,0.633903,0.566155,0.102004,0.859487,0.743914,0.510125
0.585737,0.626063,0.531028,0.090020,0.884410,0.664168,0.558690
0.550981,0.578872,0.543945,0.105721,0.848756,0.595191,0.548869
0.581494,0.600172,0.543798,0.097616,0.870656,0.584104,0.519840
0.543167,0.573037,0.545587,0.099841,0.891055,0.633057,0.522470
0.550981,0.578872,0.543945,0.105721,0.848756,0.595191,0.548869
0.581494,0.600172,0.543798,0.097616,0.870656,0.584104,0.519840
0.568201,0.598128,0.589634,0.095620,0.880055,0.726183,0.496679
0.550365,0.599864,0.564962,0.101658,0.892403,0.687667,0.535973
0.540593,0.581194,0.564015,0.096348,0.884240,0.656698,0.530619
0.547446,0.601327,0.575763,0.110330,0.886090,0.684065,0.555119
0.569634,0.601422,0.599511,0.102144,0.867152,0.703024,0.506695
0.540581,0.575989,0.564012,0.103496,0.870746,0.614757,0.499683
0.586572,0.610710,0.571448,0.091879,0.865622,0.656033,0.566760
0.577402,0.614822,0.532690,0.089636,0.882989,0.670601,0.562356
0.584149,0.618329,0.548771,0.091597,0.874615,0.668598,0.560479
0.568139,0.614963,0.536361,0.091974,0.881146,0.649125,0.569354
0.599579,0.647451,0.568625,0.082706,0.902288,0.754606,0.523408
0.537435,0.608565,0.555322,0.103665,0.873062,0.656728,0.514969
0.562756,0.607791,0.535107,0.093116,0.872175,0.703073,0.593882
0.547166,0.592193,0.542263,0.098001,0.885858,0.696227,0.545205
0.526061,0.553983,0.542941,0.094091,0.887336,0.666672,0.506178
0.415480,0.399993,0.361646,0.167128,0.811577,0.691672,0.494622
0.567868,0.641870,0.563801,0.090555,0.889354,0.722358,0.516199
0.559840,0.629643,0.556959,0.087338,0.894224,0.729195,0.509705
0.522534,0.577162,0.477389,0.125627,0.858800,0.674631,0.575730
0.576014,0.605941,0.487104,0.099697,0.829549,0.695899,0.523401
0.565002,0.602244,0.536058,0.098258,0.850717,0.703237,0.528375
0.535684,0.595312,0.499530,0.103398,0.856183,0.702430,0.552956
0.540008,0.535788,0.531060,0.114559,0.833546,0.698660,0.471399
0.526285,0.542389,0.406562,0.102074,0.867049,0.763367,0.574550
0.533760,0.516904,0.399439,0.101157,0.859878,0.768186,0.539701
0.546674,0.561998,0.431435,0.100376,0.859817,0.782646,0.574684
0.566841,0.593626,0.553949,0.097311,0.839124,0.754021,0.509612
0.545105,0.578870,0.533366,0.096544,0.867384,0.707122,0.492180
0.540811,0.613996,0.540321,0.104057,0.855728,0.702477,0.529032
0.547156,0.564947,0.536072,0.112792,0.865599,0.731217,0.490781
0.526273,0.595914,0.545403,0.108623,0.860842,0.707766,0.546563
0.529852,0.600892,0.511693,0.102165,0.863453,0.728893,0.533368
0.546057,0.575502,0.462298,0.107255,0.863721,0.674737,0.597528
0.562796,0.617922,0.493796,0.088777,0.879208,0.686776,0.612221
0.340087,0.362525,0.330127,0.190022,0.700991,0.602463,0.497100
0.316736,0.334721,0.327560,0.221499,0.672776,0.548029,0.480517
0.507049,0.537898,0.462244,0.101732,0.868108,0.563193,0.514948
0.584319,0.515619,0.568160,0.123363,0.811985,0.637684,0.446126
0.308530,0.308633,0.325566,0.226783,0.632901,0.593013,0.470199
0.325588,0.347352,0.337268,0.174659,0.726596,0.552116,0.512374
0.492714,0.537498,0.453474,0.115919,0.873524,0.588664,0.528042
0.479378,0.529697,0.434415,0.130060,0.832170,0.638990,0.504367
0.560362,0.566216,0.571781,0.106785,0.827181,0.630470,0.473370
0.296671,0.324623,0.315501,0.224360,0.662457,0.547836,0.457378
0.517454,0.524605,0.445006,0.124912,0.821649,0.585000,0.477484
0.488027,0.552098,0.524713,0.123556,0.844408,0.635373,0.504245
0.500976,0.532153,0.450774,0.115750,0.845557,0.596386,0.529706
0.494732,0.538806,0.511705,0.111205,0.848248,0.595662,0.514345
0.485136,0.545680,0.441081,0.116294,0.781525,0.580172,0.518304
0.466842,0.527295,0.407386,0.131030,0.784249,0.631086,0.483765
0.514144,0.550964,0.422789,0.126743,0.800773,0.538486,0.513773
0.550863,0.558548,0.470095,0.109431,0.777353,0.614471,0.460846
0.433970,0.501191,0.384299,0.152421,0.842040,0.614285,0.516866
0.383483,0.484279,0.362738,0.152116,0.737950,0.479680,0.481990
0.512871,0.522675,0.418557,0.133447,0.754980,0.558706,0.452202
0.479378,0.529697,0.434415,0.130060,0.832170,0.638990,0.504367
0.466842,0.527295,0.407386,0.131030,0.784249,0.631086,0.483765
0.493970,0.549886,0.524455,0.110652,0.843464,0.677040,0.510210
0.499408,0.564587,0.536585,0.118564,0.874036,0.651007,0.544020
0.558944,0.573875,0.502115,0.099840,0.871560,0.653334,0.599311
0.310296,0.314497,0.317443,0.165790,0.710409,0.585648,0.438683
0.524131,0.582941,0.557949,0.111821,0.793910,0.645140,0.501196
0.326953,0.321610,0.334893,0.170201,0.738482,0.563139,0.493447
0.622149,0.619339,0.521891,0.121695,0.814862,0.773846,0.481047
0.621327,0.593223,0.513744,0.124051,0.854368,0.692143,0.437336
0.621327,0.593223,0.513744,0.124051,0.854368,0.692143,0.437336
0.621327,0.593223,0.513744,0.124051,0.854368,0.692143,0.437336
0.633212,0.584907,0.559194,0.105963,0.841851,0.698671,0.434369
0.633212,0.584907,0.559194,0.105963,0.841851,0.698671,0.434369
0.633212,0.584907,0.559194,0.105963,0.841851,0.698671,0.434369
0.536474,0.526131,0.459079,0.146910,0.818528,0.614434,0.468046
0.411858,0.509497,0.338717,0.123380,0.775907,0.771000,0.497766
0.582352,0.640952,0.587415,0.090074,0.875493,0.754848,0.507528
0.535412,0.644049,0.568151,0.087457,0.885701,0.783271,0.512979
0.501844,0.598328,0.528768,0.105766,0.873071,0.745047,0.527278
0.622704,0.564858,0.566608,0.133948,0.835079,0.681435,0.434384
0.622704,0.564858,0.566608,0.133948,0.835079,0.681435,0.434384
0.622704,0.564858,0.566608,0.133948,0.835079,0.681435,0.434384
0.503618,0.602701,0.529983,0.093735,0.872063,0.768830,0.535993
0.521512,0.619928,0.538079,0.101051,0.899837,0.739276,0.577335
0.524702,0.632575,0.570607,0.081513,0.885067,0.767868,0.546294
0.544874,0.631153,0.545015,0.097824,0.885244,0.782168,0.535942
0.499243,0.489928,0.495790,0.102631,0.858706,0.657459,0.521608
0.532221,0.566568,0.521119,0.096708,0.878641,0.736574,0.577157
0.532746,0.565715,0.518520,0.102531,0.885561,0.716728,0.537827
0.531264,0.570246,0.512094,0.100026,0.873570,0.714331,0.577657
0.532390,0.583296,0.525061,0.099195,0.865468,0.713757,0.527967
0.556312,0.584640,0.528162,0.097678,0.837275,0.732956,0.525880
0.565392,0.585270,0.536188,0.092836,0.842551,0.721108,0.517669
0.627994,0.646777,0.575013,0.123080,0.874397,0.700363,0.470522
0.627994,0.646777,0.575013,0.123080,0.874397,0.700363,0.470522
0.627994,0.646777,0.575013,0.123080,0.874397,0.700363,0.470522
0.633581,0.665888,0.596374,0.105593,0.875788,0.757356,0.475016
0.633581,0.665888,0.596374,0.105593,0.875788,0.757356,0.475016
0.633581,0.665888,0.596374,0.105593,0.875788,0.757356,0.475016
0.624541,0.624446,0.568475,0.112938,0.827368,0.756728,0.453049
0.641424,0.676199,0.638473,0.091369,0.864166,0.743573,0.478132
0.641424,0.676199,0.638473,0.091369,0.864166,0.743573,0.478132
0.641424,0.676199,0.638473,0.091369,0.864166,0.743573,0.478132
0.632455,0.694931,0.652087,0.114680,0.852076,0.724899,0.461637
0.463406,0.449087,0.413816,0.149498,0.851226,0.725413,0.489612
0.416239,0.418283,0.387876,0.166411,0.833422,0.696066,0.504445
0.448909,0.443567,0.404598,0.143349,0.864969,0.754007,0.481868
0.427665,0.437065,0.373014,0.160424,0.821654,0.708073,0.502727
0.637391,0.661303,0.585051,0.125143,0.871391,0.755434,0.468349
0.637391,0.661303,0.585051,0.125143,0.871391,0.755434,0.468349
0.637391,0.661303,0.585051,0.125143,0.871391,0.755434,0.468349
0.248859,0.374316,0.345272,0.423506,0.305206,0.173882,0.407275
0.248859,0.374316,0.345272,0.423506,0.305206,0.173882,0.407275
0.286440,0.440587,0.440228,0.375666,0.362945,0.186064,0.450865
0.286440,0.440587,0.440228,0.375666,0.362945,0.186064,0.450865
0.294451,0.286551,0.257042,0.209249,0.695904,0.599376,0.621656
0.293813,0.282990,0.256546,0.218561,0.698451,0.576066,0.613769
0.334062,0.305528,0.282312,0.211921,0.751758,0.621135,0.632162
0.280760,0.307719,0.263179,0.251028,0.639389,0.510467,0.613899
0.280760,0.307719,0.263179,0.251028,0.639389,0.510467,0.613899
0.353181,0.309105,0.287703,0.197267,0.755469,0.633464,0.610220
0.353181,0.309105,0.287703,0.197267,0.755469,0.633464,0.610220
0.353181,0.309105,0.287703,0.197267,0.755469,0.633464,0.610220
0.327460,0.302649,0.289326,0.211673,0.741188,0.610623,0.625398
0.327460,0.302649,0.289326,0.211673,0.741188,0.610623,0.625398
0.327460,0.302649,0.289326,0.211673,0.741188,0.610623,0.625398
0.306984,0.291789,0.264241,0.227080,0.719145,0.618124,0.601532
0.306984,0.291789,0.264241,0.227080,0.719145,0.618124,0.601532
0.391605,0.384754,0.346693,0.176997,0.660333,0.565850,0.556505
0.531809,0.578805,0.487139,0.090146,0.886546,0.696232,0.469174
0.621333,0.632660,0.581469,0.072390,0.911348,0.781421,0.607916
0.582742,0.594750,0.554221,0.095610,0.897792,0.738020,0.591363
0.551826,0.617206,0.556293,0.092831,0.897577,0.653459,0.583620
0.564596,0.643617,0.580396,0.111967,0.864605,0.681999,0.525200
0.563405,0.645725,0.564973,0.093710,0.899811,0.638315,0.595052
0.561654,0.566459,0.491317,0.085323,0.888656,0.673767,0.586550
0.562776,0.564369,0.505546,0.085878,0.888312,0.686021,0.566100
0.519608,0.507419,0.435346,0.119086,0.841458,0.670365,0.539536
0.519608,0.507419,0.435346,0.119086,0.841458,0.670365,0.539536
0.500780,0.437565,0.449601,0.115751,0.828273,0.604250,0.537981
0.500780,0.437565,0.449601,0.115751,0.828273,0.604250,0.537981
0.500780,0.437565,0.449601,0.115751,0.828273,0.604250,0.537981
0.500780,0.437565,0.449601,0.115751,0.828273,0.604250,0.537981
0.386751,0.379259,0.310458,0.260702,0.541626,0.440403,0.538300
0.542463,0.608244,0.565050,0.098053,0.881014,0.714781,0.550857
0.555362,0.610388,0.582908,0.081211,0.898562,0.698382,0.520649
0.479071,0.434745,0.422955,0.149164,0.847037,0.713003,0.497099
0.470871,0.430375,0.410675,0.143034,0.857817,0.752225,0.489262
0.543268,0.610572,0.602675,0.086249,0.896136,0.722028,0.519031
0.623083,0.647450,0.623659,0.076210,0.890051,0.747382,0.503207
0.600626,0.618289,0.596594,0.076569,0.896700,0.731489,0.545965
0.459110,0.433516,0.384818,0.157002,0.819005,0.676667,0.496924
0.551681,0.633180,0.597709,0.077033,0.894866,0.772414,0.536663
0.428319,0.413268,0.338819,0.121571,0.791231,0.664843,0.469531
0.603703,0.668112,0.600955,0.075114,0.905124,0.775172,0.501965
0.544734,0.601906,0.608814,0.090292,0.913827,0.694490,0.584063
0.583623,0.633780,0.569198,0.075712,0.903151,0.690367,0.526906
0.543819,0.612537,0.618569,0.088601,0.893681,0.701698,0.563598
0.536930,0.591282,0.583332,0.092609,0.887995,0.717515,0.517228
0.549157,0.606471,0.608653,0.100487,0.907095,0.708012,0.559991
0.625784,0.649188,0.624957,0.078452,0.864391,0.735611,0.494354
0.581830,0.619901,0.597573,0.106099,0.902028,0.697222,0.548822
0.493610,0.590329,0.618040,0.114186,0.868784,0.703670,0.532349
0.557438,0.596402,0.606788,0.092088,0.882126,0.676032,0.508055
0.549449,0.594287,0.591435,0.101064,0.868060,0.663288,0.488133
0.543268,0.610572,0.602675,0.086249,0.896136,0.722028,0.519031
0.536930,0.591282,0.583332,0.092609,0.887995,0.717515,0.517228
0.551681,0.633180,0.597709,0.077033,0.894866,0.772414,0.536663
0.567126,0.637446,0.596639,0.089054,0.913543,0.749964,0.583306
0.477639,0.439556,0.367952,0.123895,0.816073,0.665648,0.491864
0.465795,0.421131,0.357971,0.132684,0.774868,0.646829,0.478153
0.578634,0.653573,0.606523,0.071033,0.904790,0.781620,0.539809
0.584363,0.647989,0.610642,0.084325,0.906587,0.793680,0.526827
0.461172,0.433085,0.427540,0.155911,0.861926,0.702601,0.490163
0.464313,0.407582,0.400196,0.152751,0.786601,0.677766,0.487843
0.453767,0.393082,0.365715,0.145705,0.764350,0.630399,0.467543
0.326126,0.287532,0.272539,0.234855,0.700371,0.495174,0.621233
0.326126,0.287532,0.272539,0.234855,0.700371,0.495174,0.621233
0.544482,0.574626,0.471930,0.125734,0.829419,0.697111,0.561999
0.444903,0.412899,0.343799,0.169747,0.745465,0.593088,0.486312
0.405966,0.394106,0.353969,0.167478,0.814500,0.745472,0.460545
0.413957,0.384615,0.375508,0.158242,0.816098,0.708522,0.466359
0.420961,0.396232,0.361859,0.162732,0.800976,0.689197,0.482147
0.437033,0.399326,0.353923,0.180865,0.794845,0.688909,0.497066
0.428872,0.389358,0.345270,0.192229,0.765510,0.626990,0.496263
0.416018,0.386820,0.360025,0.176029,0.768288,0.658816,0.471242
0.421959,0.407822,0.343953,0.155163,0.792208,0.602039,0.526196
0.289426,0.327934,0.294548,0.181355,0.713521,0.537301,0.469982
0.289426,0.327934,0.294548,0.181355,0.713521,0.537301,0.469982
0.427212,0.399882,0.357538,0.185510,0.769560,0.585230,0.474468
0.296042,0.319851,0.304214,0.191383,0.678690,0.564596,0.460781
0.318386,0.323118,0.319486,0.197714,0.713039,0.591960,0.484098
0.291211,0.314870,0.307750,0.195215,0.702422,0.546592,0.461797
0.296042,0.319851,0.304214,0.191383,0.678690,0.564596,0.460781
0.318386,0.323118,0.319486,0.197714,0.713039,0.591960,0.484098
0.291211,0.314870,0.307750,0.195215,0.702422,0.546592,0.461797
0.341903,0.332006,0.319544,0.226740,0.681122,0.514536,0.507984
0.390362,0.359460,0.331535,0.194498,0.744478,0.547902,0.466446
0.393770,0.376985,0.328259,0.181233,0.761566,0.615507,0.465389
0.398426,0.382753,0.334388,0.184157,0.760414,0.607861,0.490136
0.428144,0.392753,0.328609,0.174050,0.797077,0.652822,0.493772
0.387693,0.369859,0.360190,0.186616,0.772482,0.615976,0.475739
0.393288,0.372216,0.338758,0.183992,0.768683,0.621152,0.451957
0.428753,0.382077,0.331131,0.151469,0.781317,0.680981,0.458726
0.393288,0.372216,0.338758,0.183992,0.768683,0.621152,0.451957
0.558986,0.638267,0.544911,0.089425,0.883852,0.733446,0.517277
0.556061,0.601225,0.555790,0.097144,0.890090,0.753078,0.482193
0.554395,0.626355,0.539470,0.087297,0.890357,0.735639,0.513032
0.431967,0.370789,0.359593,0.179526,0.764378,0.591310,0.476141
0.395976,0.366563,0.335579,0.186945,0.761721,0.586897,0.447371
0.388531,0.369850,0.332948,0.161908,0.784321,0.545853,0.505072
0.303062,0.304497,0.299494,0.195709,0.656060,0.531030,0.452761
0.303062,0.304497,0.299494,0.195709,0.656060,0.531030,0.452761
0.314709,0.320977,0.324396,0.182683,0.692017,0.590774,0.463144
0.294995,0.324411,0.325426,0.190810,0.716531,0.559336,0.451666
0.314709,0.320977,0.324396,0.182683,0.692017,0.590774,0.463144
0.513440,0.543853,0.478485,0.127676,0.835671,0.655975,0.570188
0.340087,0.362525,0.330127,0.190022,0.700991,0.602463,0.497100
0.323924,0.361229,0.314874,0.215697,0.714381,0.567165,0.506259
0.316736,0.334721,0.327560,0.221499,0.672776,0.548029,0.480517
0.326862,0.347154,0.344710,0.170756,0.745239,0.649295,0.480439
0.335303,0.337760,0.352305,0.183067,0.734377,0.651688,0.484377
0.317778,0.339454,0.317660,0.201389,0.682701,0.592116,0.470089
0.296671,0.324623,0.315501,0.224360,0.662457,0.547836,0.457378
0.317778,0.339454,0.317660,0.201389,0.682701,0.592116,0.470089
0.309985,0.329954,0.325141,0.204504,0.689952,0.595203,0.457813
0.309985,0.329954,0.325141,0.204504,0.689952,0.595203,0.457813
0.289850,0.342816,0.320568,0.197821,0.719454,0.517930,0.513962
0.422449,0.398860,0.355490,0.163584,0.780506,0.625757,0.480903
0.444903,0.412899,0.343799,0.169747,0.745465,0.593088,0.486312
0.423499,0.413553,0.360448,0.132778,0.816121,0.708136,0.466448
0.404771,0.387489,0.352705,0.150087,0.761325,0.725666,0.473551
0.322558,0.325286,0.304168,0.189633,0.651960,0.675270,0.464025
0.296653,0.307913,0.328719,0.200835,0.689038,0.593717,0.434992
0.405966,0.394106,0.353969,0.167478,0.814500,0.745472,0.460545
0.413957,0.384615,0.375508,0.158242,0.816098,0.708522,0.466359
0.423030,0.400115,0.361823,0.161569,0.827588,0.704849,0.486049
0.414126,0.384100,0.364171,0.143353,0.801257,0.684175,0.444188
0.420961,0.396232,0.361859,0.162732,0.800976,0.689197,0.482147
0.437033,0.399326,0.353923,0.180865,0.794845,0.688909,0.497066
0.307289,0.321935,0.320911,0.196261,0.699866,0.611393,0.465389
0.428872,0.389358,0.345270,0.192229,0.765510,0.626990,0.496263
0.416018,0.386820,0.360025,0.176029,0.768288,0.658816,0.471242
0.421959,0.407822,0.343953,0.155163,0.792208,0.602039,0.526196
0.499595,0.615271,0.559137,0.102880,0.919834,0.732408,0.559395
0.499765,0.603432,0.573289,0.108497,0.912474,0.718250,0.577794
0.512956,0.549624,0.441648,0.082553,0.907533,0.735795,0.599815
0.557400,0.604443,0.567043,0.088075,0.924105,0.658936,0.572936
0.289426,0.327934,0.294548,0.181355,0.713521,0.537301,0.469982
0.289426,0.327934,0.294548,0.181355,0.713521,0.537301,0.469982
0.427212,0.399882,0.357538,0.185510,0.769560,0.585230,0.474468
0.296042,0.319851,0.304214,0.191383,0.678690,0.564596,0.460781
0.318386,0.323118,0.319486,0.197714,0.713039,0.591960,0.484098
0.291211,0.314870,0.307750,0.195215,0.702422,0.546592,0.461797
0.296042,0.319851,0.304214,0.191383,0.678690,0.564596,0.460781
0.318386,0.323118,0.319486,0.197714,0.713039,0.591960,0.484098
0.291211,0.314870,0.307750,0.195215,0.702422,0.546592,0.461797
0.390362,0.359460,0.331535,0.194498,0.744478,0.547902,0.466446
0.393770,0.376985,0.328259,0.181233,0.761566,0.615507,0.465389
0.398426,0.382753,0.334388,0.184157,0.760414,0.607861,0.490136
0.428144,0.392753,0.328609,0.174050,0.797077,0.652822,0.493772
0.373247,0.345376,0.328194,0.195190,0.730153,0.586432,0.462372
0.387693,0.369859,0.360190,0.186616,0.772482,0.615976,0.475739
0.393288,0.372216,0.338758,0.183992,0.768683,0.621152,0.451957
0.393288,0.372216,0.338758,0.183992,0.768683,0.621152,0.451957
0.556061,0.601225,0.555790,0.097144,0.890090,0.753078,0.482193
0.554395,0.626355,0.539470,0.087297,0.890357,0.735639,0.513032
0.431967,0.370789,0.359593,0.179526,0.764378,0.591310,0.476141
0.395976,0.366563,0.335579,0.186945,0.761721,0.586897,0.447371
0.543891,0.535661,0.524922,0.082613,0.879839,0.621490,0.612372
0.388531,0.369850,0.332948,0.161908,0.784321,0.545853,0.505072
0.303062,0.304497,0.299494,0.195709,0.656060,0.531030,0.452761
0.303062,0.304497,0.299494,0.195709,0.656060,0.531030,0.452761
0.546593,0.581622,0.567215,0.092411,0.892017,0.716111,0.479992
0.278544,0.331101,0.285327,0.199888,0.654687,0.478011,0.534521
0.314709,0.320977,0.324396,0.182683,0.692017,0.590774,0.463144
0.294995,0.324411,0.325426,0.190810,0.716531,0.559336,0.451666
0.278544,0.331101,0.285327,0.199888,0.654687,0.478011,0.534521
0.314709,0.320977,0.324396,0.182683,0.692017,0.590774,0.463144
0.521815,0.556862,0.476925,0.134486,0.834319,0.670316,0.567896
0.506213,0.521003,0.501552,0.131332,0.803696,0.587740,0.531309
0.340087,0.362525,0.330127,0.190022,0.700991,0.602463,0.497100
0.323924,0.361229,0.314874,0.215697,0.714381,0.567165,0.506259
0.316736,0.334721,0.327560,0.221499,0.672776,0.548029,0.480517
0.316736,0.334721,0.327560,0.221499,0.672776,0.548029,0.480517
0.326862,0.347154,0.344710,0.170756,0.745239,0.649295,0.480439
0.470374,0.461652,0.419482,0.121231,0.836974,0.614789,0.484143
0.335303,0.337760,0.352305,0.183067,0.734377,0.651688,0.484377
0.308530,0.308633,0.325566,0.226783,0.632901,0.593013,0.470199
0.325588,0.347352,0.337268,0.174659,0.726596,0.552116,0.512374
0.322096,0.334754,0.306416,0.202539,0.692262,0.647356,0.439698
0.317778,0.339454,0.317660,0.201389,0.682701,0.592116,0.470089
0.296671,0.324623,0.315501,0.224360,0.662457,0.547836,0.457378
0.317778,0.339454,0.317660,0.201389,0.682701,0.592116,0.470089
0.296671,0.324623,0.315501,0.224360,0.662457,0.547836,0.457378
0.309985,0.329954,0.325141,0.204504,0.689952,0.595203,0.457813
0.309985,0.329954,0.325141,0.204504,0.689952,0.595203,0.457813
0.310296,0.314497,0.317443,0.165790,0.710409,0.585648,0.438683
0.312935,0.340731,0.348834,0.181174,0.737583,0.569434,0.453235
0.326953,0.321610,0.334893,0.170201,0.738482,0.563139,0.493447
0.485476,0.477328,0.453175,0.142907,0.842726,0.600918,0.482654
0.489337,0.470743,0.443552,0.126143,0.846245,0.598202,0.483550
0.566212,0.582150,0.555388,0.090781,0.804319,0.649931,0.480311
0.564115,0.558506,0.555286,0.085180,0.805949,0.643471,0.483082
0.569992,0.568306,0.560268,0.087658,0.809940,0.639629,0.484183
0.561266,0.595363,0.593049,0.089433,0.833953,0.674802,0.490657
0.327460,0.302649,0.289326,0.211673,0.741188,0.610623,0.625398
0.327460,0.302649,0.289326,0.211673,0.741188,0.610623,0.625398
0.583227,0.612110,0.552413,0.082385,0.791194,0.668549,0.517730
0.385193,0.353568,0.334272,0.158104,0.736246,0.612703,0.456349
0.359331,0.357806,0.306111,0.117472,0.711006,0.531099,0.488115
0.462701,0.400184,0.351026,0.126720,0.853337,0.663068,0.612019
0.392125,0.342626,0.296762,0.233427,0.772332,0.598682,0.496979
0.343016,0.318779,0.286653,0.220058,0.753872,0.583860,0.465635
0.343573,0.316418,0.280518,0.265703,0.764159,0.531075,0.517634
0.456371,0.377376,0.335280,0.138538,0.827813,0.661462,0.542979
0.389633,0.382266,0.317371,0.106263,0.767879,0.521694,0.519969
