Compound ID,DOI,Uniprot,cell_line_assay,readout_assay,timepoint_assay,cell_lines_abstract,readouts_abstract,cell_lines_fulltext,readouts_fulltext,cell_lines_chembl,cell_line_best
1,10.1021/acs.jmedchem.8b01413,Q9NPI1,,other,,,Western blot; degradation reporter,,,HEK293; HEK293T; HL-60; U2OS,
1,10.1021/acs.jmedchem.8b01413,Q9H8M2,,other,,,Western blot; degradation reporter,,,HEK293; U2OS,
2,10.1021/acs.jmedchem.8b01413,Q9NPI1,,,,,Western blot; degradation reporter,,,HEK293; HEK293T; HL-60; U2OS,
2,10.1021/acs.jmedchem.8b01413,Q9H8M2,,,,,Western blot; degradation reporter,,,HEK293; U2OS,
3,10.1021/acs.jmedchem.8b01413,Q9H8M2,EOL-1/A-402,,,,Western blot; degradation reporter,,,HEK293; U2OS,EOL-1/A-402
4,10.1021/acs.jmedchem.8b01413,Q9H8M2,,,,,Western blot; degradation reporter,,,HEK293; U2OS,
5,10.1021/acs.jmedchem.8b01413,Q9NPI1,,,,,Western blot; degradation reporter,,,HEK293; HEK293T; HL-60; U2OS,
5,10.1021/acs.jmedchem.8b01413,Q9H8M2,,,,,Western blot; degradation reporter,,,HEK293; U2OS,
6,10.1021/acs.jmedchem.8b01413,Q9NPI1,,,,,Western blot; degradation reporter,,,HEK293; HEK293T; HL-60; U2OS,
6,10.1021/acs.jmedchem.8b01413,Q9H8M2,,,,,Western blot; degradation reporter,,,HEK293; U2OS,
7,10.1021/acs.jmedchem.8b01413,Q9NPI1,,,,,Western blot; degradation reporter,,,HEK293; HEK293T; HL-60; U2OS,
7,10.1021/acs.jmedchem.8b01413,Q9H8M2,,,,,Western blot; degradation reporter,,,HEK293; U2OS,
8,10.1021/acs.jmedchem.8b01413,Q9NPI1,,,,,Western blot; degradation reporter,,,HEK293; HEK293T; HL-60; U2OS,
8,10.1021/acs.jmedchem.8b01413,Q9H8M2,,,,,Western blot; degradation reporter,,,HEK293; U2OS,
9,10.1021/acs.jmedchem.8b01413,Q9NPI1,,,,,Western blot; degradation reporter,,,HEK293; HEK293T; HL-60; U2OS,
9,10.1021/acs.jmedchem.8b01413,Q9H8M2,,,,,Western blot; degradation reporter,,,HEK293; U2OS,
10,10.1021/acs.jmedchem.8b01413,Q9NPI1,,,,,Western blot; degradation reporter,,,HEK293; HEK293T; HL-60; U2OS,
10,10.1021/acs.jmedchem.8b01413,Q9H8M2,,,,,Western blot; degradation reporter,,,HEK293; U2OS,
11,10.1021/acs.jmedchem.8b01413,Q9NPI1,HeLa,degradation reporter,4.0,,Western blot; degradation reporter,,,HEK293; HEK293T; HL-60; U2OS,HeLa
11,10.1021/acs.jmedchem.8b01413,Q9H8M2,HeLa,degradation reporter,4.0,,Western blot; degradation reporter,,,HEK293; U2OS,HeLa
12,10.1021/acs.jmedchem.8b01413,Q9NPI1,,,,,Western blot; degradation reporter,,,HEK293; HEK293T; HL-60; U2OS,
12,10.1021/acs.jmedchem.8b01413,Q9H8M2,,,,,Western blot; degradation reporter,,,HEK293; U2OS,
13,10.1021/acs.jmedchem.8b01413,Q9NPI1,,,,,Western blot; degradation reporter,,,HEK293; HEK293T; HL-60; U2OS,
13,10.1021/acs.jmedchem.8b01413,Q9H8M2,,,,,Western blot; degradation reporter,,,HEK293; U2OS,
14,10.1021/acs.jmedchem.8b01413,Q9NPI1,,,,,Western blot; degradation reporter,,,HEK293; HEK293T; HL-60; U2OS,
14,10.1021/acs.jmedchem.8b01413,Q9H8M2,,,,,Western blot; degradation reporter,,,HEK293; U2OS,
15,10.1021/acs.jmedchem.8b01413,Q9NPI1,,,,,Western blot; degradation reporter,,,HEK293; HEK293T; HL-60; U2OS,
15,10.1021/acs.jmedchem.8b01413,Q9H8M2,,,,,Western blot; degradation reporter,,,HEK293; U2OS,
16,10.1021/acs.jmedchem.8b01413,Q9NPI1,,,,,Western blot; degradation reporter,,,HEK293; HEK293T; HL-60; U2OS,
16,10.1021/acs.jmedchem.8b01413,Q9H8M2,,,,,Western blot; degradation reporter,,,HEK293; U2OS,
17,10.1021/acs.jmedchem.8b01413,Q9NPI1,,,,,Western blot; degradation reporter,,,HEK293; HEK293T; HL-60; U2OS,
17,10.1021/acs.jmedchem.8b01413,Q9H8M2,,,,,Western blot; degradation reporter,,,HEK293; U2OS,
18,10.1021/acs.jmedchem.8b01413,Q9NPI1,,,,,Western blot; degradation reporter,,,HEK293; HEK293T; HL-60; U2OS,
18,10.1021/acs.jmedchem.8b01413,Q9H8M2,,,,,Western blot; degradation reporter,,,HEK293; U2OS,
19,10.1021/acs.jmedchem.8b01413,Q9NPI1,,,,,Western blot; degradation reporter,,,HEK293; HEK293T; HL-60; U2OS,
19,10.1021/acs.jmedchem.8b01413,Q9H8M2,,,,,Western blot; degradation reporter,,,HEK293; U2OS,
20,10.1021/acs.jmedchem.8b01413,Q9NPI1,,,,,Western blot; degradation reporter,,,HEK293; HEK293T; HL-60; U2OS,
20,10.1021/acs.jmedchem.8b01413,Q9H8M2,,,,,Western blot; degradation reporter,,,HEK293; U2OS,
21,10.1021/acs.jmedchem.8b01413,Q9NPI1,,,,,Western blot; degradation reporter,,,HEK293; HEK293T; HL-60; U2OS,
21,10.1021/acs.jmedchem.8b01413,Q9H8M2,,,,,Western blot; degradation reporter,,,HEK293; U2OS,
22,10.1021/acs.jmedchem.8b01413,Q9H8M2,,,,,Western blot; degradation reporter,,,HEK293; U2OS,
22,10.1021/acs.jmedchem.8b01413,Q9H8M2,,,,,Western blot; degradation reporter,,,HEK293; U2OS,
22,10.1021/acs.jmedchem.8b01413,Q9H8M2,,,,,Western blot; degradation reporter,,,HEK293; U2OS,
22,10.1021/acs.jmedchem.8b01413,Q9NPI1,,,,,Western blot; degradation reporter,,,HEK293; HEK293T; HL-60; U2OS,
22,10.1021/acs.jmedchem.8b01413,Q9NPI1,,,,,Western blot; degradation reporter,,,HEK293; HEK293T; HL-60; U2OS,
22,10.1002/cbic.202300351,Q9H8M2,,,,,,,,HEK293; U2OS,
22,10.1002/cbic.202300351,Q9NPI1,,,,,,,,HEK293; HEK293T; HL-60; U2OS,
23,10.1021/acs.jmedchem.8b01413,Q9NPI1,,,,,Western blot; degradation reporter,,,HEK293; HEK293T; HL-60; U2OS,
23,10.1021/acs.jmedchem.8b01413,Q9H8M2,,,,,Western blot; degradation reporter,,,HEK293; U2OS,
24,10.1021/acs.jmedchem.8b01413,Q9NPI1,,,,,Western blot; degradation reporter,,,HEK293; HEK293T; HL-60; U2OS,
24,10.1021/acs.jmedchem.8b01413,Q9H8M2,,,,,Western blot; degradation reporter,,,HEK293; U2OS,
25,10.1021/acs.jmedchem.8b01413,Q9NPI1,,,,,Western blot; degradation reporter,,,HEK293; HEK293T; HL-60; U2OS,
25,10.1021/acs.jmedchem.8b01413,Q9H8M2,,,,,Western blot; degradation reporter,,,HEK293; U2OS,
26,10.1021/acs.jmedchem.8b01413,Q9NPI1,,,,,Western blot; degradation reporter,,,HEK293; HEK293T; HL-60; U2OS,
26,10.1021/acs.jmedchem.8b01413,Q9H8M2,,,,,Western blot; degradation reporter,,,HEK293; U2OS,
27,10.1021/acs.jmedchem.8b01413,Q9NPI1,,,,,Western blot; degradation reporter,,,HEK293; HEK293T; HL-60; U2OS,
27,10.1021/acs.jmedchem.8b01413,Q9H8M2,,,,,Western blot; degradation reporter,,,HEK293; U2OS,
28,10.1021/acs.jmedchem.8b01413,Q9NPI1,,,,,Western blot; degradation reporter,,,HEK293; HEK293T; HL-60; U2OS,
28,10.1021/acs.jmedchem.8b01413,Q9H8M2,,,,,Western blot; degradation reporter,,,HEK293; U2OS,
29,10.1021/acs.jmedchem.8b01413,Q9NPI1,,,,,Western blot; degradation reporter,,,HEK293; HEK293T; HL-60; U2OS,
29,10.1021/acs.jmedchem.8b01413,Q9H8M2,,,,,Western blot; degradation reporter,,,HEK293; U2OS,
30,10.1021/acs.jmedchem.8b01413,Q9NPI1,,,,,Western blot; degradation reporter,,,HEK293; HEK293T; HL-60; U2OS,
30,10.1021/acs.jmedchem.8b01413,Q9H8M2,,,,,Western blot; degradation reporter,,,HEK293; U2OS,
31,10.1021/acs.jmedchem.8b01413,Q9NPI1,,,,,Western blot; degradation reporter,,,HEK293; HEK293T; HL-60; U2OS,
31,10.1021/acs.jmedchem.8b01413,Q9H8M2,,,,,Western blot; degradation reporter,,,HEK293; U2OS,
32,10.1021/acs.jmedchem.8b01413,Q9NPI1,,,,,Western blot; degradation reporter,,,HEK293; HEK293T; HL-60; U2OS,
32,10.1021/acs.jmedchem.8b01413,Q9H8M2,,,,,Western blot; degradation reporter,,,HEK293; U2OS,
33,10.1021/acs.jmedchem.8b01413,Q9NPI1,,,,,Western blot; degradation reporter,,,HEK293; HEK293T; HL-60; U2OS,
33,10.1021/acs.jmedchem.8b01413,Q9H8M2,,,,,Western blot; degradation reporter,,,HEK293; U2OS,
34,10.1021/acs.jmedchem.8b01413,Q9NPI1,,,,,Western blot; degradation reporter,,,HEK293; HEK293T; HL-60; U2OS,
34,10.1021/acs.jmedchem.8b01413,Q9H8M2,,,,,Western blot; degradation reporter,,,HEK293; U2OS,
35,10.1021/acs.jmedchem.8b01413,Q9NPI1,,,,,Western blot; degradation reporter,,,HEK293; HEK293T; HL-60; U2OS,
35,10.1021/acs.jmedchem.8b01413,Q9H8M2,,,,,Western blot; degradation reporter,,,HEK293; U2OS,
36,10.1021/acs.jmedchem.9b00455,Q07820,,other,,,,,,,
37,10.1021/acs.jmedchem.8b00909,Q00987,RS4;11,other,,RS4;11; human leukemia cells,degradation reporter,RS4;11,Western blot,LNCaP; LnCAP; MCF7; MDA-MB-231; PC3; U2OS,RS4;11
38,10.1021/acs.jmedchem.8b00909,Q00987,RS4;11,other,,RS4;11; human leukemia cells,degradation reporter,RS4;11,Western blot,LNCaP; LnCAP; MCF7; MDA-MB-231; PC3; U2OS,RS4;11
39,10.1021/acs.jmedchem.8b00909,Q00987,RS4;11,other,,RS4;11; human leukemia cells,degradation reporter,RS4;11,Western blot,LNCaP; LnCAP; MCF7; MDA-MB-231; PC3; U2OS,RS4;11
40,10.1021/acs.jmedchem.8b00909,Q00987,RS4;11,other,,RS4;11; human leukemia cells,degradation reporter,RS4;11,Western blot,LNCaP; LnCAP; MCF7; MDA-MB-231; PC3; U2OS,RS4;11
41,10.1021/acs.jmedchem.8b00909,Q00987,RS4;11,other,,RS4;11; human leukemia cells,degradation reporter,RS4;11,Western blot,LNCaP; LnCAP; MCF7; MDA-MB-231; PC3; U2OS,RS4;11
42,10.1021/acs.jmedchem.8b00909,Q00987,RS4;11,other,,RS4;11; human leukemia cells,degradation reporter,RS4;11,Western blot,LNCaP; LnCAP; MCF7; MDA-MB-231; PC3; U2OS,RS4;11
43,10.1021/acs.jmedchem.8b00909,Q00987,RS4;11,other,,RS4;11; human leukemia cells,degradation reporter,RS4;11,Western blot,LNCaP; LnCAP; MCF7; MDA-MB-231; PC3; U2OS,RS4;11
44,10.1021/acs.jmedchem.8b00909,Q00987,RS4;11,other,,RS4;11; human leukemia cells,degradation reporter,RS4;11,Western blot,LNCaP; LnCAP; MCF7; MDA-MB-231; PC3; U2OS,RS4;11
45,10.1021/acs.jmedchem.8b00909,Q00987,RS4;11,other,,RS4;11; human leukemia cells,degradation reporter,RS4;11,Western blot,LNCaP; LnCAP; MCF7; MDA-MB-231; PC3; U2OS,RS4;11
46,10.1021/acs.jmedchem.8b00909,Q00987,RS4;11,other,,RS4;11; human leukemia cells,degradation reporter,RS4;11,Western blot,LNCaP; LnCAP; MCF7; MDA-MB-231; PC3; U2OS,RS4;11
47,10.1021/acs.jmedchem.8b00909,Q00987,RS4;11,other,,RS4;11; human leukemia cells,degradation reporter,RS4;11,Western blot,LNCaP; LnCAP; MCF7; MDA-MB-231; PC3; U2OS,RS4;11
48,10.1021/acs.jmedchem.8b00909,Q00987,RS4;11,other,,RS4;11; human leukemia cells,degradation reporter,RS4;11,Western blot,LNCaP; LnCAP; MCF7; MDA-MB-231; PC3; U2OS,RS4;11
49,10.1021/acs.jmedchem.8b00909,Q00987,RS4;11,other,,RS4;11; human leukemia cells,degradation reporter,RS4;11,Western blot,LNCaP; LnCAP; MCF7; MDA-MB-231; PC3; U2OS,RS4;11
50,10.1021/acs.jmedchem.8b00909,Q00987,RS4;11,other,,RS4;11; human leukemia cells,degradation reporter,RS4;11,Western blot,LNCaP; LnCAP; MCF7; MDA-MB-231; PC3; U2OS,RS4;11
51,10.1021/acs.jmedchem.8b00909,Q00987,RS4;11,other,,RS4;11; human leukemia cells,degradation reporter,RS4;11,Western blot,LNCaP; LnCAP; MCF7; MDA-MB-231; PC3; U2OS,RS4;11
52,10.1021/acs.jmedchem.8b00909,Q00987,RS4;11,other,,RS4;11; human leukemia cells,degradation reporter,RS4;11,Western blot,LNCaP; LnCAP; MCF7; MDA-MB-231; PC3; U2OS,RS4;11
53,10.1021/acs.jmedchem.8b00909,Q00987,RS4;11,other,,RS4;11; human leukemia cells,degradation reporter,RS4;11,Western blot,LNCaP; LnCAP; MCF7; MDA-MB-231; PC3; U2OS,RS4;11
54,10.1021/acs.jmedchem.8b00909,Q00987,RS4;11,other,,RS4;11; human leukemia cells,degradation reporter,RS4;11,Western blot,LNCaP; LnCAP; MCF7; MDA-MB-231; PC3; U2OS,RS4;11
55,10.1021/acs.jmedchem.8b00909,Q00987,RS4;11,other,,RS4;11; human leukemia cells,degradation reporter,RS4;11,Western blot,LNCaP; LnCAP; MCF7; MDA-MB-231; PC3; U2OS,RS4;11
56,10.1021/acs.jmedchem.8b00909,Q00987,RS4;11,other,,RS4;11; human leukemia cells,degradation reporter,RS4;11,Western blot,LNCaP; LnCAP; MCF7; MDA-MB-231; PC3; U2OS,RS4;11
57,10.1021/acs.jmedchem.8b01572,P03372,,,,MCF-7; T47D,degradation reporter,,,HeLa; MCF-7,MCF-7
58,10.1021/acs.jmedchem.8b01572,P03372,,,,MCF-7; T47D,degradation reporter,,,HeLa; MCF-7,MCF-7
59,10.1021/acs.jmedchem.8b01572,P03372,,,,MCF-7; T47D,degradation reporter,,,HeLa; MCF-7,MCF-7
60,10.1021/acs.jmedchem.8b01572,P03372,,,,MCF-7; T47D,degradation reporter,,,HeLa; MCF-7,MCF-7
61,10.1021/acs.jmedchem.8b01572,P03372,,,,MCF-7; T47D,degradation reporter,,,HeLa; MCF-7,MCF-7
62,10.1021/acs.jmedchem.8b01572,P03372,,,,MCF-7; T47D,degradation reporter,,,HeLa; MCF-7,MCF-7
63,10.1021/acs.jmedchem.8b01572,P03372,,,,MCF-7; T47D,degradation reporter,,,HeLa; MCF-7,MCF-7
64,10.1021/acs.jmedchem.8b01572,P03372,,,,MCF-7; T47D,degradation reporter,,,HeLa; MCF-7,MCF-7
65,10.1021/acs.jmedchem.8b01572,P03372,,,,MCF-7; T47D,degradation reporter,,,HeLa; MCF-7,MCF-7
66,10.1021/acs.jmedchem.8b01572,P03372,,,,MCF-7; T47D,degradation reporter,,,HeLa; MCF-7,MCF-7
67,10.1021/acs.jmedchem.8b01572,P03372,,,,MCF-7; T47D,degradation reporter,,,HeLa; MCF-7,MCF-7
68,10.1021/acs.jmedchem.8b01572,P03372,,,,MCF-7; T47D,degradation reporter,,,HeLa; MCF-7,MCF-7
69,10.1021/acs.jmedchem.8b01572,P03372,,,,MCF-7; T47D,degradation reporter,,,HeLa; MCF-7,MCF-7
70,10.1021/acs.jmedchem.8b01572,P03372,,,,MCF-7; T47D,degradation reporter,,,HeLa; MCF-7,MCF-7
71,10.1021/acs.jmedchem.8b01572,P03372,,,,MCF-7; T47D,degradation reporter,,,HeLa; MCF-7,MCF-7
72,10.1021/acs.jmedchem.8b01572,P03372,,,,MCF-7; T47D,degradation reporter,,,HeLa; MCF-7,MCF-7
73,10.1021/acs.jmedchem.8b01572,P03372,,,,MCF-7; T47D,degradation reporter,,,HeLa; MCF-7,MCF-7
74,10.1021/acs.jmedchem.8b01572,P03372,,,,MCF-7; T47D,degradation reporter,,,HeLa; MCF-7,MCF-7
75,10.1021/acs.jmedchem.8b01572,P03372,,,,MCF-7; T47D,degradation reporter,,,HeLa; MCF-7,MCF-7
76,10.1021/acs.jmedchem.8b01572,P03372,,,,MCF-7; T47D,degradation reporter,,,HeLa; MCF-7,MCF-7
77,10.1021/acs.jmedchem.8b01572,P03372,MCF-7,other,4.0,MCF-7; T47D,degradation reporter,,,HeLa; MCF-7,MCF-7
78,10.1021/acs.jmedchem.8b01572,P03372,,,,MCF-7; T47D,degradation reporter,,,HeLa; MCF-7,MCF-7
79,10.1021/acs.jmedchem.8b01572,P03372,,,,MCF-7; T47D,degradation reporter,,,HeLa; MCF-7,MCF-7
80,10.1021/acs.jmedchem.8b01572,P03372,,,,MCF-7; T47D,degradation reporter,,,HeLa; MCF-7,MCF-7
81,10.1021/acs.jmedchem.8b01572,P03372,,,,MCF-7; T47D,degradation reporter,,,HeLa; MCF-7,MCF-7
82,10.1021/acs.jmedchem.8b01572,P03372,,,,MCF-7; T47D,degradation reporter,,,HeLa; MCF-7,MCF-7
83,10.1021/acs.jmedchem.8b01572,P03372,,,,MCF-7; T47D,degradation reporter,,,HeLa; MCF-7,MCF-7
84,10.1021/acs.jmedchem.8b01572,P03372,,,,MCF-7; T47D,degradation reporter,,,HeLa; MCF-7,MCF-7
85,10.1021/acs.jmedchem.8b01572,P03372,,,,MCF-7; T47D,degradation reporter,,,HeLa; MCF-7,MCF-7
86,10.1021/acs.jmedchem.8b01572,P03372,,,,MCF-7; T47D,degradation reporter,,,HeLa; MCF-7,MCF-7
87,10.1021/acs.jmedchem.8b01572,P03372,,,,MCF-7; T47D,degradation reporter,,,HeLa; MCF-7,MCF-7
88,10.1021/acs.jmedchem.8b01572,P03372,,,,MCF-7; T47D,degradation reporter,,,HeLa; MCF-7,MCF-7
89,10.1021/acs.jmedchem.8b01572,P03372,,,,MCF-7; T47D,degradation reporter,,,HeLa; MCF-7,MCF-7
90,10.1021/acs.jmedchem.8b01572,P03372,,,,MCF-7; T47D,degradation reporter,,,HeLa; MCF-7,MCF-7
91,10.1021/acs.jmedchem.8b01572,P03372,,,,MCF-7; T47D,degradation reporter,,,HeLa; MCF-7,MCF-7
92,10.1021/acs.jmedchem.8b01572,P03372,,,,MCF-7; T47D,degradation reporter,,,HeLa; MCF-7,MCF-7
93,10.1021/acs.jmedchem.8b01572,P03372,,,,MCF-7; T47D,degradation reporter,,,HeLa; MCF-7,MCF-7
94,10.1021/acs.jmedchem.8b01631,P10275,LNCaP,other,6.0,LNCaP; VCaP; 22Rv1,Western blot,,,MCF-7; PC-3; PC3,LNCaP
95,10.1021/acs.jmedchem.8b01631,P10275,LNCaP,other,6.0,LNCaP; VCaP; 22Rv1,Western blot,,,MCF-7; PC-3; PC3,LNCaP
96,10.1021/acs.jmedchem.8b01631,P10275,LNCaP,other,6.0,LNCaP; VCaP; 22Rv1,Western blot,,,MCF-7; PC-3; PC3,LNCaP
97,10.1021/acs.jmedchem.8b01631,P10275,LNCaP,other,6.0,LNCaP; VCaP; 22Rv1,Western blot,,,MCF-7; PC-3; PC3,LNCaP
98,10.1021/acs.jmedchem.8b01631,P10275,LNCaP,other,6.0,LNCaP; VCaP; 22Rv1,Western blot,,,MCF-7; PC-3; PC3,LNCaP
99,10.1021/acs.jmedchem.8b01631,P10275,LNCaP,other,6.0,LNCaP; VCaP; 22Rv1,Western blot,,,MCF-7; PC-3; PC3,LNCaP
100,10.1021/acs.jmedchem.8b01631,P10275,LNCaP,other,6.0,LNCaP; VCaP; 22Rv1,Western blot,,,MCF-7; PC-3; PC3,LNCaP
101,10.1021/acs.jmedchem.8b01631,P10275,LNCaP,other,6.0,LNCaP; VCaP; 22Rv1,Western blot,,,MCF-7; PC-3; PC3,LNCaP
102,10.1021/acs.jmedchem.8b01631,P10275,LNCaP,Western blot,6.0,LNCaP; VCaP; 22Rv1,Western blot,,,MCF-7; PC-3; PC3,LNCaP
103,10.1021/acs.jmedchem.8b01631,P10275,LNCaP,Western blot,6.0,LNCaP; VCaP; 22Rv1,Western blot,,,MCF-7; PC-3; PC3,LNCaP
104,10.1021/acs.jmedchem.8b01631,P10275,LNCaP,Western blot,6.0,LNCaP; VCaP; 22Rv1,Western blot,,,MCF-7; PC-3; PC3,LNCaP
105,10.1021/acs.jmedchem.8b01631,P10275,LNCaP,Western blot,6.0,LNCaP; VCaP; 22Rv1,Western blot,,,MCF-7; PC-3; PC3,LNCaP
106,10.1021/acs.jmedchem.8b01631,P10275,LNCaP,Western blot,6.0,LNCaP; VCaP; 22Rv1,Western blot,,,MCF-7; PC-3; PC3,LNCaP
107,10.1021/acs.jmedchem.8b01631,P10275,LNCaP,Western blot,6.0,LNCaP; VCaP; 22Rv1,Western blot,,,MCF-7; PC-3; PC3,LNCaP
108,10.1021/acs.jmedchem.8b01631,P10275,LNCaP,Western blot,6.0,LNCaP; VCaP; 22Rv1,Western blot,,,MCF-7; PC-3; PC3,LNCaP
109,10.1021/acs.jmedchem.8b01631,P10275,LNCaP,Western blot,6.0,LNCaP; VCaP; 22Rv1,Western blot,,,MCF-7; PC-3; PC3,LNCaP
110,10.1021/acs.jmedchem.8b01631,P10275,LNCaP,Western blot,6.0,LNCaP; VCaP; 22Rv1,Western blot,,,MCF-7; PC-3; PC3,LNCaP
111,10.1021/acs.jmedchem.8b01631,P10275,LNCaP,Western blot,6.0,LNCaP; VCaP; 22Rv1,Western blot,,,MCF-7; PC-3; PC3,LNCaP
112,10.1021/acs.jmedchem.8b01631,P10275,LNCaP,degradation reporter,6.0,LNCaP; VCaP; 22Rv1,Western blot,,,MCF-7; PC-3; PC3,LNCaP
113,10.1021/acs.jmedchem.8b01631,P10275,LNCaP,degradation reporter,6.0,LNCaP; VCaP; 22Rv1,Western blot,,,MCF-7; PC-3; PC3,LNCaP
114,10.1021/acs.jmedchem.8b01631,P10275,LNCaP,degradation reporter,6.0,LNCaP; VCaP; 22Rv1,Western blot,,,MCF-7; PC-3; PC3,LNCaP
115,10.1021/acs.jmedchem.8b01631,P10275,LNCaP,degradation reporter,6.0,LNCaP; VCaP; 22Rv1,Western blot,,,MCF-7; PC-3; PC3,LNCaP
116,10.1021/acs.jmedchem.8b01631,P10275,LNCaP,degradation reporter,6.0,LNCaP; VCaP; 22Rv1,Western blot,,,MCF-7; PC-3; PC3,LNCaP
117,10.1021/acs.jmedchem.8b01631,P10275,LNCaP,degradation reporter,6.0,LNCaP; VCaP; 22Rv1,Western blot,,,MCF-7; PC-3; PC3,LNCaP
118,10.1021/acs.jmedchem.8b01631,P10275,LNCaP,degradation reporter,6.0,LNCaP; VCaP; 22Rv1,Western blot,,,MCF-7; PC-3; PC3,LNCaP
118,10.1021/acs.jmedchem.9b01393,P10275,LNCaP,degradation reporter,6.0,LNCaP; VCaP; 22Rv1,Western blot,,,MCF-7; PC-3; PC3,LNCaP
119,10.1021/acs.jmedchem.8b01631,P10275,LNCaP,degradation reporter,6.0,LNCaP; VCaP; 22Rv1,Western blot,,,MCF-7; PC-3; PC3,LNCaP
120,10.1021/acs.jmedchem.8b01631,P10275,LNCaP,degradation reporter,6.0,LNCaP; VCaP; 22Rv1,Western blot,,,MCF-7; PC-3; PC3,LNCaP
121,10.1021/acs.jmedchem.8b01631,P10275,LNCaP,degradation reporter,6.0,LNCaP; VCaP; 22Rv1,Western blot,,,MCF-7; PC-3; PC3,LNCaP
122,10.1021/acs.jmedchem.8b01631,P10275,LNCaP,degradation reporter,6.0,LNCaP; VCaP; 22Rv1,Western blot,,,MCF-7; PC-3; PC3,LNCaP
123,10.1021/acs.jmedchem.8b01631,P10275,LNCaP,degradation reporter,6.0,LNCaP; VCaP; 22Rv1,Western blot,,,MCF-7; PC-3; PC3,LNCaP
124,10.1021/acs.jmedchem.8b01631,P10275,LNCaP,degradation reporter,6.0,LNCaP; VCaP; 22Rv1,Western blot,,,MCF-7; PC-3; PC3,LNCaP
125,10.1021/acs.jmedchem.8b01631,P10275,LNCaP,degradation reporter,6.0,LNCaP; VCaP; 22Rv1,Western blot,,,MCF-7; PC-3; PC3,LNCaP
126,10.1021/acs.jmedchem.8b01631,P10275,LNCaP,degradation reporter,6.0,LNCaP; VCaP; 22Rv1,Western blot,,,MCF-7; PC-3; PC3,LNCaP
127,10.1021/acs.jmedchem.8b01631,P10275,LNCaP,degradation reporter,6.0,LNCaP; VCaP; 22Rv1,Western blot,,,MCF-7; PC-3; PC3,LNCaP
128,10.1021/acs.jmedchem.6b01816,P25440,,other,,RS4;11,,RS4;11; MOLM-13,Western blot; cell growth assay,HL60,RS4;11
128,10.1021/acs.jmedchem.6b01816,Q15059,,other,,RS4;11,,RS4;11; MOLM-13,Western blot; cell growth assay,HL60; Jurkat,RS4;11
128,10.1021/acs.jmedchem.6b01816,O60885,,other,,RS4;11,,RS4;11; MOLM-13,Western blot; cell growth assay,,RS4;11
129,10.1021/acs.jmedchem.6b01816,P25440,RS4;11,other,,RS4;11,,RS4;11; MOLM-13,Western blot; cell growth assay,HL60,RS4;11
129,10.1021/acs.jmedchem.6b01816,Q15059,RS4;11,other,,RS4;11,,RS4;11; MOLM-13,Western blot; cell growth assay,HL60; Jurkat,RS4;11
129,10.1021/acs.jmedchem.6b01816,O60885,RS4;11,other,,RS4;11,,RS4;11; MOLM-13,Western blot; cell growth assay,,RS4;11
130,10.1021/acs.jmedchem.6b01816,P25440,RS4;11,other,,RS4;11,,RS4;11; MOLM-13,Western blot; cell growth assay,HL60,RS4;11
130,10.1021/acs.jmedchem.6b01816,Q15059,RS4;11,other,,RS4;11,,RS4;11; MOLM-13,Western blot; cell growth assay,HL60; Jurkat,RS4;11
130,10.1021/acs.jmedchem.6b01816,O60885,RS4;11,other,,RS4;11,,RS4;11; MOLM-13,Western blot; cell growth assay,,RS4;11
131,10.1021/acs.jmedchem.6b01816,P25440,RS4;11,other,,RS4;11,,RS4;11; MOLM-13,Western blot; cell growth assay,HL60,RS4;11
131,10.1021/acs.jmedchem.6b01816,Q15059,RS4;11,other,,RS4;11,,RS4;11; MOLM-13,Western blot; cell growth assay,HL60; Jurkat,RS4;11
131,10.1021/acs.jmedchem.6b01816,O60885,RS4;11,other,,RS4;11,,RS4;11; MOLM-13,Western blot; cell growth assay,,RS4;11
132,10.1021/acs.jmedchem.6b01816,P25440,RS4;11,other,,RS4;11,,RS4;11; MOLM-13,Western blot; cell growth assay,HL60,RS4;11
132,10.1021/acs.jmedchem.6b01816,Q15059,RS4;11,other,,RS4;11,,RS4;11; MOLM-13,Western blot; cell growth assay,HL60; Jurkat,RS4;11
132,10.1021/acs.jmedchem.6b01816,O60885,RS4;11,other,,RS4;11,,RS4;11; MOLM-13,Western blot; cell growth assay,,RS4;11
133,10.1021/acs.jmedchem.6b01816,P25440,RS4;11,other,,RS4;11,,RS4;11; MOLM-13,Western blot; cell growth assay,HL60,RS4;11
133,10.1021/acs.jmedchem.6b01816,Q15059,RS4;11,other,,RS4;11,,RS4;11; MOLM-13,Western blot; cell growth assay,HL60; Jurkat,RS4;11
133,10.1021/acs.jmedchem.6b01816,O60885,RS4;11,other,,RS4;11,,RS4;11; MOLM-13,Western blot; cell growth assay,,RS4;11
134,10.1021/acs.jmedchem.6b01816,P25440,RS4;11,other,,RS4;11,,RS4;11; MOLM-13,Western blot; cell growth assay,HL60,RS4;11
134,10.1021/acs.jmedchem.6b01816,Q15059,RS4;11,other,,RS4;11,,RS4;11; MOLM-13,Western blot; cell growth assay,HL60; Jurkat,RS4;11
134,10.1021/acs.jmedchem.6b01816,O60885,RS4;11,other,,RS4;11,,RS4;11; MOLM-13,Western blot; cell growth assay,,RS4;11
135,10.1021/acs.jmedchem.6b01816,P25440,RS4;11,,,RS4;11,,RS4;11; MOLM-13,Western blot; cell growth assay,HL60,RS4;11
135,10.1021/acs.jmedchem.6b01816,Q15059,RS4;11,,,RS4;11,,RS4;11; MOLM-13,Western blot; cell growth assay,HL60; Jurkat,RS4;11
135,10.1021/acs.jmedchem.6b01816,O60885,RS4;11,,,RS4;11,,RS4;11; MOLM-13,Western blot; cell growth assay,,RS4;11
136,10.1021/acs.jmedchem.6b01816,P25440,RS4;11,,,RS4;11,,RS4;11; MOLM-13,Western blot; cell growth assay,HL60,RS4;11
136,10.1021/acs.jmedchem.6b01816,Q15059,RS4;11,,,RS4;11,,RS4;11; MOLM-13,Western blot; cell growth assay,HL60; Jurkat,RS4;11
136,10.1021/acs.jmedchem.6b01816,O60885,RS4;11,,,RS4;11,,RS4;11; MOLM-13,Western blot; cell growth assay,,RS4;11
137,10.1021/acs.jmedchem.6b01816,P25440,RS4;11,,,RS4;11,,RS4;11; MOLM-13,Western blot; cell growth assay,HL60,RS4;11
137,10.1021/acs.jmedchem.6b01816,Q15059,RS4;11,,,RS4;11,,RS4;11; MOLM-13,Western blot; cell growth assay,HL60; Jurkat,RS4;11
137,10.1021/acs.jmedchem.6b01816,O60885,RS4;11,,,RS4;11,,RS4;11; MOLM-13,Western blot; cell growth assay,,RS4;11
138,10.1021/acs.jmedchem.6b01816,P25440,RS4;11,,,RS4;11,,RS4;11; MOLM-13,Western blot; cell growth assay,HL60,RS4;11
138,10.1021/acs.jmedchem.6b01816,Q15059,RS4;11,,,RS4;11,,RS4;11; MOLM-13,Western blot; cell growth assay,HL60; Jurkat,RS4;11
138,10.1021/acs.jmedchem.6b01816,O60885,RS4;11,,,RS4;11,,RS4;11; MOLM-13,Western blot; cell growth assay,,RS4;11
139,10.1021/acs.jmedchem.6b01816,P25440,RS4;11,,,RS4;11,,RS4;11; MOLM-13,Western blot; cell growth assay,HL60,RS4;11
139,10.1021/acs.jmedchem.6b01816,Q15059,RS4;11,,,RS4;11,,RS4;11; MOLM-13,Western blot; cell growth assay,HL60; Jurkat,RS4;11
139,10.1021/acs.jmedchem.6b01816,O60885,RS4;11,,,RS4;11,,RS4;11; MOLM-13,Western blot; cell growth assay,,RS4;11
140,10.1021/acs.jmedchem.6b01816,P25440,RS4;11,,,RS4;11,,RS4;11; MOLM-13,Western blot; cell growth assay,HL60,RS4;11
140,10.1021/acs.jmedchem.6b01816,Q15059,RS4;11,,,RS4;11,,RS4;11; MOLM-13,Western blot; cell growth assay,HL60; Jurkat,RS4;11
140,10.1021/acs.jmedchem.6b01816,O60885,RS4;11,,,RS4;11,,RS4;11; MOLM-13,Western blot; cell growth assay,,RS4;11
141,10.1021/acs.jmedchem.6b01816,P25440,RS4;11,,,RS4;11,,RS4;11; MOLM-13,Western blot; cell growth assay,HL60,RS4;11
141,10.1021/acs.jmedchem.6b01816,Q15059,RS4;11,,,RS4;11,,RS4;11; MOLM-13,Western blot; cell growth assay,HL60; Jurkat,RS4;11
141,10.1021/acs.jmedchem.6b01816,O60885,RS4;11,,,RS4;11,,RS4;11; MOLM-13,Western blot; cell growth assay,,RS4;11
142,10.1021/acs.jmedchem.6b01816,P25440,MDA-MB-468,other,,RS4;11,,RS4;11; MOLM-13,Western blot; cell growth assay,HL60,MDA-MB-468
142,10.1021/acs.jmedchem.6b01816,Q15059,MDA-MB-468,other,,RS4;11,,RS4;11; MOLM-13,Western blot; cell growth assay,HL60; Jurkat,MDA-MB-468
142,10.1021/acs.jmedchem.6b01816,O60885,MDA-MB-468,other,,RS4;11,,RS4;11; MOLM-13,Western blot; cell growth assay,,MDA-MB-468
142,10.1021/acs.jmedchem.8b00506,P25440,MDA-MB-468,other,,human acute leukemia cell lines,degradation reporter,,,HL60,MDA-MB-468
142,10.1021/acs.jmedchem.8b00506,Q15059,MDA-MB-468,other,,human acute leukemia cell lines,degradation reporter,,,HL60; Jurkat,MDA-MB-468
142,10.1021/acs.jmedchem.8b00506,O60885,MDA-MB-468,other,,human acute leukemia cell lines,degradation reporter,,,,MDA-MB-468
142,10.1158/0008-5472.CAN-16-2622,P25440,MDA-MB-468,other,,human TNBC cells,Western blot; RNA-seq; apoptosis assay; growth inhibition assay,,,HL60,MDA-MB-468
142,10.1158/0008-5472.CAN-16-2622,Q15059,MDA-MB-468,other,,human TNBC cells,Western blot; RNA-seq; apoptosis assay; growth inhibition assay,,,HL60; Jurkat,MDA-MB-468
142,10.1158/0008-5472.CAN-16-2622,O60885,MDA-MB-468,other,,human TNBC cells,Western blot; RNA-seq; apoptosis assay; growth inhibition assay,,,,MDA-MB-468
143,10.1021/acs.jmedchem.6b01816,P25440,RS4;11,other,,RS4;11,,RS4;11; MOLM-13,Western blot; cell growth assay,HL60,RS4;11
143,10.1021/acs.jmedchem.6b01816,Q15059,RS4;11,other,,RS4;11,,RS4;11; MOLM-13,Western blot; cell growth assay,HL60; Jurkat,RS4;11
143,10.1021/acs.jmedchem.6b01816,O60885,RS4;11,other,,RS4;11,,RS4;11; MOLM-13,Western blot; cell growth assay,,RS4;11
144,10.1021/acs.jmedchem.6b01816,P25440,RS4;11,other,,RS4;11,,RS4;11; MOLM-13,Western blot; cell growth assay,HL60,RS4;11
144,10.1021/acs.jmedchem.6b01816,Q15059,RS4;11,other,,RS4;11,,RS4;11; MOLM-13,Western blot; cell growth assay,HL60; Jurkat,RS4;11
144,10.1021/acs.jmedchem.6b01816,O60885,RS4;11,other,,RS4;11,,RS4;11; MOLM-13,Western blot; cell growth assay,,RS4;11
145,10.1021/acs.jmedchem.6b01816,P25440,RS4;11,other,,RS4;11,,RS4;11; MOLM-13,Western blot; cell growth assay,HL60,RS4;11
145,10.1021/acs.jmedchem.6b01816,Q15059,RS4;11,other,,RS4;11,,RS4;11; MOLM-13,Western blot; cell growth assay,HL60; Jurkat,RS4;11
145,10.1021/acs.jmedchem.6b01816,O60885,RS4;11,other,,RS4;11,,RS4;11; MOLM-13,Western blot; cell growth assay,,RS4;11
146,10.1021/acs.jmedchem.6b01781,O60885,NCI-H661,Western blot,4.0,,AlphaScreen; MSD assay,,,,NCI-H661
147,10.1021/acs.jmedchem.6b01781,O60885,NCI-H661,Western blot,4.0,,AlphaScreen; MSD assay,,,,NCI-H661
148,10.1021/acs.jmedchem.6b01781,O60885,NCI-H661,Western blot,4.0,,AlphaScreen; MSD assay,,,,NCI-H661
149,10.1021/acs.jmedchem.6b01781,O60885,NCI-H661,degradation reporter,4.0,,AlphaScreen; MSD assay,,,,NCI-H661
150,10.1021/acs.jmedchem.6b01781,O60885,NCI-H838,degradation reporter,4.0,,AlphaScreen; MSD assay,,,,NCI-H838
151,10.1021/acs.jmedchem.6b01781,O60885,A375,degradation reporter,4.0,,AlphaScreen; MSD assay,,,,A375
151,10.1038/s41467-023-39904-5,O60885,A375,degradation reporter,4.0,,,,,,A375
152,10.1021/acs.jmedchem.6b01781,O60885,A375,degradation reporter,4.0,,AlphaScreen; MSD assay,,,,A375
152,10.1038/s41467-023-39904-5,O60885,A375,degradation reporter,4.0,,,,,,A375
153,10.1021/acs.jmedchem.6b01781,O60885,A375,degradation reporter,4.0,,AlphaScreen; MSD assay,,,,A375
153,10.1038/s41467-023-39904-5,O60885,A375,degradation reporter,4.0,,,,,,A375
154,10.1021/acs.jmedchem.6b01781,O60885,A375,degradation reporter,4.0,,AlphaScreen; MSD assay,,,,A375
154,10.1038/s41467-023-39904-5,O60885,A375,degradation reporter,4.0,,,,,,A375
155,10.1021/acs.jmedchem.6b01781,O60885,A375,degradation reporter,4.0,,AlphaScreen; MSD assay,,,,A375
155,10.1038/s41467-023-39904-5,O60885,A375,degradation reporter,4.0,,,,,,A375
156,10.1021/acs.jmedchem.6b01872,Q8IXJ6,,other,,HeLa,,,other,A549; HeLa; MCF7,HeLa
157,10.1021/acs.jmedchem.8b00506,P25440,MOLM13,other,,human acute leukemia cell lines,degradation reporter,,,HL60,MOLM13
157,10.1021/acs.jmedchem.8b00506,Q15059,MOLM13,other,,human acute leukemia cell lines,degradation reporter,,,HL60; Jurkat,MOLM13
157,10.1021/acs.jmedchem.8b00506,O60885,MOLM13,other,,human acute leukemia cell lines,degradation reporter,,,,MOLM13
158,10.1021/acs.jmedchem.8b00506,P25440,MOLM13,other,,human acute leukemia cell lines,degradation reporter,,,HL60,MOLM13
158,10.1021/acs.jmedchem.8b00506,Q15059,MOLM13,other,,human acute leukemia cell lines,degradation reporter,,,HL60; Jurkat,MOLM13
158,10.1021/acs.jmedchem.8b00506,O60885,MOLM13,other,,human acute leukemia cell lines,degradation reporter,,,,MOLM13
159,10.1021/acs.jmedchem.8b00506,P25440,,other,,human acute leukemia cell lines,degradation reporter,,,HL60,human acute leukemia cell lines
159,10.1021/acs.jmedchem.8b00506,Q15059,,other,,human acute leukemia cell lines,degradation reporter,,,HL60; Jurkat,human acute leukemia cell lines
159,10.1021/acs.jmedchem.8b00506,O60885,,other,,human acute leukemia cell lines,degradation reporter,,,,human acute leukemia cell lines
159,10.1021/acs.jmedchem.3c00520,P25440,,other,,,Western blot; proteomics,,,HL60,
159,10.1021/acs.jmedchem.3c00520,Q15059,,other,,,Western blot; proteomics,,,HL60; Jurkat,
159,10.1021/acs.jmedchem.3c00520,O60885,,other,,,Western blot; proteomics,,,,
159,10.1021/acs.jmedchem.3c00520,P25440,,other,,,Western blot; proteomics,,,HL60,
159,10.1021/acs.jmedchem.3c00520,P25440,,other,,,Western blot; proteomics,,,HL60,
159,10.1021/acs.jmedchem.3c00520,Q15059,,other,,,Western blot; proteomics,,,HL60; Jurkat,
159,10.1021/acs.jmedchem.3c00520,Q15059,,other,,,Western blot; proteomics,,,HL60; Jurkat,
159,10.1021/acs.jmedchem.3c00520,O60885,,other,,,Western blot; proteomics,,,,
159,10.1021/acs.jmedchem.3c00520,O60885,,other,,,Western blot; proteomics,,,,
160,10.1021/acs.jmedchem.8b00506,P25440,MOLM13,other,,human acute leukemia cell lines,degradation reporter,,,HL60,MOLM13
160,10.1021/acs.jmedchem.8b00506,Q15059,MOLM13,other,,human acute leukemia cell lines,degradation reporter,,,HL60; Jurkat,MOLM13
160,10.1021/acs.jmedchem.8b00506,O60885,MOLM13,other,,human acute leukemia cell lines,degradation reporter,,,,MOLM13
161,10.1021/acs.jmedchem.8b00506,P25440,MOLM13,other,,human acute leukemia cell lines,degradation reporter,,,HL60,MOLM13
161,10.1021/acs.jmedchem.8b00506,Q15059,MOLM13,other,,human acute leukemia cell lines,degradation reporter,,,HL60; Jurkat,MOLM13
161,10.1021/acs.jmedchem.8b00506,O60885,MOLM13,other,,human acute leukemia cell lines,degradation reporter,,,,MOLM13
162,10.1021/acs.jmedchem.8b00506,P25440,MOLM13,other,,human acute leukemia cell lines,degradation reporter,,,HL60,MOLM13
162,10.1021/acs.jmedchem.8b00506,Q15059,MOLM13,other,,human acute leukemia cell lines,degradation reporter,,,HL60; Jurkat,MOLM13
162,10.1021/acs.jmedchem.8b00506,O60885,MOLM13,other,,human acute leukemia cell lines,degradation reporter,,,,MOLM13
163,10.1021/acs.jmedchem.8b00506,P25440,,other,,human acute leukemia cell lines,degradation reporter,,,HL60,human acute leukemia cell lines
163,10.1021/acs.jmedchem.8b00506,Q15059,,other,,human acute leukemia cell lines,degradation reporter,,,HL60; Jurkat,human acute leukemia cell lines
163,10.1021/acs.jmedchem.8b00506,O60885,,other,,human acute leukemia cell lines,degradation reporter,,,,human acute leukemia cell lines
164,10.1021/acs.jmedchem.8b00506,P25440,,other,,human acute leukemia cell lines,degradation reporter,,,HL60,human acute leukemia cell lines
164,10.1021/acs.jmedchem.8b00506,Q15059,,other,,human acute leukemia cell lines,degradation reporter,,,HL60; Jurkat,human acute leukemia cell lines
164,10.1021/acs.jmedchem.8b00506,O60885,,other,,human acute leukemia cell lines,degradation reporter,,,,human acute leukemia cell lines
165,10.1021/acs.jmedchem.8b00506,P25440,,other,,human acute leukemia cell lines,degradation reporter,,,HL60,human acute leukemia cell lines
165,10.1021/acs.jmedchem.8b00506,Q15059,,other,,human acute leukemia cell lines,degradation reporter,,,HL60; Jurkat,human acute leukemia cell lines
165,10.1021/acs.jmedchem.8b00506,O60885,,other,,human acute leukemia cell lines,degradation reporter,,,,human acute leukemia cell lines
166,10.1021/acs.jmedchem.8b00506,P25440,MV4;11,,,human acute leukemia cell lines,degradation reporter,,,HL60,MV4;11
166,10.1021/acs.jmedchem.8b00506,Q15059,MV4;11,,,human acute leukemia cell lines,degradation reporter,,,HL60; Jurkat,MV4;11
166,10.1021/acs.jmedchem.8b00506,O60885,MV4;11,,,human acute leukemia cell lines,degradation reporter,,,,MV4;11
167,10.1021/acs.jmedchem.8b00506,P25440,MV4;11,,,human acute leukemia cell lines,degradation reporter,,,HL60,MV4;11
167,10.1021/acs.jmedchem.8b00506,Q15059,MV4;11,,,human acute leukemia cell lines,degradation reporter,,,HL60; Jurkat,MV4;11
167,10.1021/acs.jmedchem.8b00506,O60885,MV4;11,,,human acute leukemia cell lines,degradation reporter,,,,MV4;11
168,10.1039/c8cc07813k,P09874,,,,MDA-MB-231,Western blot,,,,MDA-MB-231
169,10.1039/c8cc07813k,P09874,,,,MDA-MB-231,Western blot,,,,MDA-MB-231
170,10.1039/c8cc07813k,P09874,MDA-MB-231,,,MDA-MB-231,Western blot,,,,MDA-MB-231
171,10.1039/c8cc07813k,P09874,,,,MDA-MB-231,Western blot,,,,MDA-MB-231
172,10.1039/c8cc07813k,P09874,,,,MDA-MB-231,Western blot,,,,MDA-MB-231
173,10.1039/c8cc09541h,Q96SW2,,,,,,,,HEK293; HEK293T; HeLa; MCF7; MDA-MB-231; MDA-MB-468,
174,10.1038/s41598-019-56177-5,Q96SW2,HEK293T,other,24.0,,quantitative proteomic analysis,,,HEK293; HEK293T; HeLa; MCF7; MDA-MB-231; MDA-MB-468,HEK293T
175,10.1039/c8cc09541h,Q96SW2,,,,,,,,HEK293; HEK293T; HeLa; MCF7; MDA-MB-231; MDA-MB-468,
176,10.1039/c8cc09541h,Q96SW2,MM1S,other,24.0,,,,,HEK293; HEK293T; HeLa; MCF7; MDA-MB-231; MDA-MB-468,MM1S
177,10.1039/c8cc09541h,Q96SW2,,,,,,,,HEK293; HEK293T; HeLa; MCF7; MDA-MB-231; MDA-MB-468,
178,10.1039/c8cc09541h,Q96SW2,,,,,,,,HEK293; HEK293T; HeLa; MCF7; MDA-MB-231; MDA-MB-468,
179,10.1039/c8cc09541h,Q96SW2,,,,,,,,HEK293; HEK293T; HeLa; MCF7; MDA-MB-231; MDA-MB-468,
180,10.1039/c8cc09541h,Q96SW2,,,,,,,,HEK293; HEK293T; HeLa; MCF7; MDA-MB-231; MDA-MB-468,
181,10.1038/s41467-018-08027-7,Q16539,MDA-MB-231,other,,,,,,,MDA-MB-231
181,10.1038/s41467-018-08027-7,O15264,MDA-MB-231,other,,,,,,HL60,MDA-MB-231
182,10.1038/s41467-018-08027-7,Q16539,MDA-MB-231,degradation reporter,,,,,,,MDA-MB-231
182,10.1038/s41467-018-08027-7,O15264,MDA-MB-231,degradation reporter,,,,,,HL60,MDA-MB-231
183,10.1016/j.chembiol.2017.09.009,P08581,MDA-MB-231,degradation reporter,,,,,,A549,MDA-MB-231
183,10.1016/j.chembiol.2017.09.010,P08581,MDA-MB-231,degradation reporter,,,,,,A549,MDA-MB-231
183,10.1016/j.chembiol.2017.09.010,O15264,MDA-MB-231,degradation reporter,,,,,,HL60,MDA-MB-231
183,10.1016/j.chembiol.2017.09.010,O43353,MDA-MB-231,degradation reporter,,,,,,HEK293T,MDA-MB-231
183,10.1038/s41467-018-08027-7,Q16539,MDA-MB-231,degradation reporter,,,,,,,MDA-MB-231
183,10.1016/j.chembiol.2017.09.010,Q16539,MDA-MB-231,degradation reporter,,,,,,,MDA-MB-231
183,10.1038/s41467-018-08027-7,O15264,MDA-MB-231,degradation reporter,,,,,,HL60,MDA-MB-231
184,10.1038/s41467-018-08027-7,Q16539,MDA-MB-231,degradation reporter,,,,,,,MDA-MB-231
184,10.1038/s41467-018-08027-7,O15264,MDA-MB-231,degradation reporter,,,,,,HL60,MDA-MB-231
185,10.1038/s41467-018-08027-7,Q16539,MDA-MB-231,degradation reporter,,,,,,,MDA-MB-231
185,10.1038/s41467-018-08027-7,O15264,MDA-MB-231,degradation reporter,,,,,,HL60,MDA-MB-231
186,10.1038/s41467-018-08027-7,Q16539,MDA-MB-231,degradation reporter,,,,,,,MDA-MB-231
186,10.1038/s41467-018-08027-7,O15264,MDA-MB-231,degradation reporter,,,,,,HL60,MDA-MB-231
187,10.1038/s41467-018-08027-7,Q16539,MDA-MB-231,degradation reporter,,,,,,,MDA-MB-231
187,10.1038/s41467-018-08027-7,O15264,MDA-MB-231,degradation reporter,,,,,,HL60,MDA-MB-231
188,10.1038/s41467-018-08027-7,Q16539,MDA-MB-231,degradation reporter,,,,,,,MDA-MB-231
188,10.1038/s41467-018-08027-7,O15264,MDA-MB-231,degradation reporter,,,,,,HL60,MDA-MB-231
189,10.1021/acs.jmedchem.9b00871,P11802,,,,,,Multiple myeloma cells; Haematopoietic cancer cells,Western blot; degradation reporter,HCT116; HeLa,Multiple myeloma cells
189,10.1021/acs.jmedchem.9b00871,Q00534,,,,,,Multiple myeloma cells; Haematopoietic cancer cells,Western blot; degradation reporter,HCT116; HL-60; HL60,Multiple myeloma cells
190,10.1016/j.bmcl.2019.03.035,Q00534,,,,,,MiaPaCa2; HPNE,Western blot,HCT116; HL-60; HL60,MiaPaCa2
191,10.1016/j.bmcl.2019.03.035,Q00534,,,,,,MiaPaCa2; HPNE,Western blot,HCT116; HL-60; HL60,MiaPaCa2
192,10.1016/j.bmcl.2019.03.035,Q00534,,,,,,MiaPaCa2; HPNE,Western blot,HCT116; HL-60; HL60,MiaPaCa2
193,10.1016/j.bmcl.2019.03.035,Q00534,,other,,,,MiaPaCa2; HPNE,Western blot,HCT116; HL-60; HL60,MiaPaCa2
194,10.1021/acs.orglett.9b01326,P25440,,other,,,,,,HL60,
194,10.1021/acs.orglett.9b01326,Q15059,,other,,,,,,HL60; Jurkat,
194,10.1021/acs.orglett.9b01326,O60885,,other,,,,,,,
195,10.1021/acsmedchemlett.9b00025,P11474,MDA-MB-231,TR-FRET,4.0,,,MDA-MB-231,TR-FRET; Western blot,HEK293; HEK293t; HeLa; MCF7; MDA-MB-231,MDA-MB-231
196,10.1021/acsmedchemlett.9b00025,P11474,MDA-MB-231,TR-FRET,4.0,,,MDA-MB-231,TR-FRET; Western blot,HEK293; HEK293t; HeLa; MCF7; MDA-MB-231,MDA-MB-231
197,10.1021/acsmedchemlett.9b00025,P11474,MDA-MB-231,TR-FRET,4.0,,,MDA-MB-231,TR-FRET; Western blot,HEK293; HEK293t; HeLa; MCF7; MDA-MB-231,MDA-MB-231
198,10.1021/acsmedchemlett.9b00025,P11474,MDA-MB-231,TR-FRET,4.0,,,MDA-MB-231,TR-FRET; Western blot,HEK293; HEK293t; HeLa; MCF7; MDA-MB-231,MDA-MB-231
199,10.1021/acsmedchemlett.9b00025,P11474,MDA-MB-231,TR-FRET,4.0,,,MDA-MB-231,TR-FRET; Western blot,HEK293; HEK293t; HeLa; MCF7; MDA-MB-231,MDA-MB-231
200,10.1021/acsmedchemlett.9b00025,P11474,MDA-MB-231,TR-FRET,4.0,,,MDA-MB-231,TR-FRET; Western blot,HEK293; HEK293t; HeLa; MCF7; MDA-MB-231,MDA-MB-231
201,10.1021/acsmedchemlett.9b00025,P11474,MDA-MB-231,TR-FRET,4.0,,,MDA-MB-231,TR-FRET; Western blot,HEK293; HEK293t; HeLa; MCF7; MDA-MB-231,MDA-MB-231
202,10.1021/acsmedchemlett.9b00025,P11474,MDA-MB-231,TR-FRET,4.0,,,MDA-MB-231,TR-FRET; Western blot,HEK293; HEK293t; HeLa; MCF7; MDA-MB-231,MDA-MB-231
203,10.1021/acsmedchemlett.9b00025,P11474,MDA-MB-231,TR-FRET,4.0,,,MDA-MB-231,TR-FRET; Western blot,HEK293; HEK293t; HeLa; MCF7; MDA-MB-231,MDA-MB-231
204,10.1021/acsmedchemlett.9b00025,P11474,MDA-MB-231,TR-FRET,4.0,,,MDA-MB-231,TR-FRET; Western blot,HEK293; HEK293t; HeLa; MCF7; MDA-MB-231,MDA-MB-231
205,10.1039/c8cc08716d,Q06187,,other,,,,,,HL-60; K562; Ramos,
206,10.1039/c8cc08716d,Q06187,,other,,,,,,HL-60; K562; Ramos,
207,10.1039/c8cc08716d,Q06187,,other,,,,,,HL-60; K562; Ramos,
208,10.1158/0008-5472.CAN-18-2918,O60885,HCT116,other,24.0,,,,,,HCT116
209,10.1158/0008-5472.CAN-18-2918,O60885,HCT116,other,24.0,,,,,,HCT116
210,10.1073/pnas.1803662115,Q06187,,other,,,,,,HL-60; K562; Ramos,
211,10.1073/pnas.1803662115,Q06187,,other,,,,,,HL-60; K562; Ramos,
212,10.1073/pnas.1803662115,Q06187,Ramos,degradation reporter,24.0,,,,,HL-60; K562; Ramos,Ramos
213,10.1073/pnas.1803662115,Q06187,Ramos,degradation reporter,24.0,,,,,HL-60; K562; Ramos,Ramos
214,10.1073/pnas.1803662115,Q06187,Ramos,degradation reporter,24.0,,,,,HL-60; K562; Ramos,Ramos
215,10.1073/pnas.1803662115,Q06187,Ramos,degradation reporter,24.0,,,,,HL-60; K562; Ramos,Ramos
216,10.1073/pnas.1803662115,Q06187,Ramos,degradation reporter,24.0,,,,,HL-60; K562; Ramos,Ramos
217,10.1073/pnas.1803662115,Q06187,Ramos,degradation reporter,24.0,,,,,HL-60; K562; Ramos,Ramos
218,10.1073/pnas.1803662115,Q06187,Ramos,degradation reporter,24.0,,,,,HL-60; K562; Ramos,Ramos
219,10.1073/pnas.1803662115,Q06187,Ramos,degradation reporter,24.0,,,,,HL-60; K562; Ramos,Ramos
220,10.1073/pnas.1803662115,Q06187,Ramos,degradation reporter,24.0,,,,,HL-60; K562; Ramos,Ramos
221,10.1073/pnas.1803662115,Q06187,THP-1,degradation reporter,,,,,,HL-60; K562; Ramos,THP-1
221,10.1038/s41589-020-00686-2,Q06187,THP-1,degradation reporter,,,,,,HL-60; K562; Ramos,THP-1
222,10.1073/pnas.1803662115,Q06187,,,,,,,,HL-60; K562; Ramos,
223,10.1016/j.ejmech.2018.03.071,Q9UM73,SU-DHL-1,degradation reporter,16.0,SU-DHL-1; NCI-H2228,Western blot,,,,SU-DHL-1
224,10.1016/j.ejmech.2018.03.071,Q9UM73,SU-DHL-1,degradation reporter,16.0,SU-DHL-1; NCI-H2228,Western blot,,,,SU-DHL-1
225,10.1016/j.bmcl.2018.05.057,Q9UBN7,,,,,,,,A549; HCT116; HEK293; HeLa,
226,10.1016/j.bmcl.2018.05.057,Q9UBN7,,,,,,,,A549; HCT116; HEK293; HeLa,
227,10.1016/j.bmcl.2018.05.057,Q9UBN7,MM1S,degradation reporter,6.0,,,,,A549; HCT116; HEK293; HeLa,MM1S
227,10.1021/acs.jmedchem.9b00516,Q9UBN7,MM1S,degradation reporter,6.0,multiple myeloma (MM) cells,,HEK293T/17,other,A549; HCT116; HEK293; HeLa,MM1S
228,10.1016/j.bmcl.2018.05.057,Q9UBN7,,,,,,,,A549; HCT116; HEK293; HeLa,
229,10.1021/jacs.8b05807,P25440,HeLa,degradation reporter,24.0,,,,,HL60,HeLa
229,10.1021/jacs.8b05807,Q15059,HeLa,degradation reporter,24.0,,,,,HL60; Jurkat,HeLa
229,10.1021/jacs.8b05807,O60885,HeLa,degradation reporter,24.0,,,,,,HeLa
230,10.1021/jacs.8b05807,P25440,HeLa,degradation reporter,24.0,,,,,HL60,HeLa
230,10.1021/jacs.8b05807,Q15059,HeLa,degradation reporter,24.0,,,,,HL60; Jurkat,HeLa
230,10.1021/jacs.8b05807,O60885,HeLa,degradation reporter,24.0,,,,,,HeLa
231,10.1016/j.ejmech.2019.01.023,O60885,,,,22Rv1,,,,,22Rv1
232,10.1016/j.ejmech.2019.01.023,O60885,,,,22Rv1,,,,,22Rv1
233,10.1016/j.ejmech.2019.01.023,O60885,22RV1,degradation reporter,24.0,22Rv1,,,,,22RV1
234,10.1016/j.ejmech.2019.01.023,O60885,22RV1,degradation reporter,24.0,22Rv1,,,,,22RV1
235,10.1016/j.bioorg.2019.03.035,P15056,,other,,MCF-7,Western blot,,,,MCF-7
236,10.1016/j.bioorg.2019.03.035,P15056,MCF-7,degradation reporter,24.0,MCF-7,Western blot,,,,MCF-7
237,10.1016/j.bioorg.2019.03.035,P15056,,other,,MCF-7,Western blot,,,,MCF-7
238,10.1016/j.bioorg.2019.03.035,P15056,,other,,MCF-7,Western blot,,,,MCF-7
239,10.1016/j.chembiol.2018.11.006,P11802,Jurkat,degradation reporter,24.0,acute myeloid leukemia cells,transcriptomics; phosphoproteomics,,,HCT116; HeLa,Jurkat
239,10.1002/anie.201901336,P11802,Jurkat,degradation reporter,24.0,mantle cell lymphoma cell lines,,Jurkat,Western blot,HCT116; HeLa,Jurkat
239,10.1016/j.chembiol.2018.11.006,Q00534,Jurkat,degradation reporter,24.0,acute myeloid leukemia cells,transcriptomics; phosphoproteomics,,,HCT116; HL-60; HL60,Jurkat
239,10.1002/anie.201901336,Q00534,Jurkat,degradation reporter,24.0,mantle cell lymphoma cell lines,,Jurkat,Western blot,HCT116; HL-60; HL60,Jurkat
239,10.1016/j.cell.2020.10.038,P30291,Jurkat,degradation reporter,24.0,,,,,,Jurkat
239,10.1021/acs.jmedchem.9b00871,P11802,Jurkat,degradation reporter,24.0,,,Multiple myeloma cells; Haematopoietic cancer cells,Western blot; degradation reporter,HCT116; HeLa,Jurkat
239,10.1016/j.bmcl.2020.127106,P11802,Jurkat,degradation reporter,24.0,,,,other,HCT116; HeLa,Jurkat
239,10.1021/acs.jmedchem.9b00871,Q00534,Jurkat,degradation reporter,24.0,,,Multiple myeloma cells; Haematopoietic cancer cells,Western blot; degradation reporter,HCT116; HL-60; HL60,Jurkat
239,10.1016/j.bmcl.2020.127106,Q00534,Jurkat,degradation reporter,24.0,,,,other,HCT116; HL-60; HL60,Jurkat
240,10.1016/j.chembiol.2018.11.006,Q00534,,,,acute myeloid leukemia cells,transcriptomics; phosphoproteomics,,,HCT116; HL-60; HL60,acute myeloid leukemia cells
240,10.1002/anie.201901336,Q00534,,,,mantle cell lymphoma cell lines,,Jurkat,Western blot,HCT116; HL-60; HL60,Jurkat
240,10.1016/j.cell.2020.10.038,O14874,,,,,,,,,
240,10.1016/j.cell.2020.10.038,P11802,,,,,,,,HCT116; HeLa,
240,10.1016/j.cell.2020.10.038,P30291,,,,,,,,,
240,10.1016/j.cell.2020.10.038,Q15118,,,,,,,,Jurkat,
240,10.1016/j.cell.2020.10.038,Q15119,,,,,,,,,
240,10.1016/j.cell.2020.10.038,Q15120,,,,,,,,,
240,10.1016/j.cell.2020.10.038,Q8NI60,,,,,,,,,
241,10.1038/s41422-018-0055-1,Q06187,HBL-1,other,,,,,,HL-60; K562; Ramos,HBL-1
242,10.1038/s41422-018-0055-1,Q06187,HBL-1,degradation reporter,48.0,,,,,HL-60; K562; Ramos,HBL-1
242,10.1038/s41422-018-0055-1,Q06187,HBL-1,degradation reporter,48.0,,,,,HL-60; K562; Ramos,HBL-1
243,10.1038/s41422-018-0055-1,Q06187,HBL-1,other,,,,,,HL-60; K562; Ramos,HBL-1
244,10.1038/s41422-018-0055-1,Q06187,HBL-1,other,,,,,,HL-60; K562; Ramos,HBL-1
245,10.1038/s41422-018-0055-1,Q06187,HBL-1,other,,,,,,HL-60; K562; Ramos,HBL-1
246,10.1038/s41422-018-0055-1,Q06187,HBL-1,other,,,,,,HL-60; K562; Ramos,HBL-1
247,10.1038/s41422-018-0055-1,Q06187,HBL-1,other,,,,,,HL-60; K562; Ramos,HBL-1
248,10.1038/s41422-018-0055-1,Q06187,HBL-1,other,,,,,,HL-60; K562; Ramos,HBL-1
249,10.1038/s41422-018-0055-1,Q06187,HBL-1,other,,,,,,HL-60; K562; Ramos,HBL-1
250,10.1038/s41422-018-0055-1,Q06187,HBL-1,other,,,,,,HL-60; K562; Ramos,HBL-1
251,10.1038/s41422-018-0055-1,Q06187,HBL-1,other,,,,,,HL-60; K562; Ramos,HBL-1
252,10.1038/s41422-018-0055-1,Q06187,HBL-1,other,,,,,,HL-60; K562; Ramos,HBL-1
253,10.1038/s41422-018-0055-1,Q06187,HBL-1,other,,,,,,HL-60; K562; Ramos,HBL-1
254,10.1038/s41422-018-0055-1,Q06187,HBL-1,other,,,,,,HL-60; K562; Ramos,HBL-1
255,10.1038/s42003-018-0105-8,P10275,VCaP,degradation reporter,20.0,prostate cancer cells,Western blot,,,MCF-7; PC-3; PC3,VCaP
256,10.1038/s42003-018-0105-8; 10.1021/acsmedchemlett.0c00194,P10275,VCaP,degradation reporter,20.0,,,,,MCF-7; PC-3; PC3,VCaP
257,10.1038/s42003-018-0105-8,P10275,VCaP,degradation reporter,20.0,prostate cancer cells,Western blot,,,MCF-7; PC-3; PC3,VCaP
258,10.1021/acschembio.8b00698,P41182,OCI-Ly1,TR-FRET,,OCI-Ly1; diffuse large B-cell lymphoma (DLBCL) cell lines,immunofluorescence; mass spectrometry; chemical proteomic pull down; subcellular fractionation,,,HEK293T,OCI-Ly1
259,10.1016/j.bbrc.2018.09.169,Q9UM73,H3122,HTRF,,SU-DHL-1; H3122,,,,,H3122
260,10.1016/j.bbrc.2018.09.169,Q9UM73,,HTRF,,SU-DHL-1; H3122,,,,,SU-DHL-1
261,10.1016/j.bbrc.2018.09.169,Q9UM73,,HTRF,,SU-DHL-1; H3122,,,,,SU-DHL-1
262,10.1016/j.bbrc.2018.09.169,Q9UM73,,HTRF,,SU-DHL-1; H3122,,,,,SU-DHL-1
263,10.1016/j.bbrc.2018.09.169,Q9UM73,,HTRF,,SU-DHL-1; H3122,,,,,SU-DHL-1
264,10.1016/j.bbrc.2018.09.169,Q9UM73,,HTRF,,SU-DHL-1; H3122,,,,,SU-DHL-1
265,10.1021/jacs.8b08008,Q05397,PC3,degradation reporter,24.0,,,,,MCF7; MDA-MB-231; MDA-MB-468; PC3,PC3
266,10.1021/jacs.8b08008,Q05397,PC3,degradation reporter,24.0,,,,,MCF7; MDA-MB-231; MDA-MB-468; PC3,PC3
267,10.1021/jacs.8b08008,Q05397,,,,,,,,MCF7; MDA-MB-231; MDA-MB-468; PC3,
267,10.3389/fonc.2022.851065,Q05397,,,,,cell proliferation; cell survival; migration; invasion,OVCAR3; OVCAR8,cell proliferation; migration; invasion; Western blot,MCF7; MDA-MB-231; MDA-MB-468; PC3,OVCAR3
268,10.1021/jacs.8b08008,Q05397,PC3,degradation reporter,24.0,,,,,MCF7; MDA-MB-231; MDA-MB-468; PC3,PC3
269,10.1021/jacs.8b08008,Q05397,PC3,degradation reporter,24.0,,,,,MCF7; MDA-MB-231; MDA-MB-468; PC3,PC3
270,10.1021/jacs.8b08008,Q05397,PC3,degradation reporter,24.0,,,,,MCF7; MDA-MB-231; MDA-MB-468; PC3,PC3
271,10.1021/jacs.8b08008,Q05397,PC3,degradation reporter,24.0,,,,,MCF7; MDA-MB-231; MDA-MB-468; PC3,PC3
272,10.1021/jacs.8b08008,Q05397,PC3,degradation reporter,24.0,,,,,MCF7; MDA-MB-231; MDA-MB-468; PC3,PC3
273,10.1021/jacs.8b08008,Q05397,PC3,degradation reporter,24.0,,,,,MCF7; MDA-MB-231; MDA-MB-468; PC3,PC3
274,10.1021/jacs.8b10320,P36888,MV4-11,other,,,,,,,MV4-11
275,10.1016/j.chembiol.2017.09.009,P04626,,,,,,,,MDA-MB-453,
275,10.1016/j.chembiol.2017.09.009,P00533,,,,,,,,,
275,10.1016/j.chembiol.2023.01.007,P00533,,,,,,,,,
275,10.1016/j.chembiol.2023.01.007,P00533,,,,,,,,,
275,10.1016/j.chembiol.2023.01.007,P00533,,,,,,,,,
276,10.1016/j.chembiol.2017.09.009,P00533,HCC827,degradation reporter,24.0,,,,,,HCC827
277,10.1016/j.chembiol.2017.09.009,P00533,H1975,degradation reporter,24.0,,,,,,H1975
278,10.1016/j.chembiol.2017.09.009,P00533,,,,,,,,,
278,10.1016/j.chembiol.2023.01.007,P00533,,,,,,,,,
278,10.1016/j.chembiol.2023.01.007,P00533,,,,,,,,,
278,10.1016/j.chembiol.2023.01.007,P00533,,,,,,,,,
279,10.1021/acs.jmedchem.9b00455,Q07820,,,,,,,,,
280,10.1021/acs.biochem.8b00391,Q06187,NAMALWA,degradation reporter,24.0,,Western blot,,,HL-60; K562; Ramos,NAMALWA
281,10.1021/acs.biochem.8b00391,Q06187,NAMALWA,degradation reporter,24.0,,Western blot,,,HL-60; K562; Ramos,NAMALWA
282,10.1021/acs.biochem.8b00391,Q06187,NAMALWA,degradation reporter,24.0,,Western blot,,,HL-60; K562; Ramos,NAMALWA
283,10.1016/j.bmcl.2019.126877,Q06187,,,,immortalized B-lymphocytes; patient-derived B-lymphocytes,degradation,,,HL-60; K562; Ramos,immortalized B-lymphocytes
283,10.1021/acs.biochem.8b00391,Q06187,,,,,Western blot,,,HL-60; K562; Ramos,
283,10.1021/acs.biochem.8b00391,Q06187,,,,,Western blot,,,HL-60; K562; Ramos,
283,10.1182/bloodadvances.2022008121,Q06187,,,,diffuse large B-cell lymphoma cell line; TMD-8,degradation reporter,,,HL-60; K562; Ramos,diffuse large B-cell lymphoma cell line
283,10.1182/bloodadvances.2022008121,Q06187,,,,diffuse large B-cell lymphoma cell line; TMD-8,degradation reporter,,,HL-60; K562; Ramos,diffuse large B-cell lymphoma cell line
283,10.1182/bloodadvances.2022008121,Q06187,,,,diffuse large B-cell lymphoma cell line; TMD-8,degradation reporter,,,HL-60; K562; Ramos,diffuse large B-cell lymphoma cell line
283,10.1182/bloodadvances.2022008121,Q06187,,,,diffuse large B-cell lymphoma cell line; TMD-8,degradation reporter,,,HL-60; K562; Ramos,diffuse large B-cell lymphoma cell line
283,10.1182/bloodadvances.2022008121,Q06187,,,,diffuse large B-cell lymphoma cell line; TMD-8,degradation reporter,,,HL-60; K562; Ramos,diffuse large B-cell lymphoma cell line
284,10.1021/acs.biochem.8b00391,Q06187,NAMALWA,degradation reporter,24.0,,Western blot,,,HL-60; K562; Ramos,NAMALWA
285,10.1016/j.chembiol.2017.09.010,P08581,MDA-MB-231,degradation reporter,24.0,,,,,A549,MDA-MB-231
285,10.1016/j.chembiol.2017.09.010,O43353,MDA-MB-231,degradation reporter,24.0,,,,,HEK293T,MDA-MB-231
285,10.1016/j.chembiol.2017.09.010,Q12866,MDA-MB-231,degradation reporter,24.0,,,,,,MDA-MB-231
285,10.1016/j.chembiol.2017.09.010,O15264,MDA-MB-231,degradation reporter,24.0,,,,,HL60,MDA-MB-231
286,10.1016/j.bioorg.2018.08.028,P50750,MCF-7,other,,,Western blot,,,HCT116; HL-60; HL60; MCF7,MCF-7
287,10.1016/j.bioorg.2018.08.028,P50750,MCF-7,other,,,Western blot,,,HCT116; HL-60; HL60; MCF7,MCF-7
288,10.1016/j.bioorg.2018.08.028,P50750,MCF-7,other,,,Western blot,,,HCT116; HL-60; HL60; MCF7,MCF-7
289,10.1016/j.bioorg.2018.08.028,P50750,MCF-7,other,,,Western blot,,,HCT116; HL-60; HL60; MCF7,MCF-7
290,10.1016/j.bioorg.2018.08.028,P50750,MCF-7,other,,,Western blot,,,HCT116; HL-60; HL60; MCF7,MCF-7
291,10.1016/j.bioorg.2018.08.028,P50750,MCF-7,other,,,Western blot,,,HCT116; HL-60; HL60; MCF7,MCF-7
292,10.1016/j.bioorg.2018.08.028,P50750,MCF-7,other,,,Western blot,,,HCT116; HL-60; HL60; MCF7,MCF-7
293,10.1016/j.bioorg.2018.08.028,P50750,MCF-7,other,,,Western blot,,,HCT116; HL-60; HL60; MCF7,MCF-7
294,10.1021/acschembio.8b00705,Q92830,THP1,degradation reporter,18.0,macrophages; dendritic cells,,,,,THP1
294,10.1021/acschembio.8b00705,Q92831,THP1,degradation reporter,18.0,macrophages; dendritic cells,,,,,THP1
295,10.1021/acschembio.8b00705,Q92831,,,,macrophages; dendritic cells,,,,,macrophages
296,10.1021/acschembio.8b00693,Q96SW2,,,,,Western blot; mass spectrometry; proliferation assay,,,HEK293; HEK293T; HeLa; MCF7; MDA-MB-231; MDA-MB-468,
297,10.1021/acschembio.8b00693,Q96SW2,,,,,Western blot; mass spectrometry; proliferation assay,,,HEK293; HEK293T; HeLa; MCF7; MDA-MB-231; MDA-MB-468,
298,10.1021/acschembio.8b00693,Q96SW2,,,,,Western blot; mass spectrometry; proliferation assay,,,HEK293; HEK293T; HeLa; MCF7; MDA-MB-231; MDA-MB-468,
299,10.1021/acschembio.8b00693,Q96SW2,,,,,Western blot; mass spectrometry; proliferation assay,,,HEK293; HEK293T; HeLa; MCF7; MDA-MB-231; MDA-MB-468,
300,10.1021/acschembio.8b00693,Q96SW2,,,,,Western blot; mass spectrometry; proliferation assay,,,HEK293; HEK293T; HeLa; MCF7; MDA-MB-231; MDA-MB-468,
301,10.1021/acschembio.8b00693,Q96SW2,,,,,Western blot; mass spectrometry; proliferation assay,,,HEK293; HEK293T; HeLa; MCF7; MDA-MB-231; MDA-MB-468,
302,10.1021/acschembio.8b00693,Q96SW2,,,,,Western blot; mass spectrometry; proliferation assay,,,HEK293; HEK293T; HeLa; MCF7; MDA-MB-231; MDA-MB-468,
303,10.1039/c7cc03879h,P50750,,,,HCT116,,,,HCT116; HL-60; HL60; MCF7,HCT116
304,10.1016/j.ejmech.2018.03.066,P42336,,luciferase,,HepG2,Western blot,,luciferase,HeLa; MCF7; PC3,HepG2
305,10.1016/j.ejmech.2018.03.066,P42336,,luciferase,,HepG2,Western blot,,luciferase,HeLa; MCF7; PC3,HepG2
306,10.1016/j.ejmech.2018.03.066,P42336,,luciferase,,HepG2,Western blot,,luciferase,HeLa; MCF7; PC3,HepG2
307,10.1016/j.ejmech.2018.03.066,P42336,,luciferase,,HepG2,Western blot,,luciferase,HeLa; MCF7; PC3,HepG2
308,10.1016/j.ejmech.2018.03.066,P42336,,luciferase,,HepG2,Western blot,,luciferase,HeLa; MCF7; PC3,HepG2
309,10.1016/j.ejmech.2018.03.066,P42336,,luciferase,,HepG2,Western blot,,luciferase,HeLa; MCF7; PC3,HepG2
310,10.1038/nchembio.2329,O60885,,other,,,,,,,
310,10.1021/acschembio.9b00092,O60885,,other,,,SPR; degradation kinetics,,,,
311,10.1038/nchembio.2329,O60885,,,,,,,,,
312,10.1038/nchembio.2329,O60885,,,,,,,,,
313,10.1038/nchembio.2329,O60885,,,,,,,,,
314,10.1038/nchembio.2329,O60885,,,,,,,,,
315,10.1038/nchembio.2329,O60885,,,,,,,,,
316,10.1002/anie.201507634,nan,,other,,,,K562,Western blot,,K562
317,10.1002/anie.201507634,nan,,other,,,,K562,Western blot,,K562
318,10.1002/anie.201507634,nan,,other,,,,K562,Western blot,,K562
319,10.1002/anie.201507634,nan,,other,,,,K562,Western blot,,K562
320,10.1002/anie.201507634,nan,,other,,,,K562,Western blot,,K562
321,10.1002/anie.201507634,nan,K562,other,16.0,,,K562,Western blot,,K562
321,10.1021/acs.jmedchem.9b01264,nan,K562,other,16.0,K562,degradation,,,,K562
322,10.1002/anie.201507634,nan,,other,,,,K562,Western blot,,K562
323,10.1002/anie.201507634,nan,,other,,,,K562,Western blot,,K562
324,10.1002/anie.201507634,nan,,other,,,,K562,Western blot,,K562
325,10.1002/anie.201507634,nan,K562,other,,,,K562,Western blot,,K562
325,10.1021/acs.jmedchem.0c00967,nan,K562,other,,,,,other,,K562
326,10.1002/anie.201507634,nan,,other,,,,K562,Western blot,,K562
327,10.1002/anie.201507634,nan,,other,,,,K562,Western blot,,K562
328,10.1021/acs.jmedchem.8b00506,P25440,LnCaP95,ELISA,16.0,human acute leukemia cell lines,degradation reporter,,,HL60,LnCaP95
328,10.1021/acs.jmedchem.8b00506,Q15059,LnCaP95,ELISA,16.0,human acute leukemia cell lines,degradation reporter,,,HL60; Jurkat,LnCaP95
328,10.1021/acs.jmedchem.8b00506,O60885,LnCaP95,ELISA,16.0,human acute leukemia cell lines,degradation reporter,,,,LnCaP95
328,10.1073/pnas.1521738113,P25440,LnCaP95,ELISA,16.0,,,,,HL60,LnCaP95
328,10.1073/pnas.1521738113,Q15059,LnCaP95,ELISA,16.0,,,,,HL60; Jurkat,LnCaP95
328,10.1073/pnas.1521738113; 10.1021/acs.jmedchem.1c01496,O60885,LnCaP95,ELISA,16.0,,,,,,LnCaP95
329,10.1016/j.chembiol.2015.05.009,P25440,Namalwa,degradation reporter,24.0,Burkitt's lymphoma cell lines,Western blot,,,HL60,Namalwa
329,10.1016/j.chembiol.2015.05.009,Q15059,Namalwa,degradation reporter,24.0,Burkitt's lymphoma cell lines,Western blot,,,HL60; Jurkat,Namalwa
329,10.1021/acs.jmedchem.8b00506,P25440,Namalwa,degradation reporter,24.0,human acute leukemia cell lines,degradation reporter,,,HL60,Namalwa
329,10.1021/acs.jmedchem.8b00506,Q15059,Namalwa,degradation reporter,24.0,human acute leukemia cell lines,degradation reporter,,,HL60; Jurkat,Namalwa
329,10.1021/acs.jmedchem.8b00506,O60885,Namalwa,degradation reporter,24.0,human acute leukemia cell lines,degradation reporter,,,,Namalwa
329,10.1021/acs.jmedchem.6b01912,P25440,Namalwa,degradation reporter,24.0,acute myeloid leukemia cell lines,degradation,,,HL60,Namalwa
329,10.1021/acs.jmedchem.6b01912,Q15059,Namalwa,degradation reporter,24.0,acute myeloid leukemia cell lines,degradation,,,HL60; Jurkat,Namalwa
329,10.1016/j.chembiol.2015.05.009,O60885,Namalwa,degradation reporter,24.0,Burkitt's lymphoma cell lines,Western blot,,,,Namalwa
329,10.1016/j.ejmech.2019.01.023,O60885,Namalwa,degradation reporter,24.0,22Rv1,,,,,Namalwa
329,10.1021/acs.jmedchem.6b01912,O60885,Namalwa,degradation reporter,24.0,acute myeloid leukemia cell lines,degradation,,,,Namalwa
329,10.1039/d2cb00223j,O60885,Namalwa,degradation reporter,24.0,,,,,,Namalwa
330,10.1126/science.aab1433,P25440,MM.1S,degradation reporter,3.0,,,,,HL60,MM.1S
330,10.1126/science.aab1433,Q15059,MM.1S,degradation reporter,3.0,,,,,HL60; Jurkat,MM.1S
330,10.1021/acs.jmedchem.6b01816,P25440,MM.1S,degradation reporter,3.0,RS4;11,,RS4;11; MOLM-13,Western blot; cell growth assay,HL60,MM.1S
330,10.1021/acs.jmedchem.6b01816,Q15059,MM.1S,degradation reporter,3.0,RS4;11,,RS4;11; MOLM-13,Western blot; cell growth assay,HL60; Jurkat,MM.1S
330,10.1021/acs.jmedchem.6b01816,O60885,MM.1S,degradation reporter,3.0,RS4;11,,RS4;11; MOLM-13,Western blot; cell growth assay,,MM.1S
330,10.1021/acs.jmedchem.8b00506,P25440,MM.1S,degradation reporter,3.0,human acute leukemia cell lines,degradation reporter,,,HL60,MM.1S
330,10.1021/acs.jmedchem.8b00506,Q15059,MM.1S,degradation reporter,3.0,human acute leukemia cell lines,degradation reporter,,,HL60; Jurkat,MM.1S
330,10.1021/acs.jmedchem.8b00506,O60885,MM.1S,degradation reporter,3.0,human acute leukemia cell lines,degradation reporter,,,,MM.1S
330,10.1021/acs.orglett.9b01326,P25440,MM.1S,degradation reporter,3.0,,,,,HL60,MM.1S
330,10.1021/acs.orglett.9b01326,Q15059,MM.1S,degradation reporter,3.0,,,,,HL60; Jurkat,MM.1S
330,10.1021/acs.orglett.9b01326,O60885,MM.1S,degradation reporter,3.0,,,,,,MM.1S
330,10.1126/science.aab1433,O60885,MM.1S,degradation reporter,3.0,,,,,,MM.1S
330,10.1038/s41589-018-0055-y,O60885,MM.1S,degradation reporter,3.0,,,,,,MM.1S
330,10.1002/anie.202108848,O60885,MM.1S,degradation reporter,3.0,MV4-11,cell viability assay,MV4-11,Western blot,,MM.1S
330,10.1002/anie.202108848,O60885,MM.1S,degradation reporter,3.0,MV4-11,cell viability assay,MV4-11,Western blot,,MM.1S
330,10.1016/j.ejmech.2023.115381,Q15059,MM.1S,degradation reporter,3.0,MM.1S,Western blot,,fluorescence polarization,HL60; Jurkat,MM.1S
330,10.1016/j.ejmech.2023.115381,Q15059,MM.1S,degradation reporter,3.0,MM.1S,Western blot,,fluorescence polarization,HL60; Jurkat,MM.1S
330,10.1016/j.ejmech.2023.115381,P25440,MM.1S,degradation reporter,3.0,MM.1S,Western blot,,fluorescence polarization,HL60,MM.1S
330,10.1016/j.ejmech.2023.115381,P25440,MM.1S,degradation reporter,3.0,MM.1S,Western blot,,fluorescence polarization,HL60,MM.1S
330,10.1016/j.ejmech.2023.115381,O60885,MM.1S,degradation reporter,3.0,MM.1S,Western blot,,fluorescence polarization,,MM.1S
330,10.1016/j.ejmech.2023.115381,O60885,MM.1S,degradation reporter,3.0,MM.1S,Western blot,,fluorescence polarization,,MM.1S
330,10.1016/j.ejmech.2023.115381,nan,MM.1S,degradation reporter,3.0,MM.1S,Western blot,,fluorescence polarization,,MM.1S
330,10.1016/j.ejmech.2023.115381,nan,MM.1S,degradation reporter,3.0,MM.1S,Western blot,,fluorescence polarization,,MM.1S
330,10.1016/j.bmc.2022.117134,O60885,MM.1S,degradation reporter,3.0,MM.1S; MV-4-11; MRC5,Western blot,,,,MM.1S
331,10.1126/science.aab1433,P62942,,,,,,,,,
332,10.1126/science.aab1433,P62942,,,,,,,,,
333,10.1038/nchembio.1858,P11474,MCF-7,degradation reporter,8.0,,degradation reporter,,,HEK293; HEK293t; HeLa; MCF7; MDA-MB-231,MCF-7
334,10.1038/nchembio.1858,O43353,THP-1,Western blot,18.0,,degradation reporter,,,HEK293T,THP-1
334,10.1038/s42003-020-0868-6,O43353,THP-1,Western blot,18.0,,,,,HEK293T,THP-1
335,10.1021/acschembio.5b00216; 10.1021/acs.jmedchem.1c01496,P25440,A549,degradation reporter,4.0,,,,,HL60,A549
335,10.1021/acschembio.5b00216,Q15059,A549,degradation reporter,4.0,,gene expression profiling,,,HL60; Jurkat,A549
335,10.1021/acschembio.5b00216,O60885,A549,degradation reporter,4.0,,gene expression profiling,,,,A549
335,10.1021/jacs.8b05807,P25440,A549,degradation reporter,4.0,,,,,HL60,A549
335,10.1021/jacs.8b05807,Q15059,A549,degradation reporter,4.0,,,,,HL60; Jurkat,A549
335,10.1021/jacs.8b05807,O60885,A549,degradation reporter,4.0,,,,,,A549
335,10.1038/nchembio.2329,P25440,A549,degradation reporter,4.0,,,,,HL60,A549
335,10.1038/nchembio.2329,Q15059,A549,degradation reporter,4.0,,,,,HL60; Jurkat,A549
335,10.1038/nchembio.2329,O60885,A549,degradation reporter,4.0,,,,,,A549
335,10.1038/s41589-019-0294-6,P25440,A549,degradation reporter,4.0,acute myeloid leukemia cells,,,,HL60,A549
335,10.1038/s41589-019-0294-6,Q15059,A549,degradation reporter,4.0,acute myeloid leukemia cells,,,,HL60; Jurkat,A549
335,10.1038/s41589-019-0294-6,O60885,A549,degradation reporter,4.0,acute myeloid leukemia cells,,,,,A549
335,10.1021/acschembio.9b00092,P25440,A549,degradation reporter,4.0,,SPR; degradation kinetics,,,HL60,A549
335,10.1021/acschembio.9b00092,Q15059,A549,degradation reporter,4.0,,SPR; degradation kinetics,,,HL60; Jurkat,A549
335,10.1021/acschembio.9b00092,O60885,A549,degradation reporter,4.0,,SPR; degradation kinetics,,,,A549
335,10.1021/acs.jmedchem.6b01912,P25440,A549,degradation reporter,4.0,acute myeloid leukemia cell lines,degradation,,,HL60,A549
335,10.1021/acs.jmedchem.6b01912,Q15059,A549,degradation reporter,4.0,acute myeloid leukemia cell lines,degradation,,,HL60; Jurkat,A549
335,10.1021/acs.jmedchem.6b01912,O60885,A549,degradation reporter,4.0,acute myeloid leukemia cell lines,degradation,,,,A549
335,10.1038/s41467-023-39904-5,O60885,A549,degradation reporter,4.0,,,,,,A549
335,10.1002/cmdc.202200615,O60885,A549,degradation reporter,4.0,,,,,,A549
336,10.1021/acs.jmedchem.6b01912; 10.1021/acschembio.5b00216,P25440,HeLa,other,24.0,,,,,HL60,HeLa
336,10.1021/acs.jmedchem.6b01912; 10.1021/acschembio.5b00216,Q15059,HeLa,other,24.0,,,,,HL60; Jurkat,HeLa
336,10.1021/acs.jmedchem.6b01912; 10.1021/acschembio.5b00216,O60885,HeLa,other,24.0,,,,,,HeLa
337,10.1021/acschembio.5b00216,P25440,,other,,,gene expression profiling,,,HL60,
337,10.1021/acschembio.5b00216,Q15059,,other,,,gene expression profiling,,,HL60; Jurkat,
337,10.1021/acschembio.5b00216,O60885,,other,,,gene expression profiling,,,,
338,10.1016/j.bmcl.2008.07.114,P10275,,,,HeLa,Western blot,HeLa,Western blot,MCF-7; PC-3; PC3,HeLa
339,10.1038/s41589-018-0055-y,Q15059,,,,,,,,HL60; Jurkat,
339,10.1038/s41589-018-0055-y,O60885,,,,,,,,,
339,10.1021/acschembio.1c00376,O60885,,,,,hydrogen-deuterium exchange mass spectrometry,,,,
339,10.1038/s41589-018-0055-y,P25440,,,,,,,,HL60,
340,10.1038/s41589-018-0055-y,O60885,,degradation reporter,,,,,,,
341,10.1038/s41589-018-0055-y,O60885,,,,,,,,,
342,10.1038/s41589-018-0055-y,Q15059,,degradation reporter,,,,,,HL60; Jurkat,
342,10.1038/s41589-018-0055-y,O60885,,degradation reporter,,,,,,,
343,10.1038/s41589-018-0055-y,O60885,,degradation reporter,,,,,,,
344,10.1038/s41589-018-0055-y,O60885,,,,,,,,,
345,10.1038/s41589-018-0055-y,O60885,,,,,,,,,
346,10.1038/s41589-018-0055-y,O60885,,,,,,,,,
347,10.1038/s41589-018-0055-y,O60885,,,,,,,,,
348,10.1038/s41589-018-0055-y,O60885,,,,,,,,,
349,10.1038/s41589-018-0055-y,O60885,,,,,,,,,
350,10.1038/s41589-018-0055-y,O60885,,degradation reporter,,,,,,,
351,10.1021/acs.jmedchem.9b00455,Q07820,,,,,,,,,
352,10.1021/acs.jmedchem.9b00455,Q07820,,,,,,,,,
353,10.1021/acs.jmedchem.9b00455,Q07820,,,,,,,,,
354,10.1021/acs.jmedchem.9b01393,P10275,LNCaP,Western blot,6.0,LNCaP; VCaP; 22Rv1,Western blot,,,MCF-7; PC-3; PC3,LNCaP
355,10.1021/acs.jmedchem.9b01393,P10275,LNCaP,Western blot,6.0,LNCaP; VCaP; 22Rv1,Western blot,,,MCF-7; PC-3; PC3,LNCaP
356,10.1021/acs.jmedchem.9b01393,P10275,LNCaP,Western blot,6.0,LNCaP; VCaP; 22Rv1,Western blot,,,MCF-7; PC-3; PC3,LNCaP
357,10.1021/acs.jmedchem.9b01393,P10275,LNCaP,Western blot,6.0,LNCaP; VCaP; 22Rv1,Western blot,,,MCF-7; PC-3; PC3,LNCaP
358,10.1021/acs.jmedchem.9b01393,P10275,LNCaP,Western blot,6.0,LNCaP; VCaP; 22Rv1,Western blot,,,MCF-7; PC-3; PC3,LNCaP
359,10.1021/acs.jmedchem.9b01393,P10275,LNCaP,Western blot,6.0,LNCaP; VCaP; 22Rv1,Western blot,,,MCF-7; PC-3; PC3,LNCaP
360,10.1021/acs.jmedchem.9b01393,P10275,LNCaP,Western blot,6.0,LNCaP; VCaP; 22Rv1,Western blot,,,MCF-7; PC-3; PC3,LNCaP
361,10.1021/acs.jmedchem.9b01393,P10275,LNCaP,degradation reporter,6.0,LNCaP; VCaP; 22Rv1,Western blot,,,MCF-7; PC-3; PC3,LNCaP
362,10.1021/acs.jmedchem.9b01393,P10275,LNCaP,degradation reporter,6.0,LNCaP; VCaP; 22Rv1,Western blot,,,MCF-7; PC-3; PC3,LNCaP
363,10.1021/acs.jmedchem.9b01393,P10275,LNCaP,degradation reporter,6.0,LNCaP; VCaP; 22Rv1,Western blot,,,MCF-7; PC-3; PC3,LNCaP
364,10.1021/acs.jmedchem.9b01393,P10275,LNCaP,degradation reporter,6.0,LNCaP; VCaP; 22Rv1,Western blot,,,MCF-7; PC-3; PC3,LNCaP
365,10.1021/acs.jmedchem.9b01393,P10275,LNCaP,degradation reporter,6.0,LNCaP; VCaP; 22Rv1,Western blot,,,MCF-7; PC-3; PC3,LNCaP
366,10.1021/acs.jmedchem.9b01393,P10275,LNCaP,degradation reporter,6.0,LNCaP; VCaP; 22Rv1,Western blot,,,MCF-7; PC-3; PC3,LNCaP
367,10.1021/acs.jmedchem.9b01393,P10275,LNCaP,degradation reporter,6.0,LNCaP; VCaP; 22Rv1,Western blot,,,MCF-7; PC-3; PC3,LNCaP
368,10.1021/acs.jmedchem.9b01393,P10275,LNCaP,degradation reporter,6.0,LNCaP; VCaP; 22Rv1,Western blot,,,MCF-7; PC-3; PC3,LNCaP
369,10.1021/acs.jmedchem.9b01393,P10275,LNCaP,degradation reporter,6.0,LNCaP; VCaP; 22Rv1,Western blot,,,MCF-7; PC-3; PC3,LNCaP
370,10.1021/acs.jmedchem.9b01393,P10275,LNCaP,degradation reporter,6.0,LNCaP; VCaP; 22Rv1,Western blot,,,MCF-7; PC-3; PC3,LNCaP
371,10.1021/acs.jmedchem.9b01393,P10275,LNCaP,degradation reporter,6.0,LNCaP; VCaP; 22Rv1,Western blot,,,MCF-7; PC-3; PC3,LNCaP
372,10.1021/acs.jmedchem.9b01393,P10275,LNCaP,degradation reporter,6.0,LNCaP; VCaP; 22Rv1,Western blot,,,MCF-7; PC-3; PC3,LNCaP
373,10.1021/acs.jmedchem.9b01393,P10275,LNCaP,degradation reporter,6.0,LNCaP; VCaP; 22Rv1,Western blot,,,MCF-7; PC-3; PC3,LNCaP
374,10.1021/acs.jmedchem.9b01393,P10275,LNCaP,degradation reporter,6.0,LNCaP; VCaP; 22Rv1,Western blot,,,MCF-7; PC-3; PC3,LNCaP
375,10.1021/acs.jmedchem.9b00871,P11802,,,,,,Multiple myeloma cells; Haematopoietic cancer cells,Western blot; degradation reporter,HCT116; HeLa,Multiple myeloma cells
375,10.1021/acs.jmedchem.9b00871,Q00534,,,,,,Multiple myeloma cells; Haematopoietic cancer cells,Western blot; degradation reporter,HCT116; HL-60; HL60,Multiple myeloma cells
376,10.1021/acs.jmedchem.9b00871,P11802,,,,,,Multiple myeloma cells; Haematopoietic cancer cells,Western blot; degradation reporter,HCT116; HeLa,Multiple myeloma cells
376,10.1021/acs.jmedchem.9b00871,Q00534,,,,,,Multiple myeloma cells; Haematopoietic cancer cells,Western blot; degradation reporter,HCT116; HL-60; HL60,Multiple myeloma cells
377,10.1021/acs.jmedchem.9b00871,P11802,,,,,,Multiple myeloma cells; Haematopoietic cancer cells,Western blot; degradation reporter,HCT116; HeLa,Multiple myeloma cells
377,10.1021/acs.jmedchem.9b00871,Q00534,,,,,,Multiple myeloma cells; Haematopoietic cancer cells,Western blot; degradation reporter,HCT116; HL-60; HL60,Multiple myeloma cells
378,10.1021/acs.jmedchem.9b00871,P11802,,,,,,Multiple myeloma cells; Haematopoietic cancer cells,Western blot; degradation reporter,HCT116; HeLa,Multiple myeloma cells
378,10.1021/acs.jmedchem.9b00871,Q00534,,,,,,Multiple myeloma cells; Haematopoietic cancer cells,Western blot; degradation reporter,HCT116; HL-60; HL60,Multiple myeloma cells
379,10.1021/acs.jmedchem.9b00871,P11802,U251,degradation reporter,24.0,,,Multiple myeloma cells; Haematopoietic cancer cells,Western blot; degradation reporter,HCT116; HeLa,U251
379,10.1021/acs.jmedchem.9b00871,Q00534,U251,degradation reporter,24.0,,,Multiple myeloma cells; Haematopoietic cancer cells,Western blot; degradation reporter,HCT116; HL-60; HL60,U251
380,10.1021/acs.jmedchem.9b00871,P11802,U251,degradation reporter,24.0,,,Multiple myeloma cells; Haematopoietic cancer cells,Western blot; degradation reporter,HCT116; HeLa,U251
380,10.1021/acs.jmedchem.9b00871,Q00534,U251,degradation reporter,24.0,,,Multiple myeloma cells; Haematopoietic cancer cells,Western blot; degradation reporter,HCT116; HL-60; HL60,U251
381,10.1021/acs.jmedchem.9b00871,P11802,U251,degradation reporter,24.0,,,Multiple myeloma cells; Haematopoietic cancer cells,Western blot; degradation reporter,HCT116; HeLa,U251
381,10.1021/acs.jmedchem.9b00871,Q00534,U251,degradation reporter,24.0,,,Multiple myeloma cells; Haematopoietic cancer cells,Western blot; degradation reporter,HCT116; HL-60; HL60,U251
382,10.1021/acs.jmedchem.9b00871,P11802,U251,degradation reporter,24.0,,,Multiple myeloma cells; Haematopoietic cancer cells,Western blot; degradation reporter,HCT116; HeLa,U251
382,10.1021/acs.jmedchem.9b00871,Q00534,U251,degradation reporter,24.0,,,Multiple myeloma cells; Haematopoietic cancer cells,Western blot; degradation reporter,HCT116; HL-60; HL60,U251
383,10.1021/acs.jmedchem.9b00871,P11802,,,,,,Multiple myeloma cells; Haematopoietic cancer cells,Western blot; degradation reporter,HCT116; HeLa,Multiple myeloma cells
383,10.1021/acs.jmedchem.9b00871,Q00534,,,,,,Multiple myeloma cells; Haematopoietic cancer cells,Western blot; degradation reporter,HCT116; HL-60; HL60,Multiple myeloma cells
384,10.1021/acs.jmedchem.9b00871,P11802,U251,degradation reporter,24.0,,,Multiple myeloma cells; Haematopoietic cancer cells,Western blot; degradation reporter,HCT116; HeLa,U251
384,10.1021/acs.jmedchem.9b00871,Q00534,U251,degradation reporter,24.0,,,Multiple myeloma cells; Haematopoietic cancer cells,Western blot; degradation reporter,HCT116; HL-60; HL60,U251
385,10.1021/acs.jmedchem.9b00871,P11802,U251,degradation reporter,24.0,,,Multiple myeloma cells; Haematopoietic cancer cells,Western blot; degradation reporter,HCT116; HeLa,U251
385,10.1021/acs.jmedchem.9b00871,Q00534,U251,degradation reporter,24.0,,,Multiple myeloma cells; Haematopoietic cancer cells,Western blot; degradation reporter,HCT116; HL-60; HL60,U251
386,10.1021/acs.jmedchem.9b00871,P11802,U251,degradation reporter,24.0,,,Multiple myeloma cells; Haematopoietic cancer cells,Western blot; degradation reporter,HCT116; HeLa,U251
386,10.1021/acs.jmedchem.9b00871,Q00534,U251,degradation reporter,24.0,,,Multiple myeloma cells; Haematopoietic cancer cells,Western blot; degradation reporter,HCT116; HL-60; HL60,U251
387,10.1021/acs.jmedchem.9b00871,P11802,U251,degradation reporter,24.0,,,Multiple myeloma cells; Haematopoietic cancer cells,Western blot; degradation reporter,HCT116; HeLa,U251
387,10.1021/acs.jmedchem.9b00871,Q00534,U251,degradation reporter,24.0,,,Multiple myeloma cells; Haematopoietic cancer cells,Western blot; degradation reporter,HCT116; HL-60; HL60,U251
388,10.1021/acs.jmedchem.9b00871,P11802,,,,,,Multiple myeloma cells; Haematopoietic cancer cells,Western blot; degradation reporter,HCT116; HeLa,Multiple myeloma cells
388,10.1021/acs.jmedchem.9b00871,Q00534,,,,,,Multiple myeloma cells; Haematopoietic cancer cells,Western blot; degradation reporter,HCT116; HL-60; HL60,Multiple myeloma cells
389,10.1021/acs.jmedchem.9b00871,P11802,,,,,,Multiple myeloma cells; Haematopoietic cancer cells,Western blot; degradation reporter,HCT116; HeLa,Multiple myeloma cells
389,10.1021/acs.jmedchem.9b00871,Q00534,,,,,,Multiple myeloma cells; Haematopoietic cancer cells,Western blot; degradation reporter,HCT116; HL-60; HL60,Multiple myeloma cells
390,10.1021/acs.jmedchem.9b00871,P11802,,,,,,Multiple myeloma cells; Haematopoietic cancer cells,Western blot; degradation reporter,HCT116; HeLa,Multiple myeloma cells
390,10.1021/acs.jmedchem.9b00871,Q00534,,,,,,Multiple myeloma cells; Haematopoietic cancer cells,Western blot; degradation reporter,HCT116; HL-60; HL60,Multiple myeloma cells
391,10.1021/acs.jmedchem.9b00871,P11802,,,,,,Multiple myeloma cells; Haematopoietic cancer cells,Western blot; degradation reporter,HCT116; HeLa,Multiple myeloma cells
391,10.1021/acs.jmedchem.9b00871,Q00534,,,,,,Multiple myeloma cells; Haematopoietic cancer cells,Western blot; degradation reporter,HCT116; HL-60; HL60,Multiple myeloma cells
392,10.1021/acs.jmedchem.9b00871,P11802,U251,degradation reporter,24.0,,,Multiple myeloma cells; Haematopoietic cancer cells,Western blot; degradation reporter,HCT116; HeLa,U251
392,10.1021/acs.jmedchem.9b00871,Q00534,U251,degradation reporter,24.0,,,Multiple myeloma cells; Haematopoietic cancer cells,Western blot; degradation reporter,HCT116; HL-60; HL60,U251
393,10.1021/acs.jmedchem.9b00871,P11802,U251,degradation reporter,24.0,,,Multiple myeloma cells; Haematopoietic cancer cells,Western blot; degradation reporter,HCT116; HeLa,U251
393,10.1021/acs.jmedchem.9b00871,Q00534,U251,degradation reporter,24.0,,,Multiple myeloma cells; Haematopoietic cancer cells,Western blot; degradation reporter,HCT116; HL-60; HL60,U251
394,10.1021/acs.jmedchem.9b00871,P11802,U251,degradation reporter,24.0,,,Multiple myeloma cells; Haematopoietic cancer cells,Western blot; degradation reporter,HCT116; HeLa,U251
394,10.1021/acs.jmedchem.9b00871,Q00534,U251,degradation reporter,24.0,,,Multiple myeloma cells; Haematopoietic cancer cells,Western blot; degradation reporter,HCT116; HL-60; HL60,U251
395,10.1021/acs.jmedchem.9b00871,P11802,U251,degradation reporter,24.0,,,Multiple myeloma cells; Haematopoietic cancer cells,Western blot; degradation reporter,HCT116; HeLa,U251
395,10.1021/acs.jmedchem.9b00871,Q00534,U251,degradation reporter,24.0,,,Multiple myeloma cells; Haematopoietic cancer cells,Western blot; degradation reporter,HCT116; HL-60; HL60,U251
396,10.1021/acs.jmedchem.9b00871,P11802,U251,degradation reporter,24.0,,,Multiple myeloma cells; Haematopoietic cancer cells,Western blot; degradation reporter,HCT116; HeLa,U251
396,10.1021/acs.jmedchem.9b00871,Q00534,U251,degradation reporter,24.0,,,Multiple myeloma cells; Haematopoietic cancer cells,Western blot; degradation reporter,HCT116; HL-60; HL60,U251
397,10.1021/acs.jmedchem.9b00871,P11802,U251,other,24.0,,,Multiple myeloma cells; Haematopoietic cancer cells,Western blot; degradation reporter,HCT116; HeLa,U251
397,10.1021/acs.jmedchem.9b00871,Q00534,U251,other,24.0,,,Multiple myeloma cells; Haematopoietic cancer cells,Western blot; degradation reporter,HCT116; HL-60; HL60,U251
398,10.1073/pnas.1803662115,Q06187,,,,,,,,HL-60; K562; Ramos,
399,10.1073/pnas.1803662115,Q06187,,,,,,,,HL-60; K562; Ramos,
400,10.1002/anie.201507634,nan,,other,,,,K562,Western blot,,K562
401,10.1002/anie.201507634,nan,,other,,,,K562,Western blot,,K562
402,10.1002/anie.201507634,nan,,other,,,,K562,Western blot,,K562
403,10.1002/anie.201507634,nan,,other,,,,K562,Western blot,,K562
404,10.1002/anie.201507634,nan,,other,,,,K562,Western blot,,K562
405,10.1002/anie.201507634,nan,,other,,,,K562,Western blot,,K562
406,10.1002/anie.201507634,nan,,other,,,,K562,Western blot,,K562
407,10.1002/anie.201507634,nan,,other,,,,K562,Western blot,,K562
408,10.1002/anie.201507634,nan,,other,,,,K562,Western blot,,K562
409,10.1002/anie.201507634,nan,,other,,,,K562,Western blot,,K562
410,10.1002/anie.201507634,nan,,other,,,,K562,Western blot,,K562
411,10.1002/anie.201507634,nan,,other,,,,K562,Western blot,,K562
412,10.1038/s41589-018-0055-y,P25440,,,,,,,,HL60,
412,10.1038/s41589-018-0055-y,Q15059,,,,,,,,HL60; Jurkat,
412,10.1038/s41589-018-0055-y,O60885,,,,,,,,,
413,10.1021/acs.jmedchem.9b00871,P11802,,,,,,Multiple myeloma cells; Haematopoietic cancer cells,Western blot; degradation reporter,HCT116; HeLa,Multiple myeloma cells
413,10.1021/acs.jmedchem.9b00871,Q00534,,,,,,Multiple myeloma cells; Haematopoietic cancer cells,Western blot; degradation reporter,HCT116; HL-60; HL60,Multiple myeloma cells
414,10.1021/acs.jmedchem.9b00871,P11802,,,,,,Multiple myeloma cells; Haematopoietic cancer cells,Western blot; degradation reporter,HCT116; HeLa,Multiple myeloma cells
414,10.1021/acs.jmedchem.9b00871,Q00534,,,,,,Multiple myeloma cells; Haematopoietic cancer cells,Western blot; degradation reporter,HCT116; HL-60; HL60,Multiple myeloma cells
415,10.1021/acs.jmedchem.9b00871,P11802,,,,,,Multiple myeloma cells; Haematopoietic cancer cells,Western blot; degradation reporter,HCT116; HeLa,Multiple myeloma cells
415,10.1021/acs.jmedchem.9b00871,Q00534,,,,,,Multiple myeloma cells; Haematopoietic cancer cells,Western blot; degradation reporter,HCT116; HL-60; HL60,Multiple myeloma cells
416,10.1021/acs.jmedchem.9b00871,P11802,,,,,,Multiple myeloma cells; Haematopoietic cancer cells,Western blot; degradation reporter,HCT116; HeLa,Multiple myeloma cells
416,10.1021/acs.jmedchem.9b00871,Q00534,,,,,,Multiple myeloma cells; Haematopoietic cancer cells,Western blot; degradation reporter,HCT116; HL-60; HL60,Multiple myeloma cells
417,10.1021/acs.jmedchem.9b00871,P11802,,,,,,Multiple myeloma cells; Haematopoietic cancer cells,Western blot; degradation reporter,HCT116; HeLa,Multiple myeloma cells
417,10.1021/acs.jmedchem.9b00871,Q00534,,,,,,Multiple myeloma cells; Haematopoietic cancer cells,Western blot; degradation reporter,HCT116; HL-60; HL60,Multiple myeloma cells
418,10.1021/acs.jmedchem.9b00871,P11802,,,,,,Multiple myeloma cells; Haematopoietic cancer cells,Western blot; degradation reporter,HCT116; HeLa,Multiple myeloma cells
418,10.1021/acs.jmedchem.9b00871,Q00534,,,,,,Multiple myeloma cells; Haematopoietic cancer cells,Western blot; degradation reporter,HCT116; HL-60; HL60,Multiple myeloma cells
419,10.1021/acs.jmedchem.9b00871,P11802,,,,,,Multiple myeloma cells; Haematopoietic cancer cells,Western blot; degradation reporter,HCT116; HeLa,Multiple myeloma cells
419,10.1021/acs.jmedchem.9b00871,Q00534,,,,,,Multiple myeloma cells; Haematopoietic cancer cells,Western blot; degradation reporter,HCT116; HL-60; HL60,Multiple myeloma cells
420,10.1021/acs.jmedchem.9b00871,P11802,,,,,,Multiple myeloma cells; Haematopoietic cancer cells,Western blot; degradation reporter,HCT116; HeLa,Multiple myeloma cells
420,10.1021/acs.jmedchem.9b00871,Q00534,,,,,,Multiple myeloma cells; Haematopoietic cancer cells,Western blot; degradation reporter,HCT116; HL-60; HL60,Multiple myeloma cells
421,10.1021/acs.jmedchem.9b00871,P11802,,,,,,Multiple myeloma cells; Haematopoietic cancer cells,Western blot; degradation reporter,HCT116; HeLa,Multiple myeloma cells
421,10.1021/acs.jmedchem.9b00871,Q00534,,,,,,Multiple myeloma cells; Haematopoietic cancer cells,Western blot; degradation reporter,HCT116; HL-60; HL60,Multiple myeloma cells
422,10.1021/acs.jmedchem.9b00871,P11802,,,,,,Multiple myeloma cells; Haematopoietic cancer cells,Western blot; degradation reporter,HCT116; HeLa,Multiple myeloma cells
422,10.1021/acs.jmedchem.9b00871,Q00534,,,,,,Multiple myeloma cells; Haematopoietic cancer cells,Western blot; degradation reporter,HCT116; HL-60; HL60,Multiple myeloma cells
423,10.1021/acs.jmedchem.9b00871,P11802,,,,,,Multiple myeloma cells; Haematopoietic cancer cells,Western blot; degradation reporter,HCT116; HeLa,Multiple myeloma cells
423,10.1021/acs.jmedchem.9b00871,Q00534,,,,,,Multiple myeloma cells; Haematopoietic cancer cells,Western blot; degradation reporter,HCT116; HL-60; HL60,Multiple myeloma cells
424,10.1021/acs.jmedchem.9b00871,P11802,,,,,,Multiple myeloma cells; Haematopoietic cancer cells,Western blot; degradation reporter,HCT116; HeLa,Multiple myeloma cells
424,10.1021/acs.jmedchem.9b00871,Q00534,,,,,,Multiple myeloma cells; Haematopoietic cancer cells,Western blot; degradation reporter,HCT116; HL-60; HL60,Multiple myeloma cells
425,10.1021/acs.jmedchem.9b00871,P11802,,,,,,Multiple myeloma cells; Haematopoietic cancer cells,Western blot; degradation reporter,HCT116; HeLa,Multiple myeloma cells
425,10.1021/acs.jmedchem.9b00871,Q00534,,,,,,Multiple myeloma cells; Haematopoietic cancer cells,Western blot; degradation reporter,HCT116; HL-60; HL60,Multiple myeloma cells
426,10.1021/acs.jmedchem.9b00871,P11802,,,,,,Multiple myeloma cells; Haematopoietic cancer cells,Western blot; degradation reporter,HCT116; HeLa,Multiple myeloma cells
426,10.1021/acs.jmedchem.9b00871,Q00534,,,,,,Multiple myeloma cells; Haematopoietic cancer cells,Western blot; degradation reporter,HCT116; HL-60; HL60,Multiple myeloma cells
427,10.1021/acs.jmedchem.9b00810,Q02750,,,,A375,phosphorylation assay; proliferation assay,,luciferase,THP1,A375
427,10.1021/acs.jmedchem.9b00810,P36507,,,,A375,phosphorylation assay; proliferation assay,,luciferase,HL-60,A375
428,10.1021/acs.jmedchem.9b00810,Q02750,,,,A375,phosphorylation assay; proliferation assay,,luciferase,THP1,A375
428,10.1021/acs.jmedchem.9b00810,P36507,,,,A375,phosphorylation assay; proliferation assay,,luciferase,HL-60,A375
429,10.1021/acs.jmedchem.9b00810,Q02750,,,,A375,phosphorylation assay; proliferation assay,,luciferase,THP1,A375
429,10.1021/acs.jmedchem.9b00810,P36507,,,,A375,phosphorylation assay; proliferation assay,,luciferase,HL-60,A375
430,10.1021/acs.jmedchem.9b00810,Q02750,A375,other,16.0,A375,phosphorylation assay; proliferation assay,,luciferase,THP1,A375
431,10.1021/acs.jmedchem.9b00810,Q02750,A375,other,16.0,A375,phosphorylation assay; proliferation assay,,luciferase,THP1,A375
432,10.1021/acs.jmedchem.9b00810,Q02750,A375,other,16.0,A375,phosphorylation assay; proliferation assay,,luciferase,THP1,A375
433,10.1021/acs.jmedchem.9b00810,Q02750,A375,degradation reporter,16.0,A375,phosphorylation assay; proliferation assay,,luciferase,THP1,A375
434,10.1021/acs.jmedchem.9b00810,Q02750,A375,degradation reporter,16.0,A375,phosphorylation assay; proliferation assay,,luciferase,THP1,A375
435,10.1021/acs.jmedchem.9b00810,Q02750,A375,degradation reporter,16.0,A375,phosphorylation assay; proliferation assay,,luciferase,THP1,A375
436,10.1021/acs.jmedchem.9b00810,Q02750,A375,degradation reporter,16.0,A375,phosphorylation assay; proliferation assay,,luciferase,THP1,A375
437,10.1021/acs.jmedchem.9b00810,Q02750,A375,degradation reporter,16.0,A375,phosphorylation assay; proliferation assay,,luciferase,THP1,A375
438,10.1021/acs.jmedchem.9b00810,Q02750,A375,degradation reporter,16.0,A375,phosphorylation assay; proliferation assay,,luciferase,THP1,A375
439,10.1021/acs.jmedchem.9b00810,Q02750,A375,degradation reporter,16.0,A375,phosphorylation assay; proliferation assay,,luciferase,THP1,A375
440,10.1021/acs.jmedchem.9b00810,Q02750,A375,degradation reporter,16.0,A375,phosphorylation assay; proliferation assay,,luciferase,THP1,A375
441,10.1021/acs.jmedchem.9b00810,Q02750,A375,degradation reporter,16.0,A375,phosphorylation assay; proliferation assay,,luciferase,THP1,A375
442,10.1021/acs.jmedchem.9b00810,Q02750,A375,degradation reporter,16.0,A375,phosphorylation assay; proliferation assay,,luciferase,THP1,A375
443,10.1021/acs.jmedchem.9b00810,Q02750,A375,degradation reporter,16.0,A375,phosphorylation assay; proliferation assay,,luciferase,THP1,A375
444,10.1021/acs.jmedchem.9b00810,Q02750,A375,degradation reporter,16.0,A375,phosphorylation assay; proliferation assay,,luciferase,THP1,A375
445,10.1021/acs.jmedchem.9b00810,Q02750,A375,degradation reporter,16.0,A375,phosphorylation assay; proliferation assay,,luciferase,THP1,A375
446,10.1021/acs.jmedchem.9b00810,Q02750,A375,degradation reporter,16.0,A375,phosphorylation assay; proliferation assay,,luciferase,THP1,A375
447,10.1021/acs.jmedchem.9b00810,Q02750,A375,degradation reporter,16.0,A375,phosphorylation assay; proliferation assay,,luciferase,THP1,A375
448,10.1021/acs.jmedchem.9b00810,Q02750,A375,degradation reporter,16.0,A375,phosphorylation assay; proliferation assay,,luciferase,THP1,A375
449,10.1021/acs.jmedchem.9b00810,Q02750,A375,degradation reporter,16.0,A375,phosphorylation assay; proliferation assay,,luciferase,THP1,A375
450,10.1021/acs.jmedchem.9b00810,Q02750,A375,degradation reporter,16.0,A375,phosphorylation assay; proliferation assay,,luciferase,THP1,A375
451,10.1021/acs.jmedchem.9b00810,Q02750,A375,degradation reporter,16.0,A375,phosphorylation assay; proliferation assay,,luciferase,THP1,A375
452,10.1021/acs.jmedchem.9b00810,Q02750,A375,degradation reporter,16.0,A375,phosphorylation assay; proliferation assay,,luciferase,THP1,A375
453,10.1021/acs.jmedchem.9b00810,Q02750,A375,degradation reporter,16.0,A375,phosphorylation assay; proliferation assay,,luciferase,THP1,A375
454,10.1021/acs.jmedchem.9b00810,Q02750,A375,degradation reporter,16.0,A375,phosphorylation assay; proliferation assay,,luciferase,THP1,A375
455,10.1021/acs.jmedchem.9b00810,Q02750,A375,degradation reporter,16.0,A375,phosphorylation assay; proliferation assay,,luciferase,THP1,A375
456,10.1021/acs.jmedchem.9b01264,nan,K562,degradation reporter,16.0,K562,degradation,,,,K562
457,10.1021/acs.jmedchem.9b01264,nan,K562,degradation reporter,16.0,K562,degradation,,,,K562
458,10.1021/acs.jmedchem.9b01264,nan,K562,degradation reporter,16.0,K562,degradation,,,,K562
459,10.1021/acs.jmedchem.9b01264,nan,K562,degradation reporter,16.0,K562,degradation,,,,K562
460,10.1021/acs.jmedchem.9b01264,nan,K562,degradation reporter,16.0,K562,degradation,,,,K562
461,10.1021/acs.jmedchem.9b01264,nan,K562,degradation reporter,16.0,K562,degradation,,,,K562
462,10.1021/acs.jmedchem.9b01264,nan,K562,degradation reporter,16.0,K562,degradation,,,,K562
463,10.1021/acs.jmedchem.9b01264,nan,K562,degradation reporter,16.0,K562,degradation,,,,K562
464,10.1021/acs.jmedchem.9b01264,nan,K562,degradation reporter,16.0,K562,degradation,,,,K562
465,10.1021/acs.jmedchem.9b01264,nan,K562,degradation reporter,16.0,K562,degradation,,,,K562
466,10.1021/acs.jmedchem.9b01264,nan,K562,degradation reporter,16.0,K562,degradation,,,,K562
467,10.1021/acs.jmedchem.9b01264,nan,K562,degradation reporter,16.0,K562,degradation,,,,K562
468,10.1021/acs.jmedchem.9b01264,nan,K562,degradation reporter,16.0,K562,degradation,,,,K562
469,10.1021/acs.jmedchem.9b01264,nan,K562,degradation reporter,16.0,K562,degradation,,,,K562
470,10.1021/acs.jmedchem.9b01264,nan,K562,degradation reporter,16.0,K562,degradation,,,,K562
471,10.1021/acs.jmedchem.9b01264,nan,K562,degradation reporter,16.0,K562,degradation,,,,K562
472,10.1021/acs.jmedchem.9b01264,nan,K562,degradation reporter,16.0,K562,degradation,,,,K562
473,10.1021/acs.jmedchem.9b01264,nan,K562,Western blot,16.0,K562,degradation,,,,K562
474,10.1021/acs.jmedchem.9b01264,nan,K562,Western blot,16.0,K562,degradation,,,,K562
475,10.1021/acs.jmedchem.9b01530,P40763,Molm-16,Western blot,4.0,leukemia cell lines; lymphoma cell lines; Molm-16,Western blot,,,HEK293; HeLa; MDA-MB-231; THP1,Molm-16
476,10.1021/acs.jmedchem.9b01530,P40763,Molm-16,Western blot,4.0,leukemia cell lines; lymphoma cell lines; Molm-16,Western blot,,,HEK293; HeLa; MDA-MB-231; THP1,Molm-16
477,10.1021/acs.jmedchem.9b01530,P40763,,Western blot,,leukemia cell lines; lymphoma cell lines; Molm-16,Western blot,,,HEK293; HeLa; MDA-MB-231; THP1,leukemia cell lines
478,10.1021/acs.jmedchem.9b01530,P40763,Molm-16,Western blot,4.0,leukemia cell lines; lymphoma cell lines; Molm-16,Western blot,,,HEK293; HeLa; MDA-MB-231; THP1,Molm-16
479,10.1021/acs.jmedchem.9b01530,P40763,Molm-16,Western blot,4.0,leukemia cell lines; lymphoma cell lines; Molm-16,Western blot,,,HEK293; HeLa; MDA-MB-231; THP1,Molm-16
480,10.1021/acs.jmedchem.9b01530,P40763,,Western blot,,leukemia cell lines; lymphoma cell lines; Molm-16,Western blot,,,HEK293; HeLa; MDA-MB-231; THP1,leukemia cell lines
481,10.1021/acs.jmedchem.9b01530,P40763,,Western blot,,leukemia cell lines; lymphoma cell lines; Molm-16,Western blot,,,HEK293; HeLa; MDA-MB-231; THP1,leukemia cell lines
482,10.1021/acs.jmedchem.9b01530,P40763,,Western blot,,leukemia cell lines; lymphoma cell lines; Molm-16,Western blot,,,HEK293; HeLa; MDA-MB-231; THP1,leukemia cell lines
483,10.1021/acs.jmedchem.9b01530,P40763,Molm-16,Western blot,4.0,leukemia cell lines; lymphoma cell lines; Molm-16,Western blot,,,HEK293; HeLa; MDA-MB-231; THP1,Molm-16
484,10.1021/acs.jmedchem.9b01530,P40763,Molm-16,Western blot,4.0,leukemia cell lines; lymphoma cell lines; Molm-16,Western blot,,,HEK293; HeLa; MDA-MB-231; THP1,Molm-16
485,10.1021/acs.jmedchem.9b01530,P40763,Molm-16,Western blot,4.0,leukemia cell lines; lymphoma cell lines; Molm-16,Western blot,,,HEK293; HeLa; MDA-MB-231; THP1,Molm-16
486,10.1021/acs.jmedchem.9b01530,P40763,Molm-16,Western blot,4.0,leukemia cell lines; lymphoma cell lines; Molm-16,Western blot,,,HEK293; HeLa; MDA-MB-231; THP1,Molm-16
487,10.1021/acs.jmedchem.9b01530,P40763,Molm-16,Western blot,4.0,leukemia cell lines; lymphoma cell lines; Molm-16,Western blot,,,HEK293; HeLa; MDA-MB-231; THP1,Molm-16
488,10.1021/acs.jmedchem.9b01530,P40763,Molm-16,Western blot,4.0,leukemia cell lines; lymphoma cell lines; Molm-16,Western blot,,,HEK293; HeLa; MDA-MB-231; THP1,Molm-16
489,10.1021/acs.jmedchem.9b01530,P40763,Molm-16,Western blot,4.0,leukemia cell lines; lymphoma cell lines; Molm-16,Western blot,,,HEK293; HeLa; MDA-MB-231; THP1,Molm-16
490,10.1021/acs.jmedchem.9b01530,P40763,Molm-16,Western blot,4.0,leukemia cell lines; lymphoma cell lines; Molm-16,Western blot,,,HEK293; HeLa; MDA-MB-231; THP1,Molm-16
491,10.1021/acs.jmedchem.9b01530,P40763,Molm-16,Western blot,4.0,leukemia cell lines; lymphoma cell lines; Molm-16,Western blot,,,HEK293; HeLa; MDA-MB-231; THP1,Molm-16
492,10.1021/acs.jmedchem.9b01530,P40763,Molm-16,Western blot,4.0,leukemia cell lines; lymphoma cell lines; Molm-16,Western blot,,,HEK293; HeLa; MDA-MB-231; THP1,Molm-16
493,10.1021/acs.jmedchem.9b01530,P40763,Molm-16,Western blot,4.0,leukemia cell lines; lymphoma cell lines; Molm-16,Western blot,,,HEK293; HeLa; MDA-MB-231; THP1,Molm-16
494,10.1021/acs.jmedchem.9b01530,P40763,SU-DHL-1,Western blot,16.0,leukemia cell lines; lymphoma cell lines; Molm-16,Western blot,,,HEK293; HeLa; MDA-MB-231; THP1,SU-DHL-1
495,10.1021/acs.jmedchem.9b01530,P40763,Molm-16,Western blot,4.0,leukemia cell lines; lymphoma cell lines; Molm-16,Western blot,,,HEK293; HeLa; MDA-MB-231; THP1,Molm-16
496,10.1021/acs.jmedchem.9b01530,P40763,Molm-16,Western blot,4.0,leukemia cell lines; lymphoma cell lines; Molm-16,Western blot,,,HEK293; HeLa; MDA-MB-231; THP1,Molm-16
497,10.1021/acs.jmedchem.9b01530,P40763,Molm-16,Western blot,4.0,leukemia cell lines; lymphoma cell lines; Molm-16,Western blot,,,HEK293; HeLa; MDA-MB-231; THP1,Molm-16
498,10.1021/acs.jmedchem.9b00919,P10415,,ELISA,,H23,ubiquitination; cell viability/lethality,,,HL-60; HeLa; Jurkat; PC3,H23
498,10.1021/acs.jmedchem.9b00919,Q07820,,ELISA,,H23,ubiquitination; cell viability/lethality,,,,H23
499,10.1021/acs.jmedchem.9b00919,P10415,,ELISA,,H23,ubiquitination; cell viability/lethality,,,HL-60; HeLa; Jurkat; PC3,H23
499,10.1021/acs.jmedchem.9b00919,Q07820,,ELISA,,H23,ubiquitination; cell viability/lethality,,,,H23
500,10.1021/acs.jmedchem.9b00919,P10415,HeLa,ELISA,12.0,H23,ubiquitination; cell viability/lethality,,,HL-60; HeLa; Jurkat; PC3,HeLa
500,10.1021/acs.jmedchem.9b00919,Q07820,HeLa,ELISA,12.0,H23,ubiquitination; cell viability/lethality,,,,HeLa
501,10.1021/acs.jmedchem.9b00919,P10415,,ELISA,,H23,ubiquitination; cell viability/lethality,,,HL-60; HeLa; Jurkat; PC3,H23
501,10.1021/acs.jmedchem.9b00919,Q07820,,ELISA,,H23,ubiquitination; cell viability/lethality,,,,H23
502,10.1021/acs.jmedchem.9b00919,Q07820,HeLa,ELISA,12.0,H23,ubiquitination; cell viability/lethality,,,,HeLa
502,10.1021/acs.jmedchem.9b00919,P10415,HeLa,ELISA,12.0,H23,ubiquitination; cell viability/lethality,,,HL-60; HeLa; Jurkat; PC3,HeLa
503,10.1021/acs.jmedchem.9b00919,P10415,,ELISA,,H23,ubiquitination; cell viability/lethality,,,HL-60; HeLa; Jurkat; PC3,H23
503,10.1021/acs.jmedchem.9b00919,Q07820,,ELISA,,H23,ubiquitination; cell viability/lethality,,,,H23
504,10.1021/acs.jmedchem.9b00919,P10415,,ELISA,,H23,ubiquitination; cell viability/lethality,,,HL-60; HeLa; Jurkat; PC3,H23
504,10.1021/acs.jmedchem.9b00919,Q07820,,ELISA,,H23,ubiquitination; cell viability/lethality,,,,H23
505,10.1021/acs.jmedchem.9b00919,P10415,,ELISA,,H23,ubiquitination; cell viability/lethality,,,HL-60; HeLa; Jurkat; PC3,H23
505,10.1021/acs.jmedchem.9b00919,Q07820,,ELISA,,H23,ubiquitination; cell viability/lethality,,,,H23
506,10.1021/acs.jmedchem.9b00919,P10415,,ELISA,,H23,ubiquitination; cell viability/lethality,,,HL-60; HeLa; Jurkat; PC3,H23
506,10.1021/acs.jmedchem.9b00919,Q07820,,ELISA,,H23,ubiquitination; cell viability/lethality,,,,H23
507,10.1021/acs.jmedchem.9b00919,P10415,,ELISA,,H23,ubiquitination; cell viability/lethality,,,HL-60; HeLa; Jurkat; PC3,H23
507,10.1021/acs.jmedchem.9b00919,Q07820,,ELISA,,H23,ubiquitination; cell viability/lethality,,,,H23
508,10.1021/acs.jmedchem.9b00919,P10415,,ELISA,,H23,ubiquitination; cell viability/lethality,,,HL-60; HeLa; Jurkat; PC3,H23
508,10.1021/acs.jmedchem.9b00919,Q07820,,ELISA,,H23,ubiquitination; cell viability/lethality,,,,H23
509,10.1016/j.ejmech.2020.112190,Q9UM73,,,,SR; H2228; 293T,Western blot,,,,SR
510,10.1016/j.ejmech.2020.112190,Q9UM73,,,,SR; H2228; 293T,Western blot,,,,SR
511,10.1016/j.ejmech.2020.112190,Q9UM73,,,,SR; H2228; 293T,Western blot,,,,SR
512,10.1016/j.ejmech.2020.112190,Q9UM73,,,,SR; H2228; 293T,Western blot,,,,SR
513,10.1016/j.ejmech.2020.112190,Q9UM73,SR,other,16.0,SR; H2228; 293T,Western blot,,,,SR
514,10.1016/j.ejmech.2020.112190,Q9UM73,SR,other,16.0,SR; H2228; 293T,Western blot,,,,SR
515,10.1016/j.ejmech.2020.112190,Q9UM73,SR,other,16.0,SR; H2228; 293T,Western blot,,,,SR
516,10.1016/j.ejmech.2020.112190,Q9UM73,,,,SR; H2228; 293T,Western blot,,,,SR
517,10.1016/j.ejmech.2020.112190,Q9UM73,,,,SR; H2228; 293T,Western blot,,,,SR
518,10.1016/j.ejmech.2020.112190,Q9UM73,,,,SR; H2228; 293T,Western blot,,,,SR
519,10.1016/j.ejmech.2020.112190,Q9UM73,,,,SR; H2228; 293T,Western blot,,,,SR
520,10.1016/j.ejmech.2020.112190,Q9UM73,SR,degradation reporter,16.0,SR; H2228; 293T,Western blot,,,,SR
521,10.1016/j.ejmech.2020.112190,Q9UM73,SR,degradation reporter,16.0,SR; H2228; 293T,Western blot,,,,SR
522,10.1016/j.ejmech.2020.112190,Q9UM73,SR,degradation reporter,16.0,SR; H2228; 293T,Western blot,,,,SR
523,10.1016/j.ejmech.2020.112190,Q9UM73,293T,degradation reporter,,SR; H2228; 293T,Western blot,,,,293T
523,10.1016/j.ejmech.2020.112190,Q9UM73,293T,degradation reporter,,SR; H2228; 293T,Western blot,,,,293T
524,10.1016/j.ejmech.2020.112190,Q9UM73,,,,SR; H2228; 293T,Western blot,,,,SR
525,10.1016/j.ejmech.2020.112190,Q9UM73,,,,SR; H2228; 293T,Western blot,,,,SR
526,10.1016/j.ejmech.2020.112190,Q9UM73,,,,SR; H2228; 293T,Western blot,,,,SR
527,10.1016/j.ejmech.2020.112190,Q9UM73,,,,SR; H2228; 293T,Western blot,,,,SR
528,10.1016/j.ejmech.2020.112190,Q9UM73,SR,degradation reporter,16.0,SR; H2228; 293T,Western blot,,,,SR
529,10.1016/j.ejmech.2020.112190,Q9UM73,SR,degradation reporter,16.0,SR; H2228; 293T,Western blot,,,,SR
530,10.1016/j.ejmech.2020.112190,Q9UM73,SR,degradation reporter,16.0,SR; H2228; 293T,Western blot,,,,SR
531,10.1016/j.ejmech.2020.112190,Q9UM73,,,,SR; H2228; 293T,Western blot,,,,SR
532,10.1016/j.ejmech.2020.112190,Q9UM73,,,,SR; H2228; 293T,Western blot,,,,SR
533,10.1016/j.ejmech.2020.112190,Q9UM73,,,,SR; H2228; 293T,Western blot,,,,SR
534,10.1016/j.ejmech.2020.112190,Q9UM73,,,,SR; H2228; 293T,Western blot,,,,SR
535,10.1016/j.ejmech.2020.112190,Q9UM73,,,,SR; H2228; 293T,Western blot,,,,SR
536,10.1016/j.ejmech.2020.112190,Q9UM73,,,,SR; H2228; 293T,Western blot,,,,SR
537,10.1016/j.ejmech.2020.112190,Q9UM73,,,,SR; H2228; 293T,Western blot,,,,SR
538,10.1016/j.ejmech.2020.112190,Q9UM73,,,,SR; H2228; 293T,Western blot,,,,SR
539,10.1016/j.ejmech.2020.112190,Q9UM73,,,,SR; H2228; 293T,Western blot,,,,SR
540,10.1016/j.ejmech.2020.112190,Q9UM73,,,,SR; H2228; 293T,Western blot,,,,SR
541,10.1016/j.ejmech.2020.112190,Q9UM73,,,,SR; H2228; 293T,Western blot,,,,SR
542,10.1016/j.ejmech.2020.112190,Q9UM73,,,,SR; H2228; 293T,Western blot,,,,SR
543,10.1021/acs.jmedchem.7b01655,O14965,H3122,TR-FRET,16.0,NSCLC; ALCL; NB,proteomic profiling,,,HCT116; HeLa,H3122
543,10.1021/acs.jmedchem.7b01655,Q05397,H3122,TR-FRET,16.0,NSCLC; ALCL; NB,proteomic profiling,,,MCF7; MDA-MB-231; MDA-MB-468; PC3,H3122
543,10.1021/acs.jmedchem.7b01655,P16591,H3122,TR-FRET,16.0,NSCLC; ALCL; NB,proteomic profiling,,,HL-60; HL60,H3122
543,10.1021/acs.jmedchem.7b01655,Q15418,H3122,TR-FRET,16.0,NSCLC; ALCL; NB,proteomic profiling,,,HEK293; PC3,H3122
543,10.1021/acs.jmedchem.7b01655,Q9UM73,H3122,TR-FRET,16.0,NSCLC; ALCL; NB,proteomic profiling,,,,H3122
544,10.1021/acs.jmedchem.7b01655,O14965,Ba/F3,degradation reporter,,NSCLC; ALCL; NB,proteomic profiling,,,HCT116; HeLa,Ba/F3
544,10.1021/acs.jmedchem.7b01655,Q05397,Ba/F3,degradation reporter,,NSCLC; ALCL; NB,proteomic profiling,,,MCF7; MDA-MB-231; MDA-MB-468; PC3,Ba/F3
544,10.1021/acs.jmedchem.7b01655,P16591,Ba/F3,degradation reporter,,NSCLC; ALCL; NB,proteomic profiling,,,HL-60; HL60,Ba/F3
544,10.1021/acs.jmedchem.7b01655,Q15418,Ba/F3,degradation reporter,,NSCLC; ALCL; NB,proteomic profiling,,,HEK293; PC3,Ba/F3
544,10.1021/acs.jmedchem.7b01655,Q9UM73,Ba/F3,degradation reporter,,NSCLC; ALCL; NB,proteomic profiling,,,,Ba/F3
544,10.1021/acs.jmedchem.2c01864,nan,Ba/F3,degradation reporter,,,,,,,Ba/F3
544,10.1021/acs.jmedchem.2c01864,nan,Ba/F3,degradation reporter,,,,,,,Ba/F3
545,10.1016/j.ejmech.2019.05.046,Q00987,,,,RS4;11,,,,LNCaP; LnCAP; MCF7; MDA-MB-231; PC3; U2OS,RS4;11
546,10.1016/j.ejmech.2019.05.046,Q00987,,,,RS4;11,,,,LNCaP; LnCAP; MCF7; MDA-MB-231; PC3; U2OS,RS4;11
547,10.1016/j.ejmech.2019.05.046,Q00987,,,,RS4;11,,,,LNCaP; LnCAP; MCF7; MDA-MB-231; PC3; U2OS,RS4;11
548,10.1016/j.ejmech.2019.05.046,Q00987,,,,RS4;11,,,,LNCaP; LnCAP; MCF7; MDA-MB-231; PC3; U2OS,RS4;11
549,10.1016/j.ejmech.2019.05.046,Q00987,,,,RS4;11,,,,LNCaP; LnCAP; MCF7; MDA-MB-231; PC3; U2OS,RS4;11
550,10.1016/j.ejmech.2019.05.046,Q00987,,,,RS4;11,,,,LNCaP; LnCAP; MCF7; MDA-MB-231; PC3; U2OS,RS4;11
551,10.1016/j.ejmech.2019.05.046,Q00987,RS4;11,other,,RS4;11,,,,LNCaP; LnCAP; MCF7; MDA-MB-231; PC3; U2OS,RS4;11
552,10.1016/j.ejmech.2019.05.046,Q00987,,,,RS4;11,,,,LNCaP; LnCAP; MCF7; MDA-MB-231; PC3; U2OS,RS4;11
553,10.1016/j.ejmech.2019.05.046,Q00987,,,,RS4;11,,,,LNCaP; LnCAP; MCF7; MDA-MB-231; PC3; U2OS,RS4;11
554,10.1016/j.ejmech.2019.05.046,Q00987,,,,RS4;11,,,,LNCaP; LnCAP; MCF7; MDA-MB-231; PC3; U2OS,RS4;11
555,10.1016/j.ejmech.2019.05.046,Q00987,,,,RS4;11,,,,LNCaP; LnCAP; MCF7; MDA-MB-231; PC3; U2OS,RS4;11
556,10.1016/j.ejmech.2019.05.046,Q00987,RS4;11,degradation reporter,24.0,RS4;11,,,,LNCaP; LnCAP; MCF7; MDA-MB-231; PC3; U2OS,RS4;11
557,10.1016/j.ejmech.2019.05.046,Q00987,,,,RS4;11,,,,LNCaP; LnCAP; MCF7; MDA-MB-231; PC3; U2OS,RS4;11
558,10.1016/j.ejmech.2019.05.046,Q00987,,,,RS4;11,,,,LNCaP; LnCAP; MCF7; MDA-MB-231; PC3; U2OS,RS4;11
559,10.1016/j.ejmech.2020.112061,P00533,HCC827,degradation reporter,,HCC827,Western blot,,,,HCC827
560,10.1016/j.ejmech.2020.112061,P00533,HCC827,other,,HCC827,Western blot,,,,HCC827
561,10.1016/j.ejmech.2020.112061,P00533,HCC827,other,,HCC827,Western blot,,,,HCC827
562,10.1016/j.ejmech.2020.112061,P00533,HCC827,other,,HCC827,Western blot,,,,HCC827
563,10.1016/j.ejmech.2020.112061,P00533,HCC827,other,,HCC827,Western blot,,,,HCC827
564,10.1016/j.ejmech.2020.112061,P00533,HCC827,other,,HCC827,Western blot,,,,HCC827
565,10.1016/j.ejmech.2020.112061,P00533,HCC827,other,,HCC827,Western blot,,,,HCC827
566,10.1016/j.ejmech.2020.112061,P00533,HCC827,other,,HCC827,Western blot,,,,HCC827
567,10.1016/j.ejmech.2020.112061,P00533,HCC827,Western blot,,HCC827,Western blot,,,,HCC827
568,10.1016/j.ejmech.2020.112061,P00533,HCC827,other,,HCC827,Western blot,,,,HCC827
569,10.1016/j.ejmech.2020.112061,P00533,HCC827,other,,HCC827,Western blot,,,,HCC827
570,10.1016/j.ejmech.2020.112061,P00533,HCC827,other,,HCC827,Western blot,,,,HCC827
571,10.1016/j.ejmech.2020.112061,P00533,HCC827,other,,HCC827,Western blot,,,,HCC827
572,10.1016/j.ejmech.2020.112199,P00533,A431,Western blot,16.0,,,,ELISA,,A431
572,10.1016/j.ejmech.2020.112199,P00533,A431,Western blot,16.0,,,,ELISA,,A431
573,10.1016/j.ejmech.2020.112199,P00533,A431,Western blot,16.0,,,,ELISA,,A431
573,10.1016/j.ejmech.2020.112199,P00533,A431,Western blot,16.0,,,,ELISA,,A431
574,10.1016/j.ejmech.2020.112199,P00533,A431,degradation reporter,16.0,,,,ELISA,,A431
574,10.1016/j.ejmech.2020.112199,P00533,A431,degradation reporter,16.0,,,,ELISA,,A431
575,10.1016/j.ejmech.2020.112199,P00533,A431,degradation reporter,16.0,,,,ELISA,,A431
575,10.1016/j.ejmech.2020.112199,P00533,A431,degradation reporter,16.0,,,,ELISA,,A431
576,10.1016/j.ejmech.2020.112199,P00533,A431,degradation reporter,16.0,,,,ELISA,,A431
576,10.1016/j.ejmech.2020.112199,P00533,A431,degradation reporter,16.0,,,,ELISA,,A431
577,10.1016/j.ejmech.2020.112199,P00533,A431,degradation reporter,16.0,,,,ELISA,,A431
577,10.1016/j.ejmech.2020.112199,P00533,A431,degradation reporter,16.0,,,,ELISA,,A431
578,10.1016/j.ejmech.2020.112199,P00533,A431,degradation reporter,16.0,,,,ELISA,,A431
578,10.1016/j.ejmech.2020.112199,P00533,A431,degradation reporter,16.0,,,,ELISA,,A431
579,10.1016/j.ejmech.2020.112199,P00533,A431,degradation reporter,16.0,,,,ELISA,,A431
579,10.1016/j.ejmech.2020.112199,P00533,A431,degradation reporter,16.0,,,,ELISA,,A431
580,10.1016/j.ejmech.2020.112199,P00533,A431,degradation reporter,16.0,,,,ELISA,,A431
580,10.1016/j.ejmech.2020.112199,P00533,A431,degradation reporter,16.0,,,,ELISA,,A431
581,10.1016/j.ejmech.2020.112199,P00533,A431,degradation reporter,16.0,,,,ELISA,,A431
581,10.1016/j.ejmech.2020.112199,P00533,A431,degradation reporter,16.0,,,,ELISA,,A431
582,10.1016/j.ejmech.2020.112199,P00533,A431,degradation reporter,16.0,,,,ELISA,,A431
582,10.1016/j.ejmech.2020.112199,P00533,A431,degradation reporter,16.0,,,,ELISA,,A431
583,10.1016/j.ejmech.2020.112199,P00533,A431,degradation reporter,16.0,,,,ELISA,,A431
583,10.1016/j.ejmech.2020.112199,P00533,A431,degradation reporter,16.0,,,,ELISA,,A431
584,10.1016/j.ejmech.2020.112199,P00533,A431,degradation reporter,16.0,,,,ELISA,,A431
584,10.1016/j.ejmech.2020.112199,P00533,A431,degradation reporter,16.0,,,,ELISA,,A431
585,10.1016/j.ejmech.2020.112199,P00533,A431,degradation reporter,16.0,,,,ELISA,,A431
585,10.1016/j.ejmech.2020.112199,P00533,A431,degradation reporter,16.0,,,,ELISA,,A431
586,10.1016/j.ejmech.2020.112199,P00533,A431,degradation reporter,16.0,,,,ELISA,,A431
586,10.1016/j.ejmech.2020.112199,P00533,A431,degradation reporter,16.0,,,,ELISA,,A431
587,10.1016/j.ejmech.2020.112199,P00533,A431,degradation reporter,16.0,,,,ELISA,,A431
587,10.1016/j.ejmech.2020.112199,P00533,A431,degradation reporter,16.0,,,,ELISA,,A431
588,10.1021/acs.jmedchem.9b01566,P00533,,,,lung cancer cells,degradation reporter; Western blot; proteomic analysis,,,,lung cancer cells
588,10.1021/acs.jmedchem.9b01566,P00533,,,,lung cancer cells,degradation reporter; Western blot; proteomic analysis,,,,lung cancer cells
589,10.1021/acs.jmedchem.9b01566,P00533,,,,lung cancer cells,degradation reporter; Western blot; proteomic analysis,,,,lung cancer cells
589,10.1021/acs.jmedchem.9b01566,P00533,,,,lung cancer cells,degradation reporter; Western blot; proteomic analysis,,,,lung cancer cells
590,10.1021/acs.jmedchem.9b01566,P00533,,,,lung cancer cells,degradation reporter; Western blot; proteomic analysis,,,,lung cancer cells
590,10.1021/acs.jmedchem.9b01566,P00533,,,,lung cancer cells,degradation reporter; Western blot; proteomic analysis,,,,lung cancer cells
591,10.1021/acs.jmedchem.9b01566,P00533,,,,lung cancer cells,degradation reporter; Western blot; proteomic analysis,,,,lung cancer cells
591,10.1021/acs.jmedchem.9b01566,P00533,,,,lung cancer cells,degradation reporter; Western blot; proteomic analysis,,,,lung cancer cells
592,10.1021/acs.jmedchem.9b01566,P00533,,,,lung cancer cells,degradation reporter; Western blot; proteomic analysis,,,,lung cancer cells
592,10.1021/acs.jmedchem.9b01566,P00533,,,,lung cancer cells,degradation reporter; Western blot; proteomic analysis,,,,lung cancer cells
593,10.1021/acs.jmedchem.9b01566,P00533,HCC-827,degradation reporter,16.0,lung cancer cells,degradation reporter; Western blot; proteomic analysis,,,,HCC-827
593,10.1021/acs.jmedchem.9b01566,P00533,HCC-827,degradation reporter,16.0,lung cancer cells,degradation reporter; Western blot; proteomic analysis,,,,HCC-827
594,10.1021/acs.jmedchem.9b01566,P00533,,,,lung cancer cells,degradation reporter; Western blot; proteomic analysis,,,,lung cancer cells
594,10.1021/acs.jmedchem.9b01566,P00533,,,,lung cancer cells,degradation reporter; Western blot; proteomic analysis,,,,lung cancer cells
595,10.1021/acs.jmedchem.9b01566,P00533,,,,lung cancer cells,degradation reporter; Western blot; proteomic analysis,,,,lung cancer cells
595,10.1021/acs.jmedchem.9b01566,P00533,,,,lung cancer cells,degradation reporter; Western blot; proteomic analysis,,,,lung cancer cells
596,10.1021/acs.jmedchem.9b01566,P00533,,,,lung cancer cells,degradation reporter; Western blot; proteomic analysis,,,,lung cancer cells
596,10.1021/acs.jmedchem.9b01566,P00533,,,,lung cancer cells,degradation reporter; Western blot; proteomic analysis,,,,lung cancer cells
597,10.1021/acs.jmedchem.9b01566,P00533,HCC-827,degradation reporter,16.0,lung cancer cells,degradation reporter; Western blot; proteomic analysis,,,,HCC-827
597,10.1021/acs.jmedchem.9b01566,P00533,HCC-827,degradation reporter,16.0,lung cancer cells,degradation reporter; Western blot; proteomic analysis,,,,HCC-827
598,10.1016/j.ejmech.2019.111952,P24941,,,,PC-3,Western blot,HEK293,NanoBRET,,HEK293
598,10.1016/j.ejmech.2019.111952,P50750,,,,PC-3,Western blot,HEK293,NanoBRET,HCT116; HL-60; HL60; MCF7,HEK293
599,10.1016/j.ejmech.2019.111952,P24941,,,,PC-3,Western blot,HEK293,NanoBRET,,HEK293
599,10.1016/j.ejmech.2019.111952,P50750,,,,PC-3,Western blot,HEK293,NanoBRET,HCT116; HL-60; HL60; MCF7,HEK293
600,10.1016/j.ejmech.2019.111952,P24941,PC-3,other,,PC-3,Western blot,HEK293,NanoBRET,,PC-3
600,10.1016/j.ejmech.2019.111952,P50750,PC-3,other,,PC-3,Western blot,HEK293,NanoBRET,HCT116; HL-60; HL60; MCF7,PC-3
601,10.1016/j.ejmech.2019.111952,P24941,PC-3,other,,PC-3,Western blot,HEK293,NanoBRET,,PC-3
601,10.1016/j.ejmech.2019.111952,P50750,PC-3,other,,PC-3,Western blot,HEK293,NanoBRET,HCT116; HL-60; HL60; MCF7,PC-3
602,10.1016/j.ejmech.2019.111952,P24941,PC-3,other,,PC-3,Western blot,HEK293,NanoBRET,,PC-3
602,10.1016/j.ejmech.2019.111952,P50750,PC-3,other,,PC-3,Western blot,HEK293,NanoBRET,HCT116; HL-60; HL60; MCF7,PC-3
603,10.1016/j.ejmech.2019.111952,P24941,,,,PC-3,Western blot,HEK293,NanoBRET,,HEK293
603,10.1016/j.ejmech.2019.111952,P50750,,,,PC-3,Western blot,HEK293,NanoBRET,HCT116; HL-60; HL60; MCF7,HEK293
604,10.1016/j.ejmech.2019.111952,P24941,,,,PC-3,Western blot,HEK293,NanoBRET,,HEK293
604,10.1016/j.ejmech.2019.111952,P50750,,,,PC-3,Western blot,HEK293,NanoBRET,HCT116; HL-60; HL60; MCF7,HEK293
605,10.1016/j.ejmech.2019.111952,P24941,PC-3,other,,PC-3,Western blot,HEK293,NanoBRET,,PC-3
605,10.1016/j.ejmech.2019.111952,P50750,PC-3,other,,PC-3,Western blot,HEK293,NanoBRET,HCT116; HL-60; HL60; MCF7,PC-3
606,10.1016/j.ejmech.2019.111952,P24941,PC-3,other,,PC-3,Western blot,HEK293,NanoBRET,,PC-3
606,10.1016/j.ejmech.2019.111952,P50750,PC-3,other,,PC-3,Western blot,HEK293,NanoBRET,HCT116; HL-60; HL60; MCF7,PC-3
607,10.1016/j.ejmech.2019.111952,P24941,PC-3,other,,PC-3,Western blot,HEK293,NanoBRET,,PC-3
607,10.1016/j.ejmech.2019.111952,P50750,PC-3,other,,PC-3,Western blot,HEK293,NanoBRET,HCT116; HL-60; HL60; MCF7,PC-3
608,10.1016/j.ejmech.2019.111952,P24941,PC-3,other,,PC-3,Western blot,HEK293,NanoBRET,,PC-3
608,10.1016/j.ejmech.2019.111952,P50750,PC-3,other,,PC-3,Western blot,HEK293,NanoBRET,HCT116; HL-60; HL60; MCF7,PC-3
609,10.1016/j.ejmech.2019.111952,P24941,PC-3,other,,PC-3,Western blot,HEK293,NanoBRET,,PC-3
609,10.1016/j.ejmech.2019.111952,P50750,PC-3,other,,PC-3,Western blot,HEK293,NanoBRET,HCT116; HL-60; HL60; MCF7,PC-3
610,10.1016/j.ejmech.2019.111952,P24941,PC-3,other,24.0,PC-3,Western blot,HEK293,NanoBRET,,PC-3
610,10.1016/j.ejmech.2019.111952,P50750,PC-3,other,24.0,PC-3,Western blot,HEK293,NanoBRET,HCT116; HL-60; HL60; MCF7,PC-3
611,10.1016/j.ejmech.2019.111952,P24941,PC-3,,,PC-3,Western blot,HEK293,NanoBRET,,PC-3
611,10.1016/j.ejmech.2019.111952,P50750,PC-3,,,PC-3,Western blot,HEK293,NanoBRET,HCT116; HL-60; HL60; MCF7,PC-3
612,10.1016/j.ejmech.2019.111952,P24941,PC-3,,,PC-3,Western blot,HEK293,NanoBRET,,PC-3
612,10.1016/j.ejmech.2019.111952,P50750,PC-3,,,PC-3,Western blot,HEK293,NanoBRET,HCT116; HL-60; HL60; MCF7,PC-3
613,10.1016/j.ejmech.2019.111952,P24941,PC-3,,,PC-3,Western blot,HEK293,NanoBRET,,PC-3
613,10.1016/j.ejmech.2019.111952,P50750,PC-3,,,PC-3,Western blot,HEK293,NanoBRET,HCT116; HL-60; HL60; MCF7,PC-3
614,10.1016/j.ejmech.2019.111952,P24941,PC-3,,,PC-3,Western blot,HEK293,NanoBRET,,PC-3
614,10.1016/j.ejmech.2019.111952,P50750,PC-3,,,PC-3,Western blot,HEK293,NanoBRET,HCT116; HL-60; HL60; MCF7,PC-3
615,10.1016/j.ejmech.2019.111952,P24941,PC-3,,,PC-3,Western blot,HEK293,NanoBRET,,PC-3
615,10.1016/j.ejmech.2019.111952,P50750,PC-3,,,PC-3,Western blot,HEK293,NanoBRET,HCT116; HL-60; HL60; MCF7,PC-3
616,10.1016/j.ejmech.2019.111952,P24941,PC-3,,,PC-3,Western blot,HEK293,NanoBRET,,PC-3
616,10.1016/j.ejmech.2019.111952,P50750,PC-3,,,PC-3,Western blot,HEK293,NanoBRET,HCT116; HL-60; HL60; MCF7,PC-3
617,10.1016/j.ejmech.2019.111952,P24941,PC-3,,,PC-3,Western blot,HEK293,NanoBRET,,PC-3
617,10.1016/j.ejmech.2019.111952,P50750,PC-3,,,PC-3,Western blot,HEK293,NanoBRET,HCT116; HL-60; HL60; MCF7,PC-3
618,10.1016/j.ejmech.2020.112186,Q07817,MOLT-4,,,MOLT-4,,,,Jurkat,MOLT-4
619,10.1016/j.ejmech.2020.112186,Q07817,MOLT-4,,,MOLT-4,,,,Jurkat,MOLT-4
620,10.1016/j.ejmech.2020.112186,Q07817,MOLT-4,,,MOLT-4,,,,Jurkat,MOLT-4
621,10.1016/j.ejmech.2020.112186,Q07817,MOLT-4,,,MOLT-4,,,,Jurkat,MOLT-4
622,10.1016/j.ejmech.2020.112186,Q07817,MOLT-4,,,MOLT-4,,,,Jurkat,MOLT-4
623,10.1016/j.ejmech.2020.112186,Q07817,MOLT-4,,,MOLT-4,,,,Jurkat,MOLT-4
624,10.1016/j.ejmech.2020.112186,Q07817,MOLT-4,other,16.0,MOLT-4,,,,Jurkat,MOLT-4
625,10.1016/j.ejmech.2020.112186,Q07817,MOLT-4,other,,MOLT-4,,,,Jurkat,MOLT-4
626,10.1016/j.ejmech.2020.112186,Q07817,MOLT-4,other,,MOLT-4,,,,Jurkat,MOLT-4
627,10.1016/j.ejmech.2020.112186,Q07817,MOLT-4,other,,MOLT-4,,,,Jurkat,MOLT-4
628,10.1016/j.ejmech.2020.112186,Q07817,MOLT-4,other,,MOLT-4,,,,Jurkat,MOLT-4
629,10.1016/j.ejmech.2020.112186,Q07817,MOLT-4,other,,MOLT-4,,,,Jurkat,MOLT-4
630,10.1016/j.ejmech.2020.112186,Q07817,MOLT-4,other,,MOLT-4,,,,Jurkat,MOLT-4
631,10.1016/j.ejmech.2020.112186,Q07817,MOLT-4,other,,MOLT-4,,,,Jurkat,MOLT-4
632,10.1016/j.ejmech.2020.112186,Q07817,MOLT-4,other,,MOLT-4,,,,Jurkat,MOLT-4
633,10.1016/j.ejmech.2020.112186,Q07817,MOLT-4,other,,MOLT-4,,,,Jurkat,MOLT-4
634,10.1016/j.ejmech.2020.112186,Q07817,MOLT-4,other,,MOLT-4,,,,Jurkat,MOLT-4
635,10.1016/j.ejmech.2020.112186,Q07817,MOLT-4,degradation reporter,16.0,MOLT-4,,,,Jurkat,MOLT-4
636,10.1016/j.ejmech.2020.112186,Q07817,MOLT-4,other,,MOLT-4,,,,Jurkat,MOLT-4
637,10.1016/j.ejmech.2020.112186,Q07817,MOLT-4,other,,MOLT-4,,,,Jurkat,MOLT-4
638,10.1016/j.ejmech.2020.112186,Q07817,MOLT-4,other,,MOLT-4,,,,Jurkat,MOLT-4
639,10.1016/j.ejmech.2020.112186,Q07817,MOLT-4,other,,MOLT-4,,,,Jurkat,MOLT-4
640,10.1016/j.ejmech.2020.112186,Q07817,MOLT-4,other,,MOLT-4,,,,Jurkat,MOLT-4
641,10.1016/j.ejmech.2020.112186,Q07817,MOLT-4,other,,MOLT-4,,,,Jurkat,MOLT-4
642,10.1016/j.ejmech.2020.112186,Q07817,MOLT-4,other,,MOLT-4,,,,Jurkat,MOLT-4
643,10.1016/j.ejmech.2020.112186,Q07817,MOLT-4,other,,MOLT-4,,,,Jurkat,MOLT-4
644,10.1016/j.ejmech.2020.112186,Q07817,MOLT-4,other,,MOLT-4,,,,Jurkat,MOLT-4
645,10.1016/j.ejmech.2020.112186,Q07817,MOLT-4,other,,MOLT-4,,,,Jurkat,MOLT-4
646,10.1016/j.ejmech.2020.112186,Q07817,MOLT-4,other,,MOLT-4,,,,Jurkat,MOLT-4
647,10.1016/j.ejmech.2020.112186,Q07817,MOLT-4,other,,MOLT-4,,,,Jurkat,MOLT-4
648,10.1016/j.ejmech.2020.112186,Q07817,MOLT-4,other,,MOLT-4,,,,Jurkat,MOLT-4
649,10.1016/j.ejmech.2020.112186,Q07817,MOLT-4,other,,MOLT-4,,,,Jurkat,MOLT-4
650,10.1016/j.ejmech.2020.112186,Q07817,MOLT-4,other,,MOLT-4,,,,Jurkat,MOLT-4
651,10.1016/j.ejmech.2020.112186,Q07817,MOLT-4,other,,MOLT-4,,,,Jurkat,MOLT-4
652,10.1016/j.ejmech.2020.112186,Q07817,MOLT-4,other,,MOLT-4,,,,Jurkat,MOLT-4
653,10.1016/j.ejmech.2020.112186,Q07817,MOLT-4,other,,MOLT-4,,,,Jurkat,MOLT-4
654,10.1016/j.ejmech.2020.112186,Q07817,MOLT-4,other,,MOLT-4,,,,Jurkat,MOLT-4
655,10.1016/j.ejmech.2020.112186,Q07817,MOLT-4,other,,MOLT-4,,,,Jurkat,MOLT-4
656,10.1016/j.ejmech.2020.112186,Q07817,MOLT-4,other,,MOLT-4,,,,Jurkat,MOLT-4
657,10.1016/j.ejmech.2020.112186,Q07817,MOLT-4,degradation reporter,16.0,MOLT-4,,,,Jurkat,MOLT-4
658,10.1016/j.ejmech.2020.112186,Q07817,MOLT-4,other,,MOLT-4,,,,Jurkat,MOLT-4
659,10.1016/j.ejmech.2020.112186,Q07817,MOLT-4,other,,MOLT-4,,,,Jurkat,MOLT-4
660,10.1016/j.ejmech.2020.112186,Q07817,MOLT-4,other,,MOLT-4,,,,Jurkat,MOLT-4
661,10.1016/j.ejmech.2020.112186,Q07817,MOLT-4,other,,MOLT-4,,,,Jurkat,MOLT-4
662,10.1016/j.ejmech.2020.112186,Q07817,MOLT-4,degradation reporter,16.0,MOLT-4,,,,Jurkat,MOLT-4
663,10.1016/j.ejmech.2020.112186,Q07817,MOLT-4,other,,MOLT-4,,,,Jurkat,MOLT-4
664,10.1016/j.ejmech.2020.112186,Q07817,MOLT-4,degradation reporter,16.0,MOLT-4,,,,Jurkat,MOLT-4
665,10.1016/j.ejmech.2020.112186,Q07817,MOLT-4,,,MOLT-4,,,,Jurkat,MOLT-4
666,10.1016/j.ejmech.2020.112186,Q07817,MOLT-4,,,MOLT-4,,,,Jurkat,MOLT-4
667,10.1016/j.ejmech.2020.112186,Q07817,MOLT-4,,,MOLT-4,,,,Jurkat,MOLT-4
668,10.1016/j.ejmech.2020.112186,Q07817,MOLT-4,,,MOLT-4,,,,Jurkat,MOLT-4
669,10.1016/j.ejmech.2020.112186,Q07817,MOLT-4,,,MOLT-4,,,,Jurkat,MOLT-4
670,10.1016/j.ejmech.2020.112186,Q07817,MOLT-4,degradation reporter,16.0,MOLT-4,,,,Jurkat,MOLT-4
671,10.1016/j.ejmech.2020.112186,Q07817,MOLT-4,,,MOLT-4,,,,Jurkat,MOLT-4
672,10.1016/j.ejmech.2019.112028,Q16678,,other,,DU145,Western blot,DU-145,other,HEK293; MCF7,DU-145
673,10.1016/j.ejmech.2019.112028,Q16678,,other,,DU145,Western blot,DU-145,other,HEK293; MCF7,DU-145
674,10.1016/j.ejmech.2019.112028,Q16678,,other,,DU145,Western blot,DU-145,other,HEK293; MCF7,DU-145
675,10.1016/j.ejmech.2019.112028,Q16678,,other,,DU145,Western blot,DU-145,other,HEK293; MCF7,DU-145
676,10.1016/j.ejmech.2019.01.080,P06730,,,,,,,,A549; HCT-116; HEK293; HEK293T; MCF7; MV4-11,
677,10.1016/j.ejmech.2019.01.080,P06730,,,,,,,,A549; HCT-116; HEK293; HEK293T; MCF7; MV4-11,
678,10.1016/j.ejmech.2019.01.080,P06730,,,,,,,,A549; HCT-116; HEK293; HEK293T; MCF7; MV4-11,
679,10.1016/j.ejmech.2019.01.080,P06730,,,,,,,,A549; HCT-116; HEK293; HEK293T; MCF7; MV4-11,
680,10.1016/j.ejmech.2019.01.080,P06730,,,,,,,,A549; HCT-116; HEK293; HEK293T; MCF7; MV4-11,
681,10.1016/j.ejmech.2019.01.080,P06730,,,,,,,,A549; HCT-116; HEK293; HEK293T; MCF7; MV4-11,
682,10.1016/j.ejmech.2019.01.080,P06730,,,,,,,,A549; HCT-116; HEK293; HEK293T; MCF7; MV4-11,
683,10.1016/j.ejmech.2019.01.080,P06730,,,,,,,,A549; HCT-116; HEK293; HEK293T; MCF7; MV4-11,
684,10.1016/j.ejmech.2019.01.080,P06730,,,,,,,,A549; HCT-116; HEK293; HEK293T; MCF7; MV4-11,
685,10.1016/j.ejmech.2019.01.080,P06730,,,,,,,,A549; HCT-116; HEK293; HEK293T; MCF7; MV4-11,
686,10.1016/j.ejmech.2019.01.080,P06730,,,,,,,,A549; HCT-116; HEK293; HEK293T; MCF7; MV4-11,
687,10.1016/j.ejmech.2019.01.080,P06730,,,,,,,,A549; HCT-116; HEK293; HEK293T; MCF7; MV4-11,
688,10.1016/j.ejmech.2019.01.080,P06730,,,,,,,,A549; HCT-116; HEK293; HEK293T; MCF7; MV4-11,
689,10.1016/j.ejmech.2019.01.080,P06730,,,,,,,,A549; HCT-116; HEK293; HEK293T; MCF7; MV4-11,
690,10.1016/j.ejmech.2019.01.080,P06730,,,,,,,,A549; HCT-116; HEK293; HEK293T; MCF7; MV4-11,
691,10.1016/j.ejmech.2019.01.080,P06730,,,,,,,,A549; HCT-116; HEK293; HEK293T; MCF7; MV4-11,
692,10.1016/j.ejmech.2019.01.080,P06730,,,,,,,,A549; HCT-116; HEK293; HEK293T; MCF7; MV4-11,
693,10.1016/j.ejmech.2019.01.080,P06730,,,,,,,,A549; HCT-116; HEK293; HEK293T; MCF7; MV4-11,
694,10.1021/ja100691p,P29762,,,,IMR-32,Western blot,,,,IMR-32
694,10.1021/ja100691p,P29373,,,,IMR-32,Western blot,,,,IMR-32
695,10.1021/ja100691p,P29762,,,,IMR-32,Western blot,,,,IMR-32
695,10.1021/ja100691p,P29373,,,,IMR-32,Western blot,,,,IMR-32
696,10.1021/ja100691p,P29762,,,,IMR-32,Western blot,,,,IMR-32
696,10.1021/ja100691p,P29373,,,,IMR-32,Western blot,,,,IMR-32
697,10.1016/j.ejmech.2020.112186,Q07817,MOLT-4,degradation reporter,16.0,MOLT-4,,,,Jurkat,MOLT-4
697,10.1038/s41591-019-0668-z,Q07817,MOLT-4,degradation reporter,16.0,BCL-XL-dependent leukemia cells; BCL-XL-dependent cancer cells; platelets,,,,Jurkat,MOLT-4
698,10.1002/anie.201901336,P11802,,AlphaScreen,,mantle cell lymphoma cell lines,,Jurkat,Western blot,HCT116; HeLa,Jurkat
698,10.1002/anie.201901336,Q00534,,AlphaScreen,,mantle cell lymphoma cell lines,,Jurkat,Western blot,HCT116; HL-60; HL60,Jurkat
699,10.1002/anie.201901336,P11802,,,,mantle cell lymphoma cell lines,,Jurkat,Western blot,HCT116; HeLa,Jurkat
699,10.1002/anie.201901336,Q00534,,,,mantle cell lymphoma cell lines,,Jurkat,Western blot,HCT116; HL-60; HL60,Jurkat
700,10.1182/blood.2019003604,P11802,BV173,flow cytometry,,Ph+ ALL cells; CD34+ normal hematopoietic progenitors,Western blot; flow cytometry,,,HCT116; HeLa,BV173
700,10.1182/blood.2019003604,Q00534,BV173,flow cytometry,,Ph+ ALL cells; CD34+ normal hematopoietic progenitors,Western blot; flow cytometry,,,HCT116; HL-60; HL60,BV173
701,10.1016/j.bmcl.2020.127106,P11802,Jurkat,other,24.0,,,,other,HCT116; HeLa,Jurkat
701,10.1002/anie.201901336,P11802,Jurkat,other,24.0,mantle cell lymphoma cell lines,,Jurkat,Western blot,HCT116; HeLa,Jurkat
701,10.1002/anie.201901336,Q00534,Jurkat,other,24.0,mantle cell lymphoma cell lines,,Jurkat,Western blot,HCT116; HL-60; HL60,Jurkat
701,10.1016/j.cell.2020.10.038,P30291,Jurkat,other,24.0,,,,,,Jurkat
701,10.1016/j.bmcl.2020.127106,Q00534,Jurkat,other,24.0,,,,other,HCT116; HL-60; HL60,Jurkat
702,10.1002/anie.201901336,P11802,,,,mantle cell lymphoma cell lines,,Jurkat,Western blot,HCT116; HeLa,Jurkat
702,10.1002/anie.201901336,Q00534,,,,mantle cell lymphoma cell lines,,Jurkat,Western blot,HCT116; HL-60; HL60,Jurkat
702,10.1016/j.cell.2020.10.038,P30291,,,,,,,,,
702,10.1016/j.cell.2020.10.038,Q15118,,,,,,,,Jurkat,
703,10.1002/anie.201901336,P11802,,,,mantle cell lymphoma cell lines,,Jurkat,Western blot,HCT116; HeLa,Jurkat
703,10.1002/anie.201901336,Q00534,,,,mantle cell lymphoma cell lines,,Jurkat,Western blot,HCT116; HL-60; HL60,Jurkat
704,10.1182/blood.2019003604,P11802,,other,,Ph+ ALL cells; CD34+ normal hematopoietic progenitors,Western blot; flow cytometry,,,HCT116; HeLa,Ph+ ALL cells
704,10.1002/anie.201901336,P11802,,other,,mantle cell lymphoma cell lines,,Jurkat,Western blot,HCT116; HeLa,Jurkat
704,10.1182/blood.2019003604,Q00534,,other,,Ph+ ALL cells; CD34+ normal hematopoietic progenitors,Western blot; flow cytometry,,,HCT116; HL-60; HL60,Ph+ ALL cells
704,10.1002/anie.201901336,Q00534,,other,,mantle cell lymphoma cell lines,,Jurkat,Western blot,HCT116; HL-60; HL60,Jurkat
705,10.1002/anie.201901336,P11802,,other,,mantle cell lymphoma cell lines,,Jurkat,Western blot,HCT116; HeLa,Jurkat
705,10.1002/anie.201901336,Q00534,,other,,mantle cell lymphoma cell lines,,Jurkat,Western blot,HCT116; HL-60; HL60,Jurkat
706,10.1002/anie.201901336,P11802,,other,,mantle cell lymphoma cell lines,,Jurkat,Western blot,HCT116; HeLa,Jurkat
706,10.1002/anie.201901336,Q00534,,other,,mantle cell lymphoma cell lines,,Jurkat,Western blot,HCT116; HL-60; HL60,Jurkat
707,10.1002/anie.201901336,P11802,,other,,mantle cell lymphoma cell lines,,Jurkat,Western blot,HCT116; HeLa,Jurkat
707,10.1002/anie.201901336,Q00534,,other,,mantle cell lymphoma cell lines,,Jurkat,Western blot,HCT116; HL-60; HL60,Jurkat
708,10.1002/anie.201901336,P11802,,other,,mantle cell lymphoma cell lines,,Jurkat,Western blot,HCT116; HeLa,Jurkat
708,10.1002/anie.201901336,Q00534,,other,,mantle cell lymphoma cell lines,,Jurkat,Western blot,HCT116; HL-60; HL60,Jurkat
709,10.1002/anie.201901336,P11802,,,,mantle cell lymphoma cell lines,,Jurkat,Western blot,HCT116; HeLa,Jurkat
709,10.1016/j.cell.2020.10.038,O14874,,,,,,,,,
709,10.1016/j.cell.2020.10.038,Q00534,,,,,,,,HCT116; HL-60; HL60,
709,10.1016/j.cell.2020.10.038,Q15118,,,,,,,,Jurkat,
709,10.1016/j.cell.2020.10.038,Q15119,,,,,,,,,
709,10.1016/j.cell.2020.10.038,Q15120,,,,,,,,,
709,10.1016/j.cell.2020.10.038,Q8NI60,,,,,,,,,
710,10.1002/anie.201901336,P11802,,other,,mantle cell lymphoma cell lines,,Jurkat,Western blot,HCT116; HeLa,Jurkat
710,10.1002/anie.201901336,Q00534,,other,,mantle cell lymphoma cell lines,,Jurkat,Western blot,HCT116; HL-60; HL60,Jurkat
711,10.1002/anie.201901336,P11802,,,,mantle cell lymphoma cell lines,,Jurkat,Western blot,HCT116; HeLa,Jurkat
711,10.1002/anie.201901336,Q00534,,,,mantle cell lymphoma cell lines,,Jurkat,Western blot,HCT116; HL-60; HL60,Jurkat
711,10.1002/anie.201901336,P50750,,,,mantle cell lymphoma cell lines,,Jurkat,Western blot,HCT116; HL-60; HL60; MCF7,Jurkat
712,10.1002/anie.201913904,O43924,,TR-FRET,,,,,,A549; MOLT4,
713,10.1002/anie.201913904,O43924,,TR-FRET,,,,,,A549; MOLT4,
714,10.1002/anie.201913904,O43924,Panc Tu-I,TR-FRET,24.0,,,,,A549; MOLT4,Panc Tu-I
715,10.1002/anie.201913904,O43924,,TR-FRET,,,,,,A549; MOLT4,
716,10.1039/c9cc07217a,Q07817,MOLT-4,other,,MOLT-4,,MOLT-4; human platelets,Western blot; AlphaScreen; flow cytometry,Jurkat,MOLT-4
717,10.1039/c9cc07217a,Q07817,MOLT-4,AlphaScreen,16.0,MOLT-4,,MOLT-4; human platelets,Western blot; AlphaScreen; flow cytometry,Jurkat,MOLT-4
718,10.1039/c9cc07217a,Q07817,MOLT-4,other,,MOLT-4,,MOLT-4; human platelets,Western blot; AlphaScreen; flow cytometry,Jurkat,MOLT-4
719,10.1039/c9cc00163h,P11802,MDA-MB-231,other,18.0,,Western blot,,,HCT116; HeLa,MDA-MB-231
719,10.1039/c9cc00163h,Q00534,MDA-MB-231,other,18.0,,Western blot,,,HCT116; HL-60; HL60,MDA-MB-231
720,10.1039/c9cc00163h,P11802,,,,,Western blot,,,HCT116; HeLa,
720,10.1039/c9cc00163h,Q00534,,,,,Western blot,,,HCT116; HL-60; HL60,
721,10.1039/c9cc00163h,P11802,MDA-MB-231,degradation reporter,18.0,,Western blot,,,HCT116; HeLa,MDA-MB-231
721,10.1039/c9cc00163h,Q00534,MDA-MB-231,degradation reporter,18.0,,Western blot,,,HCT116; HL-60; HL60,MDA-MB-231
722,10.1039/c9cc00163h,P11802,,,,,Western blot,,,HCT116; HeLa,
722,10.1039/c9cc00163h,Q00534,,,,,Western blot,,,HCT116; HL-60; HL60,
723,10.1039/c9cc08509b,Q9UBN7,MM.1S,degradation reporter,24.0,,,,,A549; HCT116; HEK293; HeLa,MM.1S
724,10.1039/c9cc08509b,Q9UBN7,,,,,,,,A549; HCT116; HEK293; HeLa,
725,10.1039/c9cc08509b,Q9UBN7,,,,,,,,A549; HCT116; HEK293; HeLa,
726,10.1039/c9cc08509b,Q9UBN7,,,,,,,,A549; HCT116; HEK293; HeLa,
727,10.1039/d0cc01485k,Q13547,,,,HCT116,Western blot,,,HeLa,HCT116
727,10.1039/d0cc01485k,Q92769,,,,HCT116,Western blot,,,HEK293; HeLa,HCT116
727,10.1039/d0cc01485k,O15379,,,,HCT116,Western blot,,,HEK293; HL60; HeLa,HCT116
728,10.1039/d0cc01485k,Q13547,,,,HCT116,Western blot,,,HeLa,HCT116
728,10.1039/d0cc01485k,Q92769,,,,HCT116,Western blot,,,HEK293; HeLa,HCT116
728,10.1039/d0cc01485k,O15379,,,,HCT116,Western blot,,,HEK293; HL60; HeLa,HCT116
729,10.1039/d0cc01485k,Q13547,,,,HCT116,Western blot,,,HeLa,HCT116
729,10.1039/d0cc01485k,Q92769,,,,HCT116,Western blot,,,HEK293; HeLa,HCT116
729,10.1039/d0cc01485k,O15379,,,,HCT116,Western blot,,,HEK293; HL60; HeLa,HCT116
730,10.1039/d0cc01485k,Q13547,,,,HCT116,Western blot,,,HeLa,HCT116
730,10.1039/d0cc01485k,Q92769,,,,HCT116,Western blot,,,HEK293; HeLa,HCT116
730,10.1039/d0cc01485k,O15379,,,,HCT116,Western blot,,,HEK293; HL60; HeLa,HCT116
730,10.1021/acs.biochem.2c00288,Q13547,,,,HCT116,Western blot; RNA sequencing,,,HeLa,HCT116
730,10.1021/acs.biochem.2c00288,Q92769,,,,HCT116,Western blot; RNA sequencing,,,HEK293; HeLa,HCT116
730,10.1021/acs.biochem.2c00288,O15379,,,,HCT116,Western blot; RNA sequencing,,,HEK293; HL60; HeLa,HCT116
731,10.1016/j.bmc.2011.09.041,nan,,,,,Western blot,,,,
732,10.1016/j.bmc.2011.09.041,P03372,,,,,Western blot,,,HeLa; MCF-7,
733,10.1016/j.bmc.2011.09.041,P10275,,,,,Western blot,,,MCF-7; PC-3; PC3,
734,10.1016/j.bmc.2011.03.057,P29373,,,,,,,,,
735,10.1016/j.bmc.2019.115181,O60885,MV4-11,other,,MV4-11; NCI 60,,,AlphaScreen,,MV4-11
736,10.1016/j.bmc.2019.115181,O60885,Molm-13,other,,MV4-11; NCI 60,,,AlphaScreen,,Molm-13
737,10.1016/j.bmc.2019.115181,P25440,,other,,MV4-11; NCI 60,,,AlphaScreen,HL60,MV4-11
737,10.1016/j.bmc.2019.115181,Q15059,,other,,MV4-11; NCI 60,,,AlphaScreen,HL60; Jurkat,MV4-11
737,10.1016/j.bmc.2019.115181,O60885,,other,,MV4-11; NCI 60,,,AlphaScreen,,MV4-11
738,10.1016/j.bmc.2019.115181,O60885,MV4-11,other,,MV4-11; NCI 60,,,AlphaScreen,,MV4-11
739,10.1016/j.bmc.2019.115181,O60885,MV4-11,other,,MV4-11; NCI 60,,,AlphaScreen,,MV4-11
740,10.1016/j.bmcl.2020.127106,P11802,Jurkat,degradation reporter,24.0,,,,other,HCT116; HeLa,Jurkat
740,10.1016/j.bmcl.2020.127106,Q00534,Jurkat,degradation reporter,24.0,,,,other,HCT116; HL-60; HL60,Jurkat
741,10.1016/j.bmcl.2020.127106,P11802,MM.1S,degradation reporter,16.0,,,,other,HCT116; HeLa,MM.1S
741,10.1039/d0sc00167h,P11802,MM.1S,degradation reporter,16.0,leukemia cell lines; myeloma cell lines; breast cancer cell lines,,,,HCT116; HeLa,MM.1S
741,10.1016/j.bmcl.2020.127106,Q00534,MM.1S,degradation reporter,16.0,,,,other,HCT116; HL-60; HL60,MM.1S
741,10.1039/d0sc00167h,Q00534,MM.1S,degradation reporter,16.0,leukemia cell lines; myeloma cell lines; breast cancer cell lines,,,,HCT116; HL-60; HL60,MM.1S
742,10.1016/j.bmcl.2020.127106,P11802,Jurkat,degradation reporter,24.0,,,,other,HCT116; HeLa,Jurkat
742,10.1016/j.bmcl.2020.127106,Q00534,Jurkat,degradation reporter,24.0,,,,other,HCT116; HL-60; HL60,Jurkat
743,10.1016/j.bmcl.2020.127106,P11802,Jurkat,degradation reporter,24.0,,,,other,HCT116; HeLa,Jurkat
743,10.1016/j.bmcl.2020.127106,Q00534,Jurkat,degradation reporter,24.0,,,,other,HCT116; HL-60; HL60,Jurkat
744,10.1016/j.bmcl.2020.127106,P11802,Jurkat,degradation reporter,24.0,,,,other,HCT116; HeLa,Jurkat
744,10.1016/j.bmcl.2020.127106,Q00534,Jurkat,degradation reporter,24.0,,,,other,HCT116; HL-60; HL60,Jurkat
745,10.1016/j.bmcl.2020.127106,P11802,Jurkat,degradation reporter,24.0,,,,other,HCT116; HeLa,Jurkat
745,10.1016/j.bmcl.2020.127106,Q00534,Jurkat,degradation reporter,24.0,,,,other,HCT116; HL-60; HL60,Jurkat
746,10.1016/j.bmcl.2020.127106,P11802,Jurkat,degradation reporter,24.0,,,,other,HCT116; HeLa,Jurkat
746,10.1016/j.bmcl.2020.127106,Q00534,Jurkat,degradation reporter,24.0,,,,other,HCT116; HL-60; HL60,Jurkat
747,10.1016/j.bmcl.2016.09.041,nan,,,,,,,,,
748,10.1016/j.bmcl.2016.09.041,nan,,,,,,,,,
749,10.1016/j.bmcl.2016.09.041,nan,,,,,,,,,
750,10.1016/j.bmcl.2019.126877,Q06187,NAMALWA,degradation reporter,24.0,immortalized B-lymphocytes; patient-derived B-lymphocytes,degradation,,,HL-60; K562; Ramos,NAMALWA
751,10.1016/j.bmcl.2019.126877,Q06187,NAMALWA,other,24.0,immortalized B-lymphocytes; patient-derived B-lymphocytes,degradation,,,HL-60; K562; Ramos,NAMALWA
752,10.1016/j.bmcl.2019.126877,Q06187,NAMALWA,other,24.0,immortalized B-lymphocytes; patient-derived B-lymphocytes,degradation,,,HL-60; K562; Ramos,NAMALWA
753,10.1016/j.bmcl.2019.126877,Q06187,NAMALWA,other,24.0,immortalized B-lymphocytes; patient-derived B-lymphocytes,degradation,,,HL-60; K562; Ramos,NAMALWA
754,10.1016/j.bmcl.2019.126877,Q06187,NAMALWA,other,24.0,immortalized B-lymphocytes; patient-derived B-lymphocytes,degradation,,,HL-60; K562; Ramos,NAMALWA
755,10.1016/j.bmc.2020.115326,P23458,PBMC,,,,,,,HL-60; HL60,PBMC
755,10.1016/j.bmc.2020.115326,O60674,PBMC,,,,,,,,PBMC
756,10.1016/j.bmc.2020.115326,P23458,PBMC,,,,,,,HL-60; HL60,PBMC
756,10.1016/j.bmc.2020.115326,O60674,PBMC,,,,,,,,PBMC
757,10.1016/j.bmc.2020.115326,P23458,PBMC,,,,,,,HL-60; HL60,PBMC
757,10.1016/j.bmc.2020.115326,O60674,PBMC,,,,,,,,PBMC
758,10.1016/j.bmc.2020.115326,P23458,,,,,,,,HL-60; HL60,
758,10.1016/j.bmc.2020.115326,O60674,,,,,,,,,
759,10.1016/j.bmc.2020.115326,P23458,,,,,,,,HL-60; HL60,
759,10.1016/j.bmc.2020.115326,O60674,,,,,,,,,
760,10.1016/j.bmc.2020.115326,P23458,,,,,,,,HL-60; HL60,
760,10.1016/j.bmc.2020.115326,O60674,,,,,,,,,
761,10.1016/j.bmc.2020.115326,P23458,,,,,,,,HL-60; HL60,
761,10.1016/j.bmc.2020.115326,O60674,,,,,,,,,
762,10.1016/j.bmc.2020.115326,P23458,,,,,,,,HL-60; HL60,
762,10.1016/j.bmc.2020.115326,O60674,,,,,,,,,
763,10.1016/j.bmc.2020.115326,P23458,,,,,,,,HL-60; HL60,
763,10.1016/j.bmc.2020.115326,O60674,,,,,,,,,
764,10.1016/j.bmc.2020.115326,P23458,,,,,,,,HL-60; HL60,
764,10.1016/j.bmc.2020.115326,O60674,,,,,,,,,
765,10.1016/j.bmc.2020.115326,P23458,,,,,,,,HL-60; HL60,
765,10.1016/j.bmc.2020.115326,O60674,,,,,,,,,
766,10.1016/j.bmc.2020.115326,P23458,,,,,,,,HL-60; HL60,
766,10.1016/j.bmc.2020.115326,O60674,,,,,,,,,
767,10.1016/j.bmc.2020.115326,P23458,,,,,,,,HL-60; HL60,
767,10.1016/j.bmc.2020.115326,O60674,,,,,,,,,
768,10.1016/j.bmc.2020.115326,P23458,,,,,,,,HL-60; HL60,
768,10.1016/j.bmc.2020.115326,O60674,,,,,,,,,
769,10.1016/j.bmc.2020.115326,P23458,,,,,,,,HL-60; HL60,
769,10.1016/j.bmc.2020.115326,O60674,,,,,,,,,
770,10.1016/j.bmc.2020.115326,P23458,,,,,,,,HL-60; HL60,
770,10.1016/j.bmc.2020.115326,O60674,,,,,,,,,
771,10.1016/j.bmc.2020.115326,P23458,,,,,,,,HL-60; HL60,
771,10.1016/j.bmc.2020.115326,O60674,,,,,,,,,
772,10.1016/j.bmc.2020.115326,P23458,,,,,,,,HL-60; HL60,
772,10.1016/j.bmc.2020.115326,O60674,,,,,,,,,
773,10.1016/j.bmc.2020.115326,P23458,,,,,,,,HL-60; HL60,
773,10.1016/j.bmc.2020.115326,O60674,,,,,,,,,
774,10.1016/j.bmc.2020.115326,P23458,,,,,,,,HL-60; HL60,
774,10.1016/j.bmc.2020.115326,O60674,,,,,,,,,
775,10.1016/j.bmc.2020.115326,P23458,,,,,,,,HL-60; HL60,
775,10.1016/j.bmc.2020.115326,O60674,,,,,,,,,
776,10.1016/j.bmc.2020.115326,P23458,,,,,,,,HL-60; HL60,
776,10.1016/j.bmc.2020.115326,O60674,,,,,,,,,
777,10.1016/j.bmc.2020.115326,P23458,,,,,,,,HL-60; HL60,
777,10.1016/j.bmc.2020.115326,O60674,,,,,,,,,
778,10.1016/j.bmc.2020.115326,P23458,IL2 PBMC,,,,,,,HL-60; HL60,IL2 PBMC
778,10.1016/j.bmc.2020.115326,O60674,IL2 PBMC,,,,,,,,IL2 PBMC
779,10.1016/j.bmc.2019.115228,O60885,,,,THP-1,,,AlphaScreen,,THP-1
780,10.1016/j.bmc.2019.115228,O60885,,,,THP-1,,,AlphaScreen,,THP-1
781,10.1016/j.bmc.2019.115228,O60885,,,,THP-1,,,AlphaScreen,,THP-1
782,10.1016/j.bmc.2019.115228,O60885,,,,THP-1,,,AlphaScreen,,THP-1
783,10.1016/j.bmc.2019.115228,O60885,,,,THP-1,,,AlphaScreen,,THP-1
784,10.1016/j.bmc.2019.115228,O60885,,,,THP-1,,,AlphaScreen,,THP-1
785,10.1016/j.bmc.2019.115228,O60885,,,,THP-1,,,AlphaScreen,,THP-1
786,10.1016/j.bmc.2019.115228,O60885,,,,THP-1,,,AlphaScreen,,THP-1
787,10.1016/j.bmc.2019.115228,O60885,,,,THP-1,,,AlphaScreen,,THP-1
788,10.1016/j.bmc.2019.115228,O60885,THP-1,,,THP-1,,,AlphaScreen,,THP-1
789,10.1016/j.bmc.2019.115228,O60885,,,,THP-1,,,AlphaScreen,,THP-1
790,10.1016/j.bmc.2019.115228,O60885,,,,THP-1,,,AlphaScreen,,THP-1
791,10.1016/j.bmc.2019.115228,O60885,,,,THP-1,,,AlphaScreen,,THP-1
792,10.1016/j.bmc.2019.115228,O60885,THP-1,,,THP-1,,,AlphaScreen,,THP-1
793,10.1016/j.bmc.2019.115228,O60885,THP-1,,,THP-1,,,AlphaScreen,,THP-1
794,10.1016/j.bmc.2019.115228,O60885,THP-1,,,THP-1,,,AlphaScreen,,THP-1
795,10.1016/j.bmc.2019.115228,O60885,,,,THP-1,,,AlphaScreen,,THP-1
796,10.1038/s41589-019-0294-6,Q86U86,MV-4-11,TR-FRET,18.0,acute myeloid leukemia cells,,,,U2OS,MV-4-11
796,10.1038/s41589-019-0294-6,P51531,MV-4-11,TR-FRET,18.0,acute myeloid leukemia cells,,,,A549; U2OS,MV-4-11
796,10.1038/s41589-019-0294-6,P51532,MV-4-11,TR-FRET,18.0,acute myeloid leukemia cells,,,,HEK293; HL-60; U2OS,MV-4-11
797,10.1038/s41589-019-0294-6,Q86U86,A375,degradation reporter,2.0,acute myeloid leukemia cells,,,,U2OS,A375
797,10.1038/s41589-019-0294-6,P51531,A375,degradation reporter,2.0,acute myeloid leukemia cells,,,,A549; U2OS,A375
797,10.1038/s41589-019-0294-6,P51532,A375,degradation reporter,2.0,acute myeloid leukemia cells,,,,HEK293; HL-60; U2OS,A375
797,10.1038/s41467-023-39904-5,P51531,A375,degradation reporter,2.0,,,,,A549; U2OS,A375
798,10.1038/s41589-019-0294-6,P51531,MV-4-11,TR-FRET,18.0,acute myeloid leukemia cells,,,,A549; U2OS,MV-4-11
798,10.1038/s41589-019-0294-6,P51532,MV-4-11,TR-FRET,18.0,acute myeloid leukemia cells,,,,HEK293; HL-60; U2OS,MV-4-11
798,10.1038/s41589-019-0294-6,Q86U86,MV-4-11,TR-FRET,18.0,acute myeloid leukemia cells,,,,U2OS,MV-4-11
799,10.1038/nchembio.2538,P50750,MOLT4,other,,,,,,HCT116; HL-60; HL60; MCF7,MOLT4
800,10.1038/nchembio.2538,P50750,,,,,,,,HCT116; HL-60; HL60; MCF7,
801,10.1038/nchembio.2538,P50750,,,,,,,,HCT116; HL-60; HL60; MCF7,
802,10.1038/nchembio.2538,P50750,,,,,,,,HCT116; HL-60; HL60; MCF7,
803,10.1038/nchembio.2538,P50750,,,,,,,,HCT116; HL-60; HL60; MCF7,
804,10.1038/s41589-019-0279-5,P62942,HEK293T,other,,,,,,,HEK293T
805,10.1038/s41589-019-0279-5,P62942,,,,,,,,,
806,10.1038/s41589-019-0279-5,P62942,,,,,,,,,
807,10.1038/s41589-019-0279-5,P62942,,,,,,,,,
808,10.1038/s41589-019-0279-5,O60885,HEK293T,other,,,,,,,HEK293T
809,10.1021/acsmedchemlett.9b00219,Q9NWZ3,,other,,PBMCs; human dermal fibroblasts,cytokine release,PBMCs; dermal fibroblasts,Western blot; MSD,HL-60; HL60,PBMCs
810,10.1021/acsmedchemlett.9b00219,Q9NWZ3,PBMC,degradation reporter,24.0,PBMCs; human dermal fibroblasts,cytokine release,PBMCs; dermal fibroblasts,Western blot; MSD,HL-60; HL60,PBMC
811,10.1021/acsmedchemlett.9b00219,Q9NWZ3,,,,PBMCs; human dermal fibroblasts,cytokine release,PBMCs; dermal fibroblasts,Western blot; MSD,HL-60; HL60,PBMCs
812,10.1021/acsmedchemlett.9b00219,Q9NWZ3,,other,,PBMCs; human dermal fibroblasts,cytokine release,PBMCs; dermal fibroblasts,Western blot; MSD,HL-60; HL60,PBMCs
813,10.1021/acsmedchemlett.9b00219,Q9NWZ3,,other,,PBMCs; human dermal fibroblasts,cytokine release,PBMCs; dermal fibroblasts,Western blot; MSD,HL-60; HL60,PBMCs
814,10.1021/acsmedchemlett.9b00219,Q9NWZ3,,other,,PBMCs; human dermal fibroblasts,cytokine release,PBMCs; dermal fibroblasts,Western blot; MSD,HL-60; HL60,PBMCs
815,10.1021/acsmedchemlett.9b00219,Q9NWZ3,PBMC,degradation reporter,24.0,PBMCs; human dermal fibroblasts,cytokine release,PBMCs; dermal fibroblasts,Western blot; MSD,HL-60; HL60,PBMC
816,10.1021/acsmedchemlett.9b00219,Q9NWZ3,PBMC,degradation reporter,24.0,PBMCs; human dermal fibroblasts,cytokine release,PBMCs; dermal fibroblasts,Western blot; MSD,HL-60; HL60,PBMC
817,10.1016/j.bbrc.2019.11.007,P53350,MV4-11,degradation reporter,24.0,MV4-11; MOLM-13; KG1,,,,,MV4-11
817,10.1016/j.bbrc.2019.11.007,O60885,MV4-11,degradation reporter,24.0,MV4-11; MOLM-13; KG1,,,,,MV4-11
818,10.1016/j.bbrc.2019.11.007,O60885,MV4-11,other,,MV4-11; MOLM-13; KG1,,,,,MV4-11
818,10.1016/j.bbrc.2019.11.007,P53350,MV4-11,other,,MV4-11; MOLM-13; KG1,,,,,MV4-11
819,10.1021/acschembio.9b00704,P29762,,,,,,,,,
819,10.1021/acschembio.9b00704,P29373,,,,,,,,,
820,10.1021/acschembio.9b00704,P29762,,,,,,,,,
820,10.1021/acschembio.9b00704,P29373,,,,,,,,,
821,10.1021/acschembio.9b00704,P29762,,,,,,,,,
821,10.1021/acschembio.9b00704,P29373,,,,,,,,,
822,10.1021/acschembio.9b00704,P25440,,,,,,,,HL60,
822,10.1021/acschembio.9b00704,Q15059,,,,,,,,HL60; Jurkat,
822,10.1021/acschembio.9b00704,O60885,,,,,,,,,
823,10.1021/acschembio.0c00140,P03372,,,,ER+ cell lines; MCF-7,degradation reporter,,,HeLa; MCF-7,ER+ cell lines
824,10.1021/acschembio.0c00140,P03372,,,,ER+ cell lines; MCF-7,degradation reporter,,,HeLa; MCF-7,ER+ cell lines
825,10.1021/acschembio.0c00140,P03372,MCF-7,degradation reporter,6.0,ER+ cell lines; MCF-7,degradation reporter,,,HeLa; MCF-7,MCF-7
826,10.1021/acschembio.0c00140,P03372,,,,ER+ cell lines; MCF-7,degradation reporter,,,HeLa; MCF-7,ER+ cell lines
827,10.1021/acschembio.0c00140,P03372,,,,ER+ cell lines; MCF-7,degradation reporter,,,HeLa; MCF-7,ER+ cell lines
828,10.1021/acschembio.0c00140,P03372,,,,ER+ cell lines; MCF-7,degradation reporter,,,HeLa; MCF-7,ER+ cell lines
829,10.1021/acschembio.0c00140,P03372,,,,ER+ cell lines; MCF-7,degradation reporter,,,HeLa; MCF-7,ER+ cell lines
830,10.1021/acschembio.0c00140,P03372,,,,ER+ cell lines; MCF-7,degradation reporter,,,HeLa; MCF-7,ER+ cell lines
831,10.1021/acschembio.0c00140,P03372,,,,ER+ cell lines; MCF-7,degradation reporter,,,HeLa; MCF-7,ER+ cell lines
832,10.1021/acschembio.0c00140,P03372,,,,ER+ cell lines; MCF-7,degradation reporter,,,HeLa; MCF-7,ER+ cell lines
833,10.1021/acschembio.0c00140,P03372,,,,ER+ cell lines; MCF-7,degradation reporter,,,HeLa; MCF-7,ER+ cell lines
834,10.1021/acschembio.0c00140,P03372,,,,ER+ cell lines; MCF-7,degradation reporter,,,HeLa; MCF-7,ER+ cell lines
835,10.1021/acschembio.0c00140,P03372,,,,ER+ cell lines; MCF-7,degradation reporter,,,HeLa; MCF-7,ER+ cell lines
836,10.1021/acschembio.0c00140,P03372,,,,ER+ cell lines; MCF-7,degradation reporter,,,HeLa; MCF-7,ER+ cell lines
837,10.1021/acschembio.0c00140,P03372,,,,ER+ cell lines; MCF-7,degradation reporter,,,HeLa; MCF-7,ER+ cell lines
838,10.1021/acschembio.0c00140,P03372,,,,ER+ cell lines; MCF-7,degradation reporter,,,HeLa; MCF-7,ER+ cell lines
839,10.1021/acschembio.0c00140,P03372,,,,ER+ cell lines; MCF-7,degradation reporter,,,HeLa; MCF-7,ER+ cell lines
840,10.1021/acschembio.0c00140,P03372,,,,ER+ cell lines; MCF-7,degradation reporter,,,HeLa; MCF-7,ER+ cell lines
841,10.1021/acschembio.0c00140,P03372,,,,ER+ cell lines; MCF-7,degradation reporter,,,HeLa; MCF-7,ER+ cell lines
842,10.1021/acschembio.0c00140,P03372,,,,ER+ cell lines; MCF-7,degradation reporter,,,HeLa; MCF-7,ER+ cell lines
843,10.1021/acschembio.0c00140,P03372,,,,ER+ cell lines; MCF-7,degradation reporter,,,HeLa; MCF-7,ER+ cell lines
844,10.1021/acschembio.0c00140,P03372,,,,ER+ cell lines; MCF-7,degradation reporter,,,HeLa; MCF-7,ER+ cell lines
845,10.1021/acschembio.0c00140,P03372,,,,ER+ cell lines; MCF-7,degradation reporter,,,HeLa; MCF-7,ER+ cell lines
846,10.1021/acschembio.0c00140,P03372,,,,ER+ cell lines; MCF-7,degradation reporter,,,HeLa; MCF-7,ER+ cell lines
847,10.1021/acschembio.0c00140,P03372,,,,ER+ cell lines; MCF-7,degradation reporter,,,HeLa; MCF-7,ER+ cell lines
848,10.1021/acschembio.0c00140,P03372,,,,ER+ cell lines; MCF-7,degradation reporter,,,HeLa; MCF-7,ER+ cell lines
849,10.1021/acschembio.0c00140,P03372,,,,ER+ cell lines; MCF-7,degradation reporter,,,HeLa; MCF-7,ER+ cell lines
850,10.1021/acschembio.0c00140,P03372,,,,ER+ cell lines; MCF-7,degradation reporter,,,HeLa; MCF-7,ER+ cell lines
851,10.1021/acschembio.0c00140,P03372,,,,ER+ cell lines; MCF-7,degradation reporter,,,HeLa; MCF-7,ER+ cell lines
852,10.1021/acschembio.0c00140,P03372,,,,ER+ cell lines; MCF-7,degradation reporter,,,HeLa; MCF-7,ER+ cell lines
853,10.1021/acschembio.0c00140,P03372,,,,ER+ cell lines; MCF-7,degradation reporter,,,HeLa; MCF-7,ER+ cell lines
854,10.1021/acschembio.0c00140,P03372,,,,ER+ cell lines; MCF-7,degradation reporter,,,HeLa; MCF-7,ER+ cell lines
855,10.1021/acschembio.0c00140,P03372,,,,ER+ cell lines; MCF-7,degradation reporter,,,HeLa; MCF-7,ER+ cell lines
856,10.1021/acschembio.0c00140,P03372,,,,ER+ cell lines; MCF-7,degradation reporter,,,HeLa; MCF-7,ER+ cell lines
857,10.1021/acschembio.0c00140,P03372,,,,ER+ cell lines; MCF-7,degradation reporter,,,HeLa; MCF-7,ER+ cell lines
858,10.1021/acschembio.0c00140,P03372,,,,ER+ cell lines; MCF-7,degradation reporter,,,HeLa; MCF-7,ER+ cell lines
859,10.1021/acschembio.0c00140,P03372,,,,ER+ cell lines; MCF-7,degradation reporter,,,HeLa; MCF-7,ER+ cell lines
860,10.1021/acschembio.0c00140,P03372,MCF-7,degradation reporter,6.0,ER+ cell lines; MCF-7,degradation reporter,,,HeLa; MCF-7,MCF-7
861,10.1021/acschembio.0c00140,P03372,,,,ER+ cell lines; MCF-7,degradation reporter,,,HeLa; MCF-7,ER+ cell lines
862,10.1021/acschembio.0c00140,P03372,,,,ER+ cell lines; MCF-7,degradation reporter,,,HeLa; MCF-7,ER+ cell lines
863,10.1021/acschembio.0c00140,P03372,,,,ER+ cell lines; MCF-7,degradation reporter,,,HeLa; MCF-7,ER+ cell lines
864,10.1021/acschembio.0c00140,P03372,,,,ER+ cell lines; MCF-7,degradation reporter,,,HeLa; MCF-7,ER+ cell lines
865,10.1021/acschembio.0c00140,P03372,,,,ER+ cell lines; MCF-7,degradation reporter,,,HeLa; MCF-7,ER+ cell lines
866,10.1021/acschembio.0c00140,P03372,,,,ER+ cell lines; MCF-7,degradation reporter,,,HeLa; MCF-7,ER+ cell lines
867,10.1021/acschembio.0c00140,P03372,,,,ER+ cell lines; MCF-7,degradation reporter,,,HeLa; MCF-7,ER+ cell lines
868,10.1021/acschembio.0c00140,P03372,,,,ER+ cell lines; MCF-7,degradation reporter,,,HeLa; MCF-7,ER+ cell lines
869,10.1021/acschembio.0c00140,P03372,,,,ER+ cell lines; MCF-7,degradation reporter,,,HeLa; MCF-7,ER+ cell lines
870,10.1021/acschembio.0c00140,P03372,,,,ER+ cell lines; MCF-7,degradation reporter,,,HeLa; MCF-7,ER+ cell lines
871,10.1021/acschembio.0c00140,P03372,,,,ER+ cell lines; MCF-7,degradation reporter,,,HeLa; MCF-7,ER+ cell lines
872,10.1021/acschembio.0c00140,P03372,,,,ER+ cell lines; MCF-7,degradation reporter,,,HeLa; MCF-7,ER+ cell lines
873,10.1021/acschembio.0c00140,P03372,,,,ER+ cell lines; MCF-7,degradation reporter,,,HeLa; MCF-7,ER+ cell lines
874,10.1021/acschembio.0c00140,P03372,,,,ER+ cell lines; MCF-7,degradation reporter,,,HeLa; MCF-7,ER+ cell lines
875,10.1021/acschembio.0c00140,P03372,,,,ER+ cell lines; MCF-7,degradation reporter,,,HeLa; MCF-7,ER+ cell lines
876,10.1021/acschembio.0c00140,P03372,,,,ER+ cell lines; MCF-7,degradation reporter,,,HeLa; MCF-7,ER+ cell lines
877,10.1021/acschembio.0c00140,P03372,,,,ER+ cell lines; MCF-7,degradation reporter,,,HeLa; MCF-7,ER+ cell lines
878,10.1021/acschembio.0c00140,P03372,,,,ER+ cell lines; MCF-7,degradation reporter,,,HeLa; MCF-7,ER+ cell lines
879,10.1021/acschembio.0c00140,P03372,,,,ER+ cell lines; MCF-7,degradation reporter,,,HeLa; MCF-7,ER+ cell lines
880,10.1021/acschembio.0c00140,P03372,,,,ER+ cell lines; MCF-7,degradation reporter,,,HeLa; MCF-7,ER+ cell lines
881,10.1021/acschembio.0c00140,P03372,,,,ER+ cell lines; MCF-7,degradation reporter,,,HeLa; MCF-7,ER+ cell lines
882,10.1021/acschembio.0c00140,P03372,,,,ER+ cell lines; MCF-7,degradation reporter,,,HeLa; MCF-7,ER+ cell lines
883,10.1021/acschembio.0c00140,P03372,,,,ER+ cell lines; MCF-7,degradation reporter,,,HeLa; MCF-7,ER+ cell lines
884,10.1021/acschembio.0c00140,P03372,,,,ER+ cell lines; MCF-7,degradation reporter,,,HeLa; MCF-7,ER+ cell lines
885,10.1021/acschembio.0c00140,P03372,,,,ER+ cell lines; MCF-7,degradation reporter,,,HeLa; MCF-7,ER+ cell lines
886,10.1021/acschembio.0c00140,P03372,,,,ER+ cell lines; MCF-7,degradation reporter,,,HeLa; MCF-7,ER+ cell lines
887,10.1021/acschembio.0c00140,P03372,,,,ER+ cell lines; MCF-7,degradation reporter,,,HeLa; MCF-7,ER+ cell lines
888,10.1021/acschembio.0c00140,P03372,,,,ER+ cell lines; MCF-7,degradation reporter,,,HeLa; MCF-7,ER+ cell lines
889,10.1021/acschembio.0c00140,P03372,,,,ER+ cell lines; MCF-7,degradation reporter,,,HeLa; MCF-7,ER+ cell lines
890,10.1021/acschembio.0c00140,P03372,,,,ER+ cell lines; MCF-7,degradation reporter,,,HeLa; MCF-7,ER+ cell lines
891,10.1021/acschembio.0c00140,P03372,,,,ER+ cell lines; MCF-7,degradation reporter,,,HeLa; MCF-7,ER+ cell lines
892,10.1021/acschembio.0c00140,P03372,,,,ER+ cell lines; MCF-7,degradation reporter,,,HeLa; MCF-7,ER+ cell lines
893,10.1021/acschembio.0c00140,P03372,,,,ER+ cell lines; MCF-7,degradation reporter,,,HeLa; MCF-7,ER+ cell lines
894,10.1021/acschembio.0c00140,P03372,,,,ER+ cell lines; MCF-7,degradation reporter,,,HeLa; MCF-7,ER+ cell lines
895,10.1021/acschembio.0c00140,P03372,,,,ER+ cell lines; MCF-7,degradation reporter,,,HeLa; MCF-7,ER+ cell lines
896,10.1021/acschembio.0c00140,P03372,,,,ER+ cell lines; MCF-7,degradation reporter,,,HeLa; MCF-7,ER+ cell lines
897,10.1021/acschembio.0c00140,P03372,,,,ER+ cell lines; MCF-7,degradation reporter,,,HeLa; MCF-7,ER+ cell lines
898,10.1021/acschembio.0c00140,P03372,,,,ER+ cell lines; MCF-7,degradation reporter,,,HeLa; MCF-7,ER+ cell lines
899,10.1021/acschembio.0c00140,P03372,,,,ER+ cell lines; MCF-7,degradation reporter,,,HeLa; MCF-7,ER+ cell lines
900,10.1021/acschembio.0c00140,P03372,,,,ER+ cell lines; MCF-7,degradation reporter,,,HeLa; MCF-7,ER+ cell lines
901,10.1021/acschembio.0c00140,P03372,,,,ER+ cell lines; MCF-7,degradation reporter,,,HeLa; MCF-7,ER+ cell lines
902,10.1021/acschembio.0c00140,P03372,,,,ER+ cell lines; MCF-7,degradation reporter,,,HeLa; MCF-7,ER+ cell lines
903,10.1021/acschembio.0c00140,P03372,,,,ER+ cell lines; MCF-7,degradation reporter,,,HeLa; MCF-7,ER+ cell lines
904,10.1021/acschembio.0c00140,P03372,,,,ER+ cell lines; MCF-7,degradation reporter,,,HeLa; MCF-7,ER+ cell lines
905,10.1021/acschembio.0c00140,P03372,,,,ER+ cell lines; MCF-7,degradation reporter,,,HeLa; MCF-7,ER+ cell lines
906,10.1021/acschembio.0c00140,P03372,,,,ER+ cell lines; MCF-7,degradation reporter,,,HeLa; MCF-7,ER+ cell lines
907,10.1021/acschembio.0c00140,P03372,,,,ER+ cell lines; MCF-7,degradation reporter,,,HeLa; MCF-7,ER+ cell lines
908,10.1021/acschembio.0c00140,P03372,,,,ER+ cell lines; MCF-7,degradation reporter,,,HeLa; MCF-7,ER+ cell lines
909,10.1021/acschembio.0c00140,P03372,,,,ER+ cell lines; MCF-7,degradation reporter,,,HeLa; MCF-7,ER+ cell lines
910,10.1021/acschembio.0c00140,P03372,,,,ER+ cell lines; MCF-7,degradation reporter,,,HeLa; MCF-7,ER+ cell lines
911,10.1021/acschembio.0c00140,P03372,,,,ER+ cell lines; MCF-7,degradation reporter,,,HeLa; MCF-7,ER+ cell lines
912,10.1021/acschembio.0c00140,P03372,,,,ER+ cell lines; MCF-7,degradation reporter,,,HeLa; MCF-7,ER+ cell lines
913,10.1021/acschembio.0c00140,P03372,,,,ER+ cell lines; MCF-7,degradation reporter,,,HeLa; MCF-7,ER+ cell lines
914,10.1021/acschembio.0c00140,P03372,,,,ER+ cell lines; MCF-7,degradation reporter,,,HeLa; MCF-7,ER+ cell lines
915,10.1021/acschembio.0c00140,P03372,,,,ER+ cell lines; MCF-7,degradation reporter,,,HeLa; MCF-7,ER+ cell lines
916,10.1021/acschembio.0c00140,P03372,,,,ER+ cell lines; MCF-7,degradation reporter,,,HeLa; MCF-7,ER+ cell lines
917,10.1021/acschembio.0c00140,P03372,,,,ER+ cell lines; MCF-7,degradation reporter,,,HeLa; MCF-7,ER+ cell lines
918,10.1021/acschembio.0c00140,P03372,,,,ER+ cell lines; MCF-7,degradation reporter,,,HeLa; MCF-7,ER+ cell lines
919,10.1021/acschembio.0c00140,P03372,,,,ER+ cell lines; MCF-7,degradation reporter,,,HeLa; MCF-7,ER+ cell lines
920,10.1021/acschembio.0c00140,P03372,MCF-7,degradation reporter,6.0,ER+ cell lines; MCF-7,degradation reporter,,,HeLa; MCF-7,MCF-7
921,10.1021/acschembio.0c00140,P03372,,,,ER+ cell lines; MCF-7,degradation reporter,,,HeLa; MCF-7,ER+ cell lines
922,10.1021/acschembio.9b00505,Q96BR1,,other,,ZR-75-1; CAMA-1,Western blot; proteomics,,,HL60,ZR-75-1
923,10.1021/acschembio.9b00505,Q96BR1,,other,,ZR-75-1; CAMA-1,Western blot; proteomics,,,HL60,ZR-75-1
924,10.1021/acschembio.9b00505,Q96BR1,,other,,ZR-75-1; CAMA-1,Western blot; proteomics,,,HL60,ZR-75-1
925,10.1021/acschembio.9b00505,Q96BR1,,other,,ZR-75-1; CAMA-1,Western blot; proteomics,,,HL60,ZR-75-1
926,10.1021/acschembio.9b00505,Q96BR1,,other,,ZR-75-1; CAMA-1,Western blot; proteomics,,,HL60,ZR-75-1
927,10.1021/acschembio.9b00505,Q96BR1,,other,,ZR-75-1; CAMA-1,Western blot; proteomics,,,HL60,ZR-75-1
928,10.1021/acschembio.9b00505,Q96BR1,,other,,ZR-75-1; CAMA-1,Western blot; proteomics,,,HL60,ZR-75-1
929,10.1021/acschembio.9b00505,Q96BR1,,other,,ZR-75-1; CAMA-1,Western blot; proteomics,,,HL60,ZR-75-1
930,10.1021/acschembio.9b00505,Q96BR1,,other,,ZR-75-1; CAMA-1,Western blot; proteomics,,,HL60,ZR-75-1
931,10.1021/acschembio.9b00505,Q96BR1,,other,,ZR-75-1; CAMA-1,Western blot; proteomics,,,HL60,ZR-75-1
932,10.1021/acschembio.9b00505,Q96BR1,,other,,ZR-75-1; CAMA-1,Western blot; proteomics,,,HL60,ZR-75-1
933,10.1021/acschembio.9b00505,Q96BR1,,other,,ZR-75-1; CAMA-1,Western blot; proteomics,,,HL60,ZR-75-1
934,10.1016/j.chembiol.2019.11.004,O75530,Karpas422,other,,,degradation reporter; proliferation assay,,,,Karpas422
934,10.1016/j.chembiol.2019.11.004,Q15910,Karpas422,other,,,degradation reporter; proliferation assay,,,HeLa; LNCaP; PC3,Karpas422
934,10.1016/j.chembiol.2019.11.004,Q15022,Karpas422,other,,,degradation reporter; proliferation assay,,,,Karpas422
935,10.1016/j.chembiol.2019.11.004,O75530,Karpas422,other,,,degradation reporter; proliferation assay,,,,Karpas422
935,10.1016/j.chembiol.2019.11.004,Q15910,Karpas422,other,,,degradation reporter; proliferation assay,,,HeLa; LNCaP; PC3,Karpas422
935,10.1016/j.chembiol.2019.11.004,Q15022,Karpas422,other,,,degradation reporter; proliferation assay,,,,Karpas422
936,10.1016/j.chembiol.2019.11.006,O75530,,,,HeLa cells; diffuse large B cell lymphoma (DLBCL) cells,Western blot; H3K27me3 measurement,,,,HeLa cells
936,10.1016/j.chembiol.2019.11.006,Q15910,,,,HeLa cells; diffuse large B cell lymphoma (DLBCL) cells,Western blot; H3K27me3 measurement,,,HeLa; LNCaP; PC3,HeLa cells
936,10.1016/j.chembiol.2019.11.006,Q15022,,,,HeLa cells; diffuse large B cell lymphoma (DLBCL) cells,Western blot; H3K27me3 measurement,,,,HeLa cells
937,10.1016/j.chembiol.2019.11.006,O75530,DB,degradation reporter,24.0,HeLa cells; diffuse large B cell lymphoma (DLBCL) cells,Western blot; H3K27me3 measurement,,,,DB
937,10.1016/j.chembiol.2019.11.006,Q15910,DB,degradation reporter,24.0,HeLa cells; diffuse large B cell lymphoma (DLBCL) cells,Western blot; H3K27me3 measurement,,,HeLa; LNCaP; PC3,DB
937,10.1016/j.chembiol.2019.11.006,Q15022,DB,degradation reporter,24.0,HeLa cells; diffuse large B cell lymphoma (DLBCL) cells,Western blot; H3K27me3 measurement,,,,DB
937,10.1021/acschembio.2c00804,O75530,DB,degradation reporter,24.0,DB (diffuse large B-cell lymphoma),degradation reporter,,,,DB
937,10.1021/acschembio.2c00804,Q15910,DB,degradation reporter,24.0,DB (diffuse large B-cell lymphoma),degradation reporter,,,HeLa; LNCaP; PC3,DB
938,10.1016/j.chembiol.2019.11.006,O75530,,,,HeLa cells; diffuse large B cell lymphoma (DLBCL) cells,Western blot; H3K27me3 measurement,,,,HeLa cells
938,10.1016/j.chembiol.2019.11.006,Q15910,,,,HeLa cells; diffuse large B cell lymphoma (DLBCL) cells,Western blot; H3K27me3 measurement,,,HeLa; LNCaP; PC3,HeLa cells
938,10.1016/j.chembiol.2019.11.006,Q15022,,,,HeLa cells; diffuse large B cell lymphoma (DLBCL) cells,Western blot; H3K27me3 measurement,,,,HeLa cells
939,10.1016/j.chembiol.2019.11.006,O75530,,,,HeLa cells; diffuse large B cell lymphoma (DLBCL) cells,Western blot; H3K27me3 measurement,,,,HeLa cells
939,10.1016/j.chembiol.2019.11.006,Q15910,,,,HeLa cells; diffuse large B cell lymphoma (DLBCL) cells,Western blot; H3K27me3 measurement,,,HeLa; LNCaP; PC3,HeLa cells
939,10.1016/j.chembiol.2019.11.006,Q15022,,,,HeLa cells; diffuse large B cell lymphoma (DLBCL) cells,Western blot; H3K27me3 measurement,,,,HeLa cells
940,10.1016/j.chembiol.2019.11.006,O75530,,,,HeLa cells; diffuse large B cell lymphoma (DLBCL) cells,Western blot; H3K27me3 measurement,,,,HeLa cells
940,10.1016/j.chembiol.2019.11.006,Q15910,,,,HeLa cells; diffuse large B cell lymphoma (DLBCL) cells,Western blot; H3K27me3 measurement,,,HeLa; LNCaP; PC3,HeLa cells
940,10.1016/j.chembiol.2019.11.006,Q15022,,,,HeLa cells; diffuse large B cell lymphoma (DLBCL) cells,Western blot; H3K27me3 measurement,,,,HeLa cells
941,10.1016/j.chembiol.2019.11.006,O75530,,,,HeLa cells; diffuse large B cell lymphoma (DLBCL) cells,Western blot; H3K27me3 measurement,,,,HeLa cells
941,10.1016/j.chembiol.2019.11.006,Q15910,,,,HeLa cells; diffuse large B cell lymphoma (DLBCL) cells,Western blot; H3K27me3 measurement,,,HeLa; LNCaP; PC3,HeLa cells
941,10.1016/j.chembiol.2019.11.006,Q15022,,,,HeLa cells; diffuse large B cell lymphoma (DLBCL) cells,Western blot; H3K27me3 measurement,,,,HeLa cells
942,10.1016/j.chembiol.2019.11.014,P31749,,,,,Western blot,,,,
942,10.1016/j.chembiol.2019.11.014,P31751,,,,,Western blot,,,,
942,10.1016/j.chembiol.2019.11.014,Q9Y243,,,,,Western blot,,,HEK293T,
942,10.1016/j.cell.2020.10.038,P11802,,,,,,,,HCT116; HeLa,
942,10.1016/j.cell.2020.10.038,Q16659,,,,,,,,HEK293,
942,10.1016/j.cell.2020.10.038,Q9UEE5,,,,,,,,,
943,10.1016/j.chembiol.2019.12.006,P01116,,other,,pancreatic cancer cells; lung cancer cells,degradation reporter,,,A549; HCT116,pancreatic cancer cells
944,10.1016/j.chembiol.2019.12.006,P01116,,other,,pancreatic cancer cells; lung cancer cells,degradation reporter,,,A549; HCT116,pancreatic cancer cells
945,10.1016/j.chembiol.2019.12.006,P01116,,other,,pancreatic cancer cells; lung cancer cells,degradation reporter,,,A549; HCT116,pancreatic cancer cells
946,10.1016/j.chembiol.2019.12.006,P01116,,,,pancreatic cancer cells; lung cancer cells,degradation reporter,,,A549; HCT116,pancreatic cancer cells
947,10.1016/j.chembiol.2019.12.006,P01116,,other,,pancreatic cancer cells; lung cancer cells,degradation reporter,,,A549; HCT116,pancreatic cancer cells
948,10.1016/j.chembiol.2019.12.006,P01116,,other,,pancreatic cancer cells; lung cancer cells,degradation reporter,,,A549; HCT116,pancreatic cancer cells
949,10.1016/j.chembiol.2019.12.006,P01116,,other,,pancreatic cancer cells; lung cancer cells,degradation reporter,,,A549; HCT116,pancreatic cancer cells
950,10.1016/j.chembiol.2019.12.006,P01116,,other,,pancreatic cancer cells; lung cancer cells,degradation reporter,,,A549; HCT116,pancreatic cancer cells
951,10.1016/j.chembiol.2019.12.006,P01116,,,,pancreatic cancer cells; lung cancer cells,degradation reporter,,,A549; HCT116,pancreatic cancer cells
952,10.1016/j.chembiol.2019.12.006,P01116,,other,,pancreatic cancer cells; lung cancer cells,degradation reporter,,,A549; HCT116,pancreatic cancer cells
953,10.1016/j.chembiol.2019.12.006,P01116,,other,,pancreatic cancer cells; lung cancer cells,degradation reporter,,,A549; HCT116,pancreatic cancer cells
954,10.1016/j.chembiol.2019.12.006,P01116,,other,,pancreatic cancer cells; lung cancer cells,degradation reporter,,,A549; HCT116,pancreatic cancer cells
955,10.1016/j.chembiol.2019.12.006,P01116,,other,,pancreatic cancer cells; lung cancer cells,degradation reporter,,,A549; HCT116,pancreatic cancer cells
956,10.1016/j.chembiol.2019.12.006,P01116,,other,,pancreatic cancer cells; lung cancer cells,degradation reporter,,,A549; HCT116,pancreatic cancer cells
957,10.1016/j.chembiol.2019.12.006,P01116,,other,,pancreatic cancer cells; lung cancer cells,degradation reporter,,,A549; HCT116,pancreatic cancer cells
958,10.1016/j.chembiol.2019.12.006,P01116,,other,,pancreatic cancer cells; lung cancer cells,degradation reporter,,,A549; HCT116,pancreatic cancer cells
959,10.1158/0008-5472.CAN-19-1236,nan,K562,other,18.0,K562; Ba/F3; Ba/F3 BCR-ABL1; primary CML CD34+; healthy CD34+; primary CML stem cells,Western blot; proliferation assay; viability assay; apoptosis assay; reverse phase protein array,,,,K562
960,10.1158/0008-5472.CAN-19-1236,nan,,,,K562; Ba/F3; Ba/F3 BCR-ABL1; primary CML CD34+; healthy CD34+; primary CML stem cells,Western blot; proliferation assay; viability assay; apoptosis assay; reverse phase protein array,,,,K562
961,10.1158/0008-5472.CAN-19-1236,nan,Ba/F3,other,18.0,K562; Ba/F3; Ba/F3 BCR-ABL1; primary CML CD34+; healthy CD34+; primary CML stem cells,Western blot; proliferation assay; viability assay; apoptosis assay; reverse phase protein array,,,,Ba/F3
962,10.1016/j.bmc.2019.02.048,Q96SW2,,,,cancer cell lines,degradation assay,,,HEK293; HEK293T; HeLa; MCF7; MDA-MB-231; MDA-MB-468,cancer cell lines
963,10.1016/j.bmc.2019.02.048,Q96SW2,,,,cancer cell lines,degradation assay,,,HEK293; HEK293T; HeLa; MCF7; MDA-MB-231; MDA-MB-468,cancer cell lines
964,10.1016/j.bmc.2019.02.048,Q96SW2,,,,cancer cell lines,degradation assay,,,HEK293; HEK293T; HeLa; MCF7; MDA-MB-231; MDA-MB-468,cancer cell lines
965,10.1016/j.bmc.2019.02.048,Q96SW2,,,,cancer cell lines,degradation assay,,,HEK293; HEK293T; HeLa; MCF7; MDA-MB-231; MDA-MB-468,cancer cell lines
966,10.1016/j.bmc.2019.02.048,Q96SW2,,,,cancer cell lines,degradation assay,,,HEK293; HEK293T; HeLa; MCF7; MDA-MB-231; MDA-MB-468,cancer cell lines
967,10.1016/j.bmc.2019.02.048,Q96SW2,,,,cancer cell lines,degradation assay,,,HEK293; HEK293T; HeLa; MCF7; MDA-MB-231; MDA-MB-468,cancer cell lines
968,10.1016/j.bmc.2019.02.048,Q96SW2,HeLa,other,,cancer cell lines,degradation assay,,,HEK293; HEK293T; HeLa; MCF7; MDA-MB-231; MDA-MB-468,HeLa
969,10.1016/j.bmc.2019.02.048,Q96SW2,,,,cancer cell lines,degradation assay,,,HEK293; HEK293T; HeLa; MCF7; MDA-MB-231; MDA-MB-468,cancer cell lines
970,10.1016/j.bmc.2019.02.048,Q96SW2,,,,cancer cell lines,degradation assay,,,HEK293; HEK293T; HeLa; MCF7; MDA-MB-231; MDA-MB-468,cancer cell lines
971,10.1016/j.bmc.2019.02.048,Q96SW2,,,,cancer cell lines,degradation assay,,,HEK293; HEK293T; HeLa; MCF7; MDA-MB-231; MDA-MB-468,cancer cell lines
972,10.1016/j.bmc.2019.02.048,Q96SW2,,,,cancer cell lines,degradation assay,,,HEK293; HEK293T; HeLa; MCF7; MDA-MB-231; MDA-MB-468,cancer cell lines
973,10.1016/j.bmc.2019.02.048,Q96SW2,,,,cancer cell lines,degradation assay,,,HEK293; HEK293T; HeLa; MCF7; MDA-MB-231; MDA-MB-468,cancer cell lines
974,10.1016/j.bmc.2019.02.048,Q96SW2,,,,cancer cell lines,degradation assay,,,HEK293; HEK293T; HeLa; MCF7; MDA-MB-231; MDA-MB-468,cancer cell lines
975,10.1038/s41421-018-0079-1,P62942,Jurkat,other,12.0,,,Jurkat cells; primary cardiac myocytes; human cells; rat cells; mouse cells; chicken cells,Western blot,,Jurkat
976,10.1038/s41421-018-0079-1,Q06187,,,,,,Jurkat cells; primary cardiac myocytes; human cells; rat cells; mouse cells; chicken cells,Western blot,HL-60; K562; Ramos,Jurkat cells
977,10.1038/s42003-020-0868-6,O43353,THP-1,other,18.0,,,,,HEK293T,THP-1
978,10.1038/s42003-020-0868-6,O43353,THP-1,other,18.0,,,,,HEK293T,THP-1
979,10.1038/s42003-020-0868-6,O43353,,other,,,,,,HEK293T,
979,10.1021/acs.jmedchem.1c01118,O43353,,other,,,,,TR-FRET,HEK293T,
980,10.1038/s42003-020-0868-6,O43353,THP1,Western blot,18.0,,,,,HEK293T,THP1
980,10.1021/acs.jmedchem.1c01118,O43353,THP1,Western blot,18.0,,,,TR-FRET,HEK293T,THP1
981,10.1016/j.ebiom.2019.10.013,Q12834,,,,,,,,,
982,10.1016/j.ebiom.2019.10.013,Q12834,,,,,,,,,
983,10.1016/j.ebiom.2019.10.013,Q12834,,,,,,,,,
984,10.1016/j.ebiom.2019.10.013,Q12834,MDA-MB-231,Western blot,10.0,,,,,,MDA-MB-231
985,10.1016/j.ebiom.2019.10.013,Q12834,,,,,,,,,
986,10.1016/j.ebiom.2019.10.013,Q12834,,,,,,,,,
987,10.1016/j.ebiom.2019.10.013,Q12834,,,,,,,,,
988,10.1016/j.ebiom.2019.10.013,Q12834,,,,,,,,,
989,10.1016/j.ebiom.2019.10.013,Q12834,,,,,,,,,
990,10.1016/j.ebiom.2019.10.013,Q12834,,,,,,,,,
991,10.1016/j.ebiom.2019.10.013,Q12834,,,,,,,,,
992,10.1016/j.ebiom.2019.10.013,Q12834,,,,,,,,,
993,10.1016/j.ebiom.2019.10.013,Q12834,,,,,,,,,
994,10.1016/j.ebiom.2019.10.013,Q12834,,,,,,,,,
995,10.1016/j.ebiom.2019.10.013,Q12834,,,,,,,,,
996,10.1038/s41467-017-00954-1,P40337,,other,,,Western blot,,,HEK293; HEK293T; HeLa; THP-1,
997,10.1038/s41467-017-00954-1,P40337,,other,,,Western blot,,,HEK293; HEK293T; HeLa; THP-1,
998,10.1038/s41467-017-00954-1,P40337,HeLa,Western blot,24.0,,Western blot,,,HEK293; HEK293T; HeLa; THP-1,HeLa
999,10.1038/s41467-017-00954-1,P40337,,,,,Western blot,,,HEK293; HEK293T; HeLa; THP-1,
1000,10.1038/s41467-017-00954-1,P40337,,,,,Western blot,,,HEK293; HEK293T; HeLa; THP-1,
1001,10.1038/s41467-017-00954-1,P40337,,,,,Western blot,,,HEK293; HEK293T; HeLa; THP-1,
1002,10.1038/s41467-017-00954-1,P40337,,,,,Western blot,,,HEK293; HEK293T; HeLa; THP-1,
1003,10.1021/acs.molpharmaceut.9b00673,Q16288,Hs578t,Western blot,24.0,TrkC+ breast cancer cells; TrkC- epithelial cells; metastatic breast cancer cells,cell viability,,,HEK293,Hs578t
1004,10.1021/acs.molpharmaceut.9b00673,Q16288,,,,TrkC+ breast cancer cells; TrkC- epithelial cells; metastatic breast cancer cells,cell viability,,,HEK293,TrkC+ breast cancer cells
1005,10.1021/acs.molpharmaceut.9b00673,Q16288,,,,TrkC+ breast cancer cells; TrkC- epithelial cells; metastatic breast cancer cells,cell viability,,,HEK293,TrkC+ breast cancer cells
1006,10.1016/j.bmcl.2012.04.134,P29373,,,,IMR32,,,,,IMR32
1007,10.1007/s13238-018-0602-z,Q9UBN7,,,,Ba/F3,degradation,,,A549; HCT116; HEK293; HeLa,Ba/F3
1008,10.1007/s13238-018-0602-z,Q9UBN7,MM.1S,Western blot,24.0,Ba/F3,degradation,,,A549; HCT116; HEK293; HeLa,MM.1S
1009,10.1007/s13238-018-0602-z,Q9UBN7,,,,Ba/F3,degradation,,,A549; HCT116; HEK293; HeLa,Ba/F3
1010,10.1007/s13238-018-0602-z,Q9UBN7,,,,Ba/F3,degradation,,,A549; HCT116; HEK293; HeLa,Ba/F3
1011,10.1038/s41598-019-56177-5,Q96SW2,HEK293T,Western blot,24.0,,quantitative proteomic analysis,,,HEK293; HEK293T; HeLa; MCF7; MDA-MB-231; MDA-MB-468,HEK293T
1012,10.1038/s41598-019-56177-5,Q96SW2,HEK293T,Western blot,24.0,,quantitative proteomic analysis,,,HEK293; HEK293T; HeLa; MCF7; MDA-MB-231; MDA-MB-468,HEK293T
1013,10.1038/s41598-019-56177-5,Q96SW2,HEK293T,Western blot,24.0,,quantitative proteomic analysis,,,HEK293; HEK293T; HeLa; MCF7; MDA-MB-231; MDA-MB-468,HEK293T
1014,10.1038/s41598-019-56177-5,Q96SW2,HEK293T,degradation reporter,24.0,,quantitative proteomic analysis,,,HEK293; HEK293T; HeLa; MCF7; MDA-MB-231; MDA-MB-468,HEK293T
1015,10.1038/s41598-019-56177-5,Q96SW2,HEK293T,degradation reporter,24.0,,quantitative proteomic analysis,,,HEK293; HEK293T; HeLa; MCF7; MDA-MB-231; MDA-MB-468,HEK293T
1016,10.1038/s41598-019-56177-5,Q96SW2,HEK293T,degradation reporter,24.0,,quantitative proteomic analysis,,,HEK293; HEK293T; HeLa; MCF7; MDA-MB-231; MDA-MB-468,HEK293T
1017,10.1111/cas.13284,nan,K562,degradation reporter,6.0,,Western blot,,,,K562
1018,10.1111/cas.13284,nan,K562,degradation reporter,6.0,,Western blot,,,,K562
1019,10.1111/cas.13284,nan,K562,degradation reporter,6.0,,Western blot,,,,K562
1020,10.1111/cas.13284,nan,K562,degradation reporter,6.0,,Western blot,,,,K562
1021,10.1111/cas.13284,nan,K562,degradation reporter,6.0,,Western blot,,,,K562
1022,10.1111/cas.13284,nan,K562,degradation reporter,6.0,,Western blot,,,,K562
1023,10.1111/cas.13284,nan,K562,degradation reporter,6.0,,Western blot,,,,K562
1024,10.1111/cas.13284,nan,K562,degradation reporter,6.0,,Western blot,,,,K562
1025,10.1111/cas.13284,nan,K562,degradation reporter,6.0,,Western blot,,,,K562
1026,10.1111/cas.13284,nan,K562,degradation reporter,6.0,,Western blot,,,,K562
1027,10.1111/cas.13284,nan,K562,degradation reporter,6.0,,Western blot,,,,K562
1028,10.1111/cas.13284,nan,K562,degradation reporter,6.0,,Western blot,,,,K562
1029,10.1111/cas.13284,nan,,,,,Western blot,,,,
1030,10.1111/cas.13284,nan,,,,,Western blot,,,,
1031,10.1111/cas.13284,nan,,,,,Western blot,,,,
1032,10.1021/acsmedchemlett.7b00247,nan,,TR-FRET,,,,,TR-FRET,,
1033,10.1021/acsmedchemlett.7b00247,nan,,TR-FRET,,,,,TR-FRET,,
1034,10.1016/j.bmcl.2011.11.086,P03372,,,,,,,,HeLa; MCF-7,
1035,10.1016/j.bmcl.2011.11.086,P03372,,,,,,,,HeLa; MCF-7,
1036,10.1016/j.bmcl.2011.11.086,P03372,,,,,,,,HeLa; MCF-7,
1037,10.1074/jbc.M116.768853,P03372,,,,,,,,HeLa; MCF-7,
1038,10.1074/jbc.RA117.001091,P03372,MCF-7,degradation reporter,6.0,MCF-7,,,,HeLa; MCF-7,MCF-7
1038,10.1074/jbc.M116.768853,P03372,MCF-7,degradation reporter,6.0,,,,,HeLa; MCF-7,MCF-7
1039,10.1074/jbc.M116.768853,P03372,,,,,,,,HeLa; MCF-7,
1040,10.1074/jbc.M116.768853,O60885,,TR-FRET,,,,,,,
1040,10.1248/cpb.c18-00567,O60885,,TR-FRET,,,,,,,
1041,10.1074/jbc.M116.768853,nan,,,,,,,,,
1042,10.1074/jbc.M116.768853,P03372,,,,,,,,HeLa; MCF-7,
1043,10.1074/jbc.M116.768853,P03372,,,,,,,,HeLa; MCF-7,
1044,10.1074/jbc.M116.768853,P03372,,,,,,,,HeLa; MCF-7,
1045,10.1074/jbc.M116.768853,P03372,,,,,,,,HeLa; MCF-7,
1046,10.1074/jbc.M116.768853,P03372,,,,,,,,HeLa; MCF-7,
1047,10.1074/jbc.M116.768853,P03372,,,,,,,,HeLa; MCF-7,
1048,10.1074/jbc.M116.768853,P03372,,,,,,,,HeLa; MCF-7,
1049,10.1074/jbc.M116.768853,P03372,,,,,,,,HeLa; MCF-7,
1050,10.1248/cpb.c18-00567,O60885,,TR-FRET,,,,,,,
1051,10.1074/jbc.RA117.001091,P03372,MCF-7,degradation reporter,4.0,MCF-7,,,,HeLa; MCF-7,MCF-7
1052,10.1074/jbc.RA117.001091,P03372,MCF-7,degradation reporter,4.0,MCF-7,,,,HeLa; MCF-7,MCF-7
1053,10.1074/jbc.RA117.001091,P03372,MCF-7,degradation reporter,4.0,MCF-7,,,,HeLa; MCF-7,MCF-7
1054,10.1074/jbc.RA117.001091,P03372,MCF-7,degradation reporter,4.0,MCF-7,,,,HeLa; MCF-7,MCF-7
1055,10.1074/jbc.RA117.001091,P03372,MCF-7,degradation reporter,4.0,MCF-7,,,,HeLa; MCF-7,MCF-7
1056,10.1074/jbc.RA117.001091,P03372,MCF-7,degradation reporter,4.0,MCF-7,,,,HeLa; MCF-7,MCF-7
1057,10.1074/jbc.RA117.001091,P03372,MCF-7,degradation reporter,4.0,MCF-7,,,,HeLa; MCF-7,MCF-7
1058,10.1074/jbc.RA117.001091,P03372,MCF-7,degradation reporter,4.0,MCF-7,,,,HeLa; MCF-7,MCF-7
1059,10.1074/jbc.RA117.001091,P03372,MCF-7,degradation reporter,4.0,MCF-7,,,,HeLa; MCF-7,MCF-7
1060,10.1074/jbc.RA117.001091,P03372,MCF-7,Western blot,4.0,MCF-7,,,,HeLa; MCF-7,MCF-7
1061,10.1074/jbc.RA117.001091,P03372,MCF-7,Western blot,4.0,MCF-7,,,,HeLa; MCF-7,MCF-7
1062,10.1074/jbc.RA117.001091,P03372,MCF-7,Western blot,4.0,MCF-7,,,,HeLa; MCF-7,MCF-7
1063,10.1021/acs.jmedchem.7b00168,P10275,22Rv1,Western blot,6.0,prostate cancer cells,Western blot; gene expression analysis; proliferation assay; caspase activation; apoptosis assay,Freestyle293F,other,MCF-7; PC-3; PC3,22Rv1
1064,10.1021/acs.jmedchem.7b00168,P10275,22Rv1,Western blot,6.0,prostate cancer cells,Western blot; gene expression analysis; proliferation assay; caspase activation; apoptosis assay,Freestyle293F,other,MCF-7; PC-3; PC3,22Rv1
1065,10.1021/acs.jmedchem.7b00168,P10275,22Rv1,Western blot,6.0,prostate cancer cells,Western blot; gene expression analysis; proliferation assay; caspase activation; apoptosis assay,Freestyle293F,other,MCF-7; PC-3; PC3,22Rv1
1066,10.1021/acs.jmedchem.7b00168,P10275,22Rv1,Western blot,6.0,prostate cancer cells,Western blot; gene expression analysis; proliferation assay; caspase activation; apoptosis assay,Freestyle293F,other,MCF-7; PC-3; PC3,22Rv1
1067,10.1021/acs.jmedchem.7b00168,P10275,,,,prostate cancer cells,Western blot; gene expression analysis; proliferation assay; caspase activation; apoptosis assay,Freestyle293F,other,MCF-7; PC-3; PC3,Freestyle293F
1068,10.1021/acs.jmedchem.7b00168,P10275,,,,prostate cancer cells,Western blot; gene expression analysis; proliferation assay; caspase activation; apoptosis assay,Freestyle293F,other,MCF-7; PC-3; PC3,Freestyle293F
1069,10.1021/acs.jmedchem.7b00168,P10275,,,,prostate cancer cells,Western blot; gene expression analysis; proliferation assay; caspase activation; apoptosis assay,Freestyle293F,other,MCF-7; PC-3; PC3,Freestyle293F
1070,10.1021/acs.jmedchem.7b00168,P10275,,,,prostate cancer cells,Western blot; gene expression analysis; proliferation assay; caspase activation; apoptosis assay,Freestyle293F,other,MCF-7; PC-3; PC3,Freestyle293F
1071,10.1021/acs.jmedchem.7b00168,P10275,,,,prostate cancer cells,Western blot; gene expression analysis; proliferation assay; caspase activation; apoptosis assay,Freestyle293F,other,MCF-7; PC-3; PC3,Freestyle293F
1072,10.1021/acs.jmedchem.7b00168,P10275,,,,prostate cancer cells,Western blot; gene expression analysis; proliferation assay; caspase activation; apoptosis assay,Freestyle293F,other,MCF-7; PC-3; PC3,Freestyle293F
1073,10.1021/acs.jmedchem.7b00168,P10275,,,,prostate cancer cells,Western blot; gene expression analysis; proliferation assay; caspase activation; apoptosis assay,Freestyle293F,other,MCF-7; PC-3; PC3,Freestyle293F
1074,10.1021/acs.jmedchem.7b00168,P10275,,,,prostate cancer cells,Western blot; gene expression analysis; proliferation assay; caspase activation; apoptosis assay,Freestyle293F,other,MCF-7; PC-3; PC3,Freestyle293F
1075,10.1021/acs.jmedchem.7b00168,P10275,,,,prostate cancer cells,Western blot; gene expression analysis; proliferation assay; caspase activation; apoptosis assay,Freestyle293F,other,MCF-7; PC-3; PC3,Freestyle293F
1076,10.1021/acs.jmedchem.7b00168,P10275,,,,prostate cancer cells,Western blot; gene expression analysis; proliferation assay; caspase activation; apoptosis assay,Freestyle293F,other,MCF-7; PC-3; PC3,Freestyle293F
1077,10.1021/acs.jmedchem.7b00168,P10275,,,,prostate cancer cells,Western blot; gene expression analysis; proliferation assay; caspase activation; apoptosis assay,Freestyle293F,other,MCF-7; PC-3; PC3,Freestyle293F
1078,10.1021/acs.jmedchem.7b00168,P10275,,,,prostate cancer cells,Western blot; gene expression analysis; proliferation assay; caspase activation; apoptosis assay,Freestyle293F,other,MCF-7; PC-3; PC3,Freestyle293F
1079,10.1021/acs.jmedchem.7b00168,P10275,,,,prostate cancer cells,Western blot; gene expression analysis; proliferation assay; caspase activation; apoptosis assay,Freestyle293F,other,MCF-7; PC-3; PC3,Freestyle293F
1080,10.1021/acs.jmedchem.9b02083,P15056,,other,,melanoma cells,Western blot,,KINOMEscan,,melanoma cells
1081,10.1038/s41589-020-0609-7,P15056,A375,other,,,,,,,A375
1081,10.1021/acs.jmedchem.9b02083,P15056,A375,other,,melanoma cells,Western blot,,KINOMEscan,,A375
1082,10.1021/acs.jmedchem.9b02083,P15056,,,,melanoma cells,Western blot,,KINOMEscan,,melanoma cells
1083,10.1021/acs.jmedchem.9b02083,P15056,,,,melanoma cells,Western blot,,KINOMEscan,,melanoma cells
1084,10.1021/acs.jmedchem.9b02083,P15056,,,,melanoma cells,Western blot,,KINOMEscan,,melanoma cells
1085,10.1021/acs.jmedchem.9b02083,P15056,,,,melanoma cells,Western blot,,KINOMEscan,,melanoma cells
1086,10.1021/acs.jmedchem.9b02083,P15056,,,,melanoma cells,Western blot,,KINOMEscan,,melanoma cells
1087,10.1021/acs.jmedchem.9b02083,P15056,,,,melanoma cells,Western blot,,KINOMEscan,,melanoma cells
1088,10.1021/acs.jmedchem.9b02083,P15056,,,,melanoma cells,Western blot,,KINOMEscan,,melanoma cells
1089,10.1021/acs.jmedchem.9b02083,P15056,,,,melanoma cells,Western blot,,KINOMEscan,,melanoma cells
1090,10.1021/acs.jmedchem.9b02083,P15056,,,,melanoma cells,Western blot,,KINOMEscan,,melanoma cells
1091,10.1021/acs.jmedchem.9b02083,P15056,,,,melanoma cells,Western blot,,KINOMEscan,,melanoma cells
1092,10.1021/acs.jmedchem.9b02083,P15056,,,,melanoma cells,Western blot,,KINOMEscan,,melanoma cells
1093,10.1021/acs.jmedchem.9b02083,P15056,,,,melanoma cells,Western blot,,KINOMEscan,,melanoma cells
1094,10.1021/acs.jmedchem.9b02083,P15056,,,,melanoma cells,Western blot,,KINOMEscan,,melanoma cells
1095,10.1021/acs.jmedchem.9b02083,P15056,,,,melanoma cells,Western blot,,KINOMEscan,,melanoma cells
1096,10.1021/acs.jmedchem.9b02083,P15056,,,,melanoma cells,Western blot,,KINOMEscan,,melanoma cells
1097,10.1021/acs.jmedchem.9b02083,P15056,,,,melanoma cells,Western blot,,KINOMEscan,,melanoma cells
1098,10.1038/s41589-020-0609-7,P15056,,,,,,,,,
1098,10.1021/acs.jmedchem.9b02083,P15056,,,,melanoma cells,Western blot,,KINOMEscan,,melanoma cells
1099,10.1038/s41589-020-0609-7,P15056,,,,,,,,,
1099,10.1021/acs.jmedchem.9b02083,P15056,,,,melanoma cells,Western blot,,KINOMEscan,,melanoma cells
1100,10.1021/acs.jmedchem.9b02083,P15056,,,,melanoma cells,Western blot,,KINOMEscan,,melanoma cells
1101,10.1021/acs.jmedchem.9b02083,P15056,,,,melanoma cells,Western blot,,KINOMEscan,,melanoma cells
1102,10.1021/acs.jmedchem.9b02083,P15056,,,,melanoma cells,Western blot,,KINOMEscan,,melanoma cells
1103,10.1021/acs.jmedchem.9b02083,P15056,,,,melanoma cells,Western blot,,KINOMEscan,,melanoma cells
1104,10.1021/acs.jmedchem.9b02083,P15056,,,,melanoma cells,Western blot,,KINOMEscan,,melanoma cells
1105,10.1021/acs.jmedchem.9b02083,P15056,,,,melanoma cells,Western blot,,KINOMEscan,,melanoma cells
1106,10.1021/acs.jmedchem.9b02083,P15056,A375,degradation reporter,24.0,melanoma cells,Western blot,,KINOMEscan,,A375
1106,10.1038/s41589-020-0609-7,P15056,A375,degradation reporter,24.0,,,,,,A375
1107,10.1021/acs.jmedchem.9b02083,P15056,,,,melanoma cells,Western blot,,KINOMEscan,,melanoma cells
1108,10.1021/acs.jmedchem.0c00339,P04035,,degradation reporter,16.0,,,,,HEK293,
1109,10.1021/acs.jmedchem.0c00339,P04035,,degradation reporter,16.0,,,,,HEK293,
1110,10.1021/acs.jmedchem.0c00339,P04035,,degradation reporter,16.0,,,,,HEK293,
1111,10.1021/acs.jmedchem.0c00339,P04035,,degradation reporter,16.0,,,,,HEK293,
1112,10.1021/acs.jmedchem.0c00339,P04035,,degradation reporter,16.0,,,,,HEK293,
1113,10.1021/acs.jmedchem.0c00339,P04035,,degradation reporter,16.0,,,,,HEK293,
1114,10.1021/acs.jmedchem.0c00339,P04035,SRD15,degradation reporter,16.0,,,,,HEK293,SRD15
1115,10.1021/acs.jmedchem.0c00339,P04035,SRD15,degradation reporter,16.0,,,,,HEK293,SRD15
1116,10.1021/acs.jmedchem.0c00339,P04035,SRD15,degradation reporter,16.0,,,,,HEK293,SRD15
1117,10.1021/acs.jmedchem.0c00339,P04035,SRD15,degradation reporter,16.0,,,,,HEK293,SRD15
1118,10.1021/acs.jmedchem.0c00339,P04035,SRD15,degradation reporter,16.0,,,,,HEK293,SRD15
1119,10.1021/acs.jmedchem.0c00339,P04035,SRD15,degradation reporter,16.0,,,,,HEK293,SRD15
1120,10.1021/acs.jmedchem.0c00339,P04035,SRD15,degradation reporter,16.0,,,,,HEK293,SRD15
1121,10.1021/acs.jmedchem.0c00339,P04035,SRD15,degradation reporter,16.0,,,,,HEK293,SRD15
1122,10.1021/acs.jmedchem.0c00339,P04035,SRD15,degradation reporter,16.0,,,,,HEK293,SRD15
1123,10.1021/acs.jmedchem.0c00339,P04035,,,,,,,,HEK293,
1124,10.1021/acs.jmedchem.0c00339,P04035,SRD15,degradation reporter,16.0,,,,,HEK293,SRD15
1125,10.1021/acs.jmedchem.0c00339,P04035,SRD15,degradation reporter,16.0,,,,,HEK293,SRD15
1126,10.1021/acs.jmedchem.0c00339,P04035,SRD15,degradation reporter,16.0,,,,,HEK293,SRD15
1127,10.1021/acs.jmedchem.0c00339,P04035,SRD15,degradation reporter,16.0,,,,,HEK293,SRD15
1128,10.1021/acs.jmedchem.0c00339,P04035,SRD15,degradation reporter,16.0,,,,,HEK293,SRD15
1129,10.1021/acs.jmedchem.0c00339,P04035,SRD15,degradation reporter,16.0,,,,,HEK293,SRD15
1130,10.1021/acs.jmedchem.0c00339,P04035,SRD15,degradation reporter,16.0,,,,,HEK293,SRD15
1131,10.1021/acs.jmedchem.0c00339,P04035,SRD15,degradation reporter,16.0,,,,,HEK293,SRD15
1132,10.1021/acs.jmedchem.0c00339,P04035,SRD15,degradation reporter,16.0,,,,,HEK293,SRD15
1133,10.1021/acs.jmedchem.0c00339,P04035,SRD15,degradation reporter,16.0,,,,,HEK293,SRD15
1134,10.1021/acs.jmedchem.0c00339,P04035,SRD15,degradation reporter,16.0,,,,,HEK293,SRD15
1135,10.1021/acs.jmedchem.0c00339,P04035,SRD15,degradation reporter,16.0,,,,,HEK293,SRD15
1136,10.1021/acs.jmedchem.0c00339,P04035,SRD15,degradation reporter,16.0,,,,,HEK293,SRD15
1137,10.1021/acs.jmedchem.0c00339,P04035,SRD15,degradation reporter,16.0,,,,,HEK293,SRD15
1138,10.1021/acs.jmedchem.0c00339,P04035,SRD15,degradation reporter,16.0,,,,,HEK293,SRD15
1139,10.1021/acs.jmedchem.0c00339,P04035,SRD15,degradation reporter,16.0,,,,,HEK293,SRD15
1140,10.1021/acs.jmedchem.0c00339,P04035,SRD15,degradation reporter,16.0,,,,,HEK293,SRD15
1141,10.1021/acs.jmedchem.0c00339,P04035,SRD15,degradation reporter,16.0,,,,,HEK293,SRD15
1142,10.1021/acs.jmedchem.0c00339,P04035,SRD15,degradation reporter,16.0,,,,,HEK293,SRD15
1143,10.1021/acs.jmedchem.0c00339,P04035,SRD15,degradation reporter,16.0,,,,,HEK293,SRD15
1144,10.1021/acs.jmedchem.0c00339,P04035,SRD15,degradation reporter,16.0,,,,,HEK293,SRD15
1145,10.1021/acs.jmedchem.0c00339,P04035,SRD15,degradation reporter,16.0,,,,,HEK293,SRD15
1146,10.1021/acs.jmedchem.0c00339,P04035,SRD15,degradation reporter,16.0,,,,,HEK293,SRD15
1147,10.1021/acs.jmedchem.0c00339,P04035,SRD15,degradation reporter,16.0,,,,,HEK293,SRD15
1148,10.1021/acs.jmedchem.9b01528,Q02750,,,,colorectal cancer cells; melanoma cells,Western blot; proteomic profiling,,other,THP1,colorectal cancer cells
1148,10.1021/acs.jmedchem.9b01528,P36507,,,,colorectal cancer cells; melanoma cells,Western blot; proteomic profiling,,other,HL-60,colorectal cancer cells
1149,10.1021/acs.jmedchem.9b01528,Q02750,,,,colorectal cancer cells; melanoma cells,Western blot; proteomic profiling,,other,THP1,colorectal cancer cells
1149,10.1021/acs.jmedchem.9b01528,P36507,,,,colorectal cancer cells; melanoma cells,Western blot; proteomic profiling,,other,HL-60,colorectal cancer cells
1150,10.1021/acs.jmedchem.9b01528,Q02750,,,,colorectal cancer cells; melanoma cells,Western blot; proteomic profiling,,other,THP1,colorectal cancer cells
1150,10.1021/acs.jmedchem.9b01528,P36507,,,,colorectal cancer cells; melanoma cells,Western blot; proteomic profiling,,other,HL-60,colorectal cancer cells
1151,10.1021/acs.jmedchem.9b01528,Q02750,,,,colorectal cancer cells; melanoma cells,Western blot; proteomic profiling,,other,THP1,colorectal cancer cells
1151,10.1021/acs.jmedchem.9b01528,P36507,,,,colorectal cancer cells; melanoma cells,Western blot; proteomic profiling,,other,HL-60,colorectal cancer cells
1152,10.1021/acs.jmedchem.9b01528,Q02750,,,,colorectal cancer cells; melanoma cells,Western blot; proteomic profiling,,other,THP1,colorectal cancer cells
1152,10.1021/acs.jmedchem.9b01528,P36507,,,,colorectal cancer cells; melanoma cells,Western blot; proteomic profiling,,other,HL-60,colorectal cancer cells
1153,10.1021/acs.jmedchem.9b01528,P36507,HT-29,degradation reporter,24.0,colorectal cancer cells; melanoma cells,Western blot; proteomic profiling,,other,HL-60,HT-29
1153,10.1021/acs.jmedchem.9b01528,Q02750,HT-29,degradation reporter,24.0,colorectal cancer cells; melanoma cells,Western blot; proteomic profiling,,other,THP1,HT-29
1154,10.1021/acs.jmedchem.9b00516,Q9UBN7,MM1S,degradation reporter,6.0,multiple myeloma (MM) cells,,HEK293T/17,other,A549; HCT116; HEK293; HeLa,MM1S
1155,10.1021/acs.jmedchem.9b00516,Q9UBN7,MM1S,degradation reporter,6.0,multiple myeloma (MM) cells,,HEK293T/17,other,A549; HCT116; HEK293; HeLa,MM1S
1156,10.1021/acs.jmedchem.9b00516,Q9UBN7,MM1S,degradation reporter,6.0,multiple myeloma (MM) cells,,HEK293T/17,other,A549; HCT116; HEK293; HeLa,MM1S
1157,10.1021/acs.jmedchem.9b00516,Q9UBN7,MM1S,degradation reporter,6.0,multiple myeloma (MM) cells,,HEK293T/17,other,A549; HCT116; HEK293; HeLa,MM1S
1157,10.1021/acsmedchemlett.0c00046,Q9UBN7,MM1S,degradation reporter,6.0,MM1S; 4935,,MM1S; HEK293T; U87MG; A549,in-cell ELISA; Western blot,A549; HCT116; HEK293; HeLa,MM1S
1158,10.1021/acs.jmedchem.9b00516,Q9UBN7,MM1S,degradation reporter,6.0,multiple myeloma (MM) cells,,HEK293T/17,other,A549; HCT116; HEK293; HeLa,MM1S
1159,10.1021/acs.jmedchem.9b00516,Q9UBN7,MM1S,degradation reporter,6.0,multiple myeloma (MM) cells,,HEK293T/17,other,A549; HCT116; HEK293; HeLa,MM1S
1160,10.1021/acs.jmedchem.9b00516,Q9UBN7,MM1S,degradation reporter,6.0,multiple myeloma (MM) cells,,HEK293T/17,other,A549; HCT116; HEK293; HeLa,MM1S
1161,10.1021/acs.jmedchem.9b00516,Q9UBN7,MM1S,degradation reporter,6.0,multiple myeloma (MM) cells,,HEK293T/17,other,A549; HCT116; HEK293; HeLa,MM1S
1162,10.1021/acs.jmedchem.9b00516,Q9UBN7,MM1S,degradation reporter,6.0,multiple myeloma (MM) cells,,HEK293T/17,other,A549; HCT116; HEK293; HeLa,MM1S
1163,10.1021/acs.jmedchem.9b00516,Q9UBN7,MM1S,degradation reporter,6.0,multiple myeloma (MM) cells,,HEK293T/17,other,A549; HCT116; HEK293; HeLa,MM1S
1164,10.1021/acs.jmedchem.9b00516,Q9UBN7,MM1S,degradation reporter,6.0,multiple myeloma (MM) cells,,HEK293T/17,other,A549; HCT116; HEK293; HeLa,MM1S
1165,10.1021/acs.jmedchem.9b00516,Q9UBN7,MM1S,degradation reporter,6.0,multiple myeloma (MM) cells,,HEK293T/17,other,A549; HCT116; HEK293; HeLa,MM1S
1166,10.1021/acs.jmedchem.9b00516,Q9UBN7,MM1S,degradation reporter,6.0,multiple myeloma (MM) cells,,HEK293T/17,other,A549; HCT116; HEK293; HeLa,MM1S
1167,10.1021/acs.jmedchem.9b00516,Q9UBN7,MM1S,degradation reporter,6.0,multiple myeloma (MM) cells,,HEK293T/17,other,A549; HCT116; HEK293; HeLa,MM1S
1168,10.1021/acs.jmedchem.9b00516,Q9UBN7,MM1S,degradation reporter,6.0,multiple myeloma (MM) cells,,HEK293T/17,other,A549; HCT116; HEK293; HeLa,MM1S
1169,10.1021/acs.jmedchem.9b00516,Q9UBN7,MM1S,degradation reporter,6.0,multiple myeloma (MM) cells,,HEK293T/17,other,A549; HCT116; HEK293; HeLa,MM1S
1170,10.1021/acs.jmedchem.9b00516,Q9UBN7,MM1S,degradation reporter,6.0,multiple myeloma (MM) cells,,HEK293T/17,other,A549; HCT116; HEK293; HeLa,MM1S
1171,10.1021/acs.jmedchem.9b00516,Q9UBN7,MM1S,degradation reporter,6.0,multiple myeloma (MM) cells,,HEK293T/17,other,A549; HCT116; HEK293; HeLa,MM1S
1172,10.1021/acsmedchemlett.0c00046,Q9UBN7,,,,MM1S; 4935,,MM1S; HEK293T; U87MG; A549,in-cell ELISA; Western blot,A549; HCT116; HEK293; HeLa,MM1S
1173,10.1021/acsmedchemlett.0c00046,Q9UBN7,,,,MM1S; 4935,,MM1S; HEK293T; U87MG; A549,in-cell ELISA; Western blot,A549; HCT116; HEK293; HeLa,MM1S
1174,10.1021/acsmedchemlett.0c00046,Q9UBN7,,,,MM1S; 4935,,MM1S; HEK293T; U87MG; A549,in-cell ELISA; Western blot,A549; HCT116; HEK293; HeLa,MM1S
1175,10.1021/acsmedchemlett.0c00046,Q9UBN7,,,,MM1S; 4935,,MM1S; HEK293T; U87MG; A549,in-cell ELISA; Western blot,A549; HCT116; HEK293; HeLa,MM1S
1176,10.1021/acsmedchemlett.0c00046,Q9UBN7,,,,MM1S; 4935,,MM1S; HEK293T; U87MG; A549,in-cell ELISA; Western blot,A549; HCT116; HEK293; HeLa,MM1S
1177,10.1021/acsmedchemlett.0c00046,Q9UBN7,,,,MM1S; 4935,,MM1S; HEK293T; U87MG; A549,in-cell ELISA; Western blot,A549; HCT116; HEK293; HeLa,MM1S
1178,10.1021/acsmedchemlett.0c00046,Q9UBN7,,,,MM1S; 4935,,MM1S; HEK293T; U87MG; A549,in-cell ELISA; Western blot,A549; HCT116; HEK293; HeLa,MM1S
1179,10.1021/acsmedchemlett.0c00046,Q9UBN7,,,,MM1S; 4935,,MM1S; HEK293T; U87MG; A549,in-cell ELISA; Western blot,A549; HCT116; HEK293; HeLa,MM1S
1180,10.1021/acsmedchemlett.0c00046,Q9UBN7,,,,MM1S; 4935,,MM1S; HEK293T; U87MG; A549,in-cell ELISA; Western blot,A549; HCT116; HEK293; HeLa,MM1S
1181,10.1021/acsmedchemlett.0c00046,Q9UBN7,MM1S,degradation reporter,6.0,MM1S; 4935,,MM1S; HEK293T; U87MG; A549,in-cell ELISA; Western blot,A549; HCT116; HEK293; HeLa,MM1S
1182,10.1021/acsmedchemlett.0c00046,Q9UBN7,MM1S,degradation reporter,4.0,MM1S; 4935,,MM1S; HEK293T; U87MG; A549,in-cell ELISA; Western blot,A549; HCT116; HEK293; HeLa,MM1S
1183,10.1021/acsmedchemlett.0c00046,Q9UBN7,,,,MM1S; 4935,,MM1S; HEK293T; U87MG; A549,in-cell ELISA; Western blot,A549; HCT116; HEK293; HeLa,MM1S
1184,10.1021/acsmedchemlett.0c00046,Q9UBN7,,,,MM1S; 4935,,MM1S; HEK293T; U87MG; A549,in-cell ELISA; Western blot,A549; HCT116; HEK293; HeLa,MM1S
1185,10.1021/acsmedchemlett.0c00046,Q9UBN7,,,,MM1S; 4935,,MM1S; HEK293T; U87MG; A549,in-cell ELISA; Western blot,A549; HCT116; HEK293; HeLa,MM1S
1186,10.1021/acsmedchemlett.0c00046,Q9UBN7,,,,MM1S; 4935,,MM1S; HEK293T; U87MG; A549,in-cell ELISA; Western blot,A549; HCT116; HEK293; HeLa,MM1S
1187,10.1002/anie.201611281,Q9H8M2,,AlphaScreen,,,,,,HEK293; U2OS,
1188,10.1002/anie.201611281,Q9H8M2,,AlphaScreen,,,,,,HEK293; U2OS,
1189,10.1002/anie.201611281,Q9H8M2,,AlphaScreen,,,,,,HEK293; U2OS,
1190,10.1002/anie.201611281,Q9H8M2,,AlphaScreen,,,,,,HEK293; U2OS,
1191,10.1002/anie.201611281,Q9H8M2,,AlphaScreen,,,,,,HEK293; U2OS,
1192,10.1002/anie.201611281,Q9H8M2,,AlphaScreen,,,,,,HEK293; U2OS,
1193,10.1002/anie.201611281,Q9H8M2,,AlphaScreen,,,,,,HEK293; U2OS,
1194,10.1002/anie.201611281,Q9H8M2,,AlphaScreen,,,,,,HEK293; U2OS,
1195,10.1002/anie.201611281,Q9H8M2,,AlphaScreen,,,,,,HEK293; U2OS,
1196,10.1002/anie.201611281,O60885,,AlphaScreen,,,,,,,
1196,10.1002/anie.201611281,Q9NPI1,,AlphaScreen,,,,,,HEK293; HEK293T; HL-60; U2OS,
1196,10.1002/anie.201611281,Q9H8M2,,AlphaScreen,,,,,,HEK293; U2OS,
1197,10.1002/anie.201611281,Q9H8M2,,AlphaScreen,,,,,,HEK293; U2OS,
1198,10.1002/anie.201611281,Q9H8M2,,AlphaScreen,,,,,,HEK293; U2OS,
1199,10.1002/anie.201611281,Q9H8M2,,AlphaScreen,,,,,,HEK293; U2OS,
1200,10.1002/anie.201611281,Q9H8M2,,AlphaScreen,,,,,,HEK293; U2OS,
1201,10.1002/anie.201611281,Q9H8M2,,other,,,,,,HEK293; U2OS,
1201,10.1021/acs.jmedchem.8b01413,Q9H8M2,,other,,,Western blot; degradation reporter,,,HEK293; U2OS,
1201,10.1002/cbic.202300351,Q9H8M2,,other,,,,,,HEK293; U2OS,
1202,10.1002/anie.201706529,P42858,,,,HD patient fibroblasts,,,,,HD patient fibroblasts
1203,10.1002/anie.201706529,P42858,,,,HD patient fibroblasts,,,,,HD patient fibroblasts
1204,10.1002/anie.202004087,P24941,,other,,OVCAR8,,OVCAR8,Western blot,,OVCAR8
1205,10.1002/anie.202004087,P24941,,other,,OVCAR8,,OVCAR8,Western blot,,OVCAR8
1206,10.1002/anie.202004087,P24941,,other,,OVCAR8,,OVCAR8,Western blot,,OVCAR8
1207,10.1002/anie.202004087,P24941,,other,,OVCAR8,,OVCAR8,Western blot,,OVCAR8
1208,10.1002/anie.202004087,P24941,,other,,OVCAR8,,OVCAR8,Western blot,,OVCAR8
1209,10.1002/anie.202004087,P24941,,other,,OVCAR8,,OVCAR8,Western blot,,OVCAR8
1210,10.1002/anie.202004087,P24941,,,,OVCAR8,,OVCAR8,Western blot,,OVCAR8
1210,10.1002/anie.202004087,P11802,,,,OVCAR8,,OVCAR8,Western blot,HCT116; HeLa,OVCAR8
1210,10.1002/anie.202004087,Q00535,,,,OVCAR8,,OVCAR8,Western blot,HL60,OVCAR8
1210,10.1002/anie.202004087,Q00534,,,,OVCAR8,,OVCAR8,Western blot,HCT116; HL-60; HL60,OVCAR8
1210,10.1016/j.cell.2020.10.038,O14965,,,,,,,,HCT116; HeLa,
1210,10.1016/j.cell.2020.10.038,P06493,,,,,,,,,
1210,10.1016/j.cell.2020.10.038,P45983,,,,,,,,,
1210,10.1016/j.cell.2020.10.038,P45984,,,,,,,,,
1210,10.1016/j.cell.2020.10.038,P50613,,,,,,,,HCT116; HL-60; HL60; MCF7,
1210,10.1016/j.cell.2020.10.038,P50750,,,,,,,,HCT116; HL-60; HL60; MCF7,
1210,10.1016/j.cell.2020.10.038,P53779,,,,,,,,,
1210,10.1016/j.cell.2020.10.038,Q00536,,,,,,,,PC3,
1210,10.1016/j.cell.2020.10.038,Q00537,,,,,,,,HCT116; HL-60; MDA-MB-231,
1210,10.1016/j.cell.2020.10.038,Q15418,,,,,,,,HEK293; PC3,
1210,10.1016/j.cell.2020.10.038,Q9NYV4,,,,,,,,,
1211,10.1002/anie.202004087,P24941,,,,OVCAR8,,OVCAR8,Western blot,,OVCAR8
1211,10.1016/j.cell.2020.10.038,O14965,,,,,,,,HCT116; HeLa,
1211,10.1016/j.cell.2020.10.038,O60285,,,,,,,,,
1211,10.1016/j.cell.2020.10.038,P06493,,,,,,,,,
1211,10.1016/j.cell.2020.10.038,P16591,,,,,,,,HL-60; HL60,
1211,10.1016/j.cell.2020.10.038,P33981,,,,,,,,,
1211,10.1016/j.cell.2020.10.038,P45983,,,,,,,,,
1211,10.1016/j.cell.2020.10.038,P45984,,,,,,,,,
1211,10.1016/j.cell.2020.10.038,P49759,,,,,,,,HeLa,
1211,10.1016/j.cell.2020.10.038,P49840,,,,,,,,HL60,
1211,10.1016/j.cell.2020.10.038,P49841,,,,,,,,HEK293,
1211,10.1016/j.cell.2020.10.038,P50613,,,,,,,,HCT116; HL-60; HL60; MCF7,
1211,10.1016/j.cell.2020.10.038,P50750,,,,,,,,HCT116; HL-60; HL60; MCF7,
1211,10.1016/j.cell.2020.10.038,P51812,,,,,,,,HCT116; HEK293; HL60,
1211,10.1016/j.cell.2020.10.038,P54646,,,,,,,,,
1211,10.1016/j.cell.2020.10.038,Q00535,,,,,,,,HL60,
1211,10.1016/j.cell.2020.10.038,Q00536,,,,,,,,PC3,
1211,10.1016/j.cell.2020.10.038,Q00537,,,,,,,,HCT116; HL-60; MDA-MB-231,
1211,10.1016/j.cell.2020.10.038,Q13131,,,,,,,,,
1211,10.1016/j.cell.2020.10.038,Q14289,,,,,,,,HEK293; HL60,
1211,10.1016/j.cell.2020.10.038,Q15208,,,,,,,,HEK293,
1211,10.1016/j.cell.2020.10.038,Q15418,,,,,,,,HEK293; PC3,
1211,10.1016/j.cell.2020.10.038,Q16584,,,,,,,,HL-60; PC3,
1211,10.1016/j.cell.2020.10.038,Q2M2I8,,,,,,,,,
1211,10.1016/j.cell.2020.10.038,Q96GD4,,,,,,,,HCT116; HeLa; MCF7,
1211,10.1016/j.cell.2020.10.038,Q9BYT3,,,,,,,,,
1211,10.1016/j.cell.2020.10.038,Q9NYV4,,,,,,,,,
1211,10.1016/j.cell.2020.10.038,Q9Y616,,,,,,,,HL-60; THP-1; THP1,
1212,10.1002/anie.202004087,P24941,,,,OVCAR8,,OVCAR8,Western blot,,OVCAR8
1212,10.1002/anie.202004087,Q00535,,,,OVCAR8,,OVCAR8,Western blot,HL60,OVCAR8
1212,10.1016/j.cell.2020.10.038,O14965,,,,,,,,HCT116; HeLa,
1212,10.1016/j.cell.2020.10.038,P06493,,,,,,,,,
1212,10.1016/j.cell.2020.10.038,P33981,,,,,,,,,
1212,10.1016/j.cell.2020.10.038,P45983,,,,,,,,,
1212,10.1016/j.cell.2020.10.038,P45984,,,,,,,,,
1212,10.1016/j.cell.2020.10.038,P51812,,,,,,,,HCT116; HEK293; HL60,
1212,10.1016/j.cell.2020.10.038,Q05397,,,,,,,,MCF7; MDA-MB-231; MDA-MB-468; PC3,
1212,10.1016/j.cell.2020.10.038,Q15418,,,,,,,,HEK293; PC3,
1212,10.1016/j.cell.2020.10.038,Q96GD4,,,,,,,,HCT116; HeLa; MCF7,
1212,10.1016/j.cell.2020.10.038,Q9BYT3,,,,,,,,,
1213,10.1002/anie.202004087,P24941,,,,OVCAR8,,OVCAR8,Western blot,,OVCAR8
1213,10.1016/j.cell.2020.10.038,O14965,,,,,,,,HCT116; HeLa,
1213,10.1016/j.cell.2020.10.038,O60285,,,,,,,,,
1213,10.1016/j.cell.2020.10.038,O75676,,,,,,,,,
1213,10.1016/j.cell.2020.10.038,P06493,,,,,,,,,
1213,10.1016/j.cell.2020.10.038,P16591,,,,,,,,HL-60; HL60,
1213,10.1016/j.cell.2020.10.038,P30291,,,,,,,,,
1213,10.1016/j.cell.2020.10.038,P33981,,,,,,,,,
1213,10.1016/j.cell.2020.10.038,P42680,,,,,,,,K562,
1213,10.1016/j.cell.2020.10.038,P45983,,,,,,,,,
1213,10.1016/j.cell.2020.10.038,P45984,,,,,,,,,
1213,10.1016/j.cell.2020.10.038,P49759,,,,,,,,HeLa,
1213,10.1016/j.cell.2020.10.038,P49840,,,,,,,,HL60,
1213,10.1016/j.cell.2020.10.038,P49841,,,,,,,,HEK293,
1213,10.1016/j.cell.2020.10.038,P50613,,,,,,,,HCT116; HL-60; HL60; MCF7,
1213,10.1016/j.cell.2020.10.038,P50750,,,,,,,,HCT116; HL-60; HL60; MCF7,
1213,10.1016/j.cell.2020.10.038,P51812,,,,,,,,HCT116; HEK293; HL60,
1213,10.1016/j.cell.2020.10.038,P51956,,,,,,,,,
1213,10.1016/j.cell.2020.10.038,P51957,,,,,,,,,
1213,10.1016/j.cell.2020.10.038,P54646,,,,,,,,,
1213,10.1016/j.cell.2020.10.038,Q00535,,,,,,,,HL60,
1213,10.1016/j.cell.2020.10.038,Q00536,,,,,,,,PC3,
1213,10.1016/j.cell.2020.10.038,Q00537,,,,,,,,HCT116; HL-60; MDA-MB-231,
1213,10.1016/j.cell.2020.10.038,Q05397,,,,,,,,MCF7; MDA-MB-231; MDA-MB-468; PC3,
1213,10.1016/j.cell.2020.10.038,Q13131,,,,,,,,,
1213,10.1016/j.cell.2020.10.038,Q14289,,,,,,,,HEK293; HL60,
1213,10.1016/j.cell.2020.10.038,Q15208,,,,,,,,HEK293,
1213,10.1016/j.cell.2020.10.038,Q15418,,,,,,,,HEK293; PC3,
1213,10.1016/j.cell.2020.10.038,Q16584,,,,,,,,HL-60; PC3,
1213,10.1016/j.cell.2020.10.038,Q2M2I8,,,,,,,,,
1213,10.1016/j.cell.2020.10.038,Q8TD19,,,,,,,,HL-60; HL60,
1213,10.1016/j.cell.2020.10.038,Q8TDR2,,,,,,,,Jurkat,
1213,10.1016/j.cell.2020.10.038,Q96GD4,,,,,,,,HCT116; HeLa; MCF7,
1213,10.1016/j.cell.2020.10.038,Q96PY6,,,,,,,,HL-60,
1213,10.1016/j.cell.2020.10.038,Q9BYT3,,,,,,,,,
1213,10.1016/j.cell.2020.10.038,Q9NYV4,,,,,,,,,
1213,10.1016/j.cell.2020.10.038,Q9UHD2,,,,,,,,HL-60,
1213,10.1016/j.cell.2020.10.038,Q9Y616,,,,,,,,HL-60; THP-1; THP1,
1214,10.1016/j.bioorg.2020.103817,O60885,HCT-116,other,,BxPC3,Western blot,,,,HCT-116
1215,10.1016/j.bioorg.2020.103817,O60885,,,,BxPC3,Western blot,,,,BxPC3
1216,10.1016/j.bioorg.2020.103817,O60885,,,,BxPC3,Western blot,,,,BxPC3
1217,10.1016/j.bioorg.2020.103817,O60885,,,,BxPC3,Western blot,,,,BxPC3
1218,10.1016/j.bmcl.2020.127167,P00533,,,,PC9; H1975,Western blot,,,,PC9
1219,10.1016/j.bmcl.2020.127167,P00533,,,,PC9; H1975,Western blot,,,,PC9
1220,10.1016/j.bmcl.2020.127167,P00533,PC9,degradation reporter,6.0,PC9; H1975,Western blot,,,,PC9
1221,10.1158/0008-5472.CAN-16-2622,P25440,MDA-MB-231,,,human TNBC cells,Western blot; RNA-seq; apoptosis assay; growth inhibition assay,,,HL60,MDA-MB-231
1221,10.1158/0008-5472.CAN-16-2622,Q15059,MDA-MB-231,,,human TNBC cells,Western blot; RNA-seq; apoptosis assay; growth inhibition assay,,,HL60; Jurkat,MDA-MB-231
1221,10.1158/0008-5472.CAN-16-2622,O60885,MDA-MB-231,,,human TNBC cells,Western blot; RNA-seq; apoptosis assay; growth inhibition assay,,,,MDA-MB-231
1222,10.1182/blood-2018-07-862953,Q06187,TMD8,other,,mantle cell lymphoma (MCL) cells,proliferation assay,,,HL-60; K562; Ramos,TMD8
1222,10.1182/blood-2018-07-862953,Q06187,TMD8,other,,mantle cell lymphoma (MCL) cells,proliferation assay,,,HL-60; K562; Ramos,TMD8
1223,10.1182/blood-2018-07-862953,Q06187,Mino,degradation reporter,24.0,mantle cell lymphoma (MCL) cells,proliferation assay,,,HL-60; K562; Ramos,Mino
1223,10.1182/blood-2018-07-862953,Q06187,Mino,degradation reporter,24.0,mantle cell lymphoma (MCL) cells,proliferation assay,,,HL-60; K562; Ramos,Mino
1223,10.1016/j.crchbi.2022.100029,Q06187,Mino,degradation reporter,24.0,Mino; Jeko-1; Rec-R,degradation assay,,,HL-60; K562; Ramos,Mino
1224,10.1182/blood-2018-07-862953,Q06187,Mino,TR-FRET,,mantle cell lymphoma (MCL) cells,proliferation assay,,,HL-60; K562; Ramos,Mino
1225,10.1016/j.chembiol.2020.04.003,P19634,,,,cancer cell lines,,,,,cancer cell lines
1226,10.1016/j.chembiol.2020.04.003,P19634,,,,cancer cell lines,,,,,cancer cell lines
1226,10.1016/j.chembiol.2020.04.003,Q9UBY0,,,,cancer cell lines,,,,,cancer cell lines
1226,10.1016/j.chembiol.2020.04.003,Q6AI14,,,,cancer cell lines,,,,,cancer cell lines
1226,10.1016/j.chembiol.2020.04.003,Q96T83,,,,cancer cell lines,,,,,cancer cell lines
1226,10.1016/j.chembiol.2020.04.003,Q4ZJI4,,,,cancer cell lines,,,,,cancer cell lines
1227,10.1016/j.chembiol.2020.04.003,P19634,,,,cancer cell lines,,,,,cancer cell lines
1228,10.1016/j.chembiol.2020.04.003,P19634,,,,cancer cell lines,,,,,cancer cell lines
1229,10.1016/j.chembiol.2020.04.003,P19634,,,,cancer cell lines,,,,,cancer cell lines
1230,10.1016/j.chembiol.2017.10.005,P36888,,,,,quantitative proteomics,MV4-11; MOLM-13; Jurkat; K562; HEK293T; HeLa,mass spectrometry; Western blot; flow cytometry,,MV4-11
1230,10.1016/j.cell.2020.10.038,O14976,,,,,,,,,
1230,10.1016/j.cell.2020.10.038,P06239,,,,,,,,Jurkat,
1230,10.1016/j.cell.2020.10.038,P12931,,,,,,,,,
1230,10.1016/j.cell.2020.10.038,P16591,,,,,,,,HL-60; HL60,
1230,10.1016/j.cell.2020.10.038,P51451,,,,,,,,,
1230,10.1016/j.cell.2020.10.038,P51617,,,,,,,,HL-60,
1230,10.1016/j.cell.2020.10.038,Q00535,,,,,,,,HL60,
1230,10.1016/j.cell.2020.10.038,Q12851,,,,,,,,,
1230,10.1016/j.cell.2020.10.038,Q13546,,,,,,,,HEK293T; HL-60; Jurkat,
1230,10.1016/j.cell.2020.10.038,Q16539,,,,,,,,,
1231,10.1016/j.chembiol.2017.10.005,P36888,,,,,quantitative proteomics,MV4-11; MOLM-13; Jurkat; K562; HEK293T; HeLa,mass spectrometry; Western blot; flow cytometry,,MV4-11
1232,10.1016/j.chembiol.2017.10.005,P36888,,,,,quantitative proteomics,MV4-11; MOLM-13; Jurkat; K562; HEK293T; HeLa,mass spectrometry; Western blot; flow cytometry,,MV4-11
1233,10.1016/j.chembiol.2017.10.005,P36888,,,,,quantitative proteomics,MV4-11; MOLM-13; Jurkat; K562; HEK293T; HeLa,mass spectrometry; Western blot; flow cytometry,,MV4-11
1234,10.1016/j.chembiol.2017.10.005,P36888,,,,,quantitative proteomics,MV4-11; MOLM-13; Jurkat; K562; HEK293T; HeLa,mass spectrometry; Western blot; flow cytometry,,MV4-11
1235,10.1016/j.chembiol.2017.10.005,P36888,,,,,quantitative proteomics,MV4-11; MOLM-13; Jurkat; K562; HEK293T; HeLa,mass spectrometry; Western blot; flow cytometry,,MV4-11
1236,10.1016/j.chembiol.2017.10.005,P36888,,,,,quantitative proteomics,MV4-11; MOLM-13; Jurkat; K562; HEK293T; HeLa,mass spectrometry; Western blot; flow cytometry,,MV4-11
1237,10.1016/j.chembiol.2017.10.005,P36888,,,,,quantitative proteomics,MV4-11; MOLM-13; Jurkat; K562; HEK293T; HeLa,mass spectrometry; Western blot; flow cytometry,,MV4-11
1238,10.1016/j.chembiol.2017.10.005,P36888,,,,,quantitative proteomics,MV4-11; MOLM-13; Jurkat; K562; HEK293T; HeLa,mass spectrometry; Western blot; flow cytometry,,MV4-11
1239,10.1016/j.chembiol.2017.10.005,Q06187,,,,,quantitative proteomics,MV4-11; MOLM-13; Jurkat; K562; HEK293T; HeLa,mass spectrometry; Western blot; flow cytometry,HL-60; K562; Ramos,MV4-11
1240,10.1016/j.chembiol.2017.10.005,Q06187,,,,,quantitative proteomics,MV4-11; MOLM-13; Jurkat; K562; HEK293T; HeLa,mass spectrometry; Western blot; flow cytometry,HL-60; K562; Ramos,MV4-11
1241,10.1016/j.chembiol.2019.10.013,P30291,,TR-FRET,,ovarian cancer cells,,,,,ovarian cancer cells
1242,10.1016/j.chembiol.2019.10.013,P30291,,TR-FRET,,ovarian cancer cells,,,,,ovarian cancer cells
1243,10.1016/j.chembiol.2019.10.013,P30291,,TR-FRET,,ovarian cancer cells,,,,,ovarian cancer cells
1244,10.1016/j.chembiol.2019.10.013,P30291,,,,ovarian cancer cells,,,,,ovarian cancer cells
1244,10.1016/j.cell.2020.10.038,O96013,,,,,,,,,
1244,10.1016/j.cell.2020.10.038,P41743,,,,,,,,,
1244,10.1016/j.cell.2020.10.038,Q15118,,,,,,,,Jurkat,
1244,10.1016/j.cell.2020.10.038,Q15119,,,,,,,,,
1244,10.1016/j.cell.2020.10.038,Q15120,,,,,,,,,
1244,10.1016/j.cell.2020.10.038,Q8NI60,,,,,,,,,
1244,10.1016/j.cell.2020.10.038,Q8TEA7,,,,,,,,,
1244,10.1016/j.cell.2020.10.038,Q9HBH9,,,,,,,,,
1245,10.1016/j.ejmech.2020.112377,Q9NZQ7,,HTRF,,Hep3B; OS-8; CD3 T cells,HTRF; flow cytometry; Western blot,,HTRF,A549; HEK293; HEK293T; Jurkat; MCF7; MDA-MB-21; MDA-MB-231,Hep3B
1246,10.1016/j.ejmech.2020.112377,Q9NZQ7,,HTRF,,Hep3B; OS-8; CD3 T cells,HTRF; flow cytometry; Western blot,,HTRF,A549; HEK293; HEK293T; Jurkat; MCF7; MDA-MB-21; MDA-MB-231,Hep3B
1247,10.1016/j.ejmech.2020.112377,Q9NZQ7,,HTRF,,Hep3B; OS-8; CD3 T cells,HTRF; flow cytometry; Western blot,,HTRF,A549; HEK293; HEK293T; Jurkat; MCF7; MDA-MB-21; MDA-MB-231,Hep3B
1248,10.1016/j.ejmech.2020.112377,Q9NZQ7,,HTRF,,Hep3B; OS-8; CD3 T cells,HTRF; flow cytometry; Western blot,,HTRF,A549; HEK293; HEK293T; Jurkat; MCF7; MDA-MB-21; MDA-MB-231,Hep3B
1249,10.1016/j.ejmech.2020.112377,Q9NZQ7,,HTRF,,Hep3B; OS-8; CD3 T cells,HTRF; flow cytometry; Western blot,,HTRF,A549; HEK293; HEK293T; Jurkat; MCF7; MDA-MB-21; MDA-MB-231,Hep3B
1250,10.1016/j.ejmech.2020.112377,Q9NZQ7,,HTRF,,Hep3B; OS-8; CD3 T cells,HTRF; flow cytometry; Western blot,,HTRF,A549; HEK293; HEK293T; Jurkat; MCF7; MDA-MB-21; MDA-MB-231,Hep3B
1251,10.1016/j.ejmech.2020.112377,Q9NZQ7,,HTRF,,Hep3B; OS-8; CD3 T cells,HTRF; flow cytometry; Western blot,,HTRF,A549; HEK293; HEK293T; Jurkat; MCF7; MDA-MB-21; MDA-MB-231,Hep3B
1252,10.1016/j.ejmech.2020.112377,Q9NZQ7,,HTRF,,Hep3B; OS-8; CD3 T cells,HTRF; flow cytometry; Western blot,,HTRF,A549; HEK293; HEK293T; Jurkat; MCF7; MDA-MB-21; MDA-MB-231,Hep3B
1253,10.1016/j.ejmech.2020.112377,Q9NZQ7,A549,HTRF,,Hep3B; OS-8; CD3 T cells,HTRF; flow cytometry; Western blot,,HTRF,A549; HEK293; HEK293T; Jurkat; MCF7; MDA-MB-21; MDA-MB-231,A549
1254,10.1016/j.ejmech.2020.112377,Q9NZQ7,MDA-MB-231,HTRF,,Hep3B; OS-8; CD3 T cells,HTRF; flow cytometry; Western blot,,HTRF,A549; HEK293; HEK293T; Jurkat; MCF7; MDA-MB-21; MDA-MB-231,MDA-MB-231
1255,10.1016/j.ejmech.2020.112377,Q9NZQ7,,HTRF,,Hep3B; OS-8; CD3 T cells,HTRF; flow cytometry; Western blot,,HTRF,A549; HEK293; HEK293T; Jurkat; MCF7; MDA-MB-21; MDA-MB-231,Hep3B
1256,10.1016/j.ejmech.2020.112377,Q9NZQ7,,HTRF,,Hep3B; OS-8; CD3 T cells,HTRF; flow cytometry; Western blot,,HTRF,A549; HEK293; HEK293T; Jurkat; MCF7; MDA-MB-21; MDA-MB-231,Hep3B
1257,10.1016/j.ejmech.2020.112377,Q9NZQ7,A549,HTRF,,Hep3B; OS-8; CD3 T cells,HTRF; flow cytometry; Western blot,,HTRF,A549; HEK293; HEK293T; Jurkat; MCF7; MDA-MB-21; MDA-MB-231,A549
1258,10.1016/j.ejmech.2020.112377,Q9NZQ7,,HTRF,,Hep3B; OS-8; CD3 T cells,HTRF; flow cytometry; Western blot,,HTRF,A549; HEK293; HEK293T; Jurkat; MCF7; MDA-MB-21; MDA-MB-231,Hep3B
1259,10.1016/j.ejmech.2020.112377,Q9NZQ7,,HTRF,,Hep3B; OS-8; CD3 T cells,HTRF; flow cytometry; Western blot,,HTRF,A549; HEK293; HEK293T; Jurkat; MCF7; MDA-MB-21; MDA-MB-231,Hep3B
1260,10.1016/j.ejmech.2020.112377,Q9NZQ7,,HTRF,,Hep3B; OS-8; CD3 T cells,HTRF; flow cytometry; Western blot,,HTRF,A549; HEK293; HEK293T; Jurkat; MCF7; MDA-MB-21; MDA-MB-231,Hep3B
1261,10.1016/j.ejmech.2020.112377,Q9NZQ7,,HTRF,,Hep3B; OS-8; CD3 T cells,HTRF; flow cytometry; Western blot,,HTRF,A549; HEK293; HEK293T; Jurkat; MCF7; MDA-MB-21; MDA-MB-231,Hep3B
1262,10.1016/j.ejmech.2020.112377,Q9NZQ7,,HTRF,,Hep3B; OS-8; CD3 T cells,HTRF; flow cytometry; Western blot,,HTRF,A549; HEK293; HEK293T; Jurkat; MCF7; MDA-MB-21; MDA-MB-231,Hep3B
1263,10.1016/j.ejmech.2020.112377,Q9NZQ7,,HTRF,,Hep3B; OS-8; CD3 T cells,HTRF; flow cytometry; Western blot,,HTRF,A549; HEK293; HEK293T; Jurkat; MCF7; MDA-MB-21; MDA-MB-231,Hep3B
1264,10.1016/j.ejmech.2020.112377,Q9NZQ7,,HTRF,,Hep3B; OS-8; CD3 T cells,HTRF; flow cytometry; Western blot,,HTRF,A549; HEK293; HEK293T; Jurkat; MCF7; MDA-MB-21; MDA-MB-231,Hep3B
1265,10.1016/j.ejmech.2020.112377,Q9NZQ7,,HTRF,,Hep3B; OS-8; CD3 T cells,HTRF; flow cytometry; Western blot,,HTRF,A549; HEK293; HEK293T; Jurkat; MCF7; MDA-MB-21; MDA-MB-231,Hep3B
1266,10.1016/j.ejmech.2020.112377,Q9NZQ7,A549,HTRF,,Hep3B; OS-8; CD3 T cells,HTRF; flow cytometry; Western blot,,HTRF,A549; HEK293; HEK293T; Jurkat; MCF7; MDA-MB-21; MDA-MB-231,A549
1267,10.1016/j.ejmech.2020.112377,Q9NZQ7,A549,HTRF,,Hep3B; OS-8; CD3 T cells,HTRF; flow cytometry; Western blot,,HTRF,A549; HEK293; HEK293T; Jurkat; MCF7; MDA-MB-21; MDA-MB-231,A549
1268,10.1016/j.ejmech.2020.112377,Q9NZQ7,,HTRF,,Hep3B; OS-8; CD3 T cells,HTRF; flow cytometry; Western blot,,HTRF,A549; HEK293; HEK293T; Jurkat; MCF7; MDA-MB-21; MDA-MB-231,Hep3B
1269,10.1016/j.ejmech.2020.112377,Q9NZQ7,,HTRF,,Hep3B; OS-8; CD3 T cells,HTRF; flow cytometry; Western blot,,HTRF,A549; HEK293; HEK293T; Jurkat; MCF7; MDA-MB-21; MDA-MB-231,Hep3B
1270,10.1016/j.ejmech.2020.112377,Q9NZQ7,A549,HTRF,,Hep3B; OS-8; CD3 T cells,HTRF; flow cytometry; Western blot,,HTRF,A549; HEK293; HEK293T; Jurkat; MCF7; MDA-MB-21; MDA-MB-231,A549
1271,10.1016/j.ejmech.2020.112377,Q9NZQ7,,HTRF,,Hep3B; OS-8; CD3 T cells,HTRF; flow cytometry; Western blot,,HTRF,A549; HEK293; HEK293T; Jurkat; MCF7; MDA-MB-21; MDA-MB-231,Hep3B
1272,10.1016/j.ejmech.2020.112377,Q9NZQ7,,HTRF,,Hep3B; OS-8; CD3 T cells,HTRF; flow cytometry; Western blot,,HTRF,A549; HEK293; HEK293T; Jurkat; MCF7; MDA-MB-21; MDA-MB-231,Hep3B
1273,10.1016/j.ejmech.2020.112397,Q07817,MyLa 1929,other,,MyLa 1929,Western blot,MyLa 1929; MOLT-4; RS4;11; A549; MDA-MB-231; SW620; MeWo; SK-MEL-28; CHL-1; WI-38; human platelets,Western blot; cell viability,Jurkat,MyLa 1929
1274,10.1016/j.ejmech.2020.112397,Q07817,MyLa 1929,other,,MyLa 1929,Western blot,MyLa 1929; MOLT-4; RS4;11; A549; MDA-MB-231; SW620; MeWo; SK-MEL-28; CHL-1; WI-38; human platelets,Western blot; cell viability,Jurkat,MyLa 1929
1275,10.1016/j.ejmech.2020.112397,Q07817,MyLa 1929,other,,MyLa 1929,Western blot,MyLa 1929; MOLT-4; RS4;11; A549; MDA-MB-231; SW620; MeWo; SK-MEL-28; CHL-1; WI-38; human platelets,Western blot; cell viability,Jurkat,MyLa 1929
1276,10.1016/j.ejmech.2020.112397,Q07817,MyLa 1929,other,,MyLa 1929,Western blot,MyLa 1929; MOLT-4; RS4;11; A549; MDA-MB-231; SW620; MeWo; SK-MEL-28; CHL-1; WI-38; human platelets,Western blot; cell viability,Jurkat,MyLa 1929
1277,10.1016/j.ejmech.2020.112397,Q07817,MyLa 1929,other,,MyLa 1929,Western blot,MyLa 1929; MOLT-4; RS4;11; A549; MDA-MB-231; SW620; MeWo; SK-MEL-28; CHL-1; WI-38; human platelets,Western blot; cell viability,Jurkat,MyLa 1929
1278,10.1016/j.ejmech.2020.112397,Q07817,MyLa 1929,other,,MyLa 1929,Western blot,MyLa 1929; MOLT-4; RS4;11; A549; MDA-MB-231; SW620; MeWo; SK-MEL-28; CHL-1; WI-38; human platelets,Western blot; cell viability,Jurkat,MyLa 1929
1279,10.1016/j.ejmech.2020.112397,Q07817,MyLa 1929,other,,MyLa 1929,Western blot,MyLa 1929; MOLT-4; RS4;11; A549; MDA-MB-231; SW620; MeWo; SK-MEL-28; CHL-1; WI-38; human platelets,Western blot; cell viability,Jurkat,MyLa 1929
1280,10.1016/j.ejmech.2020.112397,Q07817,MyLa 1929,other,,MyLa 1929,Western blot,MyLa 1929; MOLT-4; RS4;11; A549; MDA-MB-231; SW620; MeWo; SK-MEL-28; CHL-1; WI-38; human platelets,Western blot; cell viability,Jurkat,MyLa 1929
1281,10.1016/j.ejmech.2020.112397,Q07817,MyLa 1929,other,,MyLa 1929,Western blot,MyLa 1929; MOLT-4; RS4;11; A549; MDA-MB-231; SW620; MeWo; SK-MEL-28; CHL-1; WI-38; human platelets,Western blot; cell viability,Jurkat,MyLa 1929
1282,10.1016/j.ejmech.2020.112397,Q07817,MyLa 1929,other,,MyLa 1929,Western blot,MyLa 1929; MOLT-4; RS4;11; A549; MDA-MB-231; SW620; MeWo; SK-MEL-28; CHL-1; WI-38; human platelets,Western blot; cell viability,Jurkat,MyLa 1929
1283,10.1016/j.ejmech.2020.112397,Q07817,MyLa 1929,other,,MyLa 1929,Western blot,MyLa 1929; MOLT-4; RS4;11; A549; MDA-MB-231; SW620; MeWo; SK-MEL-28; CHL-1; WI-38; human platelets,Western blot; cell viability,Jurkat,MyLa 1929
1284,10.1016/j.ejmech.2020.112397,Q07817,MyLa 1929,other,,MyLa 1929,Western blot,MyLa 1929; MOLT-4; RS4;11; A549; MDA-MB-231; SW620; MeWo; SK-MEL-28; CHL-1; WI-38; human platelets,Western blot; cell viability,Jurkat,MyLa 1929
1285,10.1016/j.ejmech.2020.112397,Q07817,MyLa 1929,other,,MyLa 1929,Western blot,MyLa 1929; MOLT-4; RS4;11; A549; MDA-MB-231; SW620; MeWo; SK-MEL-28; CHL-1; WI-38; human platelets,Western blot; cell viability,Jurkat,MyLa 1929
1286,10.1016/j.ejmech.2020.112397,Q07817,MyLa 1929,other,,MyLa 1929,Western blot,MyLa 1929; MOLT-4; RS4;11; A549; MDA-MB-231; SW620; MeWo; SK-MEL-28; CHL-1; WI-38; human platelets,Western blot; cell viability,Jurkat,MyLa 1929
1287,10.1016/j.ejmech.2020.112397,Q07817,MyLa 1929,other,,MyLa 1929,Western blot,MyLa 1929; MOLT-4; RS4;11; A549; MDA-MB-231; SW620; MeWo; SK-MEL-28; CHL-1; WI-38; human platelets,Western blot; cell viability,Jurkat,MyLa 1929
1288,10.1016/j.ejmech.2020.112397,Q07817,MyLa 1929,other,,MyLa 1929,Western blot,MyLa 1929; MOLT-4; RS4;11; A549; MDA-MB-231; SW620; MeWo; SK-MEL-28; CHL-1; WI-38; human platelets,Western blot; cell viability,Jurkat,MyLa 1929
1289,10.1038/s41589-019-0379-2,P09874,,ELISA,,muscle cells; primary cardiomyocytes,,,,,muscle cells
1290,10.1038/s41589-019-0379-2,P09874,,ELISA,,muscle cells; primary cardiomyocytes,,,,,muscle cells
1291,10.1038/s41589-019-0379-2,P09874,,ELISA,,muscle cells; primary cardiomyocytes,,,,,muscle cells
1292,10.1038/s41589-019-0379-2,P09874,,ELISA,,muscle cells; primary cardiomyocytes,,,,,muscle cells
1293,10.1038/s41589-019-0379-2,P09874,,,,muscle cells; primary cardiomyocytes,,,,,muscle cells
1294,10.1038/s41589-019-0379-2,P09874,,,,muscle cells; primary cardiomyocytes,,,,,muscle cells
1295,10.1038/s41589-019-0379-2,P09874,,,,muscle cells; primary cardiomyocytes,,,,,muscle cells
1296,10.1038/s41589-019-0379-2,P09874,,,,muscle cells; primary cardiomyocytes,,,,,muscle cells
1297,10.1038/s41589-019-0379-2,P09874,,,,muscle cells; primary cardiomyocytes,,,,,muscle cells
1298,10.1038/s41589-019-0379-2,P09874,,,,muscle cells; primary cardiomyocytes,,,,,muscle cells
1299,10.1038/s41589-019-0379-2,Q9Y6F1,Primary Cardiomyocytes,ELISA,24.0,muscle cells; primary cardiomyocytes,,,,,Primary Cardiomyocytes
1299,10.1038/s41589-019-0379-2,P09874,Primary Cardiomyocytes,ELISA,24.0,muscle cells; primary cardiomyocytes,,,,,Primary Cardiomyocytes
1300,10.1038/s41589-019-0379-2,Q9Y6F1,Primary Cardiomyocytes,ELISA,24.0,muscle cells; primary cardiomyocytes,,,,,Primary Cardiomyocytes
1300,10.1038/s41589-019-0379-2,P09874,Primary Cardiomyocytes,ELISA,24.0,muscle cells; primary cardiomyocytes,,,,,Primary Cardiomyocytes
1301,10.1038/s41589-019-0379-2,P09874,,,,muscle cells; primary cardiomyocytes,,,,,muscle cells
1302,10.1038/s41589-019-0379-2,P09874,,,,muscle cells; primary cardiomyocytes,,,,,muscle cells
1303,10.1038/s41589-019-0379-2,P09874,,,,muscle cells; primary cardiomyocytes,,,,,muscle cells
1304,10.1038/s41589-019-0379-2,P09874,,,,muscle cells; primary cardiomyocytes,,,,,muscle cells
1304,10.1038/s41589-019-0379-2,Q9UGN5,,,,muscle cells; primary cardiomyocytes,,,,Jurkat,muscle cells
1305,10.1038/s41589-019-0379-2,P09874,,,,muscle cells; primary cardiomyocytes,,,,,muscle cells
1305,10.1038/s41589-019-0379-2,Q9UGN5,,,,muscle cells; primary cardiomyocytes,,,,Jurkat,muscle cells
1306,10.1038/s41589-019-0379-2,Q9UGN5,,other,,muscle cells; primary cardiomyocytes,,,,Jurkat,muscle cells
1306,10.1038/s41589-019-0379-2,P09874,,other,,muscle cells; primary cardiomyocytes,,,,,muscle cells
1307,10.1038/s41589-019-0379-2,P09874,,,,muscle cells; primary cardiomyocytes,,,,,muscle cells
1307,10.1038/s41589-019-0379-2,Q9UGN5,,,,muscle cells; primary cardiomyocytes,,,,Jurkat,muscle cells
1308,10.1038/s41589-019-0379-2,P09874,,,,muscle cells; primary cardiomyocytes,,,,,muscle cells
1309,10.1038/s41589-019-0379-2,P09874,,,,muscle cells; primary cardiomyocytes,,,,,muscle cells
1310,10.1038/s41589-019-0379-2,P09874,,,,muscle cells; primary cardiomyocytes,,,,,muscle cells
1311,10.1038/s41589-019-0379-2,P09874,,,,muscle cells; primary cardiomyocytes,,,,,muscle cells
1312,10.1038/s41589-019-0379-2,P09874,,,,muscle cells; primary cardiomyocytes,,,,,muscle cells
1313,10.1038/s41589-019-0379-2,P09874,,,,muscle cells; primary cardiomyocytes,,,,,muscle cells
1314,10.1038/s41589-019-0379-2,P09874,,,,muscle cells; primary cardiomyocytes,,,,,muscle cells
1315,10.1038/s41589-019-0379-2,P09874,,,,muscle cells; primary cardiomyocytes,,,,,muscle cells
1316,10.1038/s41589-018-0010-y,O15164,,other,,,,,,HeLa,
1317,10.1038/s41589-018-0010-y,O15164,,,,,,,,HeLa,
1318,10.1038/s41589-018-0021-8,P62942,,AlphaScreen,,,,HEK293T; HCT116; A375; MOLM13; MV4-11; RS4-11; Jurkat,Western blot; AlphaScreen; luciferase; RNA-sequencing; flow cytometry,,HEK293T
1319,10.1038/s41589-018-0021-8,P62942,,AlphaScreen,,,,HEK293T; HCT116; A375; MOLM13; MV4-11; RS4-11; Jurkat,Western blot; AlphaScreen; luciferase; RNA-sequencing; flow cytometry,,HEK293T
1320,10.1038/s41589-018-0021-8,P62942,,AlphaScreen,,,,HEK293T; HCT116; A375; MOLM13; MV4-11; RS4-11; Jurkat,Western blot; AlphaScreen; luciferase; RNA-sequencing; flow cytometry,,HEK293T
1321,10.1038/s41589-018-0021-8,P62942,,AlphaScreen,,,,HEK293T; HCT116; A375; MOLM13; MV4-11; RS4-11; Jurkat,Western blot; AlphaScreen; luciferase; RNA-sequencing; flow cytometry,,HEK293T
1322,10.1016/j.chembiol.2020.04.008,Q9UBN7,,,,,,,,A549; HCT116; HEK293; HeLa,
1323,10.1016/j.chembiol.2020.04.008,Q9UBN7,MM1S,ELISA,6.0,,,,,A549; HCT116; HEK293; HeLa,MM1S
1324,10.1016/j.chembiol.2020.04.008,Q9UBN7,,,,,,,,A549; HCT116; HEK293; HeLa,
1325,10.1016/j.chembiol.2020.04.008,Q9UBN7,,,,,,,,A549; HCT116; HEK293; HeLa,
1326,10.1016/j.chembiol.2020.04.008,Q9UBN7,,,,,,,,A549; HCT116; HEK293; HeLa,
1327,10.1016/j.chembiol.2020.04.008,Q9UBN7,,,,,,,,A549; HCT116; HEK293; HeLa,
1328,10.1016/j.chembiol.2020.04.008,Q9UBN7,,,,,,,,A549; HCT116; HEK293; HeLa,
1329,10.1016/j.chembiol.2020.04.008,Q9UBN7,,,,,,,,A549; HCT116; HEK293; HeLa,
1330,10.1016/j.chembiol.2020.04.008,Q9UBN7,,,,,,,,A549; HCT116; HEK293; HeLa,
1331,10.3390/cells9051083,nan,,degradation reporter,,,,,,,
1331,10.3390/cells9051083,P07437,,degradation reporter,,,,,,HEK293; Hela; K562; MCF7,
1332,10.3390/cells9051083,nan,,degradation reporter,,,,,,,
1332,10.3390/cells9051083,P07437,,degradation reporter,,,,,,HEK293; Hela; K562; MCF7,
1333,10.3390/cells9051083,nan,,degradation reporter,,,,,,,
1333,10.3390/cells9051083,P07437,,degradation reporter,,,,,,HEK293; Hela; K562; MCF7,
1334,10.3390/cells9051083,nan,,degradation reporter,,,,,,,
1334,10.3390/cells9051083,P07437,,degradation reporter,,,,,,HEK293; Hela; K562; MCF7,
1335,10.3390/cells9051083,nan,,degradation reporter,,,,,,,
1335,10.3390/cells9051083,P07437,,degradation reporter,,,,,,HEK293; Hela; K562; MCF7,
1336,10.3390/cells9051083,nan,,degradation reporter,,,,,,,
1336,10.3390/cells9051083,P07437,,degradation reporter,,,,,,HEK293; Hela; K562; MCF7,
1337,10.3390/cells9051083,nan,,degradation reporter,,,,,,,
1337,10.3390/cells9051083,P07437,,degradation reporter,,,,,,HEK293; Hela; K562; MCF7,
1338,10.3390/cells9051083,nan,,degradation reporter,,,,,,,
1338,10.3390/cells9051083,P07437,,degradation reporter,,,,,,HEK293; Hela; K562; MCF7,
1339,10.3390/cells9051083,nan,,degradation reporter,,,,,,,
1339,10.3390/cells9051083,P07437,,degradation reporter,,,,,,HEK293; Hela; K562; MCF7,
1340,10.3390/cells9051083,nan,,degradation reporter,,,,,,,
1340,10.3390/cells9051083,P07437,,degradation reporter,,,,,,HEK293; Hela; K562; MCF7,
1341,10.3390/cells9051083,nan,,degradation reporter,,,,,,,
1341,10.3390/cells9051083,P07437,,degradation reporter,,,,,,HEK293; Hela; K562; MCF7,
1342,10.3390/cells9051083,nan,,degradation reporter,,,,,,,
1342,10.3390/cells9051083,P07437,,degradation reporter,,,,,,HEK293; Hela; K562; MCF7,
1343,10.3390/cells9051083,nan,,degradation reporter,,,,,,,
1343,10.3390/cells9051083,P07437,,degradation reporter,,,,,,HEK293; Hela; K562; MCF7,
1344,10.7554/eLife.45457,P10636,,other,24.0,FTD patient-derived neurons; healthy control neurons,Western blot,FTD patient-derived neurons; control neurons,Western blot; immunofluorescence,,FTD patient-derived neurons
1345,10.1038/s41375-019-0467-z,Q16186,MM.1S,other,16.0,MM cell lines; patient MM cells,Western blot; caspase activation; cell viability,,,HEK293T; HeLa,MM.1S
1346,10.3390/molecules25081948,P08069,,,,MCF7; A549,,,,MCF-7,MCF7
1346,10.3390/molecules25081948,P12931,,,,MCF7; A549,,,,,MCF7
1347,10.3390/molecules25081948,P08069,,,,MCF7; A549,,,,MCF-7,MCF7
1347,10.3390/molecules25081948,P12931,,,,MCF7; A549,,,,,MCF7
1348,10.3390/molecules25081948,P08069,,,,MCF7; A549,,,,MCF-7,MCF7
1348,10.3390/molecules25081948,P12931,,,,MCF7; A549,,,,,MCF7
1349,10.3390/molecules25081948,P08069,MCF7,other,,MCF7; A549,,,,MCF-7,MCF7
1349,10.3390/molecules25081948,P12931,MCF7,other,,MCF7; A549,,,,,MCF7
1350,10.3390/molecules25081948,P08069,MCF7,other,,MCF7; A549,,,,MCF-7,MCF7
1350,10.3390/molecules25081948,P12931,MCF7,other,,MCF7; A549,,,,,MCF7
1351,10.3390/molecules25081948,P08069,,,,MCF7; A549,,,,MCF-7,MCF7
1351,10.3390/molecules25081948,P12931,,,,MCF7; A549,,,,,MCF7
1352,10.3390/molecules25081948,P08069,,,,MCF7; A549,,,,MCF-7,MCF7
1352,10.3390/molecules25081948,P12931,,,,MCF7; A549,,,,,MCF7
1353,10.3390/molecules25081948,P08069,,,,MCF7; A549,,,,MCF-7,MCF7
1353,10.3390/molecules25081948,P12931,,,,MCF7; A549,,,,,MCF7
1354,10.3390/molecules25081948,P08069,,,,MCF7; A549,,,,MCF-7,MCF7
1354,10.3390/molecules25081948,P12931,,,,MCF7; A549,,,,,MCF7
1355,10.3390/molecules25081948,P08069,,,,MCF7; A549,,,,MCF-7,MCF7
1355,10.3390/molecules25081948,P12931,,,,MCF7; A549,,,,,MCF7
1356,10.3390/molecules25081948,P08069,,,,MCF7; A549,,,,MCF-7,MCF7
1356,10.3390/molecules25081948,P12931,,,,MCF7; A549,,,,,MCF7
1357,10.1038/s41467-019-11429-w,nan,Huh7.5,degradation reporter,4.0,,,,,,Huh7.5
1358,10.1038/s41467-019-11429-w,nan,Huh7.5,degradation reporter,4.0,,,,,,Huh7.5
1359,10.1038/s41467-019-11429-w,nan,Huh7.5,degradation reporter,4.0,,,,,,Huh7.5
1360,10.1038/s41467-020-15838-0,Q07817,WI38,AlphaScreen,16.0,,,,,Jurkat,WI38
1361,10.1039/c9cc08238g,Q06187,,,,,,,,HL-60; K562; Ramos,
1362,10.1039/c9cc08238g,Q06187,,,,,,,,HL-60; K562; Ramos,
1363,10.1039/c9cc08238g,Q06187,,,,,,,,HL-60; K562; Ramos,
1364,10.1039/c9cc08238g,Q06187,,,,,,,,HL-60; K562; Ramos,
1365,10.1039/c9cc08238g,Q06187,,,,,,,,HL-60; K562; Ramos,
1366,10.1039/c9cc08238g,Q06187,,,,,,,,HL-60; K562; Ramos,
1367,10.1039/c9cc08238g,Q06187,,,,,,,,HL-60; K562; Ramos,
1368,10.1039/c9cc08238g,Q06187,,,,,,,,HL-60; K562; Ramos,
1369,10.1039/c9cc08238g,Q06187,,,,,,,,HL-60; K562; Ramos,
1370,10.1039/c9cc08238g,Q06187,,,,,,,,HL-60; K562; Ramos,
1371,10.1039/c9cc08238g,Q06187,,,,,,,,HL-60; K562; Ramos,
1372,10.1039/c9cc08238g,Q06187,,HTRF,,,,,,HL-60; K562; Ramos,
1373,10.1039/c9cc08238g,Q06187,Ramos,degradation reporter,18.0,,,,,HL-60; K562; Ramos,Ramos
1373,10.1039/c9cc08238g,P51451,Ramos,degradation reporter,18.0,,,,,,Ramos
1374,10.1039/c9cc08238g,Q06187,,,,,,,,HL-60; K562; Ramos,
1375,10.1039/c9cc08238g,Q06187,,HTRF,,,,,,HL-60; K562; Ramos,
1376,10.1039/c9cc08238g,Q06187,,HTRF,,,,,,HL-60; K562; Ramos,
1377,10.1021/acsmedchemlett.8b00011,P49336,,,,,,HepG2,Western blot,,HepG2
1378,10.1021/acsmedchemlett.8b00011,P49336,,other,,,,HepG2,Western blot,,HepG2
1379,10.1021/acsmedchemlett.8b00011,P49336,,other,,,,HepG2,Western blot,,HepG2
1380,10.1021/jacs.9b13907,Q06187,Mino,other,24.0,patient-derived primary chronic lymphocytic leukemia cells,degradation reporter,,,HL-60; K562; Ramos,Mino
1381,10.1021/jacs.9b13907,Q06187,Mino,other,24.0,patient-derived primary chronic lymphocytic leukemia cells,degradation reporter,,,HL-60; K562; Ramos,Mino
1382,10.1021/jacs.9b13907,Q06187,Mino,other,24.0,patient-derived primary chronic lymphocytic leukemia cells,degradation reporter,,,HL-60; K562; Ramos,Mino
1383,10.1021/jacs.9b13907,Q06187,Mino,other,24.0,patient-derived primary chronic lymphocytic leukemia cells,degradation reporter,,,HL-60; K562; Ramos,Mino
1384,10.1021/jacs.9b13907,Q06187,Mino,other,24.0,patient-derived primary chronic lymphocytic leukemia cells,degradation reporter,,,HL-60; K562; Ramos,Mino
1385,10.1021/jacs.9b13907,Q06187,Mino,other,24.0,patient-derived primary chronic lymphocytic leukemia cells,degradation reporter,,,HL-60; K562; Ramos,Mino
1386,10.1021/jacs.9b13907,Q06187,,,,patient-derived primary chronic lymphocytic leukemia cells,degradation reporter,,,HL-60; K562; Ramos,patient-derived primary chronic lymphocytic leukemia cells
1387,10.1021/jacs.9b13907,Q06187,,,,patient-derived primary chronic lymphocytic leukemia cells,degradation reporter,,,HL-60; K562; Ramos,patient-derived primary chronic lymphocytic leukemia cells
1388,10.1021/jacs.9b13907,Q06187,,,,patient-derived primary chronic lymphocytic leukemia cells,degradation reporter,,,HL-60; K562; Ramos,patient-derived primary chronic lymphocytic leukemia cells
1389,10.1021/jacs.9b13907,Q06187,,,,patient-derived primary chronic lymphocytic leukemia cells,degradation reporter,,,HL-60; K562; Ramos,patient-derived primary chronic lymphocytic leukemia cells
1390,10.1021/jacs.9b13907,Q06187,,,,patient-derived primary chronic lymphocytic leukemia cells,degradation reporter,,,HL-60; K562; Ramos,patient-derived primary chronic lymphocytic leukemia cells
1391,10.1021/jacs.9b13907,Q06187,,,,patient-derived primary chronic lymphocytic leukemia cells,degradation reporter,,,HL-60; K562; Ramos,patient-derived primary chronic lymphocytic leukemia cells
1392,10.1021/jacs.9b13907,Q06187,,,,patient-derived primary chronic lymphocytic leukemia cells,degradation reporter,,,HL-60; K562; Ramos,patient-derived primary chronic lymphocytic leukemia cells
1393,10.1021/jacs.9b13907,Q06187,,,,patient-derived primary chronic lymphocytic leukemia cells,degradation reporter,,,HL-60; K562; Ramos,patient-derived primary chronic lymphocytic leukemia cells
1394,10.1021/jacs.9b13907,Q06187,,,,patient-derived primary chronic lymphocytic leukemia cells,degradation reporter,,,HL-60; K562; Ramos,patient-derived primary chronic lymphocytic leukemia cells
1395,10.1021/jacs.9b13907,Q06187,,,,patient-derived primary chronic lymphocytic leukemia cells,degradation reporter,,,HL-60; K562; Ramos,patient-derived primary chronic lymphocytic leukemia cells
1396,10.1021/acschembio.8b01083,O60885,,,,,,,,,
1397,10.1021/acschembio.7b00969,P08581,EBC-1,AlphaScreen,,leukemia cell lines,,,,A549,EBC-1
1398,10.1021/acschembio.7b00969,P08581,EBC-1,AlphaScreen,,leukemia cell lines,,,,A549,EBC-1
1399,10.1021/acschembio.7b00969,P08581,EBC-1,AlphaScreen,,leukemia cell lines,,,,A549,EBC-1
1400,10.1021/acschembio.7b00969,P08581,EBC-1,AlphaScreen,,leukemia cell lines,,,,A549,EBC-1
1401,10.1021/acschembio.7b00969,P08581,EBC-1,AlphaScreen,,leukemia cell lines,,,,A549,EBC-1
1402,10.1021/acschembio.7b00969,P08581,EBC-1,AlphaScreen,,leukemia cell lines,,,,A549,EBC-1
1403,10.1021/acschembio.7b00969,P08581,,AlphaScreen,,leukemia cell lines,,,,A549,leukemia cell lines
1404,10.1021/acschembio.7b00969,P08581,EBC-1,AlphaScreen,,leukemia cell lines,,,,A549,EBC-1
1405,10.1021/acschembio.7b00969,P08581,EBC-1,AlphaScreen,,leukemia cell lines,,,,A549,EBC-1
1406,10.1021/acschembio.7b00969,P08581,EBC-1,AlphaScreen,,leukemia cell lines,,,,A549,EBC-1
1407,10.1021/acschembio.7b00969,P08581,EBC-1,AlphaScreen,,leukemia cell lines,,,,A549,EBC-1
1408,10.1021/acschembio.7b00969,P10721,GIST-T1,AlphaScreen,,leukemia cell lines,,,,,GIST-T1
1409,10.1021/acschembio.7b00969,P10721,GIST-T1,AlphaScreen,,leukemia cell lines,,,,,GIST-T1
1410,10.1021/acschembio.7b00969,P10721,GIST-T1,AlphaScreen,,leukemia cell lines,,,,,GIST-T1
1411,10.1021/acschembio.7b00969,P10721,GIST-T1,AlphaScreen,,leukemia cell lines,,,,,GIST-T1
1412,10.1021/acschembio.7b00969,P10721,GIST-T1,AlphaScreen,,leukemia cell lines,,,,,GIST-T1
1413,10.1021/acschembio.7b00969,P10721,GIST-T1,,,leukemia cell lines,,,,,GIST-T1
1414,10.1021/acschembio.7b00969,P10721,GIST-T1,AlphaScreen,,leukemia cell lines,,,,,GIST-T1
1415,10.1021/acschembio.7b00969,P10721,GIST-T1,AlphaScreen,,leukemia cell lines,,,,,GIST-T1
1416,10.1021/acschembio.7b00969,P10721,GIST-T1,AlphaScreen,,leukemia cell lines,,,,,GIST-T1
1417,10.1021/acschembio.7b00969,P10721,GIST-T1,AlphaScreen,,leukemia cell lines,,,,,GIST-T1
1418,10.1021/acschembio.7b00969,P10721,GIST-T1,AlphaScreen,,leukemia cell lines,,,,,GIST-T1
1419,10.1021/acschembio.7b00969,P10721,GIST-T1,AlphaScreen,,leukemia cell lines,,,,,GIST-T1
1420,10.1021/acschembio.7b00969,P10721,GIST-T1,AlphaScreen,,leukemia cell lines,,,,,GIST-T1
1421,10.1021/acschembio.7b00969,P10721,GIST-T1,AlphaScreen,,leukemia cell lines,,,,,GIST-T1
1422,10.1021/acschembio.7b00969,P10721,Kasumi-1,AlphaScreen,,leukemia cell lines,,,,,Kasumi-1
1423,10.1182/blood.2019003604,P11802,,other,,Ph+ ALL cells; CD34+ normal hematopoietic progenitors,Western blot; flow cytometry,,,HCT116; HeLa,Ph+ ALL cells
1423,10.1182/blood.2019003604,Q00534,,other,,Ph+ ALL cells; CD34+ normal hematopoietic progenitors,Western blot; flow cytometry,,,HCT116; HL-60; HL60,Ph+ ALL cells
1424,10.1182/blood.2019003604,P11802,,other,,Ph+ ALL cells; CD34+ normal hematopoietic progenitors,Western blot; flow cytometry,,,HCT116; HeLa,Ph+ ALL cells
1424,10.1182/blood.2019003604,Q00534,,other,,Ph+ ALL cells; CD34+ normal hematopoietic progenitors,Western blot; flow cytometry,,,HCT116; HL-60; HL60,Ph+ ALL cells
1425,10.1182/blood.2019003604,P11802,,other,,Ph+ ALL cells; CD34+ normal hematopoietic progenitors,Western blot; flow cytometry,,,HCT116; HeLa,Ph+ ALL cells
1425,10.1182/blood.2019003604,Q00534,,other,,Ph+ ALL cells; CD34+ normal hematopoietic progenitors,Western blot; flow cytometry,,,HCT116; HL-60; HL60,Ph+ ALL cells
1426,10.1182/blood.2019003604,P11802,BV173,other,,Ph+ ALL cells; CD34+ normal hematopoietic progenitors,Western blot; flow cytometry,,,HCT116; HeLa,BV173
1426,10.1182/blood.2019003604,Q00534,BV173,other,,Ph+ ALL cells; CD34+ normal hematopoietic progenitors,Western blot; flow cytometry,,,HCT116; HL-60; HL60,BV173
1427,10.1182/blood.2019003604,P11802,,,,Ph+ ALL cells; CD34+ normal hematopoietic progenitors,Western blot; flow cytometry,,,HCT116; HeLa,Ph+ ALL cells
1427,10.1182/blood.2019003604,Q00534,,,,Ph+ ALL cells; CD34+ normal hematopoietic progenitors,Western blot; flow cytometry,,,HCT116; HL-60; HL60,Ph+ ALL cells
1428,10.1182/blood.2019003604,P11802,BV173,other,,Ph+ ALL cells; CD34+ normal hematopoietic progenitors,Western blot; flow cytometry,,,HCT116; HeLa,BV173
1428,10.1182/blood.2019003604,Q00534,BV173,other,,Ph+ ALL cells; CD34+ normal hematopoietic progenitors,Western blot; flow cytometry,,,HCT116; HL-60; HL60,BV173
1429,10.1021/acsmedchemlett.9b00115,P10275,LNCaP,degradation reporter,3.0,,,,,MCF-7; PC-3; PC3,LNCaP
1430,10.1021/acsmedchemlett.9b00115,P10275,LNCaP,degradation reporter,3.0,,,,,MCF-7; PC-3; PC3,LNCaP
1431,10.1021/acsmedchemlett.9b00115,P10275,LNCaP,degradation reporter,3.0,,,,,MCF-7; PC-3; PC3,LNCaP
1432,10.1021/acsmedchemlett.9b00115,P10275,LNCaP,degradation reporter,3.0,,,,,MCF-7; PC-3; PC3,LNCaP
1433,10.1021/acsmedchemlett.9b00115,P10275,LNCaP,degradation reporter,3.0,,,,,MCF-7; PC-3; PC3,LNCaP
1434,10.1021/acsmedchemlett.9b00115,P10275,LNCaP,degradation reporter,3.0,,,,,MCF-7; PC-3; PC3,LNCaP
1435,10.3389/fncel.2022.801179,P10636,,,,FTD-patient induced pluripotent stem cells (iPSC)-derived neurons,tau degradation,,,,FTD-patient induced pluripotent stem cells (iPSC)-derived neurons
1436,10.3389/fncel.2022.801179,P10636,,,,FTD-patient induced pluripotent stem cells (iPSC)-derived neurons,tau degradation,,,,FTD-patient induced pluripotent stem cells (iPSC)-derived neurons
1437,10.3389/fncel.2022.801179,P10636,,,,FTD-patient induced pluripotent stem cells (iPSC)-derived neurons,tau degradation,,,,FTD-patient induced pluripotent stem cells (iPSC)-derived neurons
1438,10.3389/fncel.2022.801179,P10636,,,,FTD-patient induced pluripotent stem cells (iPSC)-derived neurons,tau degradation,,,,FTD-patient induced pluripotent stem cells (iPSC)-derived neurons
1439,10.3389/fncel.2022.801179,P10636,,,,FTD-patient induced pluripotent stem cells (iPSC)-derived neurons,tau degradation,,,,FTD-patient induced pluripotent stem cells (iPSC)-derived neurons
1440,10.1021/acsmedchemlett.9b00042,O60885,,other,,Calu-1; MDA-MB-231,,,,,Calu-1
1441,10.1021/acsmedchemlett.9b00042,O60885,,other,,Calu-1; MDA-MB-231,,,,,Calu-1
1442,10.1021/acsmedchemlett.9b00424,P10275,,,,AsPC-1,Western blot,,fluorescence thermal melt assay; Western blot; ELISA,MCF-7; PC-3; PC3,AsPC-1
1443,10.1021/acsmedchemlett.9b00424,P10275,,,,AsPC-1,Western blot,,fluorescence thermal melt assay; Western blot; ELISA,MCF-7; PC-3; PC3,AsPC-1
1444,10.1021/acsmedchemlett.9b00424,O60885,,,,AsPC-1,Western blot,,fluorescence thermal melt assay; Western blot; ELISA,,AsPC-1
1445,10.1021/acsmedchemlett.9b00424,O60885,,,,AsPC-1,Western blot,,fluorescence thermal melt assay; Western blot; ELISA,,AsPC-1
1446,10.1021/acsmedchemlett.9b00424,Q9UHD2,,,,AsPC-1,Western blot,,fluorescence thermal melt assay; Western blot; ELISA,HL-60,AsPC-1
1447,10.1021/acsmedchemlett.9b00424,Q9UHD2,,,,AsPC-1,Western blot,,fluorescence thermal melt assay; Western blot; ELISA,HL-60,AsPC-1
1448,10.1021/acsmedchemlett.9b00424,P11474,,,,AsPC-1,Western blot,,fluorescence thermal melt assay; Western blot; ELISA,HEK293; HEK293t; HeLa; MCF7; MDA-MB-231,AsPC-1
1449,10.1021/acsmedchemlett.9b00424,O60885,,,,AsPC-1,Western blot,,fluorescence thermal melt assay; Western blot; ELISA,,AsPC-1
1450,10.1021/acsmedchemlett.9b00424,O60885,,,,AsPC-1,Western blot,,fluorescence thermal melt assay; Western blot; ELISA,,AsPC-1
1451,10.1021/acsmedchemlett.9b00423,Q9NWZ3,OCILY-10,degradation reporter,4.0,,,PBMCs; THP-1; OCI-LY-10,degradation reporter,HL-60; HL60,OCILY-10
1452,10.1021/acsmedchemlett.9b00423,Q9NWZ3,OCILY-10,degradation reporter,4.0,,,PBMCs; THP-1; OCI-LY-10,degradation reporter,HL-60; HL60,OCILY-10
1453,10.1021/acsmedchemlett.9b00423,Q9NWZ3,OCILY-10,degradation reporter,4.0,,,PBMCs; THP-1; OCI-LY-10,degradation reporter,HL-60; HL60,OCILY-10
1454,10.1021/acsmedchemlett.9b00423,Q9NWZ3,OCILY-10,degradation reporter,4.0,,,PBMCs; THP-1; OCI-LY-10,degradation reporter,HL-60; HL60,OCILY-10
1455,10.1021/acsmedchemlett.9b00423,Q9NWZ3,OCILY-10,degradation reporter,4.0,,,PBMCs; THP-1; OCI-LY-10,degradation reporter,HL-60; HL60,OCILY-10
1456,10.1021/acsmedchemlett.9b00423,Q9NWZ3,OCILY-10,degradation reporter,4.0,,,PBMCs; THP-1; OCI-LY-10,degradation reporter,HL-60; HL60,OCILY-10
1457,10.1021/acsmedchemlett.9b00423,Q9NWZ3,OCILY-10,degradation reporter,4.0,,,PBMCs; THP-1; OCI-LY-10,degradation reporter,HL-60; HL60,OCILY-10
1458,10.1021/acsmedchemlett.9b00423,Q9NWZ3,OCILY-10,degradation reporter,4.0,,,PBMCs; THP-1; OCI-LY-10,degradation reporter,HL-60; HL60,OCILY-10
1459,10.1021/acsmedchemlett.9b00423,Q9NWZ3,OCILY-10,degradation reporter,4.0,,,PBMCs; THP-1; OCI-LY-10,degradation reporter,HL-60; HL60,OCILY-10
1460,10.1021/acsmedchemlett.9b00423,Q9NWZ3,OCILY-10,degradation reporter,4.0,,,PBMCs; THP-1; OCI-LY-10,degradation reporter,HL-60; HL60,OCILY-10
1461,10.1021/acsmedchemlett.9b00385,Q9NWZ3,MCF7,TR-FRET,,,,,,HL-60; HL60,MCF7
1462,10.1021/acsmedchemlett.9b00385,Q9NWZ3,MCF7,TR-FRET,,,,,,HL-60; HL60,MCF7
1463,10.1021/acsmedchemlett.9b00385,Q9NWZ3,MCF7,TR-FRET,,,,,,HL-60; HL60,MCF7
1464,10.1021/acsmedchemlett.9b00385,Q9NWZ3,MCF7,TR-FRET,,,,,,HL-60; HL60,MCF7
1465,10.1021/acsmedchemlett.9b00385,Q9NWZ3,MCF7,TR-FRET,,,,,,HL-60; HL60,MCF7
1466,10.1021/acsmedchemlett.9b00385,Q9NWZ3,MCF7,TR-FRET,,,,,,HL-60; HL60,MCF7
1467,10.1021/acsmedchemlett.9b00397,P03372,MCF7,TR-FRET,,human acute leukemia cell lines,degradation assay; cell growth inhibition,,,HeLa; MCF-7,MCF7
1468,10.1021/acsmedchemlett.9b00397,P03372,MCF7,TR-FRET,,human acute leukemia cell lines,degradation assay; cell growth inhibition,,,HeLa; MCF-7,MCF7
1469,10.1021/acsmedchemlett.9b00397,P03372,MCF7,TR-FRET,,human acute leukemia cell lines,degradation assay; cell growth inhibition,,,HeLa; MCF-7,MCF7
1470,10.1021/acsmedchemlett.9b00397,P03372,MCF7,TR-FRET,,human acute leukemia cell lines,degradation assay; cell growth inhibition,,,HeLa; MCF-7,MCF7
1471,10.1021/acsmedchemlett.9b00397,P03372,MCF7,TR-FRET,,human acute leukemia cell lines,degradation assay; cell growth inhibition,,,HeLa; MCF-7,MCF7
1472,10.1021/acsmedchemlett.9b00397,P03372,MCF7,TR-FRET,,human acute leukemia cell lines,degradation assay; cell growth inhibition,,,HeLa; MCF-7,MCF7
1473,10.1021/acsmedchemlett.9b00283,P00533,Ba/F3,other,,human cells,chemical proteomics,,,,Ba/F3
1473,10.1002/anie.202003500,P00533,Ba/F3,other,,Ba/F3,cell proliferation assay,,,,Ba/F3
1474,10.1002/anie.202003500,P00533,Ba/F3,other,,Ba/F3,cell proliferation assay,,,,Ba/F3
1475,10.1021/acsmedchemlett.9b00283,P00533,Ba/F3,other,,human cells,chemical proteomics,,,,Ba/F3
1476,10.1002/anie.202003500,P00533,Ba/F3,other,,Ba/F3,cell proliferation assay,,,,Ba/F3
1476,10.1002/anie.202003500,P00533,Ba/F3,other,,Ba/F3,cell proliferation assay,,,,Ba/F3
1476,10.1002/anie.202003500,P00533,Ba/F3,other,,Ba/F3,cell proliferation assay,,,,Ba/F3
1477,10.1021/acsmedchemlett.9b00296,Q9UM73,,,,K562,degradation reporter,SU-DHL-1,luciferase; other,,SU-DHL-1
1478,10.1021/acsmedchemlett.9b00296,Q9UM73,,,,K562,degradation reporter,SU-DHL-1,luciferase; other,,SU-DHL-1
1479,10.1021/acsmedchemlett.9b00296,Q9UM73,,,,K562,degradation reporter,SU-DHL-1,luciferase; other,,SU-DHL-1
1480,10.1021/acsmedchemlett.9b00584,P01116,H2023,degradation reporter,,,,,,A549; HCT116,H2023
1481,10.1021/acsmedchemlett.9b00584,P01116,H2023,degradation reporter,,,,,,A549; HCT116,H2023
1482,10.1021/acsmedchemlett.9b00584,P01116,H2023,degradation reporter,,,,,,A549; HCT116,H2023
1483,10.1021/acsmedchemlett.9b00584,P01116,H2023,degradation reporter,,,,,,A549; HCT116,H2023
1484,10.1021/acsmedchemlett.9b00584,P01116,H2023,degradation reporter,,,,,,A549; HCT116,H2023
1485,10.1021/acsmedchemlett.9b00584,P01116,H2023,degradation reporter,,,,,,A549; HCT116,H2023
1486,10.1021/acs.jmedchem.0c00471,Q06124,KYSE520,degradation reporter,6.0,KYSE520; MV4;11,Western blot,,other,HEK293,KYSE520
1487,10.1021/acs.jmedchem.0c00471,Q06124,KYSE520,degradation reporter,6.0,KYSE520; MV4;11,Western blot,,other,HEK293,KYSE520
1488,10.1021/acs.jmedchem.0c00471,Q06124,KYSE520,degradation reporter,6.0,KYSE520; MV4;11,Western blot,,other,HEK293,KYSE520
1489,10.1021/acs.jmedchem.0c00471,Q06124,KYSE520,degradation reporter,6.0,KYSE520; MV4;11,Western blot,,other,HEK293,KYSE520
1490,10.1021/acs.jmedchem.0c00471,Q06124,KYSE520,degradation reporter,6.0,KYSE520; MV4;11,Western blot,,other,HEK293,KYSE520
1491,10.1021/acs.jmedchem.0c00471,Q06124,KYSE520,degradation reporter,6.0,KYSE520; MV4;11,Western blot,,other,HEK293,KYSE520
1492,10.1021/acs.jmedchem.0c00471,Q06124,KYSE520,degradation reporter,6.0,KYSE520; MV4;11,Western blot,,other,HEK293,KYSE520
1493,10.1021/acs.jmedchem.0c00471,Q06124,KYSE520,degradation reporter,6.0,KYSE520; MV4;11,Western blot,,other,HEK293,KYSE520
1494,10.1021/acs.jmedchem.0c00471,Q06124,KYSE520,degradation reporter,6.0,KYSE520; MV4;11,Western blot,,other,HEK293,KYSE520
1495,10.1021/acs.jmedchem.0c00471,Q06124,KYSE520,degradation reporter,6.0,KYSE520; MV4;11,Western blot,,other,HEK293,KYSE520
1496,10.1021/acs.jmedchem.0c00471,Q06124,KYSE520,degradation reporter,6.0,KYSE520; MV4;11,Western blot,,other,HEK293,KYSE520
1497,10.1021/acs.jmedchem.0c00471,Q06124,KYSE520,degradation reporter,6.0,KYSE520; MV4;11,Western blot,,other,HEK293,KYSE520
1498,10.1021/acs.jmedchem.0c00471,Q06124,KYSE520,degradation reporter,6.0,KYSE520; MV4;11,Western blot,,other,HEK293,KYSE520
1499,10.1021/acs.jmedchem.0c00471,Q06124,KYSE520,degradation reporter,6.0,KYSE520; MV4;11,Western blot,,other,HEK293,KYSE520
1500,10.1021/acs.jmedchem.0c00471,Q06124,KYSE520,degradation reporter,6.0,KYSE520; MV4;11,Western blot,,other,HEK293,KYSE520
1501,10.1021/acs.jmedchem.0c00471,Q06124,KYSE520,degradation reporter,6.0,KYSE520; MV4;11,Western blot,,other,HEK293,KYSE520
1502,10.1021/acs.jmedchem.0c00471,Q06124,KYSE520,degradation reporter,6.0,KYSE520; MV4;11,Western blot,,other,HEK293,KYSE520
1503,10.1021/acs.jmedchem.0c00471,Q06124,KYSE520,degradation reporter,6.0,KYSE520; MV4;11,Western blot,,other,HEK293,KYSE520
1504,10.1021/acs.jmedchem.0c00471,Q06124,KYSE520,degradation reporter,6.0,KYSE520; MV4;11,Western blot,,other,HEK293,KYSE520
1505,10.1021/acs.jmedchem.0c00471,Q06124,KYSE520,degradation reporter,12.0,KYSE520; MV4;11,Western blot,,other,HEK293,KYSE520
1506,10.1021/acs.jmedchem.0c00471,Q06124,KYSE520,degradation reporter,6.0,KYSE520; MV4;11,Western blot,,other,HEK293,KYSE520
1507,10.1021/acs.jmedchem.0c00471,Q06124,KYSE520,degradation reporter,6.0,KYSE520; MV4;11,Western blot,,other,HEK293,KYSE520
1508,10.1021/acs.jmedchem.0c00471,Q06124,KYSE520,degradation reporter,6.0,KYSE520; MV4;11,Western blot,,other,HEK293,KYSE520
1509,10.1021/acsmedchemlett.9b00372,Q05397,,degradation reporter,8.0,,,,,MCF7; MDA-MB-231; MDA-MB-468; PC3,
1509,10.1021/acsmedchemlett.9b00372,Q05397,,degradation reporter,8.0,,,,,MCF7; MDA-MB-231; MDA-MB-468; PC3,
1509,10.1007/s13238-020-00732-8,Q05397,,degradation reporter,8.0,MCF7; A549,,,,MCF7; MDA-MB-231; MDA-MB-468; PC3,MCF7
1510,10.1021/acs.jmedchem.9b02058,nan,K562,degradation reporter,,K562,Western blot,,,,K562
1511,10.1021/acs.jmedchem.9b02058,nan,K562,degradation reporter,,K562,Western blot,,,,K562
1512,10.1021/acs.jmedchem.9b02058,nan,K562,other,,K562,Western blot,,,,K562
1513,10.1021/acs.jmedchem.9b02058,nan,K562,other,,K562,Western blot,,,,K562
1514,10.1021/acs.jmedchem.9b02058,nan,K562,other,,K562,Western blot,,,,K562
1515,10.1021/acscentsci.9b00713,P25440,,,,,,,,HL60,
1516,10.1126/sciadv.aay5064,P25440,,,,,,,,HL60,
1516,10.1126/sciadv.aay5064,Q15059,,,,,,,,HL60; Jurkat,
1516,10.1126/sciadv.aay5064,O60885,,,,,,,,,
1517,10.1126/sciadv.aay5064,P25440,,,,,,,,HL60,
1517,10.1126/sciadv.aay5064,Q15059,,,,,,,,HL60; Jurkat,
1517,10.1126/sciadv.aay5064,O60885,,,,,,,,,
1518,10.1126/sciadv.aay5064,P25440,RS4;11,other,,,,,,HL60,RS4;11
1518,10.1126/sciadv.aay5064,Q15059,RS4;11,other,,,,,,HL60; Jurkat,RS4;11
1518,10.1126/sciadv.aay5064,O60885,RS4;11,other,,,,,,,RS4;11
1519,10.1126/sciadv.aay5064,P25440,,,,,,,,HL60,
1519,10.1126/sciadv.aay5064,Q15059,,,,,,,,HL60; Jurkat,
1519,10.1126/sciadv.aay5064,O60885,,,,,,,,,
1520,10.1126/sciadv.aay5064,P25440,,,,,,,,HL60,
1520,10.1126/sciadv.aay5064,Q15059,,,,,,,,HL60; Jurkat,
1520,10.1126/sciadv.aay5064,O60885,,,,,,,,,
1521,10.1126/sciadv.aay5064,P25440,,,,,,,,HL60,
1521,10.1126/sciadv.aay5064,Q15059,,,,,,,,HL60; Jurkat,
1521,10.1126/sciadv.aay5064,O60885,,,,,,,,,
1522,10.1126/sciadv.aay5064,P25440,,,,,,,,HL60,
1522,10.1126/sciadv.aay5064,Q15059,,,,,,,,HL60; Jurkat,
1522,10.1126/sciadv.aay5064,O60885,,,,,,,,,
1523,10.1126/sciadv.aay5064,P25440,,,,,,,,HL60,
1523,10.1126/sciadv.aay5064,Q15059,,,,,,,,HL60; Jurkat,
1523,10.1126/sciadv.aay5064,O60885,,,,,,,,,
1524,10.1126/sciadv.aay5064,P25440,,,,,,,,HL60,
1524,10.1126/sciadv.aay5064,Q15059,,,,,,,,HL60; Jurkat,
1524,10.1126/sciadv.aay5064,O60885,,,,,,,,,
1525,10.1126/sciadv.aay5064,P25440,,,,,,,,HL60,
1525,10.1126/sciadv.aay5064,Q15059,,,,,,,,HL60; Jurkat,
1525,10.1126/sciadv.aay5064,O60885,,,,,,,,,
1526,10.1126/sciadv.aay5064,P25440,,,,,,,,HL60,
1526,10.1126/sciadv.aay5064,Q15059,,,,,,,,HL60; Jurkat,
1526,10.1126/sciadv.aay5064,O60885,,,,,,,,,
1527,10.1126/sciadv.aay5064,P25440,,,,,,,,HL60,
1527,10.1126/sciadv.aay5064,Q15059,,,,,,,,HL60; Jurkat,
1527,10.1126/sciadv.aay5064,O60885,,,,,,,,,
1528,10.1126/sciadv.aay5064,P25440,,,,,,,,HL60,
1528,10.1126/sciadv.aay5064,Q15059,,,,,,,,HL60; Jurkat,
1528,10.1126/sciadv.aay5064,O60885,,,,,,,,,
1529,10.1126/sciadv.aay5064,P62942,,,,,,,,,
1530,10.1126/sciadv.aay5064,P62942,,,,,,,,,
1531,10.1126/sciadv.aay5064,P62942,,,,,,,,,
1532,10.1126/sciadv.aay5064,P62942,,,,,,,,,
1533,10.1126/sciadv.aay5064,P62942,,,,,,,,,
1534,10.1126/sciadv.aay5064,P62942,,,,,,,,,
1535,10.1002/anie.201914396,O60885,HeLa,other,4.0,,,,,,HeLa
1535,10.1002/anie.201914396,P25440,HeLa,other,4.0,,,,,HL60,HeLa
1535,10.1002/anie.201914396,Q15059,HeLa,other,4.0,,,,,HL60; Jurkat,HeLa
1536,10.1002/anie.201914396,P25440,,,,,,,,HL60,
1536,10.1002/anie.201914396,Q15059,,,,,,,,HL60; Jurkat,
1536,10.1002/anie.201914396,O60885,,,,,,,,,
1537,10.1021/acs.biochem.8b00391,Q06187,,,,,Western blot,,,HL-60; K562; Ramos,
1538,10.1002/anie.202003500,P00533,Ba/F3,HTRF,,Ba/F3,cell proliferation assay,,,,Ba/F3
1539,10.1021/acs.biochem.8b00391,Q06187,,,,,Western blot,,,HL-60; K562; Ramos,
1540,10.1002/anie.202003500,P00533,Ba/F3,HTRF,,Ba/F3,cell proliferation assay,,,,Ba/F3
1541,10.1002/anie.202003500,P00533,Ba/F3,other,,Ba/F3,cell proliferation assay,,,,Ba/F3
1542,10.1002/anie.202003500,P00533,Ba/F3,other,,Ba/F3,cell proliferation assay,,,,Ba/F3
1543,10.1002/anie.202003500,P00533,Ba/F3,other,,Ba/F3,cell proliferation assay,,,,Ba/F3
1544,10.1002/anie.202003500,P00533,Ba/F3,other,,Ba/F3,cell proliferation assay,,,,Ba/F3
1545,10.1002/anie.202003500,P00533,Ba/F3,other,,Ba/F3,cell proliferation assay,,,,Ba/F3
1546,10.1002/anie.202003500,P00533,Ba/F3,other,,Ba/F3,cell proliferation assay,,,,Ba/F3
1547,10.1002/anie.202003500,P00533,Ba/F3,other,,Ba/F3,cell proliferation assay,,,,Ba/F3
1548,10.1002/anie.202003500,P00533,Ba/F3,other,,Ba/F3,cell proliferation assay,,,,Ba/F3
1549,10.1002/anie.202003500,P00533,Ba/F3,other,,Ba/F3,cell proliferation assay,,,,Ba/F3
1550,10.1002/anie.202003500,P00533,Ba/F3,other,,Ba/F3,cell proliferation assay,,,,Ba/F3
1551,10.1002/anie.202003500,P00533,Ba/F3,other,,Ba/F3,cell proliferation assay,,,,Ba/F3
1552,10.1002/anie.202003500,P00533,Ba/F3,other,,Ba/F3,cell proliferation assay,,,,Ba/F3
1553,10.1002/anie.202003500,P00533,Ba/F3,other,,Ba/F3,cell proliferation assay,,,,Ba/F3
1554,10.1002/anie.202003500,P00533,Ba/F3,other,,Ba/F3,cell proliferation assay,,,,Ba/F3
1555,10.1002/anie.202003500,P00533,Ba/F3,other,,Ba/F3,cell proliferation assay,,,,Ba/F3
1556,10.1021/acsmedchemlett.0c00194,P10275,,,,,,LNCaP,Western blot,MCF-7; PC-3; PC3,LNCaP
1557,10.1021/acsmedchemlett.0c00194,P10275,,,,,,LNCaP,Western blot,MCF-7; PC-3; PC3,LNCaP
1558,10.1021/acsmedchemlett.0c00194,P10275,,,,,,LNCaP,Western blot,MCF-7; PC-3; PC3,LNCaP
1559,10.1021/acsmedchemlett.0c00194,P10275,,,,,,LNCaP,Western blot,MCF-7; PC-3; PC3,LNCaP
1560,10.1021/acsmedchemlett.0c00194,P10275,,other,5.0,,,LNCaP,Western blot,MCF-7; PC-3; PC3,LNCaP
1561,10.1021/acsmedchemlett.0c00194,P10275,LNCaP,degradation reporter,6.0,,,LNCaP,Western blot,MCF-7; PC-3; PC3,LNCaP
1562,10.1021/acsmedchemlett.0c00194,P10275,,other,5.0,,,LNCaP,Western blot,MCF-7; PC-3; PC3,LNCaP
1563,10.1021/acsmedchemlett.0c00194,P10275,,other,5.0,,,LNCaP,Western blot,MCF-7; PC-3; PC3,LNCaP
1564,10.1021/acsmedchemlett.0c00194,P10275,,other,,,,LNCaP,Western blot,MCF-7; PC-3; PC3,LNCaP
1565,10.1021/acsmedchemlett.0c00194,P10275,,other,5.0,,,LNCaP,Western blot,MCF-7; PC-3; PC3,LNCaP
1566,10.1021/acsmedchemlett.0c00194,P10275,,other,5.0,,,LNCaP,Western blot,MCF-7; PC-3; PC3,LNCaP
1567,10.1021/acsmedchemlett.0c00194,P10275,,other,,,,LNCaP,Western blot,MCF-7; PC-3; PC3,LNCaP
1568,10.1021/acsmedchemlett.0c00194,P10275,,other,5.0,,,LNCaP,Western blot,MCF-7; PC-3; PC3,LNCaP
1569,10.1021/acsmedchemlett.0c00194,P10275,,other,5.0,,,LNCaP,Western blot,MCF-7; PC-3; PC3,LNCaP
1570,10.1021/acsmedchemlett.0c00192,P37840,,,,Jurkat,,,,,Jurkat
1571,10.1021/acsmedchemlett.0c00192,P37840,,,,Jurkat,,,,,Jurkat
1572,10.1021/acsmedchemlett.0c00192,P37840,,,,Jurkat,,,,,Jurkat
1573,10.1021/acsmedchemlett.0c00192,P37840,,,,Jurkat,,,,,Jurkat
1574,10.1021/acsmedchemlett.0c00192,P37840,,,,Jurkat,,,,,Jurkat
1575,10.1021/acsmedchemlett.0c00192,P37840,,,,Jurkat,,,,,Jurkat
1576,10.1021/acsmedchemlett.0c00235,P04629,,other,,,Western blot,,,HEK293,
1576,10.1021/acsmedchemlett.0c00235,Q16620,,other,,,Western blot,,,HEK293,
1576,10.1021/acsmedchemlett.0c00235,Q16288,,other,,,Western blot,,,HEK293,
1577,10.1021/acsmedchemlett.0c00235,P04629,,luciferase,,,Western blot,,,HEK293,
1577,10.1021/acsmedchemlett.0c00235,Q16620,,luciferase,,,Western blot,,,HEK293,
1577,10.1021/acsmedchemlett.0c00235,Q16288,,luciferase,,,Western blot,,,HEK293,
1578,10.1021/acsmedchemlett.0c00235,P04629,,luciferase,,,Western blot,,,HEK293,
1578,10.1021/acsmedchemlett.0c00235,Q16620,,luciferase,,,Western blot,,,HEK293,
1578,10.1021/acsmedchemlett.0c00235,Q16288,,luciferase,,,Western blot,,,HEK293,
1579,10.1021/acsmedchemlett.0c00235,P04629,,luciferase,,,Western blot,,,HEK293,
1579,10.1021/acsmedchemlett.0c00235,Q16620,,luciferase,,,Western blot,,,HEK293,
1579,10.1021/acsmedchemlett.0c00235,Q16288,,luciferase,,,Western blot,,,HEK293,
1580,10.1021/acsmedchemlett.0c00235,P04629,,luciferase,,,Western blot,,,HEK293,
1580,10.1021/acsmedchemlett.0c00235,Q16620,,luciferase,,,Western blot,,,HEK293,
1580,10.1021/acsmedchemlett.0c00235,Q16288,,luciferase,,,Western blot,,,HEK293,
1581,10.1021/acsmedchemlett.0c00235,P04629,,luciferase,,,Western blot,,,HEK293,
1581,10.1021/acsmedchemlett.0c00235,Q16620,,luciferase,,,Western blot,,,HEK293,
1581,10.1021/acsmedchemlett.0c00235,Q16288,,luciferase,,,Western blot,,,HEK293,
1582,10.1021/acsmedchemlett.0c00235,P04629,,luciferase,,,Western blot,,,HEK293,
1582,10.1021/acsmedchemlett.0c00235,Q16620,,luciferase,,,Western blot,,,HEK293,
1582,10.1021/acsmedchemlett.0c00235,Q16288,,luciferase,,,Western blot,,,HEK293,
1583,10.1021/acsmedchemlett.0c00235,P04629,,luciferase,,,Western blot,,,HEK293,
1583,10.1021/acsmedchemlett.0c00235,Q16620,,luciferase,,,Western blot,,,HEK293,
1583,10.1021/acsmedchemlett.0c00235,Q16288,,luciferase,,,Western blot,,,HEK293,
1584,10.1021/acsmedchemlett.0c00236,P10275,LNCaP,ELISA,4.0,HCT116; HT29,Western blot; proteomics,LNCaP; VCaP,ELISA,MCF-7; PC-3; PC3,LNCaP
1585,10.1021/acsmedchemlett.0c00236,P10275,LNCaP,ELISA,4.0,HCT116; HT29,Western blot; proteomics,LNCaP; VCaP,ELISA,MCF-7; PC-3; PC3,LNCaP
1586,10.1021/acsmedchemlett.0c00236,P10275,LNCaP,ELISA,4.0,HCT116; HT29,Western blot; proteomics,LNCaP; VCaP,ELISA,MCF-7; PC-3; PC3,LNCaP
1587,10.1021/acsmedchemlett.0c00236,P10275,LNCaP,ELISA,4.0,HCT116; HT29,Western blot; proteomics,LNCaP; VCaP,ELISA,MCF-7; PC-3; PC3,LNCaP
1588,10.1021/acsmedchemlett.0c00236,P10275,LNCaP,ELISA,4.0,HCT116; HT29,Western blot; proteomics,LNCaP; VCaP,ELISA,MCF-7; PC-3; PC3,LNCaP
1589,10.1021/acsmedchemlett.0c00236,P10275,LNCaP,ELISA,4.0,HCT116; HT29,Western blot; proteomics,LNCaP; VCaP,ELISA,MCF-7; PC-3; PC3,LNCaP
1590,10.1021/acsmedchemlett.0c00236,P10275,LNCaP,ELISA,4.0,HCT116; HT29,Western blot; proteomics,LNCaP; VCaP,ELISA,MCF-7; PC-3; PC3,LNCaP
1591,10.1038/s41589-019-0304-8,O60885,,,,breast cancer cells,activity-based protein profiling; ubiquitination assay,,,,breast cancer cells
1592,10.1038/s41589-019-0304-8,O60885,,other,,breast cancer cells,activity-based protein profiling; ubiquitination assay,,,,breast cancer cells
1593,10.1021/acs.jmedchem.0c00929,O43924,SW480,other,24.0,SW480,Western blot,,fluorescence anisotropy,A549; MOLT4,SW480
1594,10.1021/acs.jmedchem.0c00929,O43924,SW480,other,24.0,SW480,Western blot,,fluorescence anisotropy,A549; MOLT4,SW480
1595,10.1021/acs.jmedchem.0c00929,O43924,SW480,degradation reporter,24.0,SW480,Western blot,,fluorescence anisotropy,A549; MOLT4,SW480
1596,10.1021/acs.jmedchem.0c00929,O43924,SW480,degradation reporter,24.0,SW480,Western blot,,fluorescence anisotropy,A549; MOLT4,SW480
1597,10.1021/acs.jmedchem.0c00929,O43924,SW480,degradation reporter,24.0,SW480,Western blot,,fluorescence anisotropy,A549; MOLT4,SW480
1598,10.1021/acs.jmedchem.0c00929,O43924,SW480,degradation reporter,24.0,SW480,Western blot,,fluorescence anisotropy,A549; MOLT4,SW480
1599,10.1021/acs.jmedchem.0c00929,O43924,SW480,degradation reporter,24.0,SW480,Western blot,,fluorescence anisotropy,A549; MOLT4,SW480
1600,10.1021/acs.jmedchem.0c00929,O43924,SW480,degradation reporter,24.0,SW480,Western blot,,fluorescence anisotropy,A549; MOLT4,SW480
1601,10.1021/acs.jmedchem.0c00929,O43924,SW480,degradation reporter,24.0,SW480,Western blot,,fluorescence anisotropy,A549; MOLT4,SW480
1602,10.1021/acs.jmedchem.0c00967,nan,K562,degradation reporter,32.0,,,,other,,K562
1603,10.1021/acs.jmedchem.0c00967,nan,K562,degradation reporter,32.0,,,,other,,K562
1604,10.1021/acs.jmedchem.0c00967,nan,K562,degradation reporter,32.0,,,,other,,K562
1605,10.1021/acs.jmedchem.0c00967,nan,K562,degradation reporter,32.0,,,,other,,K562
1606,10.1021/acs.jmedchem.0c00967,nan,K562,degradation reporter,32.0,,,,other,,K562
1607,10.1021/acs.jmedchem.0c00967,nan,K562,degradation reporter,48.0,,,,other,,K562
1608,10.1021/acs.jmedchem.0c00967,nan,K562,degradation reporter,48.0,,,,other,,K562
1609,10.1021/acs.jmedchem.0c00967,nan,K562,degradation reporter,48.0,,,,other,,K562
1610,10.1021/acs.jmedchem.0c00967,nan,K562,degradation reporter,48.0,,,,other,,K562
1611,10.1021/acs.jmedchem.0c00967,nan,K562,degradation reporter,32.0,,,,other,,K562
1612,10.1021/acs.jmedchem.0c00967,nan,K562,degradation reporter,32.0,,,,other,,K562
1613,10.1021/acs.jmedchem.0c00967,nan,K562,degradation reporter,32.0,,,,other,,K562
1614,10.1021/acs.jmedchem.0c00967,nan,K562,degradation reporter,32.0,,,,other,,K562
1615,10.1021/acs.jmedchem.0c00967,nan,BaF3 BCR-ABL(T315I),other,,,,,other,,BaF3 BCR-ABL(T315I)
1615,10.1021/acs.jmedchem.0c00967,nan,BaF3 BCR-ABL(T315I),other,,,,,other,,BaF3 BCR-ABL(T315I)
1616,10.1021/acs.jmedchem.0c00967,nan,K562,degradation reporter,32.0,,,,other,,K562
1617,10.1021/acs.jmedchem.0c00967,nan,K562,degradation reporter,32.0,,,,other,,K562
1618,10.1021/acs.jmedchem.0c00967,nan,K562,degradation reporter,32.0,,,,other,,K562
1619,10.1021/acs.jmedchem.0c00967,nan,K562,degradation reporter,32.0,,,,other,,K562
1620,10.1021/acs.jmedchem.0c00967,nan,K562,other,,,,,other,,K562
1620,10.1021/acs.jmedchem.0c00967,nan,K562,other,,,,,other,,K562
1620,10.1021/acs.jmedchem.0c00967,nan,K562,other,,,,,other,,K562
1620,10.1021/acs.jmedchem.0c00967,nan,K562,other,,,,,other,,K562
1620,10.1021/acs.jmedchem.0c00967,nan,K562,other,,,,,other,,K562
1621,10.1021/acs.jmedchem.0c00967,nan,K562,degradation reporter,32.0,,,,other,,K562
1622,10.1021/acs.jmedchem.0c00967,nan,BaF3,other,,,,,other,,BaF3
1623,10.1021/acschembio.0c00348,nan,,,,leukemia cancer cells,,K562,Western blot,,K562
1624,10.1021/acschembio.0c00348,nan,,,,leukemia cancer cells,,K562,Western blot,,K562
1625,10.1016/j.ejmech.2020.112451,Q16539,,,,,,,,,
1626,10.1016/j.ejmech.2020.112451,Q16539,,,,,,,,,
1627,10.1016/j.ejmech.2020.112451,Q16539,,,,,,,,,
1628,10.1016/j.ejmech.2020.112451,Q16539,,,,,,,,,
1629,10.1016/j.ejmech.2020.112451,Q16539,,,,,,,,,
1630,10.1016/j.ejmech.2020.112451,Q16539,,,,,,,,,
1631,10.1016/j.ejmech.2020.112451,Q16539,,,,,,,,,
1632,10.1016/j.ejmech.2020.112451,Q16539,,,,,,,,,
1633,10.1016/j.ejmech.2020.112451,Q16539,,,,,,,,,
1634,10.1016/j.ejmech.2020.112451,Q16539,,,,,,,,,
1635,10.1016/j.ejmech.2020.112451,Q16539,,,,,,,,,
1636,10.1016/j.ejmech.2020.112451,Q15759,T47D,degradation reporter,24.0,,,,,,T47D
1636,10.1016/j.ejmech.2020.112451,Q16539,T47D,degradation reporter,24.0,,,,,,T47D
1637,10.1016/j.ejmech.2020.112451,Q16539,,,,,,,,,
1638,10.1016/j.ejmech.2020.112451,Q16539,,,,,,,,,
1639,10.1016/j.ejmech.2020.112451,Q16539,,,,,,,,,
1640,10.1016/j.ejmech.2020.112451,Q16539,,,,,,,,,
1641,10.1016/j.ejmech.2020.112451,Q16539,,,,,,,,,
1642,10.1016/j.ejmech.2020.112451,Q16539,,,,,,,,,
1643,10.1016/j.ejmech.2020.112451,Q16539,,,,,,,,,
1644,10.1016/j.ejmech.2020.112451,Q16539,,,,,,,,,
1645,10.1016/j.ejmech.2020.112451,Q15759,MDA-MB-231,degradation reporter,24.0,,,,,,MDA-MB-231
1645,10.1016/j.ejmech.2020.112451,Q16539,MDA-MB-231,degradation reporter,24.0,,,,,,MDA-MB-231
1646,10.1016/j.ejmech.2020.112451,Q16539,,,,,,,,,
1647,10.1016/j.ejmech.2020.112451,Q16539,,,,,,,,,
1648,10.1039/d0cc02201b,nan,K562,degradation reporter,24.0,,,K562,Western blot; flow cytometry,,K562
1649,10.1021/acschembio.0c00266,Q07817,THP-1,HTRF,24.0,,,,,Jurkat,THP-1
1650,10.1073/pnas.1803662115,Q06187,Ramos,degradation reporter,24.0,,,,,HL-60; K562; Ramos,Ramos
1651,10.1021/acs.jmedchem.6b01912,P25440,HeLa,degradation reporter,24.0,acute myeloid leukemia cell lines,degradation,,,HL60,HeLa
1651,10.1021/acschembio.9b00092,P25440,HeLa,degradation reporter,24.0,,SPR; degradation kinetics,,,HL60,HeLa
1651,10.1021/acschembio.9b00092,Q15059,HeLa,degradation reporter,24.0,,SPR; degradation kinetics,,,HL60; Jurkat,HeLa
1651,10.1021/acschembio.9b00092,O60885,HeLa,degradation reporter,24.0,,SPR; degradation kinetics,,,,HeLa
1651,10.1021/acs.jmedchem.6b01912,Q15059,HeLa,degradation reporter,24.0,acute myeloid leukemia cell lines,degradation,,,HL60; Jurkat,HeLa
1651,10.1021/acs.jmedchem.6b01912,O60885,HeLa,degradation reporter,24.0,acute myeloid leukemia cell lines,degradation,,,,HeLa
1652,10.1021/acs.jmedchem.6b01912,P25440,HeLa,degradation reporter,24.0,acute myeloid leukemia cell lines,degradation,,,HL60,HeLa
1652,10.1021/acs.jmedchem.6b01912,Q15059,HeLa,degradation reporter,24.0,acute myeloid leukemia cell lines,degradation,,,HL60; Jurkat,HeLa
1652,10.1021/acs.jmedchem.6b01912,O60885,HeLa,degradation reporter,24.0,acute myeloid leukemia cell lines,degradation,,,,HeLa
1653,10.1021/acs.jmedchem.6b01912,P25440,HeLa,degradation reporter,24.0,acute myeloid leukemia cell lines,degradation,,,HL60,HeLa
1653,10.1021/acschembio.9b00092,P25440,HeLa,degradation reporter,24.0,,SPR; degradation kinetics,,,HL60,HeLa
1653,10.1021/acschembio.9b00092,Q15059,HeLa,degradation reporter,24.0,,SPR; degradation kinetics,,,HL60; Jurkat,HeLa
1653,10.1021/acschembio.9b00092,O60885,HeLa,degradation reporter,24.0,,SPR; degradation kinetics,,,,HeLa
1653,10.1021/acs.jmedchem.6b01912,Q15059,HeLa,degradation reporter,24.0,acute myeloid leukemia cell lines,degradation,,,HL60; Jurkat,HeLa
1653,10.1021/acs.jmedchem.6b01912,O60885,HeLa,degradation reporter,24.0,acute myeloid leukemia cell lines,degradation,,,,HeLa
1654,10.1021/acs.jmedchem.6b01912,P25440,HeLa,degradation reporter,24.0,acute myeloid leukemia cell lines,degradation,,,HL60,HeLa
1654,10.1021/acs.jmedchem.6b01912,Q15059,HeLa,degradation reporter,24.0,acute myeloid leukemia cell lines,degradation,,,HL60; Jurkat,HeLa
1654,10.1021/acs.jmedchem.6b01912,O60885,HeLa,degradation reporter,24.0,acute myeloid leukemia cell lines,degradation,,,,HeLa
1655,10.1021/acs.jmedchem.8b01826,Q05397,HLF,degradation reporter,18.0,HCC cell lines (panel of 11),degradation reporter,HCC cell lines (panel of 11),Western blot,MCF7; MDA-MB-231; MDA-MB-468; PC3,HLF
1655,10.1021/acs.jmedchem.8b01826,Q05397,HLF,degradation reporter,18.0,HCC cell lines (panel of 11),degradation reporter,HCC cell lines (panel of 11),Western blot,MCF7; MDA-MB-231; MDA-MB-468; PC3,HLF
1655,10.1021/acs.jmedchem.8b01826,Q05397,HLF,degradation reporter,18.0,HCC cell lines (panel of 11),degradation reporter,HCC cell lines (panel of 11),Western blot,MCF7; MDA-MB-231; MDA-MB-468; PC3,HLF
1655,10.1021/acs.jmedchem.8b01826,Q05397,HLF,degradation reporter,18.0,HCC cell lines (panel of 11),degradation reporter,HCC cell lines (panel of 11),Western blot,MCF7; MDA-MB-231; MDA-MB-468; PC3,HLF
1656,10.1021/acs.jmedchem.8b01826,Q05397,HUH-1,degradation reporter,18.0,HCC cell lines (panel of 11),degradation reporter,HCC cell lines (panel of 11),Western blot,MCF7; MDA-MB-231; MDA-MB-468; PC3,HUH-1
1656,10.1021/acs.jmedchem.8b01826,Q05397,HUH-1,degradation reporter,18.0,HCC cell lines (panel of 11),degradation reporter,HCC cell lines (panel of 11),Western blot,MCF7; MDA-MB-231; MDA-MB-468; PC3,HUH-1
1656,10.1021/acs.jmedchem.8b01826,Q05397,HUH-1,degradation reporter,18.0,HCC cell lines (panel of 11),degradation reporter,HCC cell lines (panel of 11),Western blot,MCF7; MDA-MB-231; MDA-MB-468; PC3,HUH-1
1656,10.1021/acs.jmedchem.8b01826,Q05397,HUH-1,degradation reporter,18.0,HCC cell lines (panel of 11),degradation reporter,HCC cell lines (panel of 11),Western blot,MCF7; MDA-MB-231; MDA-MB-468; PC3,HUH-1
1657,10.1021/acscentsci.0c00411,P01116,NCI-H2030,degradation reporter,24.0,homozygous KRASG12C cell lines; heterozygous KRASG12C cell lines,Western blot,,,A549; HCT116,NCI-H2030
1658,10.1021/acscentsci.0c00411,P01116,NCI-H2030,degradation reporter,24.0,homozygous KRASG12C cell lines; heterozygous KRASG12C cell lines,Western blot,,,A549; HCT116,NCI-H2030
1658,10.1021/acscentsci.0c00411,P01116,NCI-H2030,degradation reporter,24.0,homozygous KRASG12C cell lines; heterozygous KRASG12C cell lines,Western blot,,,A549; HCT116,NCI-H2030
1659,10.1021/acscentsci.0c00411,P01116,NCI-H2030,degradation reporter,24.0,homozygous KRASG12C cell lines; heterozygous KRASG12C cell lines,Western blot,,,A549; HCT116,NCI-H2030
1660,10.1021/acscentsci.0c00411,P01116,SW1573,degradation reporter,24.0,homozygous KRASG12C cell lines; heterozygous KRASG12C cell lines,Western blot,,,A549; HCT116,SW1573
1661,10.1021/acscentsci.0c00411,P01116,SW1573,degradation reporter,24.0,homozygous KRASG12C cell lines; heterozygous KRASG12C cell lines,Western blot,,,A549; HCT116,SW1573
1662,10.1021/acscentsci.0c00411,P01116,NCI-H2030,degradation reporter,24.0,homozygous KRASG12C cell lines; heterozygous KRASG12C cell lines,Western blot,,,A549; HCT116,NCI-H2030
1663,10.1021/acs.jmedchem.0c00821,P09874,MDA-MB-436,other,,,,,other,,MDA-MB-436
1664,10.1021/acs.jmedchem.0c00821,P09874,Capan-1,other,,,,,other,,Capan-1
1665,10.1021/acs.jmedchem.0c00821,P09874,MDA-MB-436,other,,,,,other,,MDA-MB-436
1666,10.1021/acs.jmedchem.0c00821,P09874,Capan-1,other,,,,,other,,Capan-1
1667,10.1021/acs.jmedchem.0c00821,P09874,MDA-MB-436,other,,,,,other,,MDA-MB-436
1668,10.1021/acs.jmedchem.0c00821,P09874,Capan-1,other,,,,,other,,Capan-1
1669,10.1021/acs.jmedchem.0c00821,P09874,MDA-MB-436,other,,,,,other,,MDA-MB-436
1670,10.1021/acs.jmedchem.0c00821,P09874,MDA-MB-436,other,,,,,other,,MDA-MB-436
1671,10.1021/acs.jmedchem.0c00821,P09874,MDA-MB-436,other,,,,,other,,MDA-MB-436
1672,10.1021/acs.jmedchem.0c00821,P09874,MDA-MB-436,other,,,,,other,,MDA-MB-436
1673,10.1021/acs.jmedchem.0c00821,P09874,MDA-MB-436,other,,,,,other,,MDA-MB-436
1674,10.1021/acs.jmedchem.0c00821,P09874,MDA-MB-436,other,,,,,other,,MDA-MB-436
1675,10.1021/acs.jmedchem.0c00821,P09874,L-O2,Western blot,24.0,,,,other,,L-O2
1675,10.1021/acs.jmedchem.0c00821,P09874,L-O2,Western blot,24.0,,,,other,,L-O2
1675,10.1021/acs.jmedchem.0c00821,P09874,L-O2,Western blot,24.0,,,,other,,L-O2
1675,10.1016/j.bmc.2022.116908,P09874,L-O2,Western blot,24.0,,,,,,L-O2
1676,10.1021/acs.jmedchem.0c00821,P09874,MDA-MB-436,other,,,,,other,,MDA-MB-436
1677,10.1021/acs.jmedchem.0c00821,P09874,MDA-MB-436,other,,,,,other,,MDA-MB-436
1678,10.1021/acs.jmedchem.0c00821,P09874,MDA-MB-436,other,,,,,other,,MDA-MB-436
1679,10.1021/acs.jmedchem.0c00821,P09874,MDA-MB-436,other,,,,,other,,MDA-MB-436
1680,10.1021/acs.jmedchem.0c00821,P09874,MDA-MB-436,other,,,,,other,,MDA-MB-436
1681,10.1021/acs.jmedchem.0c00821,P09874,MDA-MB-436,other,,,,,other,,MDA-MB-436
1682,10.1021/acs.jmedchem.0c00821,P09874,MDA-MB-436,other,,,,,other,,MDA-MB-436
1683,10.1021/acs.jmedchem.0c00821,P09874,MDA-MB-436,other,,,,,other,,MDA-MB-436
1684,10.1021/acs.jmedchem.0c00821,P09874,MDA-MB-436,other,,,,,other,,MDA-MB-436
1685,10.1021/acs.jmedchem.0c00821,P09874,MDA-MB-436,other,,,,,other,,MDA-MB-436
1686,10.1021/acs.jmedchem.0c00821,P09874,MDA-MB-436,other,,,,,other,,MDA-MB-436
1687,10.1021/acs.jmedchem.0c00821,P09874,MDA-MB-436,other,,,,,other,,MDA-MB-436
1688,10.1021/acs.jmedchem.0c00821,P09874,Capan-1,other,,,,,other,,Capan-1
1689,10.1021/acs.jmedchem.0c01342,P04629,KM12,degradation reporter,6.0,KM12,Western blot,,,HEK293,KM12
1690,10.1021/acs.jmedchem.0c01342,P04629,KM12,degradation reporter,6.0,KM12,Western blot,,,HEK293,KM12
1691,10.1021/acs.jmedchem.0c01342,P04629,KM12,degradation reporter,6.0,KM12,Western blot,,,HEK293,KM12
1692,10.1021/acs.jmedchem.0c01342,P04629,KM12,degradation reporter,6.0,KM12,Western blot,,,HEK293,KM12
1693,10.1021/acs.jmedchem.0c01342,P04629,KM12,other,,KM12,Western blot,,,HEK293,KM12
1693,10.1021/acs.jmedchem.0c01342,Q16620,KM12,other,,KM12,Western blot,,,HEK293,KM12
1693,10.1021/acs.jmedchem.0c01342,Q16288,KM12,other,,KM12,Western blot,,,HEK293,KM12
1694,10.1021/acs.jmedchem.0c01342,P04629,KM12,degradation reporter,6.0,KM12,Western blot,,,HEK293,KM12
1695,10.1021/acs.jmedchem.0c01342,P04629,KM12,degradation reporter,6.0,KM12,Western blot,,,HEK293,KM12
1696,10.1021/acs.jmedchem.0c01342,P04629,KM12,other,,KM12,Western blot,,,HEK293,KM12
1696,10.1021/acs.jmedchem.0c01342,Q16620,KM12,other,,KM12,Western blot,,,HEK293,KM12
1696,10.1021/acs.jmedchem.0c01342,Q16288,KM12,other,,KM12,Western blot,,,HEK293,KM12
1697,10.1021/acs.jmedchem.0c01342,P04629,KM12,degradation reporter,6.0,KM12,Western blot,,,HEK293,KM12
1698,10.1021/acs.jmedchem.0c01342,P04629,KM12,degradation reporter,6.0,KM12,Western blot,,,HEK293,KM12
1699,10.1021/acs.jmedchem.0c01342,P04629,KM12,degradation reporter,6.0,KM12,Western blot,,,HEK293,KM12
1700,10.1021/acs.jmedchem.0c01125,Q9Y616,,TR-FRET,,THP1,,THP-1,TR-FRET; other,HL-60; THP-1; THP1,THP-1
1701,10.1021/acs.jmedchem.0c01125,Q9Y616,,TR-FRET,,THP1,,THP-1,TR-FRET; other,HL-60; THP-1; THP1,THP-1
1702,10.1021/acs.jmedchem.0c01125,Q9Y616,,TR-FRET,,THP1,,THP-1,TR-FRET; other,HL-60; THP-1; THP1,THP-1
1703,10.1021/acs.jmedchem.0c01125,Q9Y616,,TR-FRET,,THP1,,THP-1,TR-FRET; other,HL-60; THP-1; THP1,THP-1
1704,10.1021/acs.jmedchem.0c01125,Q9Y616,,TR-FRET,,THP1,,THP-1,TR-FRET; other,HL-60; THP-1; THP1,THP-1
1705,10.1021/acs.jmedchem.0c01125,Q9Y616,,TR-FRET,,THP1,,THP-1,TR-FRET; other,HL-60; THP-1; THP1,THP-1
1706,10.1021/acs.jmedchem.0c01125,Q9Y616,,TR-FRET,,THP1,,THP-1,TR-FRET; other,HL-60; THP-1; THP1,THP-1
1707,10.1021/acs.jmedchem.0c01125,Q9Y616,,TR-FRET,,THP1,,THP-1,TR-FRET; other,HL-60; THP-1; THP1,THP-1
1708,10.1021/acs.jmedchem.0c01125,Q9Y616,,TR-FRET,,THP1,,THP-1,TR-FRET; other,HL-60; THP-1; THP1,THP-1
1709,10.1021/acs.jmedchem.0c01125,Q9Y616,,TR-FRET,,THP1,,THP-1,TR-FRET; other,HL-60; THP-1; THP1,THP-1
1710,10.1021/acs.jmedchem.0c01125,Q9Y616,,TR-FRET,,THP1,,THP-1,TR-FRET; other,HL-60; THP-1; THP1,THP-1
1711,10.1021/acs.jmedchem.0c01125,Q9Y616,,TR-FRET,,THP1,,THP-1,TR-FRET; other,HL-60; THP-1; THP1,THP-1
1712,10.1021/acs.jmedchem.0c01125,Q9Y616,,TR-FRET,,THP1,,THP-1,TR-FRET; other,HL-60; THP-1; THP1,THP-1
1713,10.1021/acs.jmedchem.0c01125,Q9Y616,,TR-FRET,,THP1,,THP-1,TR-FRET; other,HL-60; THP-1; THP1,THP-1
1714,10.1021/acs.jmedchem.0c01125,Q9Y616,,TR-FRET,,THP1,,THP-1,TR-FRET; other,HL-60; THP-1; THP1,THP-1
1715,10.1021/acs.jmedchem.0c01125,Q9Y616,,TR-FRET,,THP1,,THP-1,TR-FRET; other,HL-60; THP-1; THP1,THP-1
1716,10.1021/acs.jmedchem.0c01125,Q9Y616,THP1,degradation reporter,16.0,THP1,,THP-1,TR-FRET; other,HL-60; THP-1; THP1,THP1
1717,10.1021/acs.jmedchem.0c01125,Q9Y616,THP1,degradation reporter,16.0,THP1,,THP-1,TR-FRET; other,HL-60; THP-1; THP1,THP1
1718,10.1021/acs.jmedchem.0c01609,Q02750,HT-29,other,,,Western blot,HT-29; SK-MEL-28,Western blot,THP1,HT-29
1718,10.1021/acs.jmedchem.0c01609,P36507,HT-29,other,,,Western blot,HT-29; SK-MEL-28,Western blot,HL-60,HT-29
1719,10.1021/acs.jmedchem.0c01609,Q02750,HT-29,other,,,Western blot,HT-29; SK-MEL-28,Western blot,THP1,HT-29
1719,10.1021/acs.jmedchem.0c01609,P36507,HT-29,other,,,Western blot,HT-29; SK-MEL-28,Western blot,HL-60,HT-29
1720,10.1021/acs.jmedchem.0c01609,Q02750,HT-29,other,,,Western blot,HT-29; SK-MEL-28,Western blot,THP1,HT-29
1720,10.1021/acs.jmedchem.0c01609,P36507,HT-29,other,,,Western blot,HT-29; SK-MEL-28,Western blot,HL-60,HT-29
1721,10.1021/acs.jmedchem.0c01609,Q02750,HT-29,other,,,Western blot,HT-29; SK-MEL-28,Western blot,THP1,HT-29
1721,10.1021/acs.jmedchem.0c01609,P36507,HT-29,other,,,Western blot,HT-29; SK-MEL-28,Western blot,HL-60,HT-29
1722,10.1021/acs.jmedchem.0c01609,Q02750,HT-29,other,,,Western blot,HT-29; SK-MEL-28,Western blot,THP1,HT-29
1722,10.1021/acs.jmedchem.0c01609,P36507,HT-29,other,,,Western blot,HT-29; SK-MEL-28,Western blot,HL-60,HT-29
1723,10.1021/acs.jmedchem.0c01609,Q02750,HT-29,other,,,Western blot,HT-29; SK-MEL-28,Western blot,THP1,HT-29
1723,10.1021/acs.jmedchem.0c01609,P36507,HT-29,other,,,Western blot,HT-29; SK-MEL-28,Western blot,HL-60,HT-29
1724,10.1021/acs.jmedchem.0c01609,Q02750,HT-29,other,,,Western blot,HT-29; SK-MEL-28,Western blot,THP1,HT-29
1724,10.1021/acs.jmedchem.0c01609,P36507,HT-29,other,,,Western blot,HT-29; SK-MEL-28,Western blot,HL-60,HT-29
1725,10.1021/acs.jmedchem.0c01609,Q02750,HT-29,other,,,Western blot,HT-29; SK-MEL-28,Western blot,THP1,HT-29
1725,10.1021/acs.jmedchem.0c01609,P36507,HT-29,other,,,Western blot,HT-29; SK-MEL-28,Western blot,HL-60,HT-29
1726,10.1021/acs.jmedchem.0c01609,Q02750,HT-29,other,,,Western blot,HT-29; SK-MEL-28,Western blot,THP1,HT-29
1726,10.1021/acs.jmedchem.0c01609,P36507,HT-29,other,,,Western blot,HT-29; SK-MEL-28,Western blot,HL-60,HT-29
1727,10.1021/acs.jmedchem.0c01609,Q02750,HT-29,other,,,Western blot,HT-29; SK-MEL-28,Western blot,THP1,HT-29
1727,10.1021/acs.jmedchem.0c01609,P36507,HT-29,other,,,Western blot,HT-29; SK-MEL-28,Western blot,HL-60,HT-29
1728,10.1021/acs.jmedchem.0c01609,Q02750,HT-29,other,,,Western blot,HT-29; SK-MEL-28,Western blot,THP1,HT-29
1728,10.1021/acs.jmedchem.0c01609,P36507,HT-29,other,,,Western blot,HT-29; SK-MEL-28,Western blot,HL-60,HT-29
1729,10.1021/acs.jmedchem.0c01609,Q02750,HT-29,other,,,Western blot,HT-29; SK-MEL-28,Western blot,THP1,HT-29
1729,10.1021/acs.jmedchem.0c01609,P36507,HT-29,other,,,Western blot,HT-29; SK-MEL-28,Western blot,HL-60,HT-29
1730,10.1021/acs.jmedchem.0c01609,Q02750,HT-29,other,,,Western blot,HT-29; SK-MEL-28,Western blot,THP1,HT-29
1730,10.1021/acs.jmedchem.0c01609,P36507,HT-29,other,,,Western blot,HT-29; SK-MEL-28,Western blot,HL-60,HT-29
1731,10.1021/acs.jmedchem.0c01609,Q02750,HT-29,other,,,Western blot,HT-29; SK-MEL-28,Western blot,THP1,HT-29
1731,10.1021/acs.jmedchem.0c01609,P36507,HT-29,other,,,Western blot,HT-29; SK-MEL-28,Western blot,HL-60,HT-29
1732,10.1021/acs.jmedchem.0c01609,Q02750,HT-29,other,,,Western blot,HT-29; SK-MEL-28,Western blot,THP1,HT-29
1732,10.1021/acs.jmedchem.0c01609,P36507,HT-29,other,,,Western blot,HT-29; SK-MEL-28,Western blot,HL-60,HT-29
1733,10.1021/acs.jmedchem.0c01609,Q02750,HT-29,other,,,Western blot,HT-29; SK-MEL-28,Western blot,THP1,HT-29
1733,10.1021/acs.jmedchem.0c01609,P36507,HT-29,other,,,Western blot,HT-29; SK-MEL-28,Western blot,HL-60,HT-29
1734,10.1021/acs.jmedchem.0c01609,P36507,HT-29,degradation reporter,24.0,,Western blot,HT-29; SK-MEL-28,Western blot,HL-60,HT-29
1734,10.1021/acs.jmedchem.0c01609,Q02750,HT-29,degradation reporter,24.0,,Western blot,HT-29; SK-MEL-28,Western blot,THP1,HT-29
1735,10.1021/acs.jmedchem.0c01609,Q02750,HT-29,other,,,Western blot,HT-29; SK-MEL-28,Western blot,THP1,HT-29
1735,10.1021/acs.jmedchem.0c01609,P36507,HT-29,other,,,Western blot,HT-29; SK-MEL-28,Western blot,HL-60,HT-29
1736,10.1021/acs.jmedchem.0c01609,Q02750,HT-29,other,,,Western blot,HT-29; SK-MEL-28,Western blot,THP1,HT-29
1736,10.1021/acs.jmedchem.0c01609,P36507,HT-29,other,,,Western blot,HT-29; SK-MEL-28,Western blot,HL-60,HT-29
1737,10.1021/acs.jmedchem.0c01609,P36507,HT-29,other,24.0,,Western blot,HT-29; SK-MEL-28,Western blot,HL-60,HT-29
1737,10.1021/acs.jmedchem.0c01609,Q02750,HT-29,other,24.0,,Western blot,HT-29; SK-MEL-28,Western blot,THP1,HT-29
1738,10.1021/acs.jmedchem.0c01609,Q02750,HT-29,other,,,Western blot,HT-29; SK-MEL-28,Western blot,THP1,HT-29
1738,10.1021/acs.jmedchem.0c01609,P36507,HT-29,other,,,Western blot,HT-29; SK-MEL-28,Western blot,HL-60,HT-29
1739,10.1021/acs.jmedchem.0c01609,Q02750,HT-29,other,,,Western blot,HT-29; SK-MEL-28,Western blot,THP1,HT-29
1739,10.1021/acs.jmedchem.0c01609,P36507,HT-29,other,,,Western blot,HT-29; SK-MEL-28,Western blot,HL-60,HT-29
1740,10.1021/acs.jmedchem.0c01609,Q02750,HT-29,,,,Western blot,HT-29; SK-MEL-28,Western blot,THP1,HT-29
1740,10.1021/acs.jmedchem.0c01609,P36507,HT-29,,,,Western blot,HT-29; SK-MEL-28,Western blot,HL-60,HT-29
1741,10.1021/acs.jmedchem.0c01609,Q02750,HT-29,,,,Western blot,HT-29; SK-MEL-28,Western blot,THP1,HT-29
1741,10.1021/acs.jmedchem.0c01609,P36507,HT-29,,,,Western blot,HT-29; SK-MEL-28,Western blot,HL-60,HT-29
1742,10.1021/acs.jmedchem.0c01609,Q02750,HT-29,,,,Western blot,HT-29; SK-MEL-28,Western blot,THP1,HT-29
1742,10.1021/acs.jmedchem.0c01609,P36507,HT-29,,,,Western blot,HT-29; SK-MEL-28,Western blot,HL-60,HT-29
1743,10.1021/acs.jmedchem.0c01609,Q02750,HT-29,,,,Western blot,HT-29; SK-MEL-28,Western blot,THP1,HT-29
1743,10.1021/acs.jmedchem.0c01609,P36507,HT-29,,,,Western blot,HT-29; SK-MEL-28,Western blot,HL-60,HT-29
1744,10.1021/acs.jmedchem.0c01609,Q02750,HT-29,,,,Western blot,HT-29; SK-MEL-28,Western blot,THP1,HT-29
1744,10.1021/acs.jmedchem.0c01609,P36507,HT-29,,,,Western blot,HT-29; SK-MEL-28,Western blot,HL-60,HT-29
1745,10.1021/acs.jmedchem.0c01609,Q02750,HT-29,other,,,Western blot,HT-29; SK-MEL-28,Western blot,THP1,HT-29
1745,10.1021/acs.jmedchem.0c01609,P36507,HT-29,other,,,Western blot,HT-29; SK-MEL-28,Western blot,HL-60,HT-29
1746,10.1021/acs.jmedchem.0c01609,Q02750,HT-29,other,,,Western blot,HT-29; SK-MEL-28,Western blot,THP1,HT-29
1746,10.1021/acs.jmedchem.0c01609,P36507,HT-29,other,,,Western blot,HT-29; SK-MEL-28,Western blot,HL-60,HT-29
1747,10.1021/acs.jmedchem.0c01609,Q02750,HT-29,other,,,Western blot,HT-29; SK-MEL-28,Western blot,THP1,HT-29
1747,10.1021/acs.jmedchem.0c01609,P36507,HT-29,other,,,Western blot,HT-29; SK-MEL-28,Western blot,HL-60,HT-29
1748,10.1021/acs.jmedchem.0c01609,Q02750,HT-29,other,,,Western blot,HT-29; SK-MEL-28,Western blot,THP1,HT-29
1748,10.1021/acs.jmedchem.0c01609,P36507,HT-29,other,,,Western blot,HT-29; SK-MEL-28,Western blot,HL-60,HT-29
1749,10.1021/acs.jmedchem.0c01609,Q02750,HT-29,other,,,Western blot,HT-29; SK-MEL-28,Western blot,THP1,HT-29
1749,10.1021/acs.jmedchem.0c01609,P36507,HT-29,other,,,Western blot,HT-29; SK-MEL-28,Western blot,HL-60,HT-29
1750,10.1021/acs.jmedchem.0c01609,Q02750,HT-29,other,,,Western blot,HT-29; SK-MEL-28,Western blot,THP1,HT-29
1750,10.1021/acs.jmedchem.0c01609,P36507,HT-29,other,,,Western blot,HT-29; SK-MEL-28,Western blot,HL-60,HT-29
1751,10.1021/acs.jmedchem.0c01609,Q02750,HT-29,other,,,Western blot,HT-29; SK-MEL-28,Western blot,THP1,HT-29
1751,10.1021/acs.jmedchem.0c01609,P36507,HT-29,other,,,Western blot,HT-29; SK-MEL-28,Western blot,HL-60,HT-29
1752,10.1021/acs.jmedchem.0c01609,Q02750,HT-29,other,,,Western blot,HT-29; SK-MEL-28,Western blot,THP1,HT-29
1752,10.1021/acs.jmedchem.0c01609,P36507,HT-29,other,,,Western blot,HT-29; SK-MEL-28,Western blot,HL-60,HT-29
1753,10.1021/acs.jmedchem.0c01609,Q02750,HT-29,other,,,Western blot,HT-29; SK-MEL-28,Western blot,THP1,HT-29
1753,10.1021/acs.jmedchem.0c01609,P36507,HT-29,other,,,Western blot,HT-29; SK-MEL-28,Western blot,HL-60,HT-29
1754,10.1021/acs.jmedchem.0c01609,Q02750,HT-29,other,,,Western blot,HT-29; SK-MEL-28,Western blot,THP1,HT-29
1754,10.1021/acs.jmedchem.0c01609,P36507,HT-29,other,,,Western blot,HT-29; SK-MEL-28,Western blot,HL-60,HT-29
1755,10.1021/acs.jmedchem.0c01609,Q02750,HT-29,other,,,Western blot,HT-29; SK-MEL-28,Western blot,THP1,HT-29
1755,10.1021/acs.jmedchem.0c01609,P36507,HT-29,other,,,Western blot,HT-29; SK-MEL-28,Western blot,HL-60,HT-29
1756,10.1021/acs.jmedchem.0c01609,Q02750,HT-29,other,,,Western blot,HT-29; SK-MEL-28,Western blot,THP1,HT-29
1756,10.1021/acs.jmedchem.0c01609,P36507,HT-29,other,,,Western blot,HT-29; SK-MEL-28,Western blot,HL-60,HT-29
1757,10.1021/acs.jmedchem.0c01609,Q02750,HT-29,other,,,Western blot,HT-29; SK-MEL-28,Western blot,THP1,HT-29
1757,10.1021/acs.jmedchem.0c01609,P36507,HT-29,other,,,Western blot,HT-29; SK-MEL-28,Western blot,HL-60,HT-29
1758,10.1021/acs.jmedchem.0c01609,P36507,HT-29,degradation reporter,24.0,,Western blot,HT-29; SK-MEL-28,Western blot,HL-60,HT-29
1758,10.1021/acs.jmedchem.0c01609,Q02750,HT-29,degradation reporter,24.0,,Western blot,HT-29; SK-MEL-28,Western blot,THP1,HT-29
1759,10.1021/acs.jmedchem.0c02234,Q15910,,AlphaScreen,,,Western blot,Sf9,other,HeLa; LNCaP; PC3,Sf9
1760,10.1021/acs.jmedchem.0c02234,Q15910,,AlphaScreen,,,Western blot,Sf9,other,HeLa; LNCaP; PC3,Sf9
1761,10.1021/acs.jmedchem.0c02234,Q15910,,AlphaScreen,,,Western blot,Sf9,other,HeLa; LNCaP; PC3,Sf9
1762,10.1021/acs.jmedchem.0c02234,Q15910,,AlphaScreen,,,Western blot,Sf9,other,HeLa; LNCaP; PC3,Sf9
1763,10.1021/acs.jmedchem.0c02234,Q15910,,AlphaScreen,,,Western blot,Sf9,other,HeLa; LNCaP; PC3,Sf9
1764,10.1021/acs.jmedchem.0c02234,Q15910,,AlphaScreen,,,Western blot,Sf9,other,HeLa; LNCaP; PC3,Sf9
1765,10.1021/acs.jmedchem.0c02234,Q15910,,AlphaScreen,,,Western blot,Sf9,other,HeLa; LNCaP; PC3,Sf9
1766,10.1021/acs.jmedchem.0c02234,Q15910,,AlphaScreen,,,Western blot,Sf9,other,HeLa; LNCaP; PC3,Sf9
1767,10.1021/acs.jmedchem.0c02234,Q15910,,AlphaScreen,,,Western blot,Sf9,other,HeLa; LNCaP; PC3,Sf9
1768,10.1021/acs.jmedchem.0c02234,Q15910,,AlphaScreen,,,Western blot,Sf9,other,HeLa; LNCaP; PC3,Sf9
1769,10.1021/acs.jmedchem.0c02234,Q15910,,AlphaScreen,,,Western blot,Sf9,other,HeLa; LNCaP; PC3,Sf9
1770,10.1021/acs.jmedchem.0c02234,Q15910,,AlphaScreen,,,Western blot,Sf9,other,HeLa; LNCaP; PC3,Sf9
1771,10.1021/acs.jmedchem.0c02234,Q15910,,other,120.0,,Western blot,Sf9,other,HeLa; LNCaP; PC3,Sf9
1772,10.1021/acs.jmedchem.0c02234,Q15910,,AlphaScreen,,,Western blot,Sf9,other,HeLa; LNCaP; PC3,Sf9
1773,10.1021/acs.jmedchem.0c02234,Q15910,,AlphaScreen,,,Western blot,Sf9,other,HeLa; LNCaP; PC3,Sf9
1774,10.1021/acs.jmedchem.0c02234,Q15910,,AlphaScreen,,,Western blot,Sf9,other,HeLa; LNCaP; PC3,Sf9
1775,10.1021/acs.jmedchem.0c02234,Q15910,,AlphaScreen,,,Western blot,Sf9,other,HeLa; LNCaP; PC3,Sf9
1776,10.1021/acs.jmedchem.0c02234,Q15910,,AlphaScreen,,,Western blot,Sf9,other,HeLa; LNCaP; PC3,Sf9
1777,10.1021/acs.jmedchem.0c01111,O14744,,,,MCF-7,Western blot,,,A549; HEK293; HEK293T; MCF7; MV411,MCF-7
1778,10.1021/acs.jmedchem.0c01111,O14744,,,,MCF-7,Western blot,,,A549; HEK293; HEK293T; MCF7; MV411,MCF-7
1779,10.1021/acs.jmedchem.0c01111,O14744,,,,MCF-7,Western blot,,,A549; HEK293; HEK293T; MCF7; MV411,MCF-7
1780,10.1021/acs.jmedchem.0c01111,O14744,,,,MCF-7,Western blot,,,A549; HEK293; HEK293T; MCF7; MV411,MCF-7
1781,10.1021/acs.jmedchem.0c01111,O14744,,,,MCF-7,Western blot,,,A549; HEK293; HEK293T; MCF7; MV411,MCF-7
1782,10.1021/acs.jmedchem.0c01111,O14744,MCF-7,other,144.0,MCF-7,Western blot,,,A549; HEK293; HEK293T; MCF7; MV411,MCF-7
1783,10.1021/acs.jmedchem.0c01846,O60885,PC3-S1,TR-FRET,4.0,,Western blot,,,,PC3-S1
1784,10.1021/acs.jmedchem.0c01846,O60885,PC3-S1,TR-FRET,4.0,,Western blot,,,,PC3-S1
1785,10.1021/acs.jmedchem.0c01846,O60885,PC3-S1,TR-FRET,4.0,,Western blot,,,,PC3-S1
1786,10.1021/acs.jmedchem.0c01846,O60885,PC3-S1,TR-FRET,4.0,,Western blot,,,,PC3-S1
1787,10.1021/acs.jmedchem.0c01846,O60885,EOL-1,TR-FRET,4.0,,Western blot,,,,EOL-1
1788,10.1021/acs.jmedchem.0c01846,O60885,PC3-S1,TR-FRET,4.0,,Western blot,,,,PC3-S1
1789,10.1021/acs.jmedchem.0c01845,O60885,PC3-S1,TR-FRET,4.0,PC3-S1; LNCaP,Western blot,,,,PC3-S1
1790,10.1021/acs.jmedchem.0c01845,O60885,PC3-S1,TR-FRET,4.0,PC3-S1; LNCaP,Western blot,,,,PC3-S1
1791,10.1021/acs.jmedchem.0c01845,O60885,PC3-S1,TR-FRET,4.0,PC3-S1; LNCaP,Western blot,,,,PC3-S1
1792,10.1021/acs.jmedchem.0c01845,O60885,PC3-S1,TR-FRET,4.0,PC3-S1; LNCaP,Western blot,,,,PC3-S1
1793,10.1021/acs.jmedchem.0c01845,O60885,PC3-S1,TR-FRET,4.0,PC3-S1; LNCaP,Western blot,,,,PC3-S1
1794,10.1021/acs.jmedchem.0c01845,O60885,PC3-S1,TR-FRET,4.0,PC3-S1; LNCaP,Western blot,,,,PC3-S1
1795,10.1021/acs.jmedchem.0c01845,O60885,PC3-S1,TR-FRET,4.0,PC3-S1; LNCaP,Western blot,,,,PC3-S1
1796,10.1021/acs.jmedchem.0c01845,O60885,PC3-S1,TR-FRET,4.0,PC3-S1; LNCaP,Western blot,,,,PC3-S1
1797,10.1021/acs.jmedchem.0c01845,O60885,PC3-S1,TR-FRET,4.0,PC3-S1; LNCaP,Western blot,,,,PC3-S1
1798,10.1021/acsmedchemlett.0c00474,Q9NWZ3,,,,OCI-LY10; TMD8,cell viability,OCI-LY10; TMD8,Western blot,HL-60; HL60,OCI-LY10
1799,10.1021/acsmedchemlett.0c00474,Q9NWZ3,,,,OCI-LY10; TMD8,cell viability,OCI-LY10; TMD8,Western blot,HL-60; HL60,OCI-LY10
1800,10.1021/acsmedchemlett.0c00474,Q9NWZ3,,,,OCI-LY10; TMD8,cell viability,OCI-LY10; TMD8,Western blot,HL-60; HL60,OCI-LY10
1801,10.1021/acsmedchemlett.0c00474,Q9NWZ3,,,,OCI-LY10; TMD8,cell viability,OCI-LY10; TMD8,Western blot,HL-60; HL60,OCI-LY10
1802,10.1021/acsmedchemlett.0c00474,Q9NWZ3,,,,OCI-LY10; TMD8,cell viability,OCI-LY10; TMD8,Western blot,HL-60; HL60,OCI-LY10
1803,10.1021/acsmedchemlett.0c00474,Q9NWZ3,,,,OCI-LY10; TMD8,cell viability,OCI-LY10; TMD8,Western blot,HL-60; HL60,OCI-LY10
1804,10.1021/acsmedchemlett.0c00474,Q9NWZ3,,,,OCI-LY10; TMD8,cell viability,OCI-LY10; TMD8,Western blot,HL-60; HL60,OCI-LY10
1805,10.1021/acsmedchemlett.0c00474,Q9NWZ3,OCI-LY10,,,OCI-LY10; TMD8,cell viability,OCI-LY10; TMD8,Western blot,HL-60; HL60,OCI-LY10
1806,10.1021/acsmedchemlett.9b00372,Q05397,PA1,degradation reporter,8.0,,,,,MCF7; MDA-MB-231; MDA-MB-468; PC3,PA1
1807,10.1021/acsmedchemlett.9b00372,Q05397,PA1,degradation reporter,8.0,,,,,MCF7; MDA-MB-231; MDA-MB-468; PC3,PA1
1808,10.1021/acsmedchemlett.9b00372,Q05397,PA1,degradation reporter,8.0,,,,,MCF7; MDA-MB-231; MDA-MB-468; PC3,PA1
1809,10.1021/acsmedchemlett.9b00372,Q05397,PA1,degradation reporter,8.0,,,,,MCF7; MDA-MB-231; MDA-MB-468; PC3,PA1
1810,10.1021/acsmedchemlett.9b00372,Q05397,PA1,degradation reporter,8.0,,,,,MCF7; MDA-MB-231; MDA-MB-468; PC3,PA1
1811,10.1021/acsmedchemlett.9b00372,Q05397,PA1,degradation reporter,8.0,,,,,MCF7; MDA-MB-231; MDA-MB-468; PC3,PA1
1812,10.1021/acsmedchemlett.9b00372,Q05397,PA1,degradation reporter,8.0,,,,,MCF7; MDA-MB-231; MDA-MB-468; PC3,PA1
1813,10.1021/acsmedchemlett.9b00372,Q05397,PA1,degradation reporter,8.0,,,,,MCF7; MDA-MB-231; MDA-MB-468; PC3,PA1
1814,10.1021/acsmedchemlett.9b00372,Q05397,PA1,degradation reporter,8.0,,,,,MCF7; MDA-MB-231; MDA-MB-468; PC3,PA1
1815,10.1021/acsmedchemlett.9b00372,Q05397,PA1,degradation reporter,8.0,,,,,MCF7; MDA-MB-231; MDA-MB-468; PC3,PA1
1816,10.1021/acsmedchemlett.9b00372,Q05397,PA1,degradation reporter,8.0,,,,,MCF7; MDA-MB-231; MDA-MB-468; PC3,PA1
1817,10.1021/acsmedchemlett.9b00372,Q05397,PA1,degradation reporter,8.0,,,,,MCF7; MDA-MB-231; MDA-MB-468; PC3,PA1
1818,10.1021/acsmedchemlett.9b00372,Q05397,PA1,degradation reporter,8.0,,,,,MCF7; MDA-MB-231; MDA-MB-468; PC3,PA1
1819,10.1021/acsmedchemlett.9b00372,Q05397,PA1,degradation reporter,8.0,,,,,MCF7; MDA-MB-231; MDA-MB-468; PC3,PA1
1820,10.1021/acsmedchemlett.9b00372,Q05397,PA1,degradation reporter,8.0,,,,,MCF7; MDA-MB-231; MDA-MB-468; PC3,PA1
1821,10.1021/acsmedchemlett.9b00372,Q05397,PA1,degradation reporter,8.0,,,,,MCF7; MDA-MB-231; MDA-MB-468; PC3,PA1
1822,10.1021/acsmedchemlett.9b00372,Q05397,PA1,degradation reporter,8.0,,,,,MCF7; MDA-MB-231; MDA-MB-468; PC3,PA1
1823,10.1021/acsmedchemlett.9b00372,Q05397,PA1,degradation reporter,8.0,,,,,MCF7; MDA-MB-231; MDA-MB-468; PC3,PA1
1824,10.1021/acsmedchemlett.9b00372,Q05397,PA1,other,8.0,,,,,MCF7; MDA-MB-231; MDA-MB-468; PC3,PA1
1825,10.1021/acsmedchemlett.0c00423,Q8IXJ6,,,,,,,,A549; HeLa; MCF7,
1826,10.1021/acsmedchemlett.0c00423,Q8IXJ6,,,,,,,,A549; HeLa; MCF7,
1827,10.1021/acsmedchemlett.0c00605,O60760,,other,,,,,,,
1828,10.1021/acsmedchemlett.0c00605,O60760,,,,,,,,,
1829,10.1016/j.apsb.2020.02.010,P14902,HeLa,other,,HeLa,Western blot; RTCA,,,HEK293; HeLa,HeLa
1830,10.1016/j.apsb.2020.02.010,P14902,HeLa,other,,HeLa,Western blot; RTCA,,,HEK293; HeLa,HeLa
1831,10.1016/j.apsb.2020.02.010,P14902,HeLa,other,,HeLa,Western blot; RTCA,,,HEK293; HeLa,HeLa
1832,10.1016/j.apsb.2020.02.010,P14902,HeLa,other,,HeLa,Western blot; RTCA,,,HEK293; HeLa,HeLa
1833,10.1016/j.apsb.2020.02.010,P14902,HeLa,other,,HeLa,Western blot; RTCA,,,HEK293; HeLa,HeLa
1834,10.1016/j.apsb.2020.02.010,P14902,HeLa,other,24.0,HeLa,Western blot; RTCA,,,HEK293; HeLa,HeLa
1835,10.1016/j.apsb.2020.02.010,P14902,HeLa,other,,HeLa,Western blot; RTCA,,,HEK293; HeLa,HeLa
1836,10.1016/j.bioorg.2021.104788,Q06124,,other,,Hela,cell growth inhibition; Western blot,,,HEK293,Hela
1837,10.1016/j.bioorg.2021.104788,Q06124,HeLa,other,,Hela,cell growth inhibition; Western blot,,,HEK293,HeLa
1838,10.1016/j.bioorg.2021.104788,Q06124,HeLa,other,,Hela,cell growth inhibition; Western blot,,,HEK293,HeLa
1839,10.1016/j.bioorg.2021.104788,Q06124,,other,,Hela,cell growth inhibition; Western blot,,,HEK293,Hela
1840,10.1016/j.apsb.2020.01.014,P35348,HEK293,degradation reporter,12.0,PC-3,Western blot,,,,HEK293
1841,10.1016/j.apsb.2020.01.014,P35348,,,,PC-3,Western blot,,,,PC-3
1842,10.1016/j.apsb.2020.01.014,P35348,PC-3,degradation reporter,12.0,PC-3,Western blot,,,,PC-3
1843,10.1002/anie.202006725,Q13547,,other,,,apoptosis induction; caspase 3/7 activation; DNA damage (γ-H2AX); degradation reporter,,,HeLa,
1843,10.1002/anie.202006725,Q92769,,other,,,apoptosis induction; caspase 3/7 activation; DNA damage (γ-H2AX); degradation reporter,,,HEK293; HeLa,
1843,10.1002/anie.202006725,O15379,,other,,,apoptosis induction; caspase 3/7 activation; DNA damage (γ-H2AX); degradation reporter,,,HEK293; HL60; HeLa,
1843,10.1002/anie.202006725,Q9UBN7,,other,,,apoptosis induction; caspase 3/7 activation; DNA damage (γ-H2AX); degradation reporter,,,A549; HCT116; HEK293; HeLa,
1843,10.1021/acs.jmedchem.2c01659,Q9UBN7,,other,,leukemia cell lines; myeloid leukemia cell lines,,HL-60,Western blot,A549; HCT116; HEK293; HeLa,HL-60
1843,10.1021/acs.jmedchem.2c01659,Q13547,,other,,leukemia cell lines; myeloid leukemia cell lines,,HL-60,Western blot,HeLa,HL-60
1844,10.1016/j.bioorg.2020.104453,P35613,SK-MEL-28,degradation reporter,6.0,,,,,,SK-MEL-28
1845,10.1016/j.bioorg.2020.104453,P35613,SK-MEL-28,degradation reporter,6.0,,,,,,SK-MEL-28
1846,10.1016/j.bioorg.2020.104453,P35613,SK-MEL-28,degradation reporter,6.0,,,,,,SK-MEL-28
1847,10.1016/j.bioorg.2020.104453,P35613,SK-MEL-28,degradation reporter,6.0,,,,,,SK-MEL-28
1848,10.1016/j.bioorg.2020.104453,P35613,SK-MEL-28,degradation reporter,6.0,,,,,,SK-MEL-28
1849,10.1016/j.bioorg.2020.104453,P35613,SK-MEL-28,degradation reporter,6.0,,,,,,SK-MEL-28
1850,10.1016/j.bioorg.2020.104453,P35613,SK-MEL-28,degradation reporter,6.0,,,,,,SK-MEL-28
1851,10.1016/j.bioorg.2020.104453,P35613,SK-MEL-28,degradation reporter,6.0,,,,,,SK-MEL-28
1852,10.1016/j.bioorg.2020.104453,P35613,SK-MEL-28,degradation reporter,6.0,,,,,,SK-MEL-28
1853,10.1016/j.bioorg.2020.104453,P35613,SK-MEL-28,degradation reporter,6.0,,,,,,SK-MEL-28
1854,10.1016/j.bioorg.2020.104453,P35613,SK-MEL-28,degradation reporter,6.0,,,,,,SK-MEL-28
1855,10.1016/j.bioorg.2020.104453,P35613,SK-MEL-28,degradation reporter,6.0,,,,,,SK-MEL-28
1856,10.1016/j.bioorg.2020.104453,P35613,SK-MEL-28,degradation reporter,6.0,,,,,,SK-MEL-28
1857,10.1016/j.bioorg.2020.104453,P35613,SK-MEL-28,degradation reporter,6.0,,,,,,SK-MEL-28
1858,10.1016/j.bioorg.2020.104453,P35613,SK-MEL-28,degradation reporter,6.0,,,,,,SK-MEL-28
1859,10.1016/j.ejmech.2020.112800,O15379,,other,,RAW 264.7,Western blot,,,HEK293; HL60; HeLa,RAW 264.7
1860,10.1016/j.ejmech.2020.112800,O15379,,other,,RAW 264.7,Western blot,,,HEK293; HL60; HeLa,RAW 264.7
1861,10.1016/j.ejmech.2020.112800,Q92769,,other,,RAW 264.7,Western blot,,,HEK293; HeLa,RAW 264.7
1862,10.1016/j.ejmech.2020.112800,O15379,,other,,RAW 264.7,Western blot,,,HEK293; HL60; HeLa,RAW 264.7
1863,10.1016/j.ejmech.2020.112800,Q92769,,other,,RAW 264.7,Western blot,,,HEK293; HeLa,RAW 264.7
1863,10.1016/j.ejmech.2020.112800,O15379,,other,,RAW 264.7,Western blot,,,HEK293; HL60; HeLa,RAW 264.7
1864,10.1016/j.ejmech.2020.112800,O15379,,other,,RAW 264.7,Western blot,,,HEK293; HL60; HeLa,RAW 264.7
1865,10.1016/j.ejmech.2020.112800,O15379,RAW 264.7,degradation reporter,24.0,RAW 264.7,Western blot,,,HEK293; HL60; HeLa,RAW 264.7
1866,10.1016/j.ejmech.2021.113307,P10275,,,,VCaP,Western blot,,,MCF-7; PC-3; PC3,VCaP
1867,10.1016/j.ejmech.2021.113307,P10275,,,,VCaP,Western blot,,,MCF-7; PC-3; PC3,VCaP
1868,10.1016/j.ejmech.2021.113307,P10275,,,,VCaP,Western blot,,,MCF-7; PC-3; PC3,VCaP
1869,10.1016/j.ejmech.2021.113307,P10275,,,,VCaP,Western blot,,,MCF-7; PC-3; PC3,VCaP
1870,10.1016/j.ejmech.2021.113307,P10275,,,,VCaP,Western blot,,,MCF-7; PC-3; PC3,VCaP
1871,10.1016/j.ejmech.2021.113307,P10275,,,,VCaP,Western blot,,,MCF-7; PC-3; PC3,VCaP
1872,10.1016/j.ejmech.2021.113307,P10275,,,,VCaP,Western blot,,,MCF-7; PC-3; PC3,VCaP
1873,10.1016/j.ejmech.2021.113307,P10275,,,,VCaP,Western blot,,,MCF-7; PC-3; PC3,VCaP
1874,10.1016/j.ejmech.2021.113307,P10275,,,,VCaP,Western blot,,,MCF-7; PC-3; PC3,VCaP
1875,10.1016/j.ejmech.2021.113307,P10275,,,,VCaP,Western blot,,,MCF-7; PC-3; PC3,VCaP
1876,10.1016/j.ejmech.2021.113307,P10275,,,,VCaP,Western blot,,,MCF-7; PC-3; PC3,VCaP
1877,10.1016/j.ejmech.2021.113307,P10275,,,,VCaP,Western blot,,,MCF-7; PC-3; PC3,VCaP
1878,10.1016/j.ejmech.2021.113307,P10275,,,,VCaP,Western blot,,,MCF-7; PC-3; PC3,VCaP
1879,10.1016/j.ejmech.2021.113307,P10275,,,,VCaP,Western blot,,,MCF-7; PC-3; PC3,VCaP
1880,10.1016/j.ejmech.2021.113307,P10275,,,,VCaP,Western blot,,,MCF-7; PC-3; PC3,VCaP
1881,10.1016/j.ejmech.2021.113307,P10275,,,,VCaP,Western blot,,,MCF-7; PC-3; PC3,VCaP
1882,10.1016/j.ejmech.2021.113307,P10275,,,,VCaP,Western blot,,,MCF-7; PC-3; PC3,VCaP
1883,10.1016/j.ejmech.2021.113307,P10275,,,,VCaP,Western blot,,,MCF-7; PC-3; PC3,VCaP
1884,10.1016/j.ejmech.2021.113307,P10275,,,,VCaP,Western blot,,,MCF-7; PC-3; PC3,VCaP
1885,10.1016/j.ejmech.2021.113307,P10275,,,,VCaP,Western blot,,,MCF-7; PC-3; PC3,VCaP
1886,10.1016/j.ejmech.2021.113307,P10275,,,,VCaP,Western blot,,,MCF-7; PC-3; PC3,VCaP
1887,10.1016/j.ejmech.2021.113307,P10275,,,,VCaP,Western blot,,,MCF-7; PC-3; PC3,VCaP
1888,10.1016/j.ejmech.2021.113307,P10275,,,,VCaP,Western blot,,,MCF-7; PC-3; PC3,VCaP
1889,10.1016/j.ejmech.2021.113307,P10275,,,,VCaP,Western blot,,,MCF-7; PC-3; PC3,VCaP
1890,10.1016/j.ejmech.2021.113307,P10275,,,,VCaP,Western blot,,,MCF-7; PC-3; PC3,VCaP
1891,10.1016/j.ejmech.2021.113307,P10275,,,,VCaP,Western blot,,,MCF-7; PC-3; PC3,VCaP
1892,10.1016/j.ejmech.2021.113307,P10275,,,,VCaP,Western blot,,,MCF-7; PC-3; PC3,VCaP
1893,10.1016/j.ejmech.2021.113307,P10275,,,,VCaP,Western blot,,,MCF-7; PC-3; PC3,VCaP
1894,10.1016/j.ejmech.2021.113307,P10275,,,,VCaP,Western blot,,,MCF-7; PC-3; PC3,VCaP
1895,10.1016/j.ejmech.2021.113307,P10275,,,,VCaP,Western blot,,,MCF-7; PC-3; PC3,VCaP
1896,10.1016/j.ejmech.2021.113307,P10275,VCaP,other,,VCaP,Western blot,,,MCF-7; PC-3; PC3,VCaP
1897,10.1016/j.ejmech.2021.113307,P10275,,,,VCaP,Western blot,,,MCF-7; PC-3; PC3,VCaP
1898,10.1016/j.ejmech.2020.112949,P49841,,luciferase,,HT-22,Western blot,Sf21,other,HEK293,Sf21
1899,10.1016/j.ejmech.2020.112949,P49841,,luciferase,,HT-22,Western blot,Sf21,other,HEK293,Sf21
1900,10.1016/j.ejmech.2020.112949,P49841,,luciferase,,HT-22,Western blot,Sf21,other,HEK293,Sf21
1901,10.1016/j.ejmech.2020.112949,P49841,,luciferase,,HT-22,Western blot,Sf21,other,HEK293,Sf21
1902,10.1016/j.ejmech.2020.112949,P49841,,luciferase,,HT-22,Western blot,Sf21,other,HEK293,Sf21
1903,10.1016/j.ejmech.2020.112949,P49841,,luciferase,,HT-22,Western blot,Sf21,other,HEK293,Sf21
1904,10.1016/j.ejmech.2020.112949,P49841,,luciferase,,HT-22,Western blot,Sf21,other,HEK293,Sf21
1905,10.1016/j.ejmech.2020.112949,P49841,,luciferase,,HT-22,Western blot,Sf21,other,HEK293,Sf21
1906,10.1016/j.ejmech.2020.112949,P49841,,luciferase,,HT-22,Western blot,Sf21,other,HEK293,Sf21
1907,10.1016/j.ejmech.2020.112949,P49841,,luciferase,,HT-22,Western blot,Sf21,other,HEK293,Sf21
1908,10.1016/j.ejmech.2020.112949,P49841,,luciferase,,HT-22,Western blot,Sf21,other,HEK293,Sf21
1909,10.1016/j.ejmech.2020.112949,P49841,,luciferase,,HT-22,Western blot,Sf21,other,HEK293,Sf21
1910,10.1016/j.ejmech.2020.112949,P49841,,luciferase,,HT-22,Western blot,Sf21,other,HEK293,Sf21
1911,10.1016/j.ejmech.2020.112949,P49841,,luciferase,,HT-22,Western blot,Sf21,other,HEK293,Sf21
1912,10.1016/j.ejmech.2020.112949,P49841,,luciferase,,HT-22,Western blot,Sf21,other,HEK293,Sf21
1913,10.1016/j.ejmech.2020.112949,P49841,,luciferase,,HT-22,Western blot,Sf21,other,HEK293,Sf21
1914,10.1016/j.ejmech.2020.112949,P49841,,luciferase,,HT-22,Western blot,Sf21,other,HEK293,Sf21
1915,10.1016/j.ejmech.2020.112949,P49841,,luciferase,,HT-22,Western blot,Sf21,other,HEK293,Sf21
1916,10.1016/j.ejmech.2020.112949,P49841,,luciferase,,HT-22,Western blot,Sf21,other,HEK293,Sf21
1917,10.1016/j.ejmech.2020.112949,P49841,,luciferase,,HT-22,Western blot,Sf21,other,HEK293,Sf21
1918,10.1016/j.ejmech.2020.112949,P49841,,luciferase,,HT-22,Western blot,Sf21,other,HEK293,Sf21
1919,10.1016/j.ejmech.2020.112505,O00418,,,,MDA-MB-231,apoptosis,,,HL60,MDA-MB-231
1920,10.1016/j.ejmech.2020.112505,O00418,,,,MDA-MB-231,apoptosis,,,HL60,MDA-MB-231
1921,10.1016/j.ejmech.2020.112505,O00418,,,,MDA-MB-231,apoptosis,,,HL60,MDA-MB-231
1922,10.1016/j.ejmech.2020.112505,O00418,,,,MDA-MB-231,apoptosis,,,HL60,MDA-MB-231
1923,10.1016/j.ejmech.2020.112505,O00418,,,,MDA-MB-231,apoptosis,,,HL60,MDA-MB-231
1924,10.1016/j.ejmech.2020.112505,O00418,,,,MDA-MB-231,apoptosis,,,HL60,MDA-MB-231
1925,10.1016/j.ejmech.2020.112505,O00418,,,,MDA-MB-231,apoptosis,,,HL60,MDA-MB-231
1926,10.1016/j.ejmech.2020.112505,O00418,,,,MDA-MB-231,apoptosis,,,HL60,MDA-MB-231
1927,10.1016/j.ejmech.2020.112505,O00418,,,,MDA-MB-231,apoptosis,,,HL60,MDA-MB-231
1928,10.1016/j.ejmech.2020.112505,O00418,,,,MDA-MB-231,apoptosis,,,HL60,MDA-MB-231
1929,10.1016/j.ejmech.2020.112505,O00418,,,,MDA-MB-231,apoptosis,,,HL60,MDA-MB-231
1930,10.1016/j.ejmech.2020.112505,O00418,,,,MDA-MB-231,apoptosis,,,HL60,MDA-MB-231
1931,10.1016/j.ejmech.2020.112505,O00418,,,,MDA-MB-231,apoptosis,,,HL60,MDA-MB-231
1932,10.1016/j.ejmech.2020.112505,O00418,,,,MDA-MB-231,apoptosis,,,HL60,MDA-MB-231
1933,10.1016/j.ejmech.2020.112505,O00418,,,,MDA-MB-231,apoptosis,,,HL60,MDA-MB-231
1934,10.1016/j.ejmech.2020.112505,O00418,,,,MDA-MB-231,apoptosis,,,HL60,MDA-MB-231
1935,10.1016/j.ejmech.2020.112505,O00418,,,,MDA-MB-231,apoptosis,,,HL60,MDA-MB-231
1936,10.1016/j.ejmech.2020.112505,O00418,,,,MDA-MB-231,apoptosis,,,HL60,MDA-MB-231
1937,10.1016/j.ejmech.2020.112505,O00418,,,,MDA-MB-231,apoptosis,,,HL60,MDA-MB-231
1938,10.1016/j.ejmech.2020.112505,O00418,,,,MDA-MB-231,apoptosis,,,HL60,MDA-MB-231
1939,10.1016/j.ejmech.2020.112505,O00418,,,,MDA-MB-231,apoptosis,,,HL60,MDA-MB-231
1940,10.1016/j.ejmech.2020.112505,O00418,,,,MDA-MB-231,apoptosis,,,HL60,MDA-MB-231
1941,10.1016/j.ejmech.2020.112505,O00418,,,,MDA-MB-231,apoptosis,,,HL60,MDA-MB-231
1942,10.1016/j.ejmech.2020.112505,O00418,MDA-MB-231,degradation reporter,24.0,MDA-MB-231,apoptosis,,,HL60,MDA-MB-231
1943,10.1016/j.ejmech.2020.112654,P35968,EA.hy926,luciferase,,HUVECs; EA.hy926; HEK293,Western blot,Sf9,other,,EA.hy926
1944,10.1016/j.ejmech.2020.112654,P35968,EA.hy926,other,,HUVECs; EA.hy926; HEK293,Western blot,Sf9,other,,EA.hy926
1945,10.1016/j.ejmech.2020.112654,P35968,EA.hy926,other,,HUVECs; EA.hy926; HEK293,Western blot,Sf9,other,,EA.hy926
1946,10.1016/j.ejmech.2020.112654,P35968,EA.hy926,other,,HUVECs; EA.hy926; HEK293,Western blot,Sf9,other,,EA.hy926
1947,10.1016/j.ejmech.2020.112654,P35968,EA.hy926,other,,HUVECs; EA.hy926; HEK293,Western blot,Sf9,other,,EA.hy926
1948,10.1016/j.ejmech.2020.112654,P35968,,other,,HUVECs; EA.hy926; HEK293,Western blot,Sf9,other,,Sf9
1949,10.1016/j.ejmech.2020.112903,P24941,,,,malignant melanoma cells,cell cycle arrest; apoptosis,,other,,malignant melanoma cells
1949,10.1016/j.ejmech.2020.112903,P11802,,,,malignant melanoma cells,cell cycle arrest; apoptosis,,other,HCT116; HeLa,malignant melanoma cells
1949,10.1016/j.ejmech.2020.112903,Q00534,,,,malignant melanoma cells,cell cycle arrest; apoptosis,,other,HCT116; HL-60; HL60,malignant melanoma cells
1950,10.1016/j.ejmech.2020.112903,P24941,,,,malignant melanoma cells,cell cycle arrest; apoptosis,,other,,malignant melanoma cells
1950,10.1016/j.ejmech.2020.112903,P11802,,,,malignant melanoma cells,cell cycle arrest; apoptosis,,other,HCT116; HeLa,malignant melanoma cells
1950,10.1016/j.ejmech.2020.112903,Q00534,,,,malignant melanoma cells,cell cycle arrest; apoptosis,,other,HCT116; HL-60; HL60,malignant melanoma cells
1951,10.1016/j.ejmech.2020.112903,P24941,,,,malignant melanoma cells,cell cycle arrest; apoptosis,,other,,malignant melanoma cells
1951,10.1016/j.ejmech.2020.112903,P11802,,,,malignant melanoma cells,cell cycle arrest; apoptosis,,other,HCT116; HeLa,malignant melanoma cells
1951,10.1016/j.ejmech.2020.112903,Q00534,,,,malignant melanoma cells,cell cycle arrest; apoptosis,,other,HCT116; HL-60; HL60,malignant melanoma cells
1952,10.1016/j.ejmech.2020.112903,P24941,,,,malignant melanoma cells,cell cycle arrest; apoptosis,,other,,malignant melanoma cells
1952,10.1016/j.ejmech.2020.112903,P11802,,,,malignant melanoma cells,cell cycle arrest; apoptosis,,other,HCT116; HeLa,malignant melanoma cells
1952,10.1016/j.ejmech.2020.112903,Q00534,,,,malignant melanoma cells,cell cycle arrest; apoptosis,,other,HCT116; HL-60; HL60,malignant melanoma cells
1953,10.1016/j.ejmech.2020.112903,P24941,,,,malignant melanoma cells,cell cycle arrest; apoptosis,,other,,malignant melanoma cells
1953,10.1016/j.ejmech.2020.112903,P11802,,,,malignant melanoma cells,cell cycle arrest; apoptosis,,other,HCT116; HeLa,malignant melanoma cells
1953,10.1016/j.ejmech.2020.112903,Q00534,,,,malignant melanoma cells,cell cycle arrest; apoptosis,,other,HCT116; HL-60; HL60,malignant melanoma cells
1954,10.1016/j.ejmech.2020.112903,P24941,,,,malignant melanoma cells,cell cycle arrest; apoptosis,,other,,malignant melanoma cells
1954,10.1016/j.ejmech.2020.112903,P11802,,,,malignant melanoma cells,cell cycle arrest; apoptosis,,other,HCT116; HeLa,malignant melanoma cells
1954,10.1016/j.ejmech.2020.112903,Q00534,,,,malignant melanoma cells,cell cycle arrest; apoptosis,,other,HCT116; HL-60; HL60,malignant melanoma cells
1955,10.1016/j.ejmech.2020.112903,P24941,,,,malignant melanoma cells,cell cycle arrest; apoptosis,,other,,malignant melanoma cells
1955,10.1016/j.ejmech.2020.112903,P11802,,,,malignant melanoma cells,cell cycle arrest; apoptosis,,other,HCT116; HeLa,malignant melanoma cells
1955,10.1016/j.ejmech.2020.112903,Q00534,,,,malignant melanoma cells,cell cycle arrest; apoptosis,,other,HCT116; HL-60; HL60,malignant melanoma cells
1956,10.1016/j.ejmech.2020.112903,P24941,,,,malignant melanoma cells,cell cycle arrest; apoptosis,,other,,malignant melanoma cells
1956,10.1016/j.ejmech.2020.112903,P11802,,,,malignant melanoma cells,cell cycle arrest; apoptosis,,other,HCT116; HeLa,malignant melanoma cells
1956,10.1016/j.ejmech.2020.112903,Q00534,,,,malignant melanoma cells,cell cycle arrest; apoptosis,,other,HCT116; HL-60; HL60,malignant melanoma cells
1957,10.1016/j.ejmech.2020.112903,P24941,,,,malignant melanoma cells,cell cycle arrest; apoptosis,,other,,malignant melanoma cells
1957,10.1016/j.ejmech.2020.112903,P11802,,,,malignant melanoma cells,cell cycle arrest; apoptosis,,other,HCT116; HeLa,malignant melanoma cells
1957,10.1016/j.ejmech.2020.112903,Q00534,,,,malignant melanoma cells,cell cycle arrest; apoptosis,,other,HCT116; HL-60; HL60,malignant melanoma cells
1958,10.1016/j.ejmech.2020.112903,P24941,,,,malignant melanoma cells,cell cycle arrest; apoptosis,,other,,malignant melanoma cells
1958,10.1016/j.ejmech.2020.112903,P11802,,,,malignant melanoma cells,cell cycle arrest; apoptosis,,other,HCT116; HeLa,malignant melanoma cells
1958,10.1016/j.ejmech.2020.112903,Q00534,,,,malignant melanoma cells,cell cycle arrest; apoptosis,,other,HCT116; HL-60; HL60,malignant melanoma cells
1959,10.1016/j.ejmech.2020.112903,P24941,,,,malignant melanoma cells,cell cycle arrest; apoptosis,,other,,malignant melanoma cells
1959,10.1016/j.ejmech.2020.112903,P11802,,,,malignant melanoma cells,cell cycle arrest; apoptosis,,other,HCT116; HeLa,malignant melanoma cells
1959,10.1016/j.ejmech.2020.112903,Q00534,,,,malignant melanoma cells,cell cycle arrest; apoptosis,,other,HCT116; HL-60; HL60,malignant melanoma cells
1960,10.1016/j.ejmech.2020.112903,P24941,,,,malignant melanoma cells,cell cycle arrest; apoptosis,,other,,malignant melanoma cells
1960,10.1016/j.ejmech.2020.112903,P11802,,,,malignant melanoma cells,cell cycle arrest; apoptosis,,other,HCT116; HeLa,malignant melanoma cells
1960,10.1016/j.ejmech.2020.112903,Q00534,,,,malignant melanoma cells,cell cycle arrest; apoptosis,,other,HCT116; HL-60; HL60,malignant melanoma cells
1961,10.1016/j.ejmech.2020.112903,P24941,,,,malignant melanoma cells,cell cycle arrest; apoptosis,,other,,malignant melanoma cells
1961,10.1016/j.ejmech.2020.112903,P11802,,,,malignant melanoma cells,cell cycle arrest; apoptosis,,other,HCT116; HeLa,malignant melanoma cells
1961,10.1016/j.ejmech.2020.112903,Q00534,,,,malignant melanoma cells,cell cycle arrest; apoptosis,,other,HCT116; HL-60; HL60,malignant melanoma cells
1962,10.1016/j.ejmech.2020.112903,P24941,,,,malignant melanoma cells,cell cycle arrest; apoptosis,,other,,malignant melanoma cells
1962,10.1016/j.ejmech.2020.112903,P11802,,,,malignant melanoma cells,cell cycle arrest; apoptosis,,other,HCT116; HeLa,malignant melanoma cells
1962,10.1016/j.ejmech.2020.112903,Q00534,,,,malignant melanoma cells,cell cycle arrest; apoptosis,,other,HCT116; HL-60; HL60,malignant melanoma cells
1963,10.1016/j.ejmech.2020.112903,P24941,,,,malignant melanoma cells,cell cycle arrest; apoptosis,,other,,malignant melanoma cells
1963,10.1016/j.ejmech.2020.112903,P11802,,,,malignant melanoma cells,cell cycle arrest; apoptosis,,other,HCT116; HeLa,malignant melanoma cells
1963,10.1016/j.ejmech.2020.112903,Q00534,,,,malignant melanoma cells,cell cycle arrest; apoptosis,,other,HCT116; HL-60; HL60,malignant melanoma cells
1964,10.1016/j.ejmech.2020.112903,P24941,,,,malignant melanoma cells,cell cycle arrest; apoptosis,,other,,malignant melanoma cells
1964,10.1016/j.ejmech.2020.112903,P11802,,,,malignant melanoma cells,cell cycle arrest; apoptosis,,other,HCT116; HeLa,malignant melanoma cells
1964,10.1016/j.ejmech.2020.112903,Q00534,,,,malignant melanoma cells,cell cycle arrest; apoptosis,,other,HCT116; HL-60; HL60,malignant melanoma cells
1965,10.1016/j.ejmech.2020.112903,P24941,,,,malignant melanoma cells,cell cycle arrest; apoptosis,,other,,malignant melanoma cells
1965,10.1016/j.ejmech.2020.112903,P11802,,,,malignant melanoma cells,cell cycle arrest; apoptosis,,other,HCT116; HeLa,malignant melanoma cells
1965,10.1016/j.ejmech.2020.112903,Q00534,,,,malignant melanoma cells,cell cycle arrest; apoptosis,,other,HCT116; HL-60; HL60,malignant melanoma cells
1966,10.1016/j.ejmech.2020.112903,P24941,,,,malignant melanoma cells,cell cycle arrest; apoptosis,,other,,malignant melanoma cells
1966,10.1016/j.ejmech.2020.112903,P11802,,,,malignant melanoma cells,cell cycle arrest; apoptosis,,other,HCT116; HeLa,malignant melanoma cells
1966,10.1016/j.ejmech.2020.112903,Q00534,,,,malignant melanoma cells,cell cycle arrest; apoptosis,,other,HCT116; HL-60; HL60,malignant melanoma cells
1967,10.1016/j.ejmech.2020.112903,P24941,,,,malignant melanoma cells,cell cycle arrest; apoptosis,,other,,malignant melanoma cells
1967,10.1016/j.ejmech.2020.112903,P11802,,,,malignant melanoma cells,cell cycle arrest; apoptosis,,other,HCT116; HeLa,malignant melanoma cells
1967,10.1016/j.ejmech.2020.112903,Q00534,,,,malignant melanoma cells,cell cycle arrest; apoptosis,,other,HCT116; HL-60; HL60,malignant melanoma cells
1968,10.1016/j.ejmech.2020.112903,P24941,,,,malignant melanoma cells,cell cycle arrest; apoptosis,,other,,malignant melanoma cells
1968,10.1016/j.ejmech.2020.112903,P11802,,,,malignant melanoma cells,cell cycle arrest; apoptosis,,other,HCT116; HeLa,malignant melanoma cells
1968,10.1016/j.ejmech.2020.112903,Q00534,,,,malignant melanoma cells,cell cycle arrest; apoptosis,,other,HCT116; HL-60; HL60,malignant melanoma cells
1969,10.1016/j.ejmech.2020.112903,P24941,,other,,malignant melanoma cells,cell cycle arrest; apoptosis,,other,,malignant melanoma cells
1969,10.1016/j.ejmech.2020.112903,P11802,,other,,malignant melanoma cells,cell cycle arrest; apoptosis,,other,HCT116; HeLa,malignant melanoma cells
1969,10.1016/j.ejmech.2020.112903,Q00534,,other,,malignant melanoma cells,cell cycle arrest; apoptosis,,other,HCT116; HL-60; HL60,malignant melanoma cells
1970,10.1016/j.ejmech.2020.113150,Q9UM73,H3122,other,,H3122,,Sf21,other,,H3122
1971,10.1016/j.ejmech.2020.113150,Q9UM73,A549,other,,H3122,,Sf21,other,,A549
1972,10.1016/j.ejmech.2020.113150,Q9UM73,,other,,H3122,,Sf21,other,,Sf21
1973,10.1016/j.ejmech.2020.113150,Q9UM73,,other,,H3122,,Sf21,other,,Sf21
1974,10.1016/j.ejmech.2020.113150,Q9UM73,,other,,H3122,,Sf21,other,,Sf21
1975,10.1016/j.ejmech.2020.113150,Q9UM73,,other,,H3122,,Sf21,other,,Sf21
1976,10.1016/j.ejmech.2020.113150,Q9UM73,,other,,H3122,,Sf21,other,,Sf21
1977,10.1016/j.ejmech.2020.113150,Q9UM73,,other,,H3122,,Sf21,other,,Sf21
1978,10.1016/j.ejmech.2020.113150,Q9UM73,,other,,H3122,,Sf21,other,,Sf21
1979,10.1016/j.ejmech.2020.113150,Q9UM73,,other,,H3122,,Sf21,other,,Sf21
1980,10.1016/j.ejmech.2020.113150,Q9UM73,,other,,H3122,,Sf21,other,,Sf21
1981,10.1016/j.ejmech.2020.113150,Q9UM73,,other,,H3122,,Sf21,other,,Sf21
1982,10.1016/j.ejmech.2020.113150,Q9UM73,,other,,H3122,,Sf21,other,,Sf21
1983,10.1016/j.ejmech.2020.113150,Q9UM73,,other,,H3122,,Sf21,other,,Sf21
1984,10.1016/j.ejmech.2020.113150,Q9UM73,,other,,H3122,,Sf21,other,,Sf21
1985,10.1016/j.ejmech.2020.113150,Q9UM73,,other,,H3122,,Sf21,other,,Sf21
1986,10.1016/j.ejmech.2020.113150,Q9UM73,,other,,H3122,,Sf21,other,,Sf21
1987,10.1016/j.ejmech.2020.113150,Q9UM73,,other,,H3122,,Sf21,other,,Sf21
1988,10.1016/j.ejmech.2020.113150,Q9UM73,,other,,H3122,,Sf21,other,,Sf21
1989,10.1016/j.ejmech.2020.113150,Q9UM73,,other,,H3122,,Sf21,other,,Sf21
1990,10.1016/j.ejmech.2020.113150,Q9UM73,,other,,H3122,,Sf21,other,,Sf21
1991,10.1016/j.ejmech.2020.113150,Q9UM73,,other,,H3122,,Sf21,other,,Sf21
1992,10.1016/j.ejmech.2020.113150,Q9UM73,,other,,H3122,,Sf21,other,,Sf21
1993,10.1016/j.ejmech.2020.112781,P00533,HCC827,other,,HCC827; H1975,Western blot,,,,HCC827
1993,10.1016/j.ejmech.2020.112781,P00533,HCC827,other,,HCC827; H1975,Western blot,,,,HCC827
1993,10.1016/j.ejmech.2020.112781,P00533,HCC827,other,,HCC827; H1975,Western blot,,,,HCC827
1994,10.1016/j.ejmech.2020.112781,P00533,HCC827,other,,HCC827; H1975,Western blot,,,,HCC827
1994,10.1016/j.ejmech.2020.112781,P00533,HCC827,other,,HCC827; H1975,Western blot,,,,HCC827
1994,10.1016/j.ejmech.2020.112781,P00533,HCC827,other,,HCC827; H1975,Western blot,,,,HCC827
1995,10.1016/j.ejmech.2020.112781,P00533,HCC827,degradation reporter,48.0,HCC827; H1975,Western blot,,,,HCC827
1995,10.1016/j.ejmech.2020.112781,P00533,HCC827,degradation reporter,48.0,HCC827; H1975,Western blot,,,,HCC827
1995,10.1016/j.ejmech.2020.112781,P00533,HCC827,degradation reporter,48.0,HCC827; H1975,Western blot,,,,HCC827
1996,10.1016/j.ejmech.2020.112781,P00533,HCC827,degradation reporter,48.0,HCC827; H1975,Western blot,,,,HCC827
1996,10.1016/j.ejmech.2020.112781,P00533,HCC827,degradation reporter,48.0,HCC827; H1975,Western blot,,,,HCC827
1996,10.1016/j.ejmech.2020.112781,P00533,HCC827,degradation reporter,48.0,HCC827; H1975,Western blot,,,,HCC827
1997,10.1016/j.ejmech.2020.112781,P00533,HCC827,other,,HCC827; H1975,Western blot,,,,HCC827
1997,10.1016/j.ejmech.2020.112781,P00533,HCC827,other,,HCC827; H1975,Western blot,,,,HCC827
1997,10.1016/j.ejmech.2020.112781,P00533,HCC827,other,,HCC827; H1975,Western blot,,,,HCC827
1998,10.1016/j.ejmech.2020.112781,P00533,H1975,other,,HCC827; H1975,Western blot,,,,H1975
1998,10.1016/j.ejmech.2020.112781,P00533,H1975,other,,HCC827; H1975,Western blot,,,,H1975
1998,10.1016/j.ejmech.2020.112781,P00533,H1975,other,,HCC827; H1975,Western blot,,,,H1975
1999,10.1016/j.ejmech.2020.112781,P00533,HCC827,other,,HCC827; H1975,Western blot,,,,HCC827
1999,10.1016/j.ejmech.2020.112781,P00533,HCC827,other,,HCC827; H1975,Western blot,,,,HCC827
1999,10.1016/j.ejmech.2020.112781,P00533,HCC827,other,,HCC827; H1975,Western blot,,,,HCC827
2000,10.1016/j.ejmech.2020.112781,P00533,HCC827,other,,HCC827; H1975,Western blot,,,,HCC827
2000,10.1016/j.ejmech.2020.112781,P00533,HCC827,other,,HCC827; H1975,Western blot,,,,HCC827
2000,10.1016/j.ejmech.2020.112781,P00533,HCC827,other,,HCC827; H1975,Western blot,,,,HCC827
2001,10.1016/j.ejmech.2020.112781,P00533,HCC827,other,,HCC827; H1975,Western blot,,,,HCC827
2001,10.1016/j.ejmech.2020.112781,P00533,HCC827,other,,HCC827; H1975,Western blot,,,,HCC827
2001,10.1016/j.ejmech.2020.112781,P00533,HCC827,other,,HCC827; H1975,Western blot,,,,HCC827
2002,10.1016/j.ejmech.2020.112781,P00533,HCC827,other,,HCC827; H1975,Western blot,,,,HCC827
2002,10.1016/j.ejmech.2020.112781,P00533,HCC827,other,,HCC827; H1975,Western blot,,,,HCC827
2002,10.1016/j.ejmech.2020.112781,P00533,HCC827,other,,HCC827; H1975,Western blot,,,,HCC827
2003,10.1016/j.chembiol.2020.12.004,Q92793,RS4;11,degradation reporter,4.0,multiple myeloma cells,,,,HEK293; U2OS,RS4;11
2003,10.1016/j.chembiol.2020.12.004,Q09472,RS4;11,degradation reporter,4.0,multiple myeloma cells,,,,MDA-MB-231; MDA-MB-468; PC3,RS4;11
2003,10.1021/acs.jmedchem.3c00492,Q92793,RS4;11,degradation reporter,4.0,RS4;11,degradation reporter,RS4-11,Western blot,HEK293; U2OS,RS4;11
2003,10.1021/acs.jmedchem.3c00492,Q09472,RS4;11,degradation reporter,4.0,RS4;11,degradation reporter,RS4-11,Western blot,MDA-MB-231; MDA-MB-468; PC3,RS4;11
2004,10.1016/j.chembiol.2020.08.010,Q9NWZ3,HEK293T,TR-FRET,24.0,ABC DLBCL cells,,,,HL-60; HL60,HEK293T
2005,10.1016/j.chembiol.2020.08.010,Q9NWZ3,HEK293T,TR-FRET,24.0,ABC DLBCL cells,,,,HL-60; HL60,HEK293T
2006,10.1016/j.chembiol.2020.08.010,Q9NWZ3,HEK293T,TR-FRET,24.0,ABC DLBCL cells,,,,HL-60; HL60,HEK293T
2007,10.1016/j.chembiol.2020.08.010,Q9NWZ3,HEK293T,TR-FRET,24.0,ABC DLBCL cells,,,,HL-60; HL60,HEK293T
2008,10.1016/j.chembiol.2020.08.010,Q9NWZ3,HEK293T,TR-FRET,24.0,ABC DLBCL cells,,,,HL-60; HL60,HEK293T
2009,10.1016/j.chembiol.2020.08.010,Q9NWZ3,HEK293T,TR-FRET,24.0,ABC DLBCL cells,,,,HL-60; HL60,HEK293T
2010,10.1016/j.chembiol.2020.08.010,Q9NWZ3,HEK293T,TR-FRET,24.0,ABC DLBCL cells,,,,HL-60; HL60,HEK293T
2011,10.1016/j.chembiol.2020.08.010,Q9NWZ3,HEK293T,TR-FRET,24.0,ABC DLBCL cells,,,,HL-60; HL60,HEK293T
2012,10.1039/d0cc03243c,O15379,,other,,,,,,HEK293; HL60; HeLa,
2013,10.1039/d0cc03243c,O15379,,other,,,,,,HEK293; HL60; HeLa,
2014,10.1039/d0cc03243c,O15379,,other,,,,,,HEK293; HL60; HeLa,
2015,10.1039/d0cc03243c,O15379,,other,,,,,,HEK293; HL60; HeLa,
2016,10.1039/d0cc03243c,O15379,,other,,,,,,HEK293; HL60; HeLa,
2017,10.1039/d0cc03243c,O15379,MDA-MB-468,degradation reporter,14.0,,,,,HEK293; HL60; HeLa,MDA-MB-468
2018,10.1039/d0cc03243c,O15379,,other,,,,,,HEK293; HL60; HeLa,
2019,10.1039/d0sc00167h,Q00534,,,,leukemia cell lines; myeloma cell lines; breast cancer cell lines,,,,HCT116; HL-60; HL60,leukemia cell lines
2019,10.1039/d0sc00167h,P11802,,,,leukemia cell lines; myeloma cell lines; breast cancer cell lines,,,,HCT116; HeLa,leukemia cell lines
2020,10.1039/d0sc00167h,Q00534,,,,leukemia cell lines; myeloma cell lines; breast cancer cell lines,,,,HCT116; HL-60; HL60,leukemia cell lines
2020,10.1039/d0sc00167h,P11802,,,,leukemia cell lines; myeloma cell lines; breast cancer cell lines,,,,HCT116; HeLa,leukemia cell lines
2021,10.1039/d0sc00167h,Q00534,,,,leukemia cell lines; myeloma cell lines; breast cancer cell lines,,,,HCT116; HL-60; HL60,leukemia cell lines
2021,10.1039/d0sc00167h,P11802,,,,leukemia cell lines; myeloma cell lines; breast cancer cell lines,,,,HCT116; HeLa,leukemia cell lines
2022,10.1039/d0sc00167h,Q00534,,,,leukemia cell lines; myeloma cell lines; breast cancer cell lines,,,,HCT116; HL-60; HL60,leukemia cell lines
2022,10.1039/d0sc00167h,P11802,,,,leukemia cell lines; myeloma cell lines; breast cancer cell lines,,,,HCT116; HeLa,leukemia cell lines
2023,10.1039/d0sc00167h,Q00534,,,,leukemia cell lines; myeloma cell lines; breast cancer cell lines,,,,HCT116; HL-60; HL60,leukemia cell lines
2023,10.1039/d0sc00167h,P11802,,,,leukemia cell lines; myeloma cell lines; breast cancer cell lines,,,,HCT116; HeLa,leukemia cell lines
2024,10.1039/d0sc00167h,Q00534,,,,leukemia cell lines; myeloma cell lines; breast cancer cell lines,,,,HCT116; HL-60; HL60,leukemia cell lines
2024,10.1039/d0sc00167h,P11802,,,,leukemia cell lines; myeloma cell lines; breast cancer cell lines,,,,HCT116; HeLa,leukemia cell lines
2025,10.1039/d0sc00167h,Q00534,,,,leukemia cell lines; myeloma cell lines; breast cancer cell lines,,,,HCT116; HL-60; HL60,leukemia cell lines
2025,10.1039/d0sc00167h,P11802,,,,leukemia cell lines; myeloma cell lines; breast cancer cell lines,,,,HCT116; HeLa,leukemia cell lines
2026,10.1039/d0sc00167h,Q00534,,,,leukemia cell lines; myeloma cell lines; breast cancer cell lines,,,,HCT116; HL-60; HL60,leukemia cell lines
2026,10.1039/d0sc00167h,P11802,,,,leukemia cell lines; myeloma cell lines; breast cancer cell lines,,,,HCT116; HeLa,leukemia cell lines
2027,10.1039/d0sc00167h,Q00534,,,,leukemia cell lines; myeloma cell lines; breast cancer cell lines,,,,HCT116; HL-60; HL60,leukemia cell lines
2027,10.1039/d0sc00167h,P11802,,,,leukemia cell lines; myeloma cell lines; breast cancer cell lines,,,,HCT116; HeLa,leukemia cell lines
2028,10.1039/d0sc00167h,Q00534,,,,leukemia cell lines; myeloma cell lines; breast cancer cell lines,,,,HCT116; HL-60; HL60,leukemia cell lines
2028,10.1039/d0sc00167h,P11802,,,,leukemia cell lines; myeloma cell lines; breast cancer cell lines,,,,HCT116; HeLa,leukemia cell lines
2029,10.1039/d0sc00167h,Q00534,,,,leukemia cell lines; myeloma cell lines; breast cancer cell lines,,,,HCT116; HL-60; HL60,leukemia cell lines
2029,10.1039/d0sc00167h,P11802,,,,leukemia cell lines; myeloma cell lines; breast cancer cell lines,,,,HCT116; HeLa,leukemia cell lines
2030,10.1039/d0sc00167h,Q00534,,,,leukemia cell lines; myeloma cell lines; breast cancer cell lines,,,,HCT116; HL-60; HL60,leukemia cell lines
2030,10.1039/d0sc00167h,P11802,,,,leukemia cell lines; myeloma cell lines; breast cancer cell lines,,,,HCT116; HeLa,leukemia cell lines
2031,10.1039/d0sc00167h,Q00534,,,,leukemia cell lines; myeloma cell lines; breast cancer cell lines,,,,HCT116; HL-60; HL60,leukemia cell lines
2031,10.1039/d0sc00167h,P11802,,,,leukemia cell lines; myeloma cell lines; breast cancer cell lines,,,,HCT116; HeLa,leukemia cell lines
2032,10.1039/d0sc00167h,Q00534,,,,leukemia cell lines; myeloma cell lines; breast cancer cell lines,,,,HCT116; HL-60; HL60,leukemia cell lines
2032,10.1039/d0sc00167h,P11802,,,,leukemia cell lines; myeloma cell lines; breast cancer cell lines,,,,HCT116; HeLa,leukemia cell lines
2033,10.1039/d0sc00167h,Q00534,,,,leukemia cell lines; myeloma cell lines; breast cancer cell lines,,,,HCT116; HL-60; HL60,leukemia cell lines
2033,10.1039/d0sc00167h,P11802,,,,leukemia cell lines; myeloma cell lines; breast cancer cell lines,,,,HCT116; HeLa,leukemia cell lines
2034,10.1039/d0sc00167h,Q00534,,,,leukemia cell lines; myeloma cell lines; breast cancer cell lines,,,,HCT116; HL-60; HL60,leukemia cell lines
2034,10.1039/d0sc00167h,P11802,,,,leukemia cell lines; myeloma cell lines; breast cancer cell lines,,,,HCT116; HeLa,leukemia cell lines
2035,10.1039/d0sc00167h,Q00534,,,,leukemia cell lines; myeloma cell lines; breast cancer cell lines,,,,HCT116; HL-60; HL60,leukemia cell lines
2035,10.1039/d0sc00167h,P11802,,,,leukemia cell lines; myeloma cell lines; breast cancer cell lines,,,,HCT116; HeLa,leukemia cell lines
2036,10.1039/d0sc00167h,Q00534,,,,leukemia cell lines; myeloma cell lines; breast cancer cell lines,,,,HCT116; HL-60; HL60,leukemia cell lines
2036,10.1039/d0sc00167h,P11802,,,,leukemia cell lines; myeloma cell lines; breast cancer cell lines,,,,HCT116; HeLa,leukemia cell lines
2037,10.1039/d0sc00167h,Q00534,,,,leukemia cell lines; myeloma cell lines; breast cancer cell lines,,,,HCT116; HL-60; HL60,leukemia cell lines
2037,10.1039/d0sc00167h,P11802,,,,leukemia cell lines; myeloma cell lines; breast cancer cell lines,,,,HCT116; HeLa,leukemia cell lines
2038,10.1039/d0sc00167h,P11802,MM.1S,degradation reporter,16.0,leukemia cell lines; myeloma cell lines; breast cancer cell lines,,,,HCT116; HeLa,MM.1S
2038,10.1039/d0sc00167h,Q00534,MM.1S,degradation reporter,16.0,leukemia cell lines; myeloma cell lines; breast cancer cell lines,,,,HCT116; HL-60; HL60,MM.1S
2039,10.1039/d0sc00167h,Q00534,,,,leukemia cell lines; myeloma cell lines; breast cancer cell lines,,,,HCT116; HL-60; HL60,leukemia cell lines
2039,10.1039/d0sc00167h,P11802,,,,leukemia cell lines; myeloma cell lines; breast cancer cell lines,,,,HCT116; HeLa,leukemia cell lines
2040,10.1039/d0sc00167h,Q00534,MM.1S,degradation reporter,16.0,leukemia cell lines; myeloma cell lines; breast cancer cell lines,,,,HCT116; HL-60; HL60,MM.1S
2040,10.1039/d0sc00167h,P11802,MM.1S,degradation reporter,16.0,leukemia cell lines; myeloma cell lines; breast cancer cell lines,,,,HCT116; HeLa,MM.1S
2041,10.1016/j.cell.2020.10.038,O14965,,,,,,,,HCT116; HeLa,
2041,10.1016/j.cell.2020.10.038,Q96GD4,,,,,,,,HCT116; HeLa; MCF7,
2041,10.1038/s41589-020-00652-y,O14965,,,,cancer cell lines,,,,HCT116; HeLa,cancer cell lines
2042,10.1038/s41589-020-00652-y,O14965,,,,cancer cell lines,,,,HCT116; HeLa,cancer cell lines
2043,10.1038/s41589-020-00652-y,O14965,,,,cancer cell lines,,,,HCT116; HeLa,cancer cell lines
2044,10.1038/s41589-020-00652-y,O14965,NGP,degradation reporter,24.0,cancer cell lines,,,,HCT116; HeLa,NGP
2044,10.1016/j.ejmech.2022.115033,O14965,NGP,degradation reporter,24.0,NGP,degradation reporter,NGP,Western blot; flow cytometry; cell proliferation assay,HCT116; HeLa,NGP
2045,10.1002/advs.202104823,O14965,,,,acute myeloid leukemia (AML) cells,,,,HCT116; HeLa,acute myeloid leukemia (AML) cells
2045,10.1038/s41589-020-00652-y,O14965,,,,cancer cell lines,,,,HCT116; HeLa,cancer cell lines
2046,10.1038/s41589-020-00652-y,O14965,,,,cancer cell lines,,,,HCT116; HeLa,cancer cell lines
2047,10.1038/s41589-020-00652-y,O14965,,,,cancer cell lines,,,,HCT116; HeLa,cancer cell lines
2048,10.1038/s41589-020-0609-7,P15056,A375,degradation reporter,24.0,,,,,,A375
2049,10.1038/s41589-020-0609-7,P15056,A375,degradation reporter,24.0,,,,,,A375
2050,10.1038/s41589-020-0609-7,P15056,A375,degradation reporter,24.0,,,,,,A375
2051,10.1038/s41589-020-0609-7,P15056,,other,,,,,,,
2052,10.1038/s41589-020-0609-7,P15056,,other,,,,,,,
2053,10.1038/s41589-020-0609-7,P15056,,,,,,,,,
2054,10.1038/s41589-020-0609-7,P15056,,,,,,,,,
2055,10.1038/s41589-020-0609-7,P15056,,,,,,,,,
2056,10.1038/s41589-020-0609-7,P15056,,,,,,,,,
2057,10.1038/s41589-020-0609-7,P15056,,,,,,,,,
2058,10.1038/s41589-020-0609-7,P15056,,,,,,,,,
2059,10.1038/s41589-020-0609-7,P15056,A375,degradation reporter,24.0,,,,,,A375
2060,10.1038/s41589-020-0609-7,P15056,,,,,,,,,
2061,10.1038/s41589-020-0609-7,P15056,,,,,,,,,
2062,10.1038/s41589-020-0609-7,P15056,,,,,,,,,
2063,10.1038/s41589-020-0609-7,P15056,A375,degradation reporter,24.0,,,,,,A375
2064,10.1038/s41589-020-0609-7,P15056,A375,degradation reporter,24.0,,,,,,A375
2065,10.1038/s41589-020-0609-7,P15056,A375,degradation reporter,24.0,,,,,,A375
2066,10.1038/s41589-020-00686-2,Q06187,,,,,,,,HL-60; K562; Ramos,
2067,10.1038/s41589-020-00686-2,Q06187,THP-1,degradation reporter,,,,,,HL-60; K562; Ramos,THP-1
2068,10.1038/s41589-020-00686-2,Q06187,THP-1,degradation reporter,,,,,,HL-60; K562; Ramos,THP-1
2069,10.1038/s41589-021-00742-5,P24941,,,,AML cell lines; primary patient cells,degradation reporter,,,,AML cell lines
2070,10.1038/s41589-021-00742-5,P24941,,,,AML cell lines; primary patient cells,degradation reporter,,,,AML cell lines
2071,10.1038/s41589-021-00742-5,P24941,Kasumi-1,other,48.0,AML cell lines; primary patient cells,degradation reporter,,,,Kasumi-1
2071,10.1038/s41589-021-00742-5,P24941,Kasumi-1,other,48.0,AML cell lines; primary patient cells,degradation reporter,,,,Kasumi-1
2071,10.1038/s41589-021-00742-5,P24941,Kasumi-1,other,48.0,AML cell lines; primary patient cells,degradation reporter,,,,Kasumi-1
2071,10.1038/s41589-021-00742-5,P24941,Kasumi-1,other,48.0,AML cell lines; primary patient cells,degradation reporter,,,,Kasumi-1
2071,10.1038/s41589-021-00742-5,P24941,Kasumi-1,other,48.0,AML cell lines; primary patient cells,degradation reporter,,,,Kasumi-1
2071,10.1038/s41589-021-00742-5,P24941,Kasumi-1,other,48.0,AML cell lines; primary patient cells,degradation reporter,,,,Kasumi-1
2072,10.1038/s41589-021-00742-5,P24941,,,,AML cell lines; primary patient cells,degradation reporter,,,,AML cell lines
2073,10.1038/s41467-021-21159-7,P15056,SK-MEL-28,other,,,,,,,SK-MEL-28
2073,10.1038/s41467-021-21159-7,P15056,SK-MEL-28,other,,,,,,,SK-MEL-28
2073,10.1038/s41467-021-21159-7,P15056,SK-MEL-28,other,,,,,,,SK-MEL-28
2073,10.1038/s41467-021-21159-7,P15056,SK-MEL-28,other,,,,,,,SK-MEL-28
2073,10.1038/s41467-021-21159-7,P15056,SK-MEL-28,other,,,,,,,SK-MEL-28
2073,10.1038/s41467-021-21159-7,P15056,SK-MEL-28,other,,,,,,,SK-MEL-28
2073,10.1038/s41467-021-21159-7,P15056,SK-MEL-28,other,,,,,,,SK-MEL-28
2073,10.1038/s41467-021-21159-7,P15056,SK-MEL-28,other,,,,,,,SK-MEL-28
2074,10.1038/s41467-021-21159-7,P15056,,,,,,,,,
2074,10.1038/s41467-021-21159-7,P15056,,,,,,,,,
2074,10.1038/s41467-021-21159-7,P15056,,,,,,,,,
2074,10.1038/s41467-021-21159-7,P15056,,,,,,,,,
2074,10.1038/s41467-021-21159-7,P15056,,,,,,,,,
2074,10.1038/s41467-021-21159-7,P15056,,,,,,,,,
2074,10.1038/s41467-021-21159-7,P15056,,,,,,,,,
2074,10.1038/s41467-021-21159-7,P15056,,,,,,,,,
2075,10.1038/s41467-021-21159-7,P15056,,,,,,,,,
2075,10.1038/s41467-021-21159-7,P15056,,,,,,,,,
2075,10.1038/s41467-021-21159-7,P15056,,,,,,,,,
2075,10.1038/s41467-021-21159-7,P15056,,,,,,,,,
2075,10.1038/s41467-021-21159-7,P15056,,,,,,,,,
2075,10.1038/s41467-021-21159-7,P15056,,,,,,,,,
2075,10.1038/s41467-021-21159-7,P15056,,,,,,,,,
2075,10.1038/s41467-021-21159-7,P15056,,,,,,,,,
2076,10.1038/s41467-020-17997-6,Q06187,MOLM-14,other,24.0,,,,,HL-60; K562; Ramos,MOLM-14
2077,10.1038/s41467-020-17997-6,Q06187,MOLM-14,other,,,,,,HL-60; K562; Ramos,MOLM-14
2078,10.1038/s41467-020-17997-6,Q06187,MOLM-14,other,,,,,,HL-60; K562; Ramos,MOLM-14
2079,10.1038/s41467-020-17997-6,Q06187,MOLM-14,other,,,,,,HL-60; K562; Ramos,MOLM-14
2080,10.1038/s41467-020-17997-6,Q06187,MOLM-14,other,,,,,,HL-60; K562; Ramos,MOLM-14
2081,10.1038/s41467-020-17997-6,Q06187,,,,,,,,HL-60; K562; Ramos,
2082,10.1038/s41467-020-17997-6,Q06187,MOLM-14,other,,,,,,HL-60; K562; Ramos,MOLM-14
2083,10.1038/s41467-020-17997-6,Q06187,MOLM-14,other,,,,,,HL-60; K562; Ramos,MOLM-14
2084,10.1038/s41467-020-17997-6,Q06187,MOLM-14,other,,,,,,HL-60; K562; Ramos,MOLM-14
2085,10.1038/s41467-020-17997-6,Q06187,MOLM-14,other,,,,,,HL-60; K562; Ramos,MOLM-14
2086,10.1038/s41467-020-17997-6,Q06187,MOLM-14,other,,,,,,HL-60; K562; Ramos,MOLM-14
2087,10.1038/s41467-020-17997-6,Q06187,MOLM-14,other,,,,,,HL-60; K562; Ramos,MOLM-14
2088,10.1038/s41467-020-17997-6,Q06187,MOLM-14,other,,,,,,HL-60; K562; Ramos,MOLM-14
2089,10.1038/s41467-020-17997-6,Q06187,,other,,,,,,HL-60; K562; Ramos,
2090,10.1038/s41467-020-17997-6,Q06187,,other,,,,,,HL-60; K562; Ramos,
2091,10.1038/s41467-020-17997-6,Q06187,,,,,,,,HL-60; K562; Ramos,
2092,10.1038/s41467-020-17997-6,Q06187,,,,,,,,HL-60; K562; Ramos,
2093,10.1038/s41467-020-17997-6,Q06187,,,,,,,,HL-60; K562; Ramos,
2094,10.1038/s41467-020-17997-6,P36888,,other,,,,,,,
2095,10.1038/s41467-020-17997-6,P36888,,other,,,,,,,
2096,10.1038/s41467-020-17997-6,P36888,,other,,,,,,,
2097,10.1038/s41467-020-18377-w,P62942,,,,,,,,,
2098,10.1038/s41467-020-18377-w,P62942,,,,,,,,,
2099,10.1080/14756366.2020.1804382,P09874,,other,,SW620,Western blot,,,,SW620
2100,10.1080/14756366.2020.1804382,P09874,SW620,other,24.0,SW620,Western blot,,,,SW620
2101,10.1080/14756366.2020.1804382,P09874,SW620,other,24.0,SW620,Western blot,,,,SW620
2102,10.1158/1535-7163.MCT-20-0417,P10275,22Rv1,other,24.0,prostate cancer cells; androgen-responsive prostate cancer cells; SAT-resistant prostate cancer cells,Western blot; cell proliferation assay; apoptosis assay,,,MCF-7; PC-3; PC3,22Rv1
2102,10.1158/1535-7163.MCT-20-0417,P10275,22Rv1,other,24.0,prostate cancer cells; androgen-responsive prostate cancer cells; SAT-resistant prostate cancer cells,Western blot; cell proliferation assay; apoptosis assay,,,MCF-7; PC-3; PC3,22Rv1
2103,10.1002/cmdc.202000872,Q5S007,,,,,,,,HL-60,
2104,10.1002/cmdc.202000872,Q5S007,,,,,,,,HL-60,
2105,10.1002/cmdc.202000872,Q5S007,,,,,,,,HL-60,
2106,10.1002/cmdc.202000872,Q5S007,,,,,,,,HL-60,
2107,10.1002/cmdc.202000872,Q5S007,,,,,,,,HL-60,
2108,10.1002/cmdc.202000872,Q5S007,,,,,,,,HL-60,
2109,10.1002/cmdc.202000872,Q5S007,,other,,,,,,HL-60,
2110,10.3390/molecules25214991,Q13547,,other,,,,,,HeLa,
2110,10.3390/molecules25214991,Q9UBN7,,other,,,,,,A549; HCT116; HEK293; HeLa,
2110,10.3390/molecules25214991,Q9BY41,,other,,,,,,HeLa,
2111,10.3390/molecules25214991,Q13547,,,,,,,,HeLa,
2111,10.3390/molecules25214991,Q9UBN7,,,,,,,,A549; HCT116; HEK293; HeLa,
2111,10.3390/molecules25214991,Q9BY41,,,,,,,,HeLa,
2112,10.3390/molecules25214991,Q13547,,,,,,,,HeLa,
2112,10.3390/molecules25214991,Q9UBN7,,,,,,,,A549; HCT116; HEK293; HeLa,
2112,10.3390/molecules25214991,Q9BY41,,,,,,,,HeLa,
2113,10.1021/acsmedchemlett.0c00290,Q05397,PA-TU-8988T,degradation reporter,4.0,primary CLL cells; patient-derived xenografts,Western blot; BCR-mediated signaling; flow cytometry; chemokine secretion,,,MCF7; MDA-MB-231; MDA-MB-468; PC3,PA-TU-8988T
2114,10.1021/acsmedchemlett.0c00290,Q05397,,,,primary CLL cells; patient-derived xenografts,Western blot; BCR-mediated signaling; flow cytometry; chemokine secretion,,,MCF7; MDA-MB-231; MDA-MB-468; PC3,primary CLL cells
2114,10.1016/j.cell.2020.10.038,O14965,,,,,,,,HCT116; HeLa,
2114,10.1016/j.cell.2020.10.038,P30291,,,,,,,,,
2114,10.1016/j.cell.2020.10.038,P50613,,,,,,,,HCT116; HL-60; HL60; MCF7,
2114,10.1016/j.cell.2020.10.038,P51812,,,,,,,,HCT116; HEK293; HL60,
2114,10.1016/j.cell.2020.10.038,Q13164,,,,,,,,HEK293; HL-60; HeLa,
2114,10.1016/j.cell.2020.10.038,Q14289,,,,,,,,HEK293; HL60,
2114,10.1016/j.cell.2020.10.038,Q15131,,,,,,,,HL60; HeLa; PC-3; PC3; THP-1,
2114,10.1016/j.cell.2020.10.038,Q15418,,,,,,,,HEK293; PC3,
2114,10.1016/j.cell.2020.10.038,Q9BYT3,,,,,,,,,
2115,10.1021/acsmedchemlett.0c00290,Q05397,PA-TU-8988T,degradation reporter,4.0,primary CLL cells; patient-derived xenografts,Western blot; BCR-mediated signaling; flow cytometry; chemokine secretion,,,MCF7; MDA-MB-231; MDA-MB-468; PC3,PA-TU-8988T
2116,10.1021/acsmedchemlett.0c00290,Q05397,,,,primary CLL cells; patient-derived xenografts,Western blot; BCR-mediated signaling; flow cytometry; chemokine secretion,,,MCF7; MDA-MB-231; MDA-MB-468; PC3,primary CLL cells
2116,10.1016/j.cell.2020.10.038,O14965,,,,,,,,HCT116; HeLa,
2116,10.1016/j.cell.2020.10.038,O60285,,,,,,,,,
2116,10.1016/j.cell.2020.10.038,P30291,,,,,,,,,
2116,10.1016/j.cell.2020.10.038,P51812,,,,,,,,HCT116; HEK293; HL60,
2116,10.1016/j.cell.2020.10.038,Q14289,,,,,,,,HEK293; HL60,
2116,10.1016/j.cell.2020.10.038,Q15418,,,,,,,,HEK293; PC3,
2116,10.1016/j.cell.2020.10.038,Q9BYT3,,,,,,,,,
2117,10.1021/acsmedchemlett.0c00290,Q05397,PA-TU-8988T,degradation reporter,4.0,primary CLL cells; patient-derived xenografts,Western blot; BCR-mediated signaling; flow cytometry; chemokine secretion,,,MCF7; MDA-MB-231; MDA-MB-468; PC3,PA-TU-8988T
2118,10.1021/acsmedchemlett.0c00290,Q05397,,other,,primary CLL cells; patient-derived xenografts,Western blot; BCR-mediated signaling; flow cytometry; chemokine secretion,,,MCF7; MDA-MB-231; MDA-MB-468; PC3,primary CLL cells
2118,10.1002/cbic.202300141,Q05397,,other,,cancer cells,,,,MCF7; MDA-MB-231; MDA-MB-468; PC3,cancer cells
2118,10.1002/cbic.202300141,Q14289,,other,,cancer cells,,,,HEK293; HL60,cancer cells
2119,10.1021/acsmedchemlett.0c00589,P03372,MCF-7,TR-FRET,,,Western blot,,,HeLa; MCF-7,MCF-7
2120,10.1021/acsmedchemlett.0c00589,P03372,MCF-7,TR-FRET,,,Western blot,,,HeLa; MCF-7,MCF-7
2121,10.1021/acsmedchemlett.0c00589,P03372,MCF-7,TR-FRET,,,Western blot,,,HeLa; MCF-7,MCF-7
2122,10.1021/acsmedchemlett.0c00589,P03372,MCF-7,TR-FRET,,,Western blot,,,HeLa; MCF-7,MCF-7
2123,10.1021/acsmedchemlett.0c00589,P03372,MCF-7,TR-FRET,,,Western blot,,,HeLa; MCF-7,MCF-7
2124,10.1021/acsmedchemlett.0c00589,P03372,MCF-7,TR-FRET,,,Western blot,,,HeLa; MCF-7,MCF-7
2125,10.1021/acsmedchemlett.0c00589,P03372,MCF-7,TR-FRET,,,Western blot,,,HeLa; MCF-7,MCF-7
2126,10.1021/acsmedchemlett.0c00589,P03372,MCF-7,TR-FRET,,,Western blot,,,HeLa; MCF-7,MCF-7
2127,10.1021/acsmedchemlett.0c00589,P03372,MCF-7,TR-FRET,,,Western blot,,,HeLa; MCF-7,MCF-7
2128,10.1021/acsmedchemlett.0c00589,P03372,MCF-7,TR-FRET,,,Western blot,,,HeLa; MCF-7,MCF-7
2129,10.1021/acsmedchemlett.0c00589,P03372,MCF-7,TR-FRET,,,Western blot,,,HeLa; MCF-7,MCF-7
2130,10.1021/acsmedchemlett.0c00589,P03372,MCF-7,TR-FRET,,,Western blot,,,HeLa; MCF-7,MCF-7
2131,10.1021/acsmedchemlett.0c00347,P51531,A549,degradation reporter,,,Western blot,A549,Western blot; luciferase,A549; U2OS,A549
2131,10.1021/acsmedchemlett.0c00347,P51532,A549,degradation reporter,,,Western blot,A549,Western blot; luciferase,HEK293; HL-60; U2OS,A549
2132,10.1021/acsmedchemlett.0c00347,P51531,A549,degradation reporter,,,Western blot,A549,Western blot; luciferase,A549; U2OS,A549
2132,10.1021/acsmedchemlett.0c00347,P51532,A549,degradation reporter,,,Western blot,A549,Western blot; luciferase,HEK293; HL-60; U2OS,A549
2133,10.1021/acsmedchemlett.0c00347,P51531,A549,degradation reporter,,,Western blot,A549,Western blot; luciferase,A549; U2OS,A549
2133,10.1021/acsmedchemlett.0c00347,P51532,A549,degradation reporter,,,Western blot,A549,Western blot; luciferase,HEK293; HL-60; U2OS,A549
2134,10.1021/acsmedchemlett.0c00347,P51531,A549,degradation reporter,,,Western blot,A549,Western blot; luciferase,A549; U2OS,A549
2134,10.1021/acsmedchemlett.0c00347,P51532,A549,degradation reporter,,,Western blot,A549,Western blot; luciferase,HEK293; HL-60; U2OS,A549
2135,10.1016/j.cell.2020.10.038,P49840,,,,,,,,HL60,
2135,10.1016/j.cell.2020.10.038,P49841,,,,,,,,HEK293,
2136,10.1016/j.cell.2020.10.038,P49840,,,,,,,,HL60,
2136,10.1016/j.cell.2020.10.038,P49841,,,,,,,,HEK293,
2137,10.1016/j.cell.2020.10.038,O00444,,,,,,,,,
2137,10.1016/j.cell.2020.10.038,O14965,,,,,,,,HCT116; HeLa,
2137,10.1016/j.cell.2020.10.038,O94768,,,,,,,,HEK293; K562; Ramos,
2137,10.1016/j.cell.2020.10.038,O95835,,,,,,,,MDA-MB-231; MDA-MB-321; PC3,
2137,10.1016/j.cell.2020.10.038,O96013,,,,,,,,,
2137,10.1016/j.cell.2020.10.038,P29323,,,,,,,,,
2137,10.1016/j.cell.2020.10.038,P49841,,,,,,,,HEK293,
2137,10.1016/j.cell.2020.10.038,P50750,,,,,,,,HCT116; HL-60; HL60; MCF7,
2137,10.1016/j.cell.2020.10.038,Q08881,,,,,,,,K562; jurkat,
2137,10.1016/j.cell.2020.10.038,Q12851,,,,,,,,,
2137,10.1016/j.cell.2020.10.038,Q2M2I8,,,,,,,,,
2137,10.1016/j.cell.2020.10.038,Q8TD19,,,,,,,,HL-60; HL60,
2137,10.1016/j.cell.2020.10.038,Q96GD4,,,,,,,,HCT116; HeLa; MCF7,
2137,10.1016/j.cell.2020.10.038,Q9NSY1,,,,,,,,HEK293,
2138,10.1016/j.cell.2020.10.038,Q13153,,other,,,,,,,
2138,10.1021/acs.jmedchem.2c00756,Q13153,,other,,,,,,,
2138,10.1021/acs.jmedchem.2c00756,Q13177,,other,,,,,,HL-60,
2138,10.1021/acs.jmedchem.2c00756,O96013,,other,,,,,,,
2139,10.1016/j.cell.2020.10.038,P49336,,,,,,,,,
2139,10.1016/j.cell.2020.10.038,Q9BWU1,,,,,,,,Jurkat; THP-1,
2140,10.1016/j.cell.2020.10.038,O14965,,,,,,,,HCT116; HeLa,
2140,10.1016/j.cell.2020.10.038,O14976,,,,,,,,,
2140,10.1016/j.cell.2020.10.038,O75385,,,,,,,,HEK293; HEK293T; SH-SY5Y,
2140,10.1016/j.cell.2020.10.038,O94768,,,,,,,,HEK293; K562; Ramos,
2140,10.1016/j.cell.2020.10.038,P27448,,,,,,,,HL60,
2140,10.1016/j.cell.2020.10.038,P30291,,,,,,,,,
2140,10.1016/j.cell.2020.10.038,P50750,,,,,,,,HCT116; HL-60; HL60; MCF7,
2140,10.1016/j.cell.2020.10.038,Q15131,,,,,,,,HL60; HeLa; PC-3; PC3; THP-1,
2140,10.1016/j.cell.2020.10.038,Q2M2I8,,,,,,,,,
2140,10.1016/j.cell.2020.10.038,Q7KZI7,,,,,,,,,
2140,10.1016/j.cell.2020.10.038,Q96GD4,,,,,,,,HCT116; HeLa; MCF7,
2140,10.1016/j.cell.2020.10.038,Q96L34,,,,,,,,,
2140,10.1016/j.cell.2020.10.038,Q9H0K1,,,,,,,,,
2140,10.1016/j.cell.2020.10.038,Q9NRH2,,,,,,,,HEK293; Jurkat; PC-3; PC3; THP-1,
2140,10.1016/j.cell.2020.10.038,Q9NSY1,,,,,,,,HEK293,
2140,10.1016/j.cell.2020.10.038,Q9UEE5,,,,,,,,,
2141,10.1016/j.cell.2020.10.038,O14976,,,,,,,,,
2141,10.1016/j.cell.2020.10.038,O75385,,,,,,,,HEK293; HEK293T; SH-SY5Y,
2141,10.1016/j.cell.2020.10.038,O94768,,,,,,,,HEK293; K562; Ramos,
2141,10.1016/j.cell.2020.10.038,P23443,,,,,,,,PC3; THP1,
2141,10.1016/j.cell.2020.10.038,P27448,,,,,,,,HL60,
2141,10.1016/j.cell.2020.10.038,P30291,,,,,,,,,
2141,10.1016/j.cell.2020.10.038,Q2M2I8,,,,,,,,,
2141,10.1016/j.cell.2020.10.038,Q7KZI7,,,,,,,,,
2141,10.1016/j.cell.2020.10.038,Q96L34,,,,,,,,,
2141,10.1016/j.cell.2020.10.038,Q9H0K1,,,,,,,,,
2141,10.1016/j.cell.2020.10.038,Q9NRH2,,,,,,,,HEK293; Jurkat; PC-3; PC3; THP-1,
2141,10.1016/j.cell.2020.10.038,Q9UEE5,,,,,,,,,
2141,10.1016/j.cell.2020.10.038,Q9Y2K2,,,,,,,,HEK293; MDA-MB-231,
2142,10.1016/j.cell.2020.10.038,P00519,,,,,,,,,
2143,10.1016/j.cell.2020.10.038,P30291,,,,,,,,,
2143,10.1016/j.cell.2020.10.038,P41240,,,,,,,,HL60,
2143,10.1016/j.cell.2020.10.038,P42684,,,,,,,,,
2143,10.1016/j.cell.2020.10.038,P51451,,,,,,,,,
2144,10.1016/j.cell.2020.10.038,O00444,,,,,,,,,
2144,10.1016/j.cell.2020.10.038,O14965,,,,,,,,HCT116; HeLa,
2144,10.1016/j.cell.2020.10.038,O14976,,,,,,,,,
2144,10.1016/j.cell.2020.10.038,O75385,,,,,,,,HEK293; HEK293T; SH-SY5Y,
2144,10.1016/j.cell.2020.10.038,O94768,,,,,,,,HEK293; K562; Ramos,
2144,10.1016/j.cell.2020.10.038,P06239,,,,,,,,Jurkat,
2144,10.1016/j.cell.2020.10.038,P11802,,,,,,,,HCT116; HeLa,
2144,10.1016/j.cell.2020.10.038,P16591,,,,,,,,HL-60; HL60,
2144,10.1016/j.cell.2020.10.038,P19525,,,,,,,,HL-60; HL60; PC3,
2144,10.1016/j.cell.2020.10.038,P30291,,,,,,,,,
2144,10.1016/j.cell.2020.10.038,P45983,,,,,,,,,
2144,10.1016/j.cell.2020.10.038,P45984,,,,,,,,,
2144,10.1016/j.cell.2020.10.038,P53671,,,,,,,,,
2144,10.1016/j.cell.2020.10.038,Q00534,,,,,,,,HCT116; HL-60; HL60,
2144,10.1016/j.cell.2020.10.038,Q00536,,,,,,,,PC3,
2144,10.1016/j.cell.2020.10.038,Q14289,,,,,,,,HEK293; HL60,
2144,10.1016/j.cell.2020.10.038,Q16584,,,,,,,,HL-60; PC3,
2144,10.1016/j.cell.2020.10.038,Q2M2I8,,,,,,,,,
2144,10.1016/j.cell.2020.10.038,Q6PHR2,,,,,,,,HL-60; HL60,
2144,10.1016/j.cell.2020.10.038,Q8N5S9,,,,,,,,,
2144,10.1016/j.cell.2020.10.038,Q8TD19,,,,,,,,HL-60; HL60,
2144,10.1016/j.cell.2020.10.038,Q9H0K1,,,,,,,,,
2144,10.1016/j.cell.2020.10.038,Q9NSY1,,,,,,,,HEK293,
2144,10.1016/j.cell.2020.10.038,Q9UEE5,,,,,,,,,
2145,10.1016/j.cell.2020.10.038,O14965,,,,,,,,HCT116; HeLa,
2145,10.1016/j.cell.2020.10.038,O14976,,,,,,,,,
2145,10.1016/j.cell.2020.10.038,O15197,,,,,,,,HEK293; HEK293T; Jurkat,
2145,10.1016/j.cell.2020.10.038,O43353,,,,,,,,HEK293T,
2145,10.1016/j.cell.2020.10.038,O43683,,,,,,,,HEK293; HeLa; Jurkat,
2145,10.1016/j.cell.2020.10.038,O75385,,,,,,,,HEK293; HEK293T; SH-SY5Y,
2145,10.1016/j.cell.2020.10.038,O95835,,,,,,,,MDA-MB-231; MDA-MB-321; PC3,
2145,10.1016/j.cell.2020.10.038,P06239,,,,,,,,Jurkat,
2145,10.1016/j.cell.2020.10.038,P06241,,,,,,,,,
2145,10.1016/j.cell.2020.10.038,P07947,,,,,,,,,
2145,10.1016/j.cell.2020.10.038,P07948,,,,,,,,,
2145,10.1016/j.cell.2020.10.038,P11802,,,,,,,,HCT116; HeLa,
2145,10.1016/j.cell.2020.10.038,P12931,,,,,,,,,
2145,10.1016/j.cell.2020.10.038,P16591,,,,,,,,HL-60; HL60,
2145,10.1016/j.cell.2020.10.038,P21127,,,,,,,,22Rv1; HeLa; Jurkat; PC-3; PC3,
2145,10.1016/j.cell.2020.10.038,P29320,,,,,,,,,
2145,10.1016/j.cell.2020.10.038,P30291,,,,,,,,,
2145,10.1016/j.cell.2020.10.038,P33981,,,,,,,,,
2145,10.1016/j.cell.2020.10.038,P41240,,,,,,,,HL60,
2145,10.1016/j.cell.2020.10.038,P42680,,,,,,,,K562,
2145,10.1016/j.cell.2020.10.038,P42684,,,,,,,,,
2145,10.1016/j.cell.2020.10.038,P45983,,,,,,,,,
2145,10.1016/j.cell.2020.10.038,P45984,,,,,,,,,
2145,10.1016/j.cell.2020.10.038,P49137,,,,,,,,HeLa; THP1,
2145,10.1016/j.cell.2020.10.038,P51451,,,,,,,,,
2145,10.1016/j.cell.2020.10.038,P51812,,,,,,,,HCT116; HEK293; HL60,
2145,10.1016/j.cell.2020.10.038,P53350,,,,,,,,,
2145,10.1016/j.cell.2020.10.038,P53667,,,,,,,,,
2145,10.1016/j.cell.2020.10.038,P53671,,,,,,,,,
2145,10.1016/j.cell.2020.10.038,P53778,,,,,,,,,
2145,10.1016/j.cell.2020.10.038,P54753,,,,,,,,HEK293,
2145,10.1016/j.cell.2020.10.038,Q05397,,,,,,,,MCF7; MDA-MB-231; MDA-MB-468; PC3,
2145,10.1016/j.cell.2020.10.038,Q07912,,,,,,,,,
2145,10.1016/j.cell.2020.10.038,Q12851,,,,,,,,,
2145,10.1016/j.cell.2020.10.038,Q13233,,,,,,,,HEK293; HL-60,
2145,10.1016/j.cell.2020.10.038,Q13546,,,,,,,,HEK293T; HL-60; Jurkat,
2145,10.1016/j.cell.2020.10.038,Q14289,,,,,,,,HEK293; HL60,
2145,10.1016/j.cell.2020.10.038,Q15418,,,,,,,,HEK293; PC3,
2145,10.1016/j.cell.2020.10.038,Q15759,,,,,,,,,
2145,10.1016/j.cell.2020.10.038,Q16539,,,,,,,,,
2145,10.1016/j.cell.2020.10.038,Q16584,,,,,,,,HL-60; PC3,
2145,10.1016/j.cell.2020.10.038,Q16832,,,,,,,,HEK293,
2145,10.1016/j.cell.2020.10.038,Q5S007,,,,,,,,HL-60,
2145,10.1016/j.cell.2020.10.038,Q8TAS1,,,,,,,,,
2145,10.1016/j.cell.2020.10.038,Q92918,,,,,,,,HL-60; HL60; HeLa,
2145,10.1016/j.cell.2020.10.038,Q9H0K1,,,,,,,,,
2145,10.1016/j.cell.2020.10.038,Q9HBH9,,,,,,,,,
2145,10.1016/j.cell.2020.10.038,Q9NYL2,,,,,,,,HL-60; HL60,
2145,10.1016/j.cell.2020.10.038,Q9UBE8,,,,,,,,,
2145,10.1016/j.cell.2020.10.038,Q9UL54,,,,,,,,HL-60; HL60; PC3,
2145,10.1016/j.cell.2020.10.038,Q9UQ88,,,,,,,,HEK293; Jurkat; THP-1,
2145,10.1016/j.cell.2020.10.038,Q9Y4K4,,,,,,,,HL-60; HL60,
2146,10.1016/j.cell.2020.10.038,P06239,,,,,,,,Jurkat,
2146,10.1016/j.cell.2020.10.038,P07947,,,,,,,,,
2146,10.1016/j.cell.2020.10.038,P11802,,,,,,,,HCT116; HeLa,
2146,10.1016/j.cell.2020.10.038,P12931,,,,,,,,,
2146,10.1016/j.cell.2020.10.038,P16591,,,,,,,,HL-60; HL60,
2146,10.1016/j.cell.2020.10.038,P41240,,,,,,,,HL60,
2146,10.1016/j.cell.2020.10.038,P45983,,,,,,,,,
2146,10.1016/j.cell.2020.10.038,P45984,,,,,,,,,
2146,10.1016/j.cell.2020.10.038,P49759,,,,,,,,HeLa,
2146,10.1016/j.cell.2020.10.038,P51451,,,,,,,,,
2146,10.1016/j.cell.2020.10.038,P53350,,,,,,,,,
2146,10.1016/j.cell.2020.10.038,P53667,,,,,,,,,
2146,10.1016/j.cell.2020.10.038,Q07912,,,,,,,,,
2146,10.1016/j.cell.2020.10.038,Q14289,,,,,,,,HEK293; HL60,
2146,10.1016/j.cell.2020.10.038,Q8TAS1,,,,,,,,,
2146,10.1016/j.cell.2020.10.038,Q9H0K1,,,,,,,,,
2146,10.1016/j.cell.2020.10.038,Q9HBH9,,,,,,,,,
2147,10.1016/j.cell.2020.10.038,O14976,,,,,,,,,
2147,10.1016/j.cell.2020.10.038,O15197,,,,,,,,HEK293; HEK293T; Jurkat,
2147,10.1016/j.cell.2020.10.038,O43683,,,,,,,,HEK293; HeLa; Jurkat,
2147,10.1016/j.cell.2020.10.038,O75385,,,,,,,,HEK293; HEK293T; SH-SY5Y,
2147,10.1016/j.cell.2020.10.038,O96013,,,,,,,,,
2147,10.1016/j.cell.2020.10.038,P00519,,,,,,,,,
2147,10.1016/j.cell.2020.10.038,P06239,,,,,,,,Jurkat,
2147,10.1016/j.cell.2020.10.038,P06241,,,,,,,,,
2147,10.1016/j.cell.2020.10.038,P07947,,,,,,,,,
2147,10.1016/j.cell.2020.10.038,P11802,,,,,,,,HCT116; HeLa,
2147,10.1016/j.cell.2020.10.038,P12931,,,,,,,,,
2147,10.1016/j.cell.2020.10.038,P16591,,,,,,,,HL-60; HL60,
2147,10.1016/j.cell.2020.10.038,P21127,,,,,,,,22Rv1; HeLa; Jurkat; PC-3; PC3,
2147,10.1016/j.cell.2020.10.038,P41240,,,,,,,,HL60,
2147,10.1016/j.cell.2020.10.038,P42684,,,,,,,,,
2147,10.1016/j.cell.2020.10.038,P45983,,,,,,,,,
2147,10.1016/j.cell.2020.10.038,P45984,,,,,,,,,
2147,10.1016/j.cell.2020.10.038,P49137,,,,,,,,HeLa; THP1,
2147,10.1016/j.cell.2020.10.038,P51451,,,,,,,,,
2147,10.1016/j.cell.2020.10.038,P51812,,,,,,,,HCT116; HEK293; HL60,
2147,10.1016/j.cell.2020.10.038,P53667,,,,,,,,,
2147,10.1016/j.cell.2020.10.038,Q07912,,,,,,,,,
2147,10.1016/j.cell.2020.10.038,Q13233,,,,,,,,HEK293; HL-60,
2147,10.1016/j.cell.2020.10.038,Q14289,,,,,,,,HEK293; HL60,
2147,10.1016/j.cell.2020.10.038,Q15418,,,,,,,,HEK293; PC3,
2147,10.1016/j.cell.2020.10.038,Q16539,,,,,,,,,
2147,10.1016/j.cell.2020.10.038,Q16584,,,,,,,,HL-60; PC3,
2147,10.1016/j.cell.2020.10.038,Q8N165,,,,,,,,,
2147,10.1016/j.cell.2020.10.038,Q8TAS1,,,,,,,,,
2147,10.1016/j.cell.2020.10.038,Q92918,,,,,,,,HL-60; HL60; HeLa,
2147,10.1016/j.cell.2020.10.038,Q9H0K1,,,,,,,,,
2147,10.1016/j.cell.2020.10.038,Q9HBH9,,,,,,,,,
2147,10.1016/j.cell.2020.10.038,Q9NYL2,,,,,,,,HL-60; HL60,
2148,10.1016/j.cell.2020.10.038,O14976,,,,,,,,,
2148,10.1016/j.cell.2020.10.038,P06239,,,,,,,,Jurkat,
2148,10.1016/j.cell.2020.10.038,P11802,,,,,,,,HCT116; HeLa,
2148,10.1016/j.cell.2020.10.038,P12931,,,,,,,,,
2148,10.1016/j.cell.2020.10.038,P16591,,,,,,,,HL-60; HL60,
2148,10.1016/j.cell.2020.10.038,P41240,,,,,,,,HL60,
2148,10.1016/j.cell.2020.10.038,P42684,,,,,,,,,
2148,10.1016/j.cell.2020.10.038,P45984,,,,,,,,,
2148,10.1016/j.cell.2020.10.038,P51451,,,,,,,,,
2148,10.1016/j.cell.2020.10.038,P53671,,,,,,,,,
2148,10.1016/j.cell.2020.10.038,Q07912,,,,,,,,,
2148,10.1016/j.cell.2020.10.038,Q12851,,,,,,,,,
2148,10.1016/j.cell.2020.10.038,Q14289,,,,,,,,HEK293; HL60,
2148,10.1016/j.cell.2020.10.038,Q16539,,,,,,,,,
2148,10.1016/j.cell.2020.10.038,Q9H0K1,,,,,,,,,
2148,10.1016/j.cell.2020.10.038,Q9HBH9,,,,,,,,,
2148,10.1016/j.cell.2020.10.038,Q9NYL2,,,,,,,,HL-60; HL60,
2149,10.1016/j.cell.2020.10.038,O14976,,,,,,,,,
2149,10.1016/j.cell.2020.10.038,O75385,,,,,,,,HEK293; HEK293T; SH-SY5Y,
2149,10.1016/j.cell.2020.10.038,P00519,,,,,,,,,
2149,10.1016/j.cell.2020.10.038,P11802,,,,,,,,HCT116; HeLa,
2149,10.1016/j.cell.2020.10.038,P16591,,,,,,,,HL-60; HL60,
2149,10.1016/j.cell.2020.10.038,P21127,,,,,,,,22Rv1; HeLa; Jurkat; PC-3; PC3,
2149,10.1016/j.cell.2020.10.038,P29320,,,,,,,,,
2149,10.1016/j.cell.2020.10.038,P41240,,,,,,,,HL60,
2149,10.1016/j.cell.2020.10.038,P42684,,,,,,,,,
2149,10.1016/j.cell.2020.10.038,P45983,,,,,,,,,
2149,10.1016/j.cell.2020.10.038,P45984,,,,,,,,,
2149,10.1016/j.cell.2020.10.038,P49137,,,,,,,,HeLa; THP1,
2149,10.1016/j.cell.2020.10.038,P51451,,,,,,,,,
2149,10.1016/j.cell.2020.10.038,P51812,,,,,,,,HCT116; HEK293; HL60,
2149,10.1016/j.cell.2020.10.038,P53667,,,,,,,,,
2149,10.1016/j.cell.2020.10.038,Q07912,,,,,,,,,
2149,10.1016/j.cell.2020.10.038,Q12851,,,,,,,,,
2149,10.1016/j.cell.2020.10.038,Q13164,,,,,,,,HEK293; HL-60; HeLa,
2149,10.1016/j.cell.2020.10.038,Q13546,,,,,,,,HEK293T; HL-60; Jurkat,
2149,10.1016/j.cell.2020.10.038,Q14289,,,,,,,,HEK293; HL60,
2149,10.1016/j.cell.2020.10.038,Q15418,,,,,,,,HEK293; PC3,
2149,10.1016/j.cell.2020.10.038,Q16539,,,,,,,,,
2149,10.1016/j.cell.2020.10.038,Q16644,,,,,,,,,
2149,10.1016/j.cell.2020.10.038,Q8IVH8,,,,,,,,HL60; MDA-MB-231,
2149,10.1016/j.cell.2020.10.038,Q8N165,,,,,,,,,
2149,10.1016/j.cell.2020.10.038,Q8TDR2,,,,,,,,Jurkat,
2149,10.1016/j.cell.2020.10.038,Q92918,,,,,,,,HL-60; HL60; HeLa,
2149,10.1016/j.cell.2020.10.038,Q9H0K1,,,,,,,,,
2149,10.1016/j.cell.2020.10.038,Q9NYL2,,,,,,,,HL-60; HL60,
2149,10.1016/j.cell.2020.10.038,Q9UBE8,,,,,,,,,
2149,10.1016/j.cell.2020.10.038,Q9Y2K2,,,,,,,,HEK293; MDA-MB-231,
2149,10.1016/j.cell.2020.10.038,Q9Y4K4,,,,,,,,HL-60; HL60,
2150,10.1016/j.cell.2020.10.038,O14578,,,,,,,,,
2150,10.1016/j.cell.2020.10.038,O14976,,,,,,,,,
2150,10.1016/j.cell.2020.10.038,O43318,,,,,,,,HCT116; Hela,
2150,10.1016/j.cell.2020.10.038,O75385,,,,,,,,HEK293; HEK293T; SH-SY5Y,
2150,10.1016/j.cell.2020.10.038,P00519,,,,,,,,,
2150,10.1016/j.cell.2020.10.038,P06239,,,,,,,,Jurkat,
2150,10.1016/j.cell.2020.10.038,P11802,,,,,,,,HCT116; HeLa,
2150,10.1016/j.cell.2020.10.038,P16591,,,,,,,,HL-60; HL60,
2150,10.1016/j.cell.2020.10.038,P21127,,,,,,,,22Rv1; HeLa; Jurkat; PC-3; PC3,
2150,10.1016/j.cell.2020.10.038,P29320,,,,,,,,,
2150,10.1016/j.cell.2020.10.038,P41240,,,,,,,,HL60,
2150,10.1016/j.cell.2020.10.038,P42684,,,,,,,,,
2150,10.1016/j.cell.2020.10.038,P45984,,,,,,,,,
2150,10.1016/j.cell.2020.10.038,P49137,,,,,,,,HeLa; THP1,
2150,10.1016/j.cell.2020.10.038,P51451,,,,,,,,,
2150,10.1016/j.cell.2020.10.038,P53671,,,,,,,,,
2150,10.1016/j.cell.2020.10.038,Q07912,,,,,,,,,
2150,10.1016/j.cell.2020.10.038,Q12851,,,,,,,,,
2150,10.1016/j.cell.2020.10.038,Q13164,,,,,,,,HEK293; HL-60; HeLa,
2150,10.1016/j.cell.2020.10.038,Q13546,,,,,,,,HEK293T; HL-60; Jurkat,
2150,10.1016/j.cell.2020.10.038,Q14289,,,,,,,,HEK293; HL60,
2150,10.1016/j.cell.2020.10.038,Q15418,,,,,,,,HEK293; PC3,
2150,10.1016/j.cell.2020.10.038,Q16539,,,,,,,,,
2150,10.1016/j.cell.2020.10.038,Q16644,,,,,,,,,
2150,10.1016/j.cell.2020.10.038,Q8N165,,,,,,,,,
2150,10.1016/j.cell.2020.10.038,Q8TDR2,,,,,,,,Jurkat,
2150,10.1016/j.cell.2020.10.038,Q92918,,,,,,,,HL-60; HL60; HeLa,
2150,10.1016/j.cell.2020.10.038,Q9H0K1,,,,,,,,,
2150,10.1016/j.cell.2020.10.038,Q9NYL2,,,,,,,,HL-60; HL60,
2150,10.1016/j.cell.2020.10.038,Q9UL54,,,,,,,,HL-60; HL60; PC3,
2150,10.1016/j.cell.2020.10.038,Q9Y4K4,,,,,,,,HL-60; HL60,
2151,10.1016/j.cell.2020.10.038,O43683,,,,,,,,HEK293; HeLa; Jurkat,
2151,10.1016/j.cell.2020.10.038,P11802,,,,,,,,HCT116; HeLa,
2151,10.1016/j.cell.2020.10.038,P42680,,,,,,,,K562,
2151,10.1016/j.cell.2020.10.038,P51451,,,,,,,,,
2151,10.1016/j.cell.2020.10.038,P53671,,,,,,,,,
2151,10.1016/j.cell.2020.10.038,Q07912,,,,,,,,,
2151,10.1016/j.cell.2020.10.038,Q8TAS1,,,,,,,,,
2151,10.1016/j.cell.2020.10.038,Q9H0K1,,,,,,,,,
2151,10.1016/j.cell.2020.10.038,Q9UEE5,,,,,,,,,
2152,10.1016/j.cell.2020.10.038,Q16539,,,,,,,,,
2153,10.1016/j.cell.2020.10.038,O14874,,,,,,,,,
2153,10.1016/j.cell.2020.10.038,O14965,,,,,,,,HCT116; HeLa,
2153,10.1016/j.cell.2020.10.038,P06493,,,,,,,,,
2153,10.1016/j.cell.2020.10.038,P11802,,,,,,,,HCT116; HeLa,
2153,10.1016/j.cell.2020.10.038,P19525,,,,,,,,HL-60; HL60; PC3,
2153,10.1016/j.cell.2020.10.038,P24941,,,,,,,,,
2153,10.1016/j.cell.2020.10.038,P41240,,,,,,,,HL60,
2153,10.1016/j.cell.2020.10.038,P53350,,,,,,,,,
2153,10.1016/j.cell.2020.10.038,P53667,,,,,,,,,
2153,10.1016/j.cell.2020.10.038,P53671,,,,,,,,,
2153,10.1016/j.cell.2020.10.038,Q00534,,,,,,,,HCT116; HL-60; HL60,
2153,10.1016/j.cell.2020.10.038,Q00536,,,,,,,,PC3,
2153,10.1016/j.cell.2020.10.038,Q00537,,,,,,,,HCT116; HL-60; MDA-MB-231,
2153,10.1016/j.cell.2020.10.038,Q15118,,,,,,,,Jurkat,
2153,10.1016/j.cell.2020.10.038,Q15119,,,,,,,,,
2153,10.1016/j.cell.2020.10.038,Q15120,,,,,,,,,
2153,10.1016/j.cell.2020.10.038,Q8NI60,,,,,,,,,
2153,10.1016/j.cell.2020.10.038,Q96D53,,,,,,,,Jurkat,
2153,10.1016/j.cell.2020.10.038,Q96S53,,,,,,,,,
2153,10.1016/j.cell.2020.10.038,Q9NYL2,,,,,,,,HL-60; HL60,
2153,10.1016/j.cell.2020.10.038,Q9UBE8,,,,,,,,,
2154,10.1016/j.cell.2020.10.038,O14874,,,,,,,,,
2154,10.1016/j.cell.2020.10.038,P53667,,,,,,,,,
2154,10.1016/j.cell.2020.10.038,Q15118,,,,,,,,Jurkat,
2154,10.1016/j.cell.2020.10.038,Q15119,,,,,,,,,
2154,10.1016/j.cell.2020.10.038,Q15120,,,,,,,,,
2154,10.1016/j.cell.2020.10.038,Q8NI60,,,,,,,,,
2155,10.1016/j.cell.2020.10.038,P06239,,,,,,,,Jurkat,
2155,10.1016/j.cell.2020.10.038,P06241,,,,,,,,,
2155,10.1016/j.cell.2020.10.038,P12931,,,,,,,,,
2155,10.1016/j.cell.2020.10.038,P41240,,,,,,,,HL60,
2155,10.1016/j.cell.2020.10.038,P42680,,,,,,,,K562,
2155,10.1016/j.cell.2020.10.038,P42684,,,,,,,,,
2155,10.1016/j.cell.2020.10.038,P51451,,,,,,,,,
2156,10.1016/j.cell.2020.10.038,P53667,,,,,,,,,
2156,10.1016/j.cell.2020.10.038,P53671,,,,,,,,,
2156,10.1016/j.cell.2020.10.038,Q00537,,,,,,,,HCT116; HL-60; MDA-MB-231,
2157,10.1016/j.cell.2020.10.038,P10721,,,,,,,,,
2158,10.1016/j.cell.2020.10.038,P06239,,,,,,,,Jurkat,
2158,10.1016/j.cell.2020.10.038,P41240,,,,,,,,HL60,
2158,10.1016/j.cell.2020.10.038,P51451,,,,,,,,,
2158,10.1016/j.cell.2020.10.038,P53671,,,,,,,,,
2158,10.1016/j.cell.2020.10.038,Q13163,,,,,,,,HEK293; HeLa; MDA-MB-231,
2158,10.1016/j.cell.2020.10.038,Q9NYL2,,,,,,,,HL-60; HL60,
2159,10.1016/j.cell.2020.10.038,P48736,,,,,,,,,
2159,10.1016/j.cell.2020.10.038,P49759,,,,,,,,HeLa,
2159,10.1016/j.cell.2020.10.038,P49840,,,,,,,,HL60,
2159,10.1016/j.cell.2020.10.038,P49841,,,,,,,,HEK293,
2159,10.1016/j.cell.2020.10.038,P50750,,,,,,,,HCT116; HL-60; HL60; MCF7,
2159,10.1016/j.cell.2020.10.038,Q96BR1,,,,,,,,HL60,
2159,10.1016/j.cell.2020.10.038,Q9UQ88,,,,,,,,HEK293; Jurkat; THP-1,
2160,10.1016/j.cell.2020.10.038,P41240,,,,,,,,HL60,
2160,10.1016/j.cell.2020.10.038,P51451,,,,,,,,,
2161,10.1016/j.cell.2020.10.038,O00311,,,,,,,,HCT116; HeLa,
2161,10.1016/j.cell.2020.10.038,O00444,,,,,,,,,
2161,10.1016/j.cell.2020.10.038,O14757,,,,,,,,,
2161,10.1016/j.cell.2020.10.038,O14965,,,,,,,,HCT116; HeLa,
2161,10.1016/j.cell.2020.10.038,O14976,,,,,,,,,
2161,10.1016/j.cell.2020.10.038,O60566,,,,,,,,HeLa,
2161,10.1016/j.cell.2020.10.038,O75385,,,,,,,,HEK293; HEK293T; SH-SY5Y,
2161,10.1016/j.cell.2020.10.038,O75676,,,,,,,,,
2161,10.1016/j.cell.2020.10.038,P06493,,,,,,,,,
2161,10.1016/j.cell.2020.10.038,P11362,,,,,,,,,
2161,10.1016/j.cell.2020.10.038,P11802,,,,,,,,HCT116; HeLa,
2161,10.1016/j.cell.2020.10.038,P16591,,,,,,,,HL-60; HL60,
2161,10.1016/j.cell.2020.10.038,P21709,,,,,,,,,
2161,10.1016/j.cell.2020.10.038,P24941,,,,,,,,,
2161,10.1016/j.cell.2020.10.038,P30291,,,,,,,,,
2161,10.1016/j.cell.2020.10.038,P42684,,,,,,,,,
2161,10.1016/j.cell.2020.10.038,P48730,,,,,,,,,
2161,10.1016/j.cell.2020.10.038,P50613,,,,,,,,HCT116; HL-60; HL60; MCF7,
2161,10.1016/j.cell.2020.10.038,P50750,,,,,,,,HCT116; HL-60; HL60; MCF7,
2161,10.1016/j.cell.2020.10.038,P53671,,,,,,,,,
2161,10.1016/j.cell.2020.10.038,Q00534,,,,,,,,HCT116; HL-60; HL60,
2161,10.1016/j.cell.2020.10.038,Q05397,,,,,,,,MCF7; MDA-MB-231; MDA-MB-468; PC3,
2161,10.1016/j.cell.2020.10.038,Q07912,,,,,,,,,
2161,10.1016/j.cell.2020.10.038,Q08881,,,,,,,,K562; jurkat,
2161,10.1016/j.cell.2020.10.038,Q12851,,,,,,,,,
2161,10.1016/j.cell.2020.10.038,Q13131,,,,,,,,,
2161,10.1016/j.cell.2020.10.038,Q13164,,,,,,,,HEK293; HL-60; HeLa,
2161,10.1016/j.cell.2020.10.038,Q13882,,,,,,,,,
2161,10.1016/j.cell.2020.10.038,Q14004,,,,,,,,HEK293; HL-60; HL60,
2161,10.1016/j.cell.2020.10.038,Q14680,,,,,,,,,
2161,10.1016/j.cell.2020.10.038,Q16659,,,,,,,,HEK293,
2161,10.1016/j.cell.2020.10.038,Q2M2I8,,,,,,,,,
2161,10.1016/j.cell.2020.10.038,Q6P5Z2,,,,,,,,HEK293; HEK293T,
2161,10.1016/j.cell.2020.10.038,Q8IVH8,,,,,,,,HL60; MDA-MB-231,
2161,10.1016/j.cell.2020.10.038,Q8TAS1,,,,,,,,,
2161,10.1016/j.cell.2020.10.038,Q8TDR2,,,,,,,,Jurkat,
2161,10.1016/j.cell.2020.10.038,Q96GD4,,,,,,,,HCT116; HeLa; MCF7,
2161,10.1016/j.cell.2020.10.038,Q96L34,,,,,,,,,
2161,10.1016/j.cell.2020.10.038,Q9H0K1,,,,,,,,,
2161,10.1016/j.cell.2020.10.038,Q9NWZ3,,,,,,,,HL-60; HL60,
2161,10.1016/j.cell.2020.10.038,Q9NYV4,,,,,,,,,
2162,10.1016/j.cell.2020.10.038,P00519,,,,,,,,,
2163,10.1016/j.cell.2020.10.038,P00519,,,,,,,,,
2164,10.1016/j.cell.2020.10.038,Q15118,,,,,,,,Jurkat,
2164,10.1016/j.cell.2020.10.038,Q15119,,,,,,,,,
2164,10.1016/j.cell.2020.10.038,Q15120,,,,,,,,,
2165,10.1016/j.cell.2020.10.038,P31749,,,,,,,,,
2165,10.1016/j.cell.2020.10.038,P31751,,,,,,,,,
2165,10.1016/j.cell.2020.10.038,Q9Y243,,,,,,,,HEK293T,
2166,10.1016/j.cell.2020.10.038,P31749,,,,,,,,,
2166,10.1016/j.cell.2020.10.038,P31751,,,,,,,,,
2166,10.1016/j.cell.2020.10.038,Q9Y243,,,,,,,,HEK293T,
2167,10.1016/j.cell.2020.10.038,O14874,,,,,,,,,
2167,10.1016/j.cell.2020.10.038,P31749,,,,,,,,,
2167,10.1016/j.cell.2020.10.038,P31751,,,,,,,,,
2167,10.1016/j.cell.2020.10.038,Q15118,,,,,,,,Jurkat,
2167,10.1016/j.cell.2020.10.038,Q9Y243,,,,,,,,HEK293T,
2168,10.1016/j.cell.2020.10.038,P31749,,,,,,,,,
2168,10.1016/j.cell.2020.10.038,P31751,,,,,,,,,
2168,10.1016/j.cell.2020.10.038,Q9Y243,,,,,,,,HEK293T,
2169,10.1016/j.cell.2020.10.038,P31749,,,,,,,,,
2169,10.1016/j.cell.2020.10.038,P31751,,,,,,,,,
2169,10.1016/j.cell.2020.10.038,Q9Y243,,,,,,,,HEK293T,
2170,10.1016/j.cell.2020.10.038,O95835,,,,,,,,MDA-MB-231; MDA-MB-321; PC3,
2170,10.1016/j.cell.2020.10.038,Q9UEE5,,,,,,,,,
2171,10.1016/j.cell.2020.10.038,O14965,,,,,,,,HCT116; HeLa,
2171,10.1016/j.cell.2020.10.038,O14976,,,,,,,,,
2171,10.1016/j.cell.2020.10.038,P30291,,,,,,,,,
2171,10.1016/j.cell.2020.10.038,Q2M2I8,,,,,,,,,
2171,10.1016/j.cell.2020.10.038,Q9NSY1,,,,,,,,HEK293,
2172,10.1016/j.cell.2020.10.038,O14965,,,,,,,,HCT116; HeLa,
2172,10.1016/j.cell.2020.10.038,Q2M2I8,,,,,,,,,
2173,10.1016/j.cell.2020.10.038,O14976,,,,,,,,,
2173,10.1016/j.cell.2020.10.038,Q2M2I8,,,,,,,,,
2174,10.1016/j.cell.2020.10.038,O14976,,,,,,,,,
2174,10.1016/j.cell.2020.10.038,O94768,,,,,,,,HEK293; K562; Ramos,
2174,10.1016/j.cell.2020.10.038,P23443,,,,,,,,PC3; THP1,
2174,10.1016/j.cell.2020.10.038,P30291,,,,,,,,,
2174,10.1016/j.cell.2020.10.038,Q00536,,,,,,,,PC3,
2174,10.1016/j.cell.2020.10.038,Q2M2I8,,,,,,,,,
2174,10.1016/j.cell.2020.10.038,Q8TD19,,,,,,,,HL-60; HL60,
2174,10.1016/j.cell.2020.10.038,Q96L34,,,,,,,,,
2174,10.1016/j.cell.2020.10.038,Q9H0K1,,,,,,,,,
2174,10.1016/j.cell.2020.10.038,Q9NRH2,,,,,,,,HEK293; Jurkat; PC-3; PC3; THP-1,
2174,10.1016/j.cell.2020.10.038,Q9UEE5,,,,,,,,,
2174,10.1016/j.cell.2020.10.038,Q9Y2K2,,,,,,,,HEK293; MDA-MB-231,
2175,10.1016/j.cell.2020.10.038,O60674,,,,,,,,,
2176,10.1016/j.cell.2020.10.038,P29323,,,,,,,,,
2176,10.1016/j.cell.2020.10.038,P29597,,,,,,,,,
2176,10.1016/j.cell.2020.10.038,P42684,,,,,,,,,
2176,10.1016/j.cell.2020.10.038,Q9H0K1,,,,,,,,,
2177,10.1016/j.cell.2020.10.038,O14965,,,,,,,,HCT116; HeLa,
2177,10.1016/j.cell.2020.10.038,O94804,,,,,,,,HL-60; HL60,
2177,10.1016/j.cell.2020.10.038,P06239,,,,,,,,Jurkat,
2177,10.1016/j.cell.2020.10.038,P11802,,,,,,,,HCT116; HeLa,
2177,10.1016/j.cell.2020.10.038,P16591,,,,,,,,HL-60; HL60,
2177,10.1016/j.cell.2020.10.038,P24941,,,,,,,,,
2177,10.1016/j.cell.2020.10.038,P30291,,,,,,,,,
2177,10.1016/j.cell.2020.10.038,P50613,,,,,,,,HCT116; HL-60; HL60; MCF7,
2177,10.1016/j.cell.2020.10.038,P50750,,,,,,,,HCT116; HL-60; HL60; MCF7,
2177,10.1016/j.cell.2020.10.038,P51451,,,,,,,,,
2177,10.1016/j.cell.2020.10.038,P53671,,,,,,,,,
2177,10.1016/j.cell.2020.10.038,Q00534,,,,,,,,HCT116; HL-60; HL60,
2177,10.1016/j.cell.2020.10.038,Q00535,,,,,,,,HL60,
2177,10.1016/j.cell.2020.10.038,Q00537,,,,,,,,HCT116; HL-60; MDA-MB-231,
2177,10.1016/j.cell.2020.10.038,Q08881,,,,,,,,K562; jurkat,
2177,10.1016/j.cell.2020.10.038,Q13131,,,,,,,,,
2177,10.1016/j.cell.2020.10.038,Q14004,,,,,,,,HEK293; HL-60; HL60,
2177,10.1016/j.cell.2020.10.038,Q14289,,,,,,,,HEK293; HL60,
2177,10.1016/j.cell.2020.10.038,Q2M2I8,,,,,,,,,
2177,10.1016/j.cell.2020.10.038,Q9NSY1,,,,,,,,HEK293,
2177,10.1016/j.cell.2020.10.038,Q9NYV4,,,,,,,,,
2178,10.1016/j.cell.2020.10.038,O14965,,,,,,,,HCT116; HeLa,
2178,10.1016/j.cell.2020.10.038,O43683,,,,,,,,HEK293; HeLa; Jurkat,
2178,10.1016/j.cell.2020.10.038,O60285,,,,,,,,,
2178,10.1016/j.cell.2020.10.038,O60566,,,,,,,,HeLa,
2178,10.1016/j.cell.2020.10.038,P11802,,,,,,,,HCT116; HeLa,
2178,10.1016/j.cell.2020.10.038,P30291,,,,,,,,,
2178,10.1016/j.cell.2020.10.038,P33981,,,,,,,,,
2178,10.1016/j.cell.2020.10.038,P48729,,,,,,,,HL60,
2178,10.1016/j.cell.2020.10.038,P53350,,,,,,,,,
2178,10.1016/j.cell.2020.10.038,Q13233,,,,,,,,HEK293; HL-60,
2178,10.1016/j.cell.2020.10.038,Q8TAS1,,,,,,,,,
2178,10.1016/j.cell.2020.10.038,Q9BVS4,,,,,,,,HEK293; VCaP,
2178,10.1016/j.cell.2020.10.038,Q9P1W9,,,,,,,,,
2178,10.1016/j.cell.2020.10.038,Q9UEE5,,,,,,,,,
2179,10.1016/j.cell.2020.10.038,O14757,,,,,,,,,
2179,10.1016/j.cell.2020.10.038,O14965,,,,,,,,HCT116; HeLa,
2179,10.1016/j.cell.2020.10.038,O43683,,,,,,,,HEK293; HeLa; Jurkat,
2179,10.1016/j.cell.2020.10.038,O60285,,,,,,,,,
2179,10.1016/j.cell.2020.10.038,O60566,,,,,,,,HeLa,
2179,10.1016/j.cell.2020.10.038,O75460,,,,,,,,HL-60; HL60,
2179,10.1016/j.cell.2020.10.038,O94768,,,,,,,,HEK293; K562; Ramos,
2179,10.1016/j.cell.2020.10.038,O94921,,,,,,,,HCT116; HEK293; HL-60; Jurkat; PC3; THP-1,
2179,10.1016/j.cell.2020.10.038,P11802,,,,,,,,HCT116; HeLa,
2179,10.1016/j.cell.2020.10.038,P30291,,,,,,,,,
2179,10.1016/j.cell.2020.10.038,P33981,,,,,,,,,
2179,10.1016/j.cell.2020.10.038,P48729,,,,,,,,HL60,
2179,10.1016/j.cell.2020.10.038,P48730,,,,,,,,,
2179,10.1016/j.cell.2020.10.038,P48736,,,,,,,,,
2179,10.1016/j.cell.2020.10.038,P49759,,,,,,,,HeLa,
2179,10.1016/j.cell.2020.10.038,P49840,,,,,,,,HL60,
2179,10.1016/j.cell.2020.10.038,P49841,,,,,,,,HEK293,
2179,10.1016/j.cell.2020.10.038,P50750,,,,,,,,HCT116; HL-60; HL60; MCF7,
2179,10.1016/j.cell.2020.10.038,P53350,,,,,,,,,
2179,10.1016/j.cell.2020.10.038,P53355,,,,,,,,,
2179,10.1016/j.cell.2020.10.038,Q00537,,,,,,,,HCT116; HL-60; MDA-MB-231,
2179,10.1016/j.cell.2020.10.038,Q13233,,,,,,,,HEK293; HL-60,
2179,10.1016/j.cell.2020.10.038,Q14004,,,,,,,,HEK293; HL-60; HL60,
2179,10.1016/j.cell.2020.10.038,Q8TAS1,,,,,,,,,
2179,10.1016/j.cell.2020.10.038,Q9BVS4,,,,,,,,HEK293; VCaP,
2179,10.1016/j.cell.2020.10.038,Q9P1W9,,,,,,,,,
2179,10.1016/j.cell.2020.10.038,Q9UEE5,,,,,,,,,
2180,10.1016/j.cell.2020.10.038,O14965,,,,,,,,HCT116; HeLa,
2180,10.1016/j.cell.2020.10.038,O75385,,,,,,,,HEK293; HEK293T; SH-SY5Y,
2180,10.1016/j.cell.2020.10.038,O94768,,,,,,,,HEK293; K562; Ramos,
2180,10.1016/j.cell.2020.10.038,P11802,,,,,,,,HCT116; HeLa,
2180,10.1016/j.cell.2020.10.038,P30291,,,,,,,,,
2180,10.1016/j.cell.2020.10.038,P53671,,,,,,,,,
2180,10.1016/j.cell.2020.10.038,Q00534,,,,,,,,HCT116; HL-60; HL60,
2180,10.1016/j.cell.2020.10.038,Q14289,,,,,,,,HEK293; HL60,
2180,10.1016/j.cell.2020.10.038,Q2M2I8,,,,,,,,,
2180,10.1016/j.cell.2020.10.038,Q6PHR2,,,,,,,,HL-60; HL60,
2180,10.1016/j.cell.2020.10.038,Q8N5S9,,,,,,,,,
2180,10.1016/j.cell.2020.10.038,Q8TD19,,,,,,,,HL-60; HL60,
2180,10.1016/j.cell.2020.10.038,Q9UEE5,,,,,,,,,
2181,10.1016/j.cell.2020.10.038,O14976,,,,,,,,,
2181,10.1016/j.cell.2020.10.038,O75385,,,,,,,,HEK293; HEK293T; SH-SY5Y,
2181,10.1016/j.cell.2020.10.038,O94768,,,,,,,,HEK293; K562; Ramos,
2181,10.1016/j.cell.2020.10.038,O95835,,,,,,,,MDA-MB-231; MDA-MB-321; PC3,
2181,10.1016/j.cell.2020.10.038,P06493,,,,,,,,,
2181,10.1016/j.cell.2020.10.038,P11802,,,,,,,,HCT116; HeLa,
2181,10.1016/j.cell.2020.10.038,P23443,,,,,,,,PC3; THP1,
2181,10.1016/j.cell.2020.10.038,P24941,,,,,,,,,
2181,10.1016/j.cell.2020.10.038,P30291,,,,,,,,,
2181,10.1016/j.cell.2020.10.038,P50613,,,,,,,,HCT116; HL-60; HL60; MCF7,
2181,10.1016/j.cell.2020.10.038,P53671,,,,,,,,,
2181,10.1016/j.cell.2020.10.038,Q00534,,,,,,,,HCT116; HL-60; HL60,
2181,10.1016/j.cell.2020.10.038,Q00536,,,,,,,,PC3,
2181,10.1016/j.cell.2020.10.038,Q00537,,,,,,,,HCT116; HL-60; MDA-MB-231,
2181,10.1016/j.cell.2020.10.038,Q16659,,,,,,,,HEK293,
2181,10.1016/j.cell.2020.10.038,Q2M2I8,,,,,,,,,
2181,10.1016/j.cell.2020.10.038,Q7KZI7,,,,,,,,,
2181,10.1016/j.cell.2020.10.038,Q8IW41,,,,,,,,,
2181,10.1016/j.cell.2020.10.038,Q8TD19,,,,,,,,HL-60; HL60,
2181,10.1016/j.cell.2020.10.038,Q8TDR2,,,,,,,,Jurkat,
2181,10.1016/j.cell.2020.10.038,Q96L34,,,,,,,,,
2181,10.1016/j.cell.2020.10.038,Q9H0K1,,,,,,,,,
2181,10.1016/j.cell.2020.10.038,Q9HBH9,,,,,,,,,
2181,10.1016/j.cell.2020.10.038,Q9NRH2,,,,,,,,HEK293; Jurkat; PC-3; PC3; THP-1,
2181,10.1016/j.cell.2020.10.038,Q9P2K8,,,,,,,,HL-60; Jurkat; PC3; THP-1; U2OS,
2181,10.1016/j.cell.2020.10.038,Q9UEE5,,,,,,,,,
2182,10.1016/j.cell.2020.10.038,O14965,,,,,,,,HCT116; HeLa,
2182,10.1016/j.cell.2020.10.038,O95835,,,,,,,,MDA-MB-231; MDA-MB-321; PC3,
2182,10.1016/j.cell.2020.10.038,P00519,,,,,,,,,
2182,10.1016/j.cell.2020.10.038,P06239,,,,,,,,Jurkat,
2182,10.1016/j.cell.2020.10.038,P06241,,,,,,,,,
2182,10.1016/j.cell.2020.10.038,P12931,,,,,,,,,
2182,10.1016/j.cell.2020.10.038,P41240,,,,,,,,HL60,
2182,10.1016/j.cell.2020.10.038,P42684,,,,,,,,,
2182,10.1016/j.cell.2020.10.038,P49674,,,,,,,,,
2182,10.1016/j.cell.2020.10.038,P51451,,,,,,,,,
2182,10.1016/j.cell.2020.10.038,P53667,,,,,,,,,
2182,10.1016/j.cell.2020.10.038,Q13163,,,,,,,,HEK293; HeLa; MDA-MB-231,
2183,10.1016/j.cell.2020.10.038,O14976,,,,,,,,,
2183,10.1016/j.cell.2020.10.038,O43318,,,,,,,,HCT116; Hela,
2183,10.1016/j.cell.2020.10.038,O43353,,,,,,,,HEK293T,
2183,10.1016/j.cell.2020.10.038,O94804,,,,,,,,HL-60; HL60,
2183,10.1016/j.cell.2020.10.038,O94921,,,,,,,,HCT116; HEK293; HL-60; Jurkat; PC3; THP-1,
2183,10.1016/j.cell.2020.10.038,P00519,,,,,,,,,
2183,10.1016/j.cell.2020.10.038,P06239,,,,,,,,Jurkat,
2183,10.1016/j.cell.2020.10.038,P06241,,,,,,,,,
2183,10.1016/j.cell.2020.10.038,P07947,,,,,,,,,
2183,10.1016/j.cell.2020.10.038,P07948,,,,,,,,,
2183,10.1016/j.cell.2020.10.038,P12931,,,,,,,,,
2183,10.1016/j.cell.2020.10.038,P16591,,,,,,,,HL-60; HL60,
2183,10.1016/j.cell.2020.10.038,P21709,,,,,,,,,
2183,10.1016/j.cell.2020.10.038,P29317,,,,,,,,,
2183,10.1016/j.cell.2020.10.038,P42684,,,,,,,,,
2183,10.1016/j.cell.2020.10.038,P51451,,,,,,,,,
2183,10.1016/j.cell.2020.10.038,P51617,,,,,,,,HL-60,
2183,10.1016/j.cell.2020.10.038,Q00534,,,,,,,,HCT116; HL-60; HL60,
2183,10.1016/j.cell.2020.10.038,Q00535,,,,,,,,HL60,
2183,10.1016/j.cell.2020.10.038,Q00537,,,,,,,,HCT116; HL-60; MDA-MB-231,
2183,10.1016/j.cell.2020.10.038,Q12851,,,,,,,,,
2183,10.1016/j.cell.2020.10.038,Q13233,,,,,,,,HEK293; HL-60,
2183,10.1016/j.cell.2020.10.038,Q13546,,,,,,,,HEK293T; HL-60; Jurkat,
2183,10.1016/j.cell.2020.10.038,Q15118,,,,,,,,Jurkat,
2183,10.1016/j.cell.2020.10.038,Q15119,,,,,,,,,
2183,10.1016/j.cell.2020.10.038,Q15120,,,,,,,,,
2183,10.1016/j.cell.2020.10.038,Q16539,,,,,,,,,
2183,10.1016/j.cell.2020.10.038,Q8NI60,,,,,,,,,
2183,10.1016/j.cell.2020.10.038,Q9H2K8,,,,,,,,HL60; PC3,
2183,10.1016/j.cell.2020.10.038,Q9NYL2,,,,,,,,HL-60; HL60,
2183,10.1016/j.cell.2020.10.038,Q9Y4K4,,,,,,,,HL-60; HL60,
2184,10.1016/j.cell.2020.10.038,O14965,,,,,,,,HCT116; HeLa,
2184,10.1016/j.cell.2020.10.038,P49840,,,,,,,,HL60,
2184,10.1016/j.cell.2020.10.038,P49841,,,,,,,,HEK293,
2184,10.1016/j.cell.2020.10.038,Q2M2I8,,,,,,,,,
2184,10.1016/j.cell.2020.10.038,Q9NSY1,,,,,,,,HEK293,
2185,10.1016/j.cell.2020.10.038,O14965,,,,,,,,HCT116; HeLa,
2185,10.1016/j.cell.2020.10.038,O14976,,,,,,,,,
2185,10.1016/j.cell.2020.10.038,O15197,,,,,,,,HEK293; HEK293T; Jurkat,
2185,10.1016/j.cell.2020.10.038,P00519,,,,,,,,,
2185,10.1016/j.cell.2020.10.038,P06239,,,,,,,,Jurkat,
2185,10.1016/j.cell.2020.10.038,P06241,,,,,,,,,
2185,10.1016/j.cell.2020.10.038,P07947,,,,,,,,,
2185,10.1016/j.cell.2020.10.038,P12931,,,,,,,,,
2185,10.1016/j.cell.2020.10.038,P29320,,,,,,,,,
2185,10.1016/j.cell.2020.10.038,P30291,,,,,,,,,
2185,10.1016/j.cell.2020.10.038,P41240,,,,,,,,HL60,
2185,10.1016/j.cell.2020.10.038,P42684,,,,,,,,,
2185,10.1016/j.cell.2020.10.038,P51451,,,,,,,,,
2185,10.1016/j.cell.2020.10.038,P53671,,,,,,,,,
2185,10.1016/j.cell.2020.10.038,Q07912,,,,,,,,,
2185,10.1016/j.cell.2020.10.038,Q15118,,,,,,,,Jurkat,
2185,10.1016/j.cell.2020.10.038,Q16539,,,,,,,,,
2185,10.1016/j.cell.2020.10.038,Q99640,,,,,,,,HEK293,
2185,10.1016/j.cell.2020.10.038,Q9H0K1,,,,,,,,,
2185,10.1016/j.cell.2020.10.038,Q9UBE8,,,,,,,,,
2186,10.1016/j.cell.2020.10.038,O14965,,,,,,,,HCT116; HeLa,
2186,10.1016/j.cell.2020.10.038,P21802,,,,,,,,HEK293,
2186,10.1016/j.cell.2020.10.038,P33981,,,,,,,,,
2186,10.1016/j.cell.2020.10.038,P50750,,,,,,,,HCT116; HL-60; HL60; MCF7,
2186,10.1016/j.cell.2020.10.038,Q00534,,,,,,,,HCT116; HL-60; HL60,
2186,10.1016/j.cell.2020.10.038,Q2M2I8,,,,,,,,,
2186,10.1016/j.cell.2020.10.038,Q96GD4,,,,,,,,HCT116; HeLa; MCF7,
2186,10.1016/j.cell.2020.10.038,Q9UEE5,,,,,,,,,
2187,10.1016/j.cell.2020.10.038,O95835,,,,,,,,MDA-MB-231; MDA-MB-321; PC3,
2187,10.1016/j.cell.2020.10.038,P00519,,,,,,,,,
2187,10.1016/j.cell.2020.10.038,P06239,,,,,,,,Jurkat,
2187,10.1016/j.cell.2020.10.038,P06241,,,,,,,,,
2187,10.1016/j.cell.2020.10.038,P12931,,,,,,,,,
2187,10.1016/j.cell.2020.10.038,P41240,,,,,,,,HL60,
2187,10.1016/j.cell.2020.10.038,P42684,,,,,,,,,
2187,10.1016/j.cell.2020.10.038,P49674,,,,,,,,,
2187,10.1016/j.cell.2020.10.038,P51451,,,,,,,,,
2187,10.1016/j.cell.2020.10.038,P53667,,,,,,,,,
2187,10.1016/j.cell.2020.10.038,Q13163,,,,,,,,HEK293; HeLa; MDA-MB-231,
2188,10.1016/j.cell.2020.10.038,O14965,,,,,,,,HCT116; HeLa,
2188,10.1016/j.cell.2020.10.038,P06239,,,,,,,,Jurkat,
2188,10.1016/j.cell.2020.10.038,P16591,,,,,,,,HL-60; HL60,
2188,10.1016/j.cell.2020.10.038,P24941,,,,,,,,,
2188,10.1016/j.cell.2020.10.038,P30291,,,,,,,,,
2188,10.1016/j.cell.2020.10.038,P50613,,,,,,,,HCT116; HL-60; HL60; MCF7,
2188,10.1016/j.cell.2020.10.038,P50750,,,,,,,,HCT116; HL-60; HL60; MCF7,
2188,10.1016/j.cell.2020.10.038,P51451,,,,,,,,,
2188,10.1016/j.cell.2020.10.038,P53671,,,,,,,,,
2188,10.1016/j.cell.2020.10.038,Q00535,,,,,,,,HL60,
2188,10.1016/j.cell.2020.10.038,Q00537,,,,,,,,HCT116; HL-60; MDA-MB-231,
2188,10.1016/j.cell.2020.10.038,Q08881,,,,,,,,K562; jurkat,
2188,10.1016/j.cell.2020.10.038,Q14289,,,,,,,,HEK293; HL60,
2188,10.1016/j.cell.2020.10.038,Q2M2I8,,,,,,,,,
2188,10.1016/j.cell.2020.10.038,Q9NYV4,,,,,,,,,
2189,10.1016/j.cell.2020.10.038,O14965,,,,,,,,HCT116; HeLa,
2189,10.1016/j.cell.2020.10.038,O94804,,,,,,,,HL-60; HL60,
2189,10.1016/j.cell.2020.10.038,P06239,,,,,,,,Jurkat,
2189,10.1016/j.cell.2020.10.038,P11802,,,,,,,,HCT116; HeLa,
2189,10.1016/j.cell.2020.10.038,P16591,,,,,,,,HL-60; HL60,
2189,10.1016/j.cell.2020.10.038,P24941,,,,,,,,,
2189,10.1016/j.cell.2020.10.038,P30291,,,,,,,,,
2189,10.1016/j.cell.2020.10.038,P50613,,,,,,,,HCT116; HL-60; HL60; MCF7,
2189,10.1016/j.cell.2020.10.038,P50750,,,,,,,,HCT116; HL-60; HL60; MCF7,
2189,10.1016/j.cell.2020.10.038,P51451,,,,,,,,,
2189,10.1016/j.cell.2020.10.038,P53671,,,,,,,,,
2189,10.1016/j.cell.2020.10.038,Q00534,,,,,,,,HCT116; HL-60; HL60,
2189,10.1016/j.cell.2020.10.038,Q00535,,,,,,,,HL60,
2189,10.1016/j.cell.2020.10.038,Q00537,,,,,,,,HCT116; HL-60; MDA-MB-231,
2189,10.1016/j.cell.2020.10.038,Q08881,,,,,,,,K562; jurkat,
2189,10.1016/j.cell.2020.10.038,Q14289,,,,,,,,HEK293; HL60,
2189,10.1016/j.cell.2020.10.038,Q2M2I8,,,,,,,,,
2189,10.1016/j.cell.2020.10.038,Q9NYV4,,,,,,,,,
2190,10.1016/j.cell.2020.10.038,O00311,,,,,,,,HCT116; HeLa,
2190,10.1016/j.cell.2020.10.038,O00444,,,,,,,,,
2190,10.1016/j.cell.2020.10.038,O14874,,,,,,,,,
2190,10.1016/j.cell.2020.10.038,O14965,,,,,,,,HCT116; HeLa,
2190,10.1016/j.cell.2020.10.038,O14976,,,,,,,,,
2190,10.1016/j.cell.2020.10.038,O43683,,,,,,,,HEK293; HeLa; Jurkat,
2190,10.1016/j.cell.2020.10.038,O60307,,,,,,,,HeLa; Jurkat; PC-3; PC3; THP-1,
2190,10.1016/j.cell.2020.10.038,O60566,,,,,,,,HeLa,
2190,10.1016/j.cell.2020.10.038,O75385,,,,,,,,HEK293; HEK293T; SH-SY5Y,
2190,10.1016/j.cell.2020.10.038,O94768,,,,,,,,HEK293; K562; Ramos,
2190,10.1016/j.cell.2020.10.038,O94921,,,,,,,,HCT116; HEK293; HL-60; Jurkat; PC3; THP-1,
2190,10.1016/j.cell.2020.10.038,O95835,,,,,,,,MDA-MB-231; MDA-MB-321; PC3,
2190,10.1016/j.cell.2020.10.038,P00519,,,,,,,,,
2190,10.1016/j.cell.2020.10.038,P06239,,,,,,,,Jurkat,
2190,10.1016/j.cell.2020.10.038,P06241,,,,,,,,,
2190,10.1016/j.cell.2020.10.038,P07947,,,,,,,,,
2190,10.1016/j.cell.2020.10.038,P11802,,,,,,,,HCT116; HeLa,
2190,10.1016/j.cell.2020.10.038,P12931,,,,,,,,,
2190,10.1016/j.cell.2020.10.038,P16591,,,,,,,,HL-60; HL60,
2190,10.1016/j.cell.2020.10.038,P23443,,,,,,,,PC3; THP1,
2190,10.1016/j.cell.2020.10.038,P24941,,,,,,,,,
2190,10.1016/j.cell.2020.10.038,P29323,,,,,,,,,
2190,10.1016/j.cell.2020.10.038,P30291,,,,,,,,,
2190,10.1016/j.cell.2020.10.038,P31751,,,,,,,,,
2190,10.1016/j.cell.2020.10.038,P33981,,,,,,,,,
2190,10.1016/j.cell.2020.10.038,P36894,,,,,,,,HEK293T,
2190,10.1016/j.cell.2020.10.038,P36897,,,,,,,,,
2190,10.1016/j.cell.2020.10.038,P41240,,,,,,,,HL60,
2190,10.1016/j.cell.2020.10.038,P42680,,,,,,,,K562,
2190,10.1016/j.cell.2020.10.038,P42684,,,,,,,,,
2190,10.1016/j.cell.2020.10.038,P48730,,,,,,,,,
2190,10.1016/j.cell.2020.10.038,P50613,,,,,,,,HCT116; HL-60; HL60; MCF7,
2190,10.1016/j.cell.2020.10.038,P50750,,,,,,,,HCT116; HL-60; HL60; MCF7,
2190,10.1016/j.cell.2020.10.038,P51451,,,,,,,,,
2190,10.1016/j.cell.2020.10.038,P51955,,,,,,,,HEK293; HeLa,
2190,10.1016/j.cell.2020.10.038,P53350,,,,,,,,,
2190,10.1016/j.cell.2020.10.038,P53667,,,,,,,,,
2190,10.1016/j.cell.2020.10.038,P53671,,,,,,,,,
2190,10.1016/j.cell.2020.10.038,P54646,,,,,,,,,
2190,10.1016/j.cell.2020.10.038,P54760,,,,,,,,,
2190,10.1016/j.cell.2020.10.038,Q00534,,,,,,,,HCT116; HL-60; HL60,
2190,10.1016/j.cell.2020.10.038,Q00535,,,,,,,,HL60,
2190,10.1016/j.cell.2020.10.038,Q00536,,,,,,,,PC3,
2190,10.1016/j.cell.2020.10.038,Q00537,,,,,,,,HCT116; HL-60; MDA-MB-231,
2190,10.1016/j.cell.2020.10.038,Q05397,,,,,,,,MCF7; MDA-MB-231; MDA-MB-468; PC3,
2190,10.1016/j.cell.2020.10.038,Q07002,,,,,,,,HCT116; Jurkat; MDA-MB-231; THP-1,
2190,10.1016/j.cell.2020.10.038,Q07912,,,,,,,,,
2190,10.1016/j.cell.2020.10.038,Q08881,,,,,,,,K562; jurkat,
2190,10.1016/j.cell.2020.10.038,Q12852,,,,,,,,HEK293,
2190,10.1016/j.cell.2020.10.038,Q13131,,,,,,,,,
2190,10.1016/j.cell.2020.10.038,Q13164,,,,,,,,HEK293; HL-60; HeLa,
2190,10.1016/j.cell.2020.10.038,Q13233,,,,,,,,HEK293; HL-60,
2190,10.1016/j.cell.2020.10.038,Q13470,,,,,,,,,
2190,10.1016/j.cell.2020.10.038,Q13882,,,,,,,,,
2190,10.1016/j.cell.2020.10.038,Q14004,,,,,,,,HEK293; HL-60; HL60,
2190,10.1016/j.cell.2020.10.038,Q14289,,,,,,,,HEK293; HL60,
2190,10.1016/j.cell.2020.10.038,Q15120,,,,,,,,,
2190,10.1016/j.cell.2020.10.038,Q15131,,,,,,,,HL60; HeLa; PC-3; PC3; THP-1,
2190,10.1016/j.cell.2020.10.038,Q15418,,,,,,,,HEK293; PC3,
2190,10.1016/j.cell.2020.10.038,Q16584,,,,,,,,HL-60; PC3,
2190,10.1016/j.cell.2020.10.038,Q16659,,,,,,,,HEK293,
2190,10.1016/j.cell.2020.10.038,Q2M2I8,,,,,,,,,
2190,10.1016/j.cell.2020.10.038,Q52WX2,,,,,,,,HEK293; Jurkat,
2190,10.1016/j.cell.2020.10.038,Q5S007,,,,,,,,HL-60,
2190,10.1016/j.cell.2020.10.038,Q5TCX8,,,,,,,,Jurkat; THP-1,
2190,10.1016/j.cell.2020.10.038,Q6PHR2,,,,,,,,HL-60; HL60,
2190,10.1016/j.cell.2020.10.038,Q7KZI7,,,,,,,,,
2190,10.1016/j.cell.2020.10.038,Q86UX6,,,,,,,,Jurkat; THP-1,
2190,10.1016/j.cell.2020.10.038,Q86YV5,,,,,,,,,
2190,10.1016/j.cell.2020.10.038,Q86Z02,,,,,,,,,
2190,10.1016/j.cell.2020.10.038,Q8IVH8,,,,,,,,HL60; MDA-MB-231,
2190,10.1016/j.cell.2020.10.038,Q8N2I9,,,,,,,,,
2190,10.1016/j.cell.2020.10.038,Q8NI60,,,,,,,,,
2190,10.1016/j.cell.2020.10.038,Q8TAS1,,,,,,,,,
2190,10.1016/j.cell.2020.10.038,Q92918,,,,,,,,HL-60; HL60; HeLa,
2190,10.1016/j.cell.2020.10.038,Q96GD4,,,,,,,,HCT116; HeLa; MCF7,
2190,10.1016/j.cell.2020.10.038,Q96L34,,,,,,,,,
2190,10.1016/j.cell.2020.10.038,Q96QT4,,,,,,,,HEK293,
2190,10.1016/j.cell.2020.10.038,Q96RU7,,,,,,,,,
2190,10.1016/j.cell.2020.10.038,Q96S38,,,,,,,,HL60; Jurkat; THP-1,
2190,10.1016/j.cell.2020.10.038,Q9BVS4,,,,,,,,HEK293; VCaP,
2190,10.1016/j.cell.2020.10.038,Q9BYT3,,,,,,,,,
2190,10.1016/j.cell.2020.10.038,Q9H0K1,,,,,,,,,
2190,10.1016/j.cell.2020.10.038,Q9HBH9,,,,,,,,,
2190,10.1016/j.cell.2020.10.038,Q9NSY1,,,,,,,,HEK293,
2190,10.1016/j.cell.2020.10.038,Q9NYV4,,,,,,,,,
2190,10.1016/j.cell.2020.10.038,Q9UEE5,,,,,,,,,
2190,10.1016/j.cell.2020.10.038,Q9UK32,,,,,,,,HL60,
2190,10.1016/j.cell.2020.10.038,Q9Y243,,,,,,,,HEK293T,
2191,10.1016/j.cell.2020.10.038,O14965,,,,,,,,HCT116; HeLa,
2191,10.1016/j.cell.2020.10.038,O14976,,,,,,,,,
2191,10.1016/j.cell.2020.10.038,P06239,,,,,,,,Jurkat,
2191,10.1016/j.cell.2020.10.038,P11802,,,,,,,,HCT116; HeLa,
2191,10.1016/j.cell.2020.10.038,P12931,,,,,,,,,
2191,10.1016/j.cell.2020.10.038,P16591,,,,,,,,HL-60; HL60,
2191,10.1016/j.cell.2020.10.038,P24941,,,,,,,,,
2191,10.1016/j.cell.2020.10.038,P30291,,,,,,,,,
2191,10.1016/j.cell.2020.10.038,P42684,,,,,,,,,
2191,10.1016/j.cell.2020.10.038,P50613,,,,,,,,HCT116; HL-60; HL60; MCF7,
2191,10.1016/j.cell.2020.10.038,P50750,,,,,,,,HCT116; HL-60; HL60; MCF7,
2191,10.1016/j.cell.2020.10.038,P51451,,,,,,,,,
2191,10.1016/j.cell.2020.10.038,P53671,,,,,,,,,
2191,10.1016/j.cell.2020.10.038,Q00534,,,,,,,,HCT116; HL-60; HL60,
2191,10.1016/j.cell.2020.10.038,Q00535,,,,,,,,HL60,
2191,10.1016/j.cell.2020.10.038,Q00537,,,,,,,,HCT116; HL-60; MDA-MB-231,
2191,10.1016/j.cell.2020.10.038,Q08881,,,,,,,,K562; jurkat,
2191,10.1016/j.cell.2020.10.038,Q13131,,,,,,,,,
2191,10.1016/j.cell.2020.10.038,Q14004,,,,,,,,HEK293; HL-60; HL60,
2191,10.1016/j.cell.2020.10.038,Q14289,,,,,,,,HEK293; HL60,
2191,10.1016/j.cell.2020.10.038,Q15418,,,,,,,,HEK293; PC3,
2191,10.1016/j.cell.2020.10.038,Q2M2I8,,,,,,,,,
2191,10.1016/j.cell.2020.10.038,Q9NSY1,,,,,,,,HEK293,
2191,10.1016/j.cell.2020.10.038,Q9NYV4,,,,,,,,,
2192,10.1016/j.cell.2020.10.038,O00418,,,,,,,,HL60,
2192,10.1016/j.cell.2020.10.038,O00444,,,,,,,,,
2192,10.1016/j.cell.2020.10.038,O14965,,,,,,,,HCT116; HeLa,
2192,10.1016/j.cell.2020.10.038,O14976,,,,,,,,,
2192,10.1016/j.cell.2020.10.038,O43683,,,,,,,,HEK293; HeLa; Jurkat,
2192,10.1016/j.cell.2020.10.038,O60566,,,,,,,,HeLa,
2192,10.1016/j.cell.2020.10.038,O75385,,,,,,,,HEK293; HEK293T; SH-SY5Y,
2192,10.1016/j.cell.2020.10.038,O94804,,,,,,,,HL-60; HL60,
2192,10.1016/j.cell.2020.10.038,P06239,,,,,,,,Jurkat,
2192,10.1016/j.cell.2020.10.038,P07947,,,,,,,,,
2192,10.1016/j.cell.2020.10.038,P11802,,,,,,,,HCT116; HeLa,
2192,10.1016/j.cell.2020.10.038,P12931,,,,,,,,,
2192,10.1016/j.cell.2020.10.038,P16591,,,,,,,,HL-60; HL60,
2192,10.1016/j.cell.2020.10.038,P17948,,,,,,,,,
2192,10.1016/j.cell.2020.10.038,P24941,,,,,,,,,
2192,10.1016/j.cell.2020.10.038,P30291,,,,,,,,,
2192,10.1016/j.cell.2020.10.038,P36894,,,,,,,,HEK293T,
2192,10.1016/j.cell.2020.10.038,P42680,,,,,,,,K562,
2192,10.1016/j.cell.2020.10.038,P42684,,,,,,,,,
2192,10.1016/j.cell.2020.10.038,P48730,,,,,,,,,
2192,10.1016/j.cell.2020.10.038,P49674,,,,,,,,,
2192,10.1016/j.cell.2020.10.038,P50613,,,,,,,,HCT116; HL-60; HL60; MCF7,
2192,10.1016/j.cell.2020.10.038,P50750,,,,,,,,HCT116; HL-60; HL60; MCF7,
2192,10.1016/j.cell.2020.10.038,P51451,,,,,,,,,
2192,10.1016/j.cell.2020.10.038,P51955,,,,,,,,HEK293; HeLa,
2192,10.1016/j.cell.2020.10.038,P53667,,,,,,,,,
2192,10.1016/j.cell.2020.10.038,P53671,,,,,,,,,
2192,10.1016/j.cell.2020.10.038,Q00534,,,,,,,,HCT116; HL-60; HL60,
2192,10.1016/j.cell.2020.10.038,Q00535,,,,,,,,HL60,
2192,10.1016/j.cell.2020.10.038,Q00537,,,,,,,,HCT116; HL-60; MDA-MB-231,
2192,10.1016/j.cell.2020.10.038,Q07912,,,,,,,,,
2192,10.1016/j.cell.2020.10.038,Q08881,,,,,,,,K562; jurkat,
2192,10.1016/j.cell.2020.10.038,Q13131,,,,,,,,,
2192,10.1016/j.cell.2020.10.038,Q13164,,,,,,,,HEK293; HL-60; HeLa,
2192,10.1016/j.cell.2020.10.038,Q14004,,,,,,,,HEK293; HL-60; HL60,
2192,10.1016/j.cell.2020.10.038,Q14289,,,,,,,,HEK293; HL60,
2192,10.1016/j.cell.2020.10.038,Q15119,,,,,,,,,
2192,10.1016/j.cell.2020.10.038,Q15131,,,,,,,,HL60; HeLa; PC-3; PC3; THP-1,
2192,10.1016/j.cell.2020.10.038,Q15418,,,,,,,,HEK293; PC3,
2192,10.1016/j.cell.2020.10.038,Q16584,,,,,,,,HL-60; PC3,
2192,10.1016/j.cell.2020.10.038,Q16659,,,,,,,,HEK293,
2192,10.1016/j.cell.2020.10.038,Q2M2I8,,,,,,,,,
2192,10.1016/j.cell.2020.10.038,Q5TCX8,,,,,,,,Jurkat; THP-1,
2192,10.1016/j.cell.2020.10.038,Q6PHR2,,,,,,,,HL-60; HL60,
2192,10.1016/j.cell.2020.10.038,Q7KZI7,,,,,,,,,
2192,10.1016/j.cell.2020.10.038,Q86YV5,,,,,,,,,
2192,10.1016/j.cell.2020.10.038,Q8IVH8,,,,,,,,HL60; MDA-MB-231,
2192,10.1016/j.cell.2020.10.038,Q8NI60,,,,,,,,,
2192,10.1016/j.cell.2020.10.038,Q8TDR2,,,,,,,,Jurkat,
2192,10.1016/j.cell.2020.10.038,Q8TF76,,,,,,,,HEK293,
2192,10.1016/j.cell.2020.10.038,Q92918,,,,,,,,HL-60; HL60; HeLa,
2192,10.1016/j.cell.2020.10.038,Q96D53,,,,,,,,Jurkat,
2192,10.1016/j.cell.2020.10.038,Q96GD4,,,,,,,,HCT116; HeLa; MCF7,
2192,10.1016/j.cell.2020.10.038,Q96L34,,,,,,,,,
2192,10.1016/j.cell.2020.10.038,Q9BVS4,,,,,,,,HEK293; VCaP,
2192,10.1016/j.cell.2020.10.038,Q9H0K1,,,,,,,,,
2192,10.1016/j.cell.2020.10.038,Q9NWZ3,,,,,,,,HL-60; HL60,
2192,10.1016/j.cell.2020.10.038,Q9NYV4,,,,,,,,,
2192,10.1016/j.cell.2020.10.038,Q9UBE8,,,,,,,,,
2192,10.1016/j.cell.2020.10.038,Q9UEE5,,,,,,,,,
2193,10.1016/j.cell.2020.10.038,O60307,,,,,,,,HeLa; Jurkat; PC-3; PC3; THP-1,
2193,10.1016/j.cell.2020.10.038,P11802,,,,,,,,HCT116; HeLa,
2193,10.1016/j.cell.2020.10.038,P53667,,,,,,,,,
2193,10.1016/j.cell.2020.10.038,Q16539,,,,,,,,,
2193,10.1016/j.cell.2020.10.038,Q9NYL2,,,,,,,,HL-60; HL60,
2194,10.1016/j.cell.2020.10.038,O00444,,,,,,,,,
2194,10.1016/j.cell.2020.10.038,O14965,,,,,,,,HCT116; HeLa,
2194,10.1016/j.cell.2020.10.038,O60566,,,,,,,,HeLa,
2194,10.1016/j.cell.2020.10.038,O75385,,,,,,,,HEK293; HEK293T; SH-SY5Y,
2194,10.1016/j.cell.2020.10.038,O94804,,,,,,,,HL-60; HL60,
2194,10.1016/j.cell.2020.10.038,P06239,,,,,,,,Jurkat,
2194,10.1016/j.cell.2020.10.038,P11802,,,,,,,,HCT116; HeLa,
2194,10.1016/j.cell.2020.10.038,P12931,,,,,,,,,
2194,10.1016/j.cell.2020.10.038,P16591,,,,,,,,HL-60; HL60,
2194,10.1016/j.cell.2020.10.038,P24941,,,,,,,,,
2194,10.1016/j.cell.2020.10.038,P30291,,,,,,,,,
2194,10.1016/j.cell.2020.10.038,P42680,,,,,,,,K562,
2194,10.1016/j.cell.2020.10.038,P42684,,,,,,,,,
2194,10.1016/j.cell.2020.10.038,P50613,,,,,,,,HCT116; HL-60; HL60; MCF7,
2194,10.1016/j.cell.2020.10.038,P50750,,,,,,,,HCT116; HL-60; HL60; MCF7,
2194,10.1016/j.cell.2020.10.038,P51451,,,,,,,,,
2194,10.1016/j.cell.2020.10.038,P53667,,,,,,,,,
2194,10.1016/j.cell.2020.10.038,P53671,,,,,,,,,
2194,10.1016/j.cell.2020.10.038,Q00534,,,,,,,,HCT116; HL-60; HL60,
2194,10.1016/j.cell.2020.10.038,Q00535,,,,,,,,HL60,
2194,10.1016/j.cell.2020.10.038,Q00537,,,,,,,,HCT116; HL-60; MDA-MB-231,
2194,10.1016/j.cell.2020.10.038,Q07912,,,,,,,,,
2194,10.1016/j.cell.2020.10.038,Q08881,,,,,,,,K562; jurkat,
2194,10.1016/j.cell.2020.10.038,Q13131,,,,,,,,,
2194,10.1016/j.cell.2020.10.038,Q14004,,,,,,,,HEK293; HL-60; HL60,
2194,10.1016/j.cell.2020.10.038,Q15208,,,,,,,,HEK293,
2194,10.1016/j.cell.2020.10.038,Q15418,,,,,,,,HEK293; PC3,
2194,10.1016/j.cell.2020.10.038,Q16584,,,,,,,,HL-60; PC3,
2194,10.1016/j.cell.2020.10.038,Q2M2I8,,,,,,,,,
2194,10.1016/j.cell.2020.10.038,Q6PHR2,,,,,,,,HL-60; HL60,
2194,10.1016/j.cell.2020.10.038,Q96GD4,,,,,,,,HCT116; HeLa; MCF7,
2194,10.1016/j.cell.2020.10.038,Q96L34,,,,,,,,,
2195,10.1016/j.cell.2020.10.038,P48426,,,,,,,,HL-60; HL60,
2195,10.1016/j.cell.2020.10.038,P78356,,,,,,,,HEK293T; HL-60; HeLa; Jurkat; MOLT-4; THP-1,
2195,10.1016/j.cell.2020.10.038,Q8TBX8,,,,,,,,HCT116; HEK293; HL-60; PC3; THP1,
2196,10.1016/j.cell.2020.10.038,O94768,,,,,,,,HEK293; K562; Ramos,
2196,10.1016/j.cell.2020.10.038,O94804,,,,,,,,HL-60; HL60,
2196,10.1016/j.cell.2020.10.038,O96013,,,,,,,,,
2196,10.1016/j.cell.2020.10.038,P48729,,,,,,,,HL60,
2196,10.1016/j.cell.2020.10.038,P48730,,,,,,,,,
2196,10.1016/j.cell.2020.10.038,P49674,,,,,,,,,
2196,10.1016/j.cell.2020.10.038,P49840,,,,,,,,HL60,
2196,10.1016/j.cell.2020.10.038,P49841,,,,,,,,HEK293,
2196,10.1016/j.cell.2020.10.038,P53671,,,,,,,,,
2196,10.1016/j.cell.2020.10.038,Q13043,,,,,,,,HL-60; HL60,
2196,10.1016/j.cell.2020.10.038,Q13233,,,,,,,,HEK293; HL-60,
2196,10.1016/j.cell.2020.10.038,Q8N4C8,,,,,,,,HL-60,
2196,10.1016/j.cell.2020.10.038,Q8TDR2,,,,,,,,Jurkat,
2197,10.1016/j.cell.2020.10.038,O60285,,,,,,,,,
2197,10.1016/j.cell.2020.10.038,O94768,,,,,,,,HEK293; K562; Ramos,
2197,10.1016/j.cell.2020.10.038,O94921,,,,,,,,HCT116; HEK293; HL-60; Jurkat; PC3; THP-1,
2197,10.1016/j.cell.2020.10.038,P48730,,,,,,,,,
2197,10.1016/j.cell.2020.10.038,P49840,,,,,,,,HL60,
2197,10.1016/j.cell.2020.10.038,P49841,,,,,,,,HEK293,
2197,10.1016/j.cell.2020.10.038,Q13043,,,,,,,,HL-60; HL60,
2197,10.1016/j.cell.2020.10.038,Q9P1W9,,,,,,,,,
2198,10.1016/j.cell.2020.10.038,P51451,,,,,,,,,
2198,10.1016/j.cell.2020.10.038,P53667,,,,,,,,,
2198,10.1016/j.cell.2020.10.038,P53671,,,,,,,,,
2198,10.1016/j.cell.2020.10.038,Q07912,,,,,,,,,
2198,10.1016/j.cell.2020.10.038,Q9UEE5,,,,,,,,,
2199,10.1016/j.cell.2020.10.038,P49759,,,,,,,,HeLa,
2199,10.1016/j.cell.2020.10.038,P50750,,,,,,,,HCT116; HL-60; HL60; MCF7,
2200,10.1016/j.ejmech.2021.113335,Q9UM73,SR,other,,,,,other,,SR
2201,10.1016/j.ejmech.2021.113335,Q9UM73,SR,other,,,,,other,,SR
2202,10.1016/j.ejmech.2021.113335,Q9UM73,H3122,degradation reporter,16.0,,,,other,,H3122
2202,10.1021/acs.jmedchem.1c00270,Q9UM73,H3122,degradation reporter,16.0,Karpas 299,,,HTRF,,H3122
2203,10.1016/j.ejmech.2021.113335,Q9UM73,SR,other,,,,,other,,SR
2204,10.1016/j.ejmech.2021.113335,Q9UM73,SR,other,,,,,other,,SR
2205,10.1016/j.ejmech.2021.113335,Q9UM73,SR,other,,,,,other,,SR
2206,10.1016/j.ejmech.2021.113335,Q9UM73,SR,other,,,,,other,,SR
2207,10.1016/j.ejmech.2021.113335,Q9UM73,SR,other,,,,,other,,SR
2208,10.1016/j.ejmech.2021.113335,Q9UM73,SR,other,,,,,other,,SR
2209,10.1021/acs.jmedchem.1c00270,Q9UM73,SR,other,,Karpas 299,,,HTRF,,SR
2209,10.1016/j.ejmech.2021.113335,Q9UM73,SR,other,,,,,other,,SR
2210,10.1016/j.ejmech.2021.113335,Q9UM73,Karpas 299,degradation reporter,24.0,,,,other,,Karpas 299
2210,10.1021/acs.jmedchem.1c00270,Q9UM73,Karpas 299,degradation reporter,24.0,Karpas 299,,,HTRF,,Karpas 299
2211,10.1016/j.ejmech.2021.113335,Q9UM73,Karpas 299,degradation reporter,24.0,,,,other,,Karpas 299
2211,10.1021/acs.jmedchem.1c00270,Q9UM73,Karpas 299,degradation reporter,24.0,Karpas 299,,,HTRF,,Karpas 299
2212,10.1016/j.ejmech.2021.113335,Q9UM73,SR,other,,,,,other,,SR
2213,10.1016/j.ejmech.2021.113335,Q9UM73,SR,other,,,,,other,,SR
2214,10.1016/j.ejmech.2021.113335,Q9UM73,SR,other,,,,,other,,SR
2215,10.1016/j.ejmech.2021.113335,Q9UM73,SR,other,,,,,other,,SR
2216,10.1016/j.ejmech.2021.113335,Q9UM73,SR,other,,,,,other,,SR
2217,10.1016/j.ejmech.2021.113335,Q9UM73,SR,other,,,,,other,,SR
2217,10.1016/j.ejmech.2021.113335,Q9UM73,SR,other,,,,,other,,SR
2218,10.1016/j.ejmech.2021.113335,Q9UM73,SR,other,,,,,other,,SR
2219,10.1016/j.ejmech.2021.113335,Q9UM73,SR,other,,,,,other,,SR
2220,10.1016/j.ejmech.2021.113335,Q9UM73,SR,other,,,,,other,,SR
2221,10.1016/j.ejmech.2021.113335,Q9UM73,SR,other,,,,,other,,SR
2222,10.1016/j.ejmech.2021.113335,Q9UM73,HEK293T,degradation reporter,,,,,other,,HEK293T
2222,10.1016/j.ejmech.2021.113335,Q9UM73,HEK293T,degradation reporter,,,,,other,,HEK293T
2223,10.1016/j.ejmech.2021.113335,Q9UM73,SR,other,,,,,other,,SR
2224,10.1016/j.ejmech.2021.113335,Q9UM73,SR,other,,,,,other,,SR
2225,10.1016/j.ejmech.2021.113335,Q9UM73,SR,other,,,,,other,,SR
2226,10.1016/j.ejmech.2021.113335,Q9UM73,SR,other,,,,,other,,SR
2227,10.1016/j.ejmech.2021.113328,P00533,PC9,other,,H1975; PC9; PC9Brca1; A549,Western blot; cell growth inhibition; apoptosis; phosphorylation assay,,,,PC9
2227,10.1016/j.ejmech.2021.113328,P00533,PC9,other,,H1975; PC9; PC9Brca1; A549,Western blot; cell growth inhibition; apoptosis; phosphorylation assay,,,,PC9
2228,10.1016/j.ejmech.2021.113328,P00533,PC9,other,,H1975; PC9; PC9Brca1; A549,Western blot; cell growth inhibition; apoptosis; phosphorylation assay,,,,PC9
2228,10.1016/j.ejmech.2021.113328,P00533,PC9,other,,H1975; PC9; PC9Brca1; A549,Western blot; cell growth inhibition; apoptosis; phosphorylation assay,,,,PC9
2229,10.1016/j.ejmech.2021.113328,P00533,PC9,other,,H1975; PC9; PC9Brca1; A549,Western blot; cell growth inhibition; apoptosis; phosphorylation assay,,,,PC9
2229,10.1016/j.ejmech.2021.113328,P00533,PC9,other,,H1975; PC9; PC9Brca1; A549,Western blot; cell growth inhibition; apoptosis; phosphorylation assay,,,,PC9
2230,10.1016/j.ejmech.2021.113328,P00533,PC9,other,,H1975; PC9; PC9Brca1; A549,Western blot; cell growth inhibition; apoptosis; phosphorylation assay,,,,PC9
2230,10.1016/j.ejmech.2021.113328,P00533,PC9,other,,H1975; PC9; PC9Brca1; A549,Western blot; cell growth inhibition; apoptosis; phosphorylation assay,,,,PC9
2231,10.1016/j.ejmech.2021.113328,P00533,PC9,degradation reporter,48.0,H1975; PC9; PC9Brca1; A549,Western blot; cell growth inhibition; apoptosis; phosphorylation assay,,,,PC9
2231,10.1016/j.ejmech.2021.113328,P00533,PC9,degradation reporter,48.0,H1975; PC9; PC9Brca1; A549,Western blot; cell growth inhibition; apoptosis; phosphorylation assay,,,,PC9
2232,10.1016/j.ejmech.2021.113328,P00533,PC9,degradation reporter,48.0,H1975; PC9; PC9Brca1; A549,Western blot; cell growth inhibition; apoptosis; phosphorylation assay,,,,PC9
2232,10.1016/j.ejmech.2021.113328,P00533,PC9,degradation reporter,48.0,H1975; PC9; PC9Brca1; A549,Western blot; cell growth inhibition; apoptosis; phosphorylation assay,,,,PC9
2233,10.1016/j.ejmech.2021.113341,Q06124,,,,,,MV4-11,other,HEK293,MV4-11
2234,10.1016/j.ejmech.2021.113341,Q06124,,,,,,MV4-11,other,HEK293,MV4-11
2235,10.1016/j.ejmech.2021.113341,Q06124,,,,,,MV4-11,other,HEK293,MV4-11
2236,10.1016/j.ejmech.2021.113341,Q06124,MV4;11,degradation reporter,12.0,,,MV4-11,other,HEK293,MV4;11
2237,10.1016/j.ejmech.2021.113341,Q06124,,,,,,MV4-11,other,HEK293,MV4-11
2238,10.1016/j.ejmech.2021.113341,Q06124,,,,,,MV4-11,other,HEK293,MV4-11
2239,10.1016/j.ejmech.2021.113341,Q06124,,,,,,MV4-11,other,HEK293,MV4-11
2240,10.1016/j.ejmech.2021.113341,Q06124,,,,,,MV4-11,other,HEK293,MV4-11
2241,10.1016/j.ejmech.2021.113341,Q06124,,,,,,MV4-11,other,HEK293,MV4-11
2242,10.1016/j.ejmech.2021.113341,Q06124,,,,,,MV4-11,other,HEK293,MV4-11
2243,10.1016/j.ejmech.2021.113341,Q06124,,,,,,MV4-11,other,HEK293,MV4-11
2244,10.1016/j.ejmech.2021.113341,Q06124,,,,,,MV4-11,other,HEK293,MV4-11
2245,10.1016/j.ejmech.2021.113341,Q06124,,,,,,MV4-11,other,HEK293,MV4-11
2246,10.1016/j.ejmech.2021.113341,Q06124,,,,,,MV4-11,other,HEK293,MV4-11
2247,10.1002/cbic.202100047,Q460N5,KYSE-270,degradation reporter,24.0,,,,,Jurkat,KYSE-270
2248,10.1038/s41589-021-00765-y,Q9NYV4,,,,,quantitative proteomics; antiproliferative effects,,,,
2249,10.1038/s41589-021-00765-y,Q9NYV4,,,,,quantitative proteomics; antiproliferative effects,,,,
2250,10.1038/s41589-021-00765-y,Q9NYV4,,,,,quantitative proteomics; antiproliferative effects,,,,
2251,10.1038/s41589-021-00765-y,Q9NYV4,,,,,quantitative proteomics; antiproliferative effects,,,,
2251,10.1038/s41589-021-00765-y,Q9NYV4,,,,,quantitative proteomics; antiproliferative effects,,,,
2252,10.1038/s41589-021-00765-y,Q9NYV4,,,,,quantitative proteomics; antiproliferative effects,,,,
2253,10.1038/s41589-021-00765-y,Q9NYV4,,,,,quantitative proteomics; antiproliferative effects,,,,
2254,10.1038/s41589-021-00765-y,Q9NYV4,,,,,quantitative proteomics; antiproliferative effects,,,,
2255,10.1038/s41589-021-00765-y,Q9NYV4,HeLa,Western blot,24.0,,quantitative proteomics; antiproliferative effects,,,,HeLa
2255,10.1038/s41589-021-00765-y,Q9NYV4,HeLa,Western blot,24.0,,quantitative proteomics; antiproliferative effects,,,,HeLa
2255,10.1016/j.ejmech.2023.115248,Q9NYV4,HeLa,Western blot,24.0,,cytoblot assay,,,,HeLa
2256,10.1021/jacs.1c00990,P62942,,,,human prostate cancer cells,,,,,human prostate cancer cells
2257,10.1021/jacs.1c00990,P62942,,,,human prostate cancer cells,,,,,human prostate cancer cells
2258,10.1021/jacs.1c00990,P10275,,,,human prostate cancer cells,,,,MCF-7; PC-3; PC3,human prostate cancer cells
2259,10.1021/acs.jmedchem.1c00996,P36888,MOLM-13,degradation reporter,24.0,,,,,,MOLM-13
2260,10.1021/acs.jmedchem.1c00996,P36888,MOLM-13,degradation reporter,24.0,,,,,,MOLM-13
2261,10.1021/acs.jmedchem.1c00996,P36888,MOLM-13,other,,,,,,,MOLM-13
2262,10.1021/acs.jmedchem.1c00996,P36888,MOLM-13,other,,,,,,,MOLM-13
2263,10.1021/acs.jmedchem.1c00996,P36888,MOLM-13,other,,,,,,,MOLM-13
2264,10.1021/acs.jmedchem.1c00996,P36888,MOLM-13,other,,,,,,,MOLM-13
2265,10.1021/acs.jmedchem.1c00996,P36888,MOLM-13,other,,,,,,,MOLM-13
2266,10.1021/acs.jmedchem.1c00996,P36888,MOLM-13,other,,,,,,,MOLM-13
2267,10.1021/acs.jmedchem.1c00996,P36888,MOLM-13,other,,,,,,,MOLM-13
2268,10.1021/acs.jmedchem.1c00996,P36888,MOLM-13,other,,,,,,,MOLM-13
2269,10.1021/acs.jmedchem.1c00996,P36888,MOLM-13,other,,,,,,,MOLM-13
2270,10.1021/acs.jmedchem.1c00996,P36888,MOLM-13,other,,,,,,,MOLM-13
2271,10.1021/acs.jmedchem.1c00996,P36888,MOLM-13,other,,,,,,,MOLM-13
2272,10.1021/acs.jmedchem.1c00996,P36888,MOLM-13,other,,,,,,,MOLM-13
2273,10.1021/acs.jmedchem.1c00996,P36888,MOLM-13,other,,,,,,,MOLM-13
2274,10.1021/acs.jmedchem.1c00996,P36888,MOLM-13,other,,,,,,,MOLM-13
2275,10.1021/acs.jmedchem.1c00146,P61964,,other,,,,,other,HeLa,
2276,10.1021/acs.jmedchem.1c00146,P61964,,,,,,,other,HeLa,
2277,10.1021/acs.jmedchem.1c00146,P61964,,,,,,,other,HeLa,
2278,10.1021/acs.jmedchem.1c00146,P61964,,,,,,,other,HeLa,
2279,10.1021/acs.jmedchem.1c00146,P61964,,,,,,,other,HeLa,
2280,10.1021/acs.jmedchem.1c00146,P61964,,other,,,,,other,HeLa,
2281,10.1021/acs.jmedchem.1c00146,P61964,,,,,,,other,HeLa,
2282,10.1021/acs.jmedchem.1c00146,P61964,,,,,,,other,HeLa,
2283,10.1021/acs.jmedchem.1c00146,P61964,,,,,,,other,HeLa,
2284,10.1021/acs.jmedchem.1c00146,P61964,MV4-11,degradation reporter,24.0,,,,other,HeLa,MV4-11
2285,10.1021/acs.jmedchem.1c00146,P61964,MV4-11,degradation reporter,24.0,,,,other,HeLa,MV4-11
2286,10.1021/acs.jmedchem.1c00146,P61964,MV4-11,degradation reporter,24.0,,,,other,HeLa,MV4-11
2287,10.1021/acs.jmedchem.1c00146,P61964,MV4-11,degradation reporter,24.0,,,,other,HeLa,MV4-11
2288,10.1021/acs.jmedchem.1c00146,P61964,MV4-11,degradation reporter,24.0,,,,other,HeLa,MV4-11
2289,10.1021/acs.jmedchem.1c00146,P61964,,other,,,,,other,HeLa,
2290,10.1021/acs.jmedchem.1c00146,P61964,,,,,,,other,HeLa,
2291,10.1021/acs.jmedchem.1c00146,P61964,,,,,,,other,HeLa,
2292,10.1021/acs.jmedchem.1c00146,P61964,,,,,,,other,HeLa,
2293,10.1021/acs.jmedchem.1c00146,P61964,,,,,,,other,HeLa,
2294,10.1021/acs.jmedchem.1c00146,P61964,MV4-11,degradation reporter,24.0,,,,other,HeLa,MV4-11
2295,10.1021/acs.jmedchem.1c00146,P61964,,,,,,,other,HeLa,
2296,10.1021/acs.jmedchem.1c00146,P61964,,,,,,,other,HeLa,
2297,10.1021/acs.jmedchem.1c00146,P61964,,,,,,,other,HeLa,
2298,10.1021/acs.jmedchem.1c00146,P61964,,,,,,,other,HeLa,
2299,10.1021/acs.jmedchem.1c00146,P61964,,,,,,,other,HeLa,
2300,10.1021/acs.jmedchem.1c00882,P10275,VCaP,other,6.0,,Western blot,,,MCF-7; PC-3; PC3,VCaP
2301,10.1021/acs.jmedchem.1c00882,P10275,VCaP,degradation reporter,6.0,,Western blot,,,MCF-7; PC-3; PC3,VCaP
2302,10.1021/acs.jmedchem.1c00882,P10275,VCaP,degradation reporter,6.0,,Western blot,,,MCF-7; PC-3; PC3,VCaP
2303,10.1021/acs.jmedchem.1c00882,P10275,VCaP,degradation reporter,6.0,,Western blot,,,MCF-7; PC-3; PC3,VCaP
2304,10.1021/acs.jmedchem.1c00882,P10275,VCaP,degradation reporter,6.0,,Western blot,,,MCF-7; PC-3; PC3,VCaP
2305,10.1021/acs.jmedchem.1c00882,P10275,VCaP,degradation reporter,6.0,,Western blot,,,MCF-7; PC-3; PC3,VCaP
2306,10.1021/acs.jmedchem.1c00882,P10275,VCaP,degradation reporter,6.0,,Western blot,,,MCF-7; PC-3; PC3,VCaP
2307,10.1021/acs.jmedchem.1c00882,P10275,VCaP,degradation reporter,6.0,,Western blot,,,MCF-7; PC-3; PC3,VCaP
2308,10.1021/acs.jmedchem.1c00882,P10275,VCaP,degradation reporter,6.0,,Western blot,,,MCF-7; PC-3; PC3,VCaP
2309,10.1021/acs.jmedchem.1c00882,P10275,VCaP,degradation reporter,6.0,,Western blot,,,MCF-7; PC-3; PC3,VCaP
2310,10.1021/acs.jmedchem.1c00882,P10275,VCaP,degradation reporter,6.0,,Western blot,,,MCF-7; PC-3; PC3,VCaP
2311,10.1021/acs.jmedchem.1c00882,P10275,VCaP,degradation reporter,6.0,,Western blot,,,MCF-7; PC-3; PC3,VCaP
2312,10.1021/acs.jmedchem.1c00882,P10275,VCaP,degradation reporter,6.0,,Western blot,,,MCF-7; PC-3; PC3,VCaP
2313,10.1021/acs.jmedchem.1c00882,P10275,VCaP,degradation reporter,6.0,,Western blot,,,MCF-7; PC-3; PC3,VCaP
2314,10.1021/acs.jmedchem.1c00882,P10275,VCaP,degradation reporter,6.0,,Western blot,,,MCF-7; PC-3; PC3,VCaP
2315,10.1021/acs.jmedchem.1c00882,P10275,VCaP,degradation reporter,6.0,,Western blot,,,MCF-7; PC-3; PC3,VCaP
2316,10.1021/acs.jmedchem.1c00882,P10275,VCaP,degradation reporter,24.0,,Western blot,,,MCF-7; PC-3; PC3,VCaP
2317,10.1021/acs.jmedchem.1c00882,P10275,VCaP,degradation reporter,24.0,,Western blot,,,MCF-7; PC-3; PC3,VCaP
2318,10.1021/acs.jmedchem.1c00882,P10275,VCaP,degradation reporter,24.0,,Western blot,,,MCF-7; PC-3; PC3,VCaP
2319,10.1021/acs.jmedchem.1c00882,P10275,VCaP,degradation reporter,6.0,,Western blot,,,MCF-7; PC-3; PC3,VCaP
2320,10.1021/acs.jmedchem.1c00882,P10275,VCaP,degradation reporter,6.0,,Western blot,,,MCF-7; PC-3; PC3,VCaP
2321,10.1021/acs.jmedchem.1c00882,P10275,VCaP,degradation reporter,6.0,,Western blot,,,MCF-7; PC-3; PC3,VCaP
2322,10.1021/acs.jmedchem.1c00882,P10275,VCaP,degradation reporter,6.0,,Western blot,,,MCF-7; PC-3; PC3,VCaP
2323,10.1021/acs.jmedchem.1c00882,P10275,VCaP,degradation reporter,6.0,,Western blot,,,MCF-7; PC-3; PC3,VCaP
2324,10.1021/acs.jmedchem.1c00882,P10275,VCaP,degradation reporter,6.0,,Western blot,,,MCF-7; PC-3; PC3,VCaP
2325,10.1021/acs.jmedchem.1c00882,P10275,VCaP,degradation reporter,6.0,,Western blot,,,MCF-7; PC-3; PC3,VCaP
2326,10.1021/acs.jmedchem.1c00882,P10275,VCaP,degradation reporter,6.0,,Western blot,,,MCF-7; PC-3; PC3,VCaP
2327,10.1021/acs.jmedchem.1c00882,P10275,VCaP,degradation reporter,6.0,,Western blot,,,MCF-7; PC-3; PC3,VCaP
2328,10.1021/acs.jmedchem.1c00882,P10275,VCaP,degradation reporter,6.0,,Western blot,,,MCF-7; PC-3; PC3,VCaP
2329,10.1021/acs.jmedchem.1c00882,P10275,VCaP,degradation reporter,6.0,,Western blot,,,MCF-7; PC-3; PC3,VCaP
2330,10.1021/acs.jmedchem.1c00882,P10275,VCaP,degradation reporter,6.0,,Western blot,,,MCF-7; PC-3; PC3,VCaP
2331,10.1021/acs.jmedchem.1c00882,P10275,VCaP,degradation reporter,6.0,,Western blot,,,MCF-7; PC-3; PC3,VCaP
2332,10.1021/acs.jmedchem.1c00882,P10275,VCaP,degradation reporter,6.0,,Western blot,,,MCF-7; PC-3; PC3,VCaP
2333,10.1021/acs.jmedchem.1c00882,P10275,VCaP,degradation reporter,6.0,,Western blot,,,MCF-7; PC-3; PC3,VCaP
2334,10.1021/acs.jmedchem.1c00882,P10275,VCaP,degradation reporter,6.0,,Western blot,,,MCF-7; PC-3; PC3,VCaP
2335,10.1021/acs.jmedchem.1c00882,P10275,VCaP,degradation reporter,6.0,,Western blot,,,MCF-7; PC-3; PC3,VCaP
2336,10.1021/acs.jmedchem.1c00882,P10275,VCaP,degradation reporter,6.0,,Western blot,,,MCF-7; PC-3; PC3,VCaP
2337,10.1021/acs.jmedchem.1c00882,P10275,VCaP,degradation reporter,6.0,,Western blot,,,MCF-7; PC-3; PC3,VCaP
2338,10.1021/acs.jmedchem.1c01496,P25440,HEK293,degradation reporter,4.0,,,,,HL60,HEK293
2338,10.1021/acs.jmedchem.1c01496,Q15059,HEK293,degradation reporter,4.0,,,,,HL60; Jurkat,HEK293
2338,10.1021/acs.jmedchem.1c01496,O60885,HEK293,degradation reporter,4.0,,,,,,HEK293
2339,10.1021/acs.jmedchem.1c01496,P25440,HEK293,other,4.0,,,,,HL60,HEK293
2339,10.1021/acs.jmedchem.1c01496,Q15059,HEK293,other,4.0,,,,,HL60; Jurkat,HEK293
2339,10.1021/acs.jmedchem.1c01496,O60885,HEK293,other,4.0,,,,,,HEK293
2340,10.1021/acs.jmedchem.1c01496,P25440,HEK293,other,4.0,,,,,HL60,HEK293
2340,10.1021/acs.jmedchem.1c01496,Q15059,HEK293,other,4.0,,,,,HL60; Jurkat,HEK293
2340,10.1021/acs.jmedchem.1c01496,O60885,HEK293,other,4.0,,,,,,HEK293
2341,10.1021/acs.jmedchem.1c01496,P25440,HEK293,other,4.0,,,,,HL60,HEK293
2341,10.1021/acs.jmedchem.1c01496,Q15059,HEK293,other,4.0,,,,,HL60; Jurkat,HEK293
2341,10.1021/acs.jmedchem.1c01496,O60885,HEK293,other,4.0,,,,,,HEK293
2342,10.1021/acs.jmedchem.1c01496,P25440,HEK293,degradation reporter,4.0,,,,,HL60,HEK293
2342,10.1021/acs.jmedchem.1c01496,Q15059,HEK293,degradation reporter,4.0,,,,,HL60; Jurkat,HEK293
2342,10.1021/acs.jmedchem.1c01496,O60885,HEK293,degradation reporter,4.0,,,,,,HEK293
2343,10.1021/acs.jmedchem.1c01496,P25440,HEK293,degradation reporter,4.0,,,,,HL60,HEK293
2343,10.1021/acs.jmedchem.1c01496,Q15059,HEK293,degradation reporter,4.0,,,,,HL60; Jurkat,HEK293
2343,10.1021/acs.jmedchem.1c01496,O60885,HEK293,degradation reporter,4.0,,,,,,HEK293
2344,10.1021/acs.jmedchem.1c01768,P33981,HCT-116,degradation reporter,6.0,COLO-205,Western blot,,,,HCT-116
2345,10.1021/acs.jmedchem.1c01768,P33981,HCT-116,degradation reporter,6.0,COLO-205,Western blot,,,,HCT-116
2346,10.1021/acs.jmedchem.1c01768,P33981,HCT-116,degradation reporter,6.0,COLO-205,Western blot,,,,HCT-116
2347,10.1021/acs.jmedchem.1c01768,P33981,HCT-116,degradation reporter,6.0,COLO-205,Western blot,,,,HCT-116
2348,10.1021/acs.jmedchem.1c01768,P33981,,degradation reporter,6.0,COLO-205,Western blot,,,,COLO-205
2349,10.1021/acs.jmedchem.1c01768,P33981,COLO-205,degradation reporter,6.0,COLO-205,Western blot,,,,COLO-205
2350,10.1021/acs.jmedchem.1c01768,P33981,HCT-116,degradation reporter,6.0,COLO-205,Western blot,,,,HCT-116
2351,10.1021/acs.jmedchem.1c01768,P33981,COLO-205,degradation reporter,6.0,COLO-205,Western blot,,,,COLO-205
2352,10.1021/acs.jmedchem.1c01768,P33981,COLO-205,degradation reporter,6.0,COLO-205,Western blot,,,,COLO-205
2353,10.1021/acs.jmedchem.1c01768,P33981,COLO-205,degradation reporter,6.0,COLO-205,Western blot,,,,COLO-205
2354,10.1021/acs.jmedchem.1c01768,P33981,HCT-116,degradation reporter,6.0,COLO-205,Western blot,,,,HCT-116
2355,10.1021/acs.jmedchem.1c01768,P33981,COLO-205,degradation reporter,6.0,COLO-205,Western blot,,,,COLO-205
2356,10.1021/acs.jmedchem.1c01768,P33981,HCT-116,degradation reporter,6.0,COLO-205,Western blot,,,,HCT-116
2357,10.1021/acs.jmedchem.1c01768,P33981,COLO-205,degradation reporter,6.0,COLO-205,Western blot,,,,COLO-205
2358,10.1021/acs.jmedchem.1c01768,P33981,HCT-116,degradation reporter,6.0,COLO-205,Western blot,,,,HCT-116
2359,10.1021/acs.jmedchem.1c01768,P33981,COLO-205,degradation reporter,6.0,COLO-205,Western blot,,,,COLO-205
2360,10.1021/acs.jmedchem.1c01768,P33981,HCT-116,degradation reporter,6.0,COLO-205,Western blot,,,,HCT-116
2361,10.1021/acs.jmedchem.1c01768,P33981,COLO-205,degradation reporter,6.0,COLO-205,Western blot,,,,COLO-205
2362,10.1021/acs.jmedchem.1c01768,P33981,HCT-116,degradation reporter,6.0,COLO-205,Western blot,,,,HCT-116
2363,10.1021/acs.jmedchem.1c01768,P33981,,degradation reporter,6.0,COLO-205,Western blot,,,,COLO-205
2364,10.1021/acs.jmedchem.1c01118,O43353,,other,,,,,TR-FRET,HEK293T,
2365,10.1021/acs.jmedchem.1c01118,O43353,,other,,,,,TR-FRET,HEK293T,
2366,10.1021/acs.jmedchem.1c01118,O43353,,other,,,,,TR-FRET,HEK293T,
2367,10.1021/acs.jmedchem.1c01118,O43353,,other,,,,,TR-FRET,HEK293T,
2368,10.1021/acs.jmedchem.1c01118,O43353,,other,,,,,TR-FRET,HEK293T,
2369,10.1021/acs.jmedchem.1c01118,O43353,,other,,,,,TR-FRET,HEK293T,
2370,10.1021/acs.jmedchem.1c01118,O43353,,other,,,,,TR-FRET,HEK293T,
2371,10.1021/acs.jmedchem.1c01118,O43353,,other,,,,,TR-FRET,HEK293T,
2372,10.1021/acs.jmedchem.1c01118,O43353,,other,,,,,TR-FRET,HEK293T,
2373,10.1021/acs.jmedchem.1c01118,O43353,,other,,,,,TR-FRET,HEK293T,
2374,10.1021/acs.jmedchem.1c01118,O43353,,other,,,,,TR-FRET,HEK293T,
2375,10.1021/acs.jmedchem.1c01118,O43353,,other,,,,,TR-FRET,HEK293T,
2376,10.1021/acs.jmedchem.1c01118,O43353,THP1,degradation reporter,18.0,,,,TR-FRET,HEK293T,THP1
2377,10.1021/acs.jmedchem.1c01118,O43353,THP1,degradation reporter,18.0,,,,TR-FRET,HEK293T,THP1
2378,10.1021/acs.jmedchem.1c01118,O43353,THP1,degradation reporter,18.0,,,,TR-FRET,HEK293T,THP1
2379,10.1021/acs.jmedchem.1c01118,O43353,THP1,other,18.0,,,,TR-FRET,HEK293T,THP1
2380,10.1021/acs.jmedchem.1c01118,O43353,THP1,other,18.0,,,,TR-FRET,HEK293T,THP1
2381,10.1021/acs.jmedchem.1c00517,Q07817,MOLT-4,other,,,,MOLT-4; RS4;11; human platelets; HEK 293T,Western blot; MTS assay; flow cytometry,Jurkat,MOLT-4
2382,10.1021/acs.jmedchem.1c00517,Q07817,MOLT-4,other,,,,MOLT-4; RS4;11; human platelets; HEK 293T,Western blot; MTS assay; flow cytometry,Jurkat,MOLT-4
2383,10.1021/acs.jmedchem.1c00517,Q07817,MOLT-4,other,,,,MOLT-4; RS4;11; human platelets; HEK 293T,Western blot; MTS assay; flow cytometry,Jurkat,MOLT-4
2384,10.1021/acs.jmedchem.1c00517,Q07817,MOLT-4,other,,,,MOLT-4; RS4;11; human platelets; HEK 293T,Western blot; MTS assay; flow cytometry,Jurkat,MOLT-4
2385,10.1021/acs.jmedchem.1c00517,Q07817,MOLT-4,other,16.0,,,MOLT-4; RS4;11; human platelets; HEK 293T,Western blot; MTS assay; flow cytometry,Jurkat,MOLT-4
2386,10.1021/acs.jmedchem.1c00517,Q07817,MOLT-4,other,,,,MOLT-4; RS4;11; human platelets; HEK 293T,Western blot; MTS assay; flow cytometry,Jurkat,MOLT-4
2387,10.1021/acs.jmedchem.1c00517,Q07817,MOLT-4,other,,,,MOLT-4; RS4;11; human platelets; HEK 293T,Western blot; MTS assay; flow cytometry,Jurkat,MOLT-4
2388,10.1021/acs.jmedchem.1c00517,Q07817,MOLT-4,other,,,,MOLT-4; RS4;11; human platelets; HEK 293T,Western blot; MTS assay; flow cytometry,Jurkat,MOLT-4
2389,10.1021/acs.jmedchem.1c00517,Q07817,MOLT-4,AlphaScreen,16.0,,,MOLT-4; RS4;11; human platelets; HEK 293T,Western blot; MTS assay; flow cytometry,Jurkat,MOLT-4
2390,10.1021/acs.jmedchem.1c00517,Q07817,MOLT-4,AlphaScreen,16.0,,,MOLT-4; RS4;11; human platelets; HEK 293T,Western blot; MTS assay; flow cytometry,Jurkat,MOLT-4
2391,10.1021/acs.jmedchem.1c00373,Q9UM73,SR,other,,Calu-1; MDA-MB-231,,,,,SR
2392,10.1021/acs.jmedchem.1c00373,Q9UM73,SR,other,,Calu-1; MDA-MB-231,,,,,SR
2393,10.1021/acs.jmedchem.1c00373,Q9UM73,SR,other,,Calu-1; MDA-MB-231,,,,,SR
2394,10.1021/acs.jmedchem.1c00373,Q9UM73,SR,other,,Calu-1; MDA-MB-231,,,,,SR
2395,10.1021/acs.jmedchem.1c00373,Q9UM73,SR,other,,Calu-1; MDA-MB-231,,,,,SR
2396,10.1021/acs.jmedchem.1c00373,Q05397,NCI-H2228,degradation reporter,16.0,Calu-1; MDA-MB-231,,,,MCF7; MDA-MB-231; MDA-MB-468; PC3,NCI-H2228
2396,10.1021/acs.jmedchem.1c00373,Q9UM73,NCI-H2228,degradation reporter,16.0,Calu-1; MDA-MB-231,,,,,NCI-H2228
2396,10.1021/acs.jmedchem.1c00373,Q9UM73,NCI-H2228,degradation reporter,16.0,Calu-1; MDA-MB-231,,,,,NCI-H2228
2396,10.1021/acs.jmedchem.1c00373,Q14289,NCI-H2228,degradation reporter,16.0,Calu-1; MDA-MB-231,,,,HEK293; HL60,NCI-H2228
2396,10.1021/acs.jmedchem.1c00373,Q13882,NCI-H2228,degradation reporter,16.0,Calu-1; MDA-MB-231,,,,,NCI-H2228
2396,10.1021/acs.jmedchem.1c00373,P00533,NCI-H2228,degradation reporter,16.0,Calu-1; MDA-MB-231,,,,,NCI-H2228
2396,10.1021/acs.jmedchem.1c00373,P16591,NCI-H2228,degradation reporter,16.0,Calu-1; MDA-MB-231,,,,HL-60; HL60,NCI-H2228
2396,10.1021/acs.jmedchem.1c00373,Q15418,NCI-H2228,degradation reporter,16.0,Calu-1; MDA-MB-231,,,,HEK293; PC3,NCI-H2228
2397,10.1021/acs.jmedchem.1c00373,Q9UM73,SR,other,,Calu-1; MDA-MB-231,,,,,SR
2398,10.1021/acs.jmedchem.1c00373,Q9UM73,SR,other,,Calu-1; MDA-MB-231,,,,,SR
2399,10.1021/acs.jmedchem.1c00373,Q9UM73,SR,other,,Calu-1; MDA-MB-231,,,,,SR
2400,10.1021/acs.jmedchem.1c00373,Q9UM73,SR,other,,Calu-1; MDA-MB-231,,,,,SR
2401,10.1021/acs.jmedchem.1c00373,Q9UM73,SR,other,,Calu-1; MDA-MB-231,,,,,SR
2402,10.1016/j.bioorg.2022.105605,P00533,HCC-827,other,,HCC-827,degradation reporter,,,,HCC-827
2403,10.1016/j.bioorg.2022.105605,P00533,HCC-827,other,,HCC-827,degradation reporter,,,,HCC-827
2404,10.1016/j.bioorg.2022.105605,P00533,HCC-827,other,,HCC-827,degradation reporter,,,,HCC-827
2405,10.1016/j.bioorg.2022.105605,P00533,HCC-827,other,,HCC-827,degradation reporter,,,,HCC-827
2406,10.1016/j.bioorg.2022.105605,P00533,HCC-827,other,,HCC-827,degradation reporter,,,,HCC-827
2407,10.1016/j.bioorg.2022.105605,P00533,HCC-827,other,,HCC-827,degradation reporter,,,,HCC-827
2408,10.1016/j.bioorg.2022.105605,P00533,HCC-827,other,,HCC-827,degradation reporter,,,,HCC-827
2409,10.1016/j.bioorg.2022.105605,P00533,HCC-827,other,,HCC-827,degradation reporter,,,,HCC-827
2410,10.1016/j.bioorg.2022.105605,P00533,HCC-827,other,,HCC-827,degradation reporter,,,,HCC-827
2411,10.1016/j.bioorg.2022.105605,P00533,HCC-827,degradation reporter,72.0,HCC-827,degradation reporter,,,,HCC-827
2412,10.1016/j.bioorg.2022.105605,P00533,HCC-827,other,,HCC-827,degradation reporter,,,,HCC-827
2413,10.1016/j.bioorg.2022.105605,P00533,HCC-827,other,,HCC-827,degradation reporter,,,,HCC-827
2414,10.1016/j.bioorg.2022.105605,P00533,HCC-827,degradation reporter,72.0,HCC-827,degradation reporter,,,,HCC-827
2415,10.1016/j.bioorg.2022.105605,P00533,HCC-827,other,,HCC-827,degradation reporter,,,,HCC-827
2416,10.1016/j.bioorg.2022.105605,P00533,HCC-827,other,,HCC-827,degradation reporter,,,,HCC-827
2417,10.1021/acs.jmedchem.1c02221,P00533,HCC-827,other,,,,,,,HCC-827
2418,10.1021/acs.jmedchem.1c02221,P00533,HCC-827,degradation reporter,72.0,,,,,,HCC-827
2419,10.1021/acs.jmedchem.1c02179,Q13547,HCT116,degradation reporter,24.0,HCT116,,,,HeLa,HCT116
2419,10.1021/acs.jmedchem.1c02179,Q92769,HCT116,degradation reporter,24.0,HCT116,,,,HEK293; HeLa,HCT116
2419,10.1021/acs.jmedchem.1c02179,O15379,HCT116,degradation reporter,24.0,HCT116,,,,HEK293; HL60; HeLa,HCT116
2420,10.1021/acs.jmedchem.1c02179,Q13547,HCT116,degradation reporter,24.0,HCT116,,,,HeLa,HCT116
2420,10.1021/acs.jmedchem.1c02179,Q92769,HCT116,degradation reporter,24.0,HCT116,,,,HEK293; HeLa,HCT116
2420,10.1021/acs.jmedchem.1c02179,O15379,HCT116,degradation reporter,24.0,HCT116,,,,HEK293; HL60; HeLa,HCT116
2421,10.1021/acs.jmedchem.1c02179,Q13547,,,,HCT116,,,,HeLa,HCT116
2421,10.1021/acs.jmedchem.1c02179,Q92769,,,,HCT116,,,,HEK293; HeLa,HCT116
2421,10.1021/acs.jmedchem.1c02179,O15379,,,,HCT116,,,,HEK293; HL60; HeLa,HCT116
2421,10.1021/acs.biochem.2c00288,Q13547,,,,HCT116,Western blot; RNA sequencing,,,HeLa,HCT116
2421,10.1021/acs.biochem.2c00288,Q92769,,,,HCT116,Western blot; RNA sequencing,,,HEK293; HeLa,HCT116
2421,10.1021/acs.biochem.2c00288,O15379,,,,HCT116,Western blot; RNA sequencing,,,HEK293; HL60; HeLa,HCT116
2422,10.1021/acs.jmedchem.1c02179,Q13547,HCT116,degradation reporter,24.0,HCT116,,,,HeLa,HCT116
2422,10.1021/acs.jmedchem.1c02179,Q92769,HCT116,degradation reporter,24.0,HCT116,,,,HEK293; HeLa,HCT116
2422,10.1021/acs.jmedchem.1c02179,O15379,HCT116,degradation reporter,24.0,HCT116,,,,HEK293; HL60; HeLa,HCT116
2423,10.1021/acs.jmedchem.1c02179,Q13547,HCT116,Western blot,24.0,HCT116,,,,HeLa,HCT116
2423,10.1021/acs.jmedchem.1c02179,Q92769,HCT116,Western blot,24.0,HCT116,,,,HEK293; HeLa,HCT116
2423,10.1021/acs.jmedchem.1c02179,O15379,HCT116,Western blot,24.0,HCT116,,,,HEK293; HL60; HeLa,HCT116
2424,10.1021/acs.jmedchem.1c02179,O15379,,,,HCT116,,,,HEK293; HL60; HeLa,HCT116
2424,10.1021/acs.jmedchem.1c02179,Q13547,,,,HCT116,,,,HeLa,HCT116
2424,10.1021/acs.jmedchem.1c02179,Q92769,,,,HCT116,,,,HEK293; HeLa,HCT116
2424,10.1021/acs.biochem.2c00288,Q13547,,,,HCT116,Western blot; RNA sequencing,,,HeLa,HCT116
2424,10.1021/acs.biochem.2c00288,Q92769,,,,HCT116,Western blot; RNA sequencing,,,HEK293; HeLa,HCT116
2424,10.1021/acs.biochem.2c00288,O15379,,,,HCT116,Western blot; RNA sequencing,,,HEK293; HL60; HeLa,HCT116
2425,10.1021/acs.jmedchem.1c02179,Q13547,HCT116,Western blot,24.0,HCT116,,,,HeLa,HCT116
2425,10.1021/acs.jmedchem.1c02179,Q92769,HCT116,Western blot,24.0,HCT116,,,,HEK293; HeLa,HCT116
2425,10.1021/acs.jmedchem.1c02179,O15379,HCT116,Western blot,24.0,HCT116,,,,HEK293; HL60; HeLa,HCT116
2426,10.1021/acs.jmedchem.1c02179,O15379,,,,HCT116,,,,HEK293; HL60; HeLa,HCT116
2426,10.1021/acs.jmedchem.1c02179,Q13547,,,,HCT116,,,,HeLa,HCT116
2426,10.1021/acs.jmedchem.1c02179,Q92769,,,,HCT116,,,,HEK293; HeLa,HCT116
2426,10.1021/acs.biochem.2c00288,Q13547,,,,HCT116,Western blot; RNA sequencing,,,HeLa,HCT116
2426,10.1021/acs.biochem.2c00288,Q92769,,,,HCT116,Western blot; RNA sequencing,,,HEK293; HeLa,HCT116
2426,10.1021/acs.biochem.2c00288,O15379,,,,HCT116,Western blot; RNA sequencing,,,HEK293; HL60; HeLa,HCT116
2427,10.1021/acs.jmedchem.1c02179,Q13547,HCT116,degradation reporter,24.0,HCT116,,,,HeLa,HCT116
2427,10.1021/acs.jmedchem.1c02179,Q92769,HCT116,degradation reporter,24.0,HCT116,,,,HEK293; HeLa,HCT116
2427,10.1021/acs.jmedchem.1c02179,O15379,HCT116,degradation reporter,24.0,HCT116,,,,HEK293; HL60; HeLa,HCT116
2428,10.1021/acs.jmedchem.1c02179,Q13547,HCT116,degradation reporter,24.0,HCT116,,,,HeLa,HCT116
2428,10.1021/acs.jmedchem.1c02179,Q92769,HCT116,degradation reporter,24.0,HCT116,,,,HEK293; HeLa,HCT116
2428,10.1021/acs.jmedchem.1c02179,O15379,HCT116,degradation reporter,24.0,HCT116,,,,HEK293; HL60; HeLa,HCT116
2429,10.1021/acs.jmedchem.1c02179,Q13547,HCT116,degradation reporter,24.0,HCT116,,,,HeLa,HCT116
2429,10.1021/acs.jmedchem.1c02179,Q92769,HCT116,degradation reporter,24.0,HCT116,,,,HEK293; HeLa,HCT116
2429,10.1021/acs.jmedchem.1c02179,O15379,HCT116,degradation reporter,24.0,HCT116,,,,HEK293; HL60; HeLa,HCT116
2430,10.1021/acs.jmedchem.1c02179,Q13547,,,,HCT116,,,,HeLa,HCT116
2430,10.1021/acs.jmedchem.1c02179,Q92769,,,,HCT116,,,,HEK293; HeLa,HCT116
2430,10.1021/acs.jmedchem.1c02179,O15379,,,,HCT116,,,,HEK293; HL60; HeLa,HCT116
2431,10.1021/acs.jmedchem.1c02179,Q13547,HCT116,degradation reporter,24.0,HCT116,,,,HeLa,HCT116
2431,10.1021/acs.jmedchem.1c02179,Q92769,HCT116,degradation reporter,24.0,HCT116,,,,HEK293; HeLa,HCT116
2431,10.1021/acs.jmedchem.1c02179,O15379,HCT116,degradation reporter,24.0,HCT116,,,,HEK293; HL60; HeLa,HCT116
2432,10.1021/acs.jmedchem.1c02179,Q13547,HCT116,degradation reporter,24.0,HCT116,,,,HeLa,HCT116
2432,10.1021/acs.jmedchem.1c02179,Q92769,HCT116,degradation reporter,24.0,HCT116,,,,HEK293; HeLa,HCT116
2432,10.1021/acs.jmedchem.1c02179,O15379,HCT116,degradation reporter,24.0,HCT116,,,,HEK293; HL60; HeLa,HCT116
2433,10.1021/acs.jmedchem.1c02179,Q13547,HCT116,degradation reporter,24.0,HCT116,,,,HeLa,HCT116
2433,10.1021/acs.jmedchem.1c02179,Q92769,HCT116,degradation reporter,24.0,HCT116,,,,HEK293; HeLa,HCT116
2433,10.1021/acs.jmedchem.1c02179,O15379,HCT116,degradation reporter,24.0,HCT116,,,,HEK293; HL60; HeLa,HCT116
2434,10.1021/acs.jmedchem.1c02179,Q13547,HCT116,Western blot,24.0,HCT116,,,,HeLa,HCT116
2434,10.1021/acs.jmedchem.1c02179,Q92769,HCT116,Western blot,24.0,HCT116,,,,HEK293; HeLa,HCT116
2434,10.1021/acs.jmedchem.1c02179,O15379,HCT116,Western blot,24.0,HCT116,,,,HEK293; HL60; HeLa,HCT116
2435,10.1021/acs.jmedchem.1c02179,Q13547,HCT116,Western blot,24.0,HCT116,,,,HeLa,HCT116
2435,10.1021/acs.jmedchem.1c02179,Q92769,HCT116,Western blot,24.0,HCT116,,,,HEK293; HeLa,HCT116
2435,10.1021/acs.jmedchem.1c02179,O15379,HCT116,Western blot,24.0,HCT116,,,,HEK293; HL60; HeLa,HCT116
2436,10.1021/acs.jmedchem.1c02179,Q13547,HCT116,Western blot,24.0,HCT116,,,,HeLa,HCT116
2436,10.1021/acs.jmedchem.1c02179,Q92769,HCT116,Western blot,24.0,HCT116,,,,HEK293; HeLa,HCT116
2436,10.1021/acs.jmedchem.1c02179,O15379,HCT116,Western blot,24.0,HCT116,,,,HEK293; HL60; HeLa,HCT116
2437,10.1021/acs.jmedchem.1c02179,Q13547,HCT116,Western blot,24.0,HCT116,,,,HeLa,HCT116
2437,10.1021/acs.jmedchem.1c02179,Q92769,HCT116,Western blot,24.0,HCT116,,,,HEK293; HeLa,HCT116
2437,10.1021/acs.jmedchem.1c02179,O15379,HCT116,Western blot,24.0,HCT116,,,,HEK293; HL60; HeLa,HCT116
2438,10.1021/acs.jmedchem.1c02179,O15379,HCT116,Western blot,24.0,HCT116,,,,HEK293; HL60; HeLa,HCT116
2438,10.1021/acs.jmedchem.1c02179,Q13547,HCT116,Western blot,24.0,HCT116,,,,HeLa,HCT116
2438,10.1021/acs.jmedchem.1c02179,Q92769,HCT116,Western blot,24.0,HCT116,,,,HEK293; HeLa,HCT116
2439,10.1021/acs.jmedchem.1c02179,O15379,,,,HCT116,,,,HEK293; HL60; HeLa,HCT116
2439,10.1021/acs.jmedchem.1c02179,Q13547,,,,HCT116,,,,HeLa,HCT116
2439,10.1021/acs.jmedchem.1c02179,Q92769,,,,HCT116,,,,HEK293; HeLa,HCT116
2439,10.1021/acs.biochem.2c00288,Q13547,,,,HCT116,Western blot; RNA sequencing,,,HeLa,HCT116
2439,10.1021/acs.biochem.2c00288,Q92769,,,,HCT116,Western blot; RNA sequencing,,,HEK293; HeLa,HCT116
2439,10.1021/acs.biochem.2c00288,O15379,,,,HCT116,Western blot; RNA sequencing,,,HEK293; HL60; HeLa,HCT116
2440,10.1021/acs.jmedchem.1c02179,Q13547,HCT116,Western blot,24.0,HCT116,,,,HeLa,HCT116
2440,10.1021/acs.jmedchem.1c02179,Q92769,HCT116,Western blot,24.0,HCT116,,,,HEK293; HeLa,HCT116
2440,10.1021/acs.jmedchem.1c02179,O15379,HCT116,Western blot,24.0,HCT116,,,,HEK293; HL60; HeLa,HCT116
2441,10.1021/acs.jmedchem.1c02179,Q13547,HCT116,Western blot,24.0,HCT116,,,,HeLa,HCT116
2441,10.1021/acs.jmedchem.1c02179,Q92769,HCT116,Western blot,24.0,HCT116,,,,HEK293; HeLa,HCT116
2441,10.1021/acs.jmedchem.1c02179,O15379,HCT116,Western blot,24.0,HCT116,,,,HEK293; HL60; HeLa,HCT116
2442,10.1021/acs.jmedchem.1c00460,Q15910,,,,diffuse large B-cell lymphoma (DLBCL); lymphoma,cell viability,,,HeLa; LNCaP; PC3,diffuse large B-cell lymphoma (DLBCL)
2443,10.1021/acs.jmedchem.1c00460,Q15910,,,,diffuse large B-cell lymphoma (DLBCL); lymphoma,cell viability,,,HeLa; LNCaP; PC3,diffuse large B-cell lymphoma (DLBCL)
2444,10.1021/acs.jmedchem.1c00460,Q15910,,,,diffuse large B-cell lymphoma (DLBCL); lymphoma,cell viability,,,HeLa; LNCaP; PC3,diffuse large B-cell lymphoma (DLBCL)
2445,10.1021/acs.jmedchem.1c00460,Q15910,,,,diffuse large B-cell lymphoma (DLBCL); lymphoma,cell viability,,,HeLa; LNCaP; PC3,diffuse large B-cell lymphoma (DLBCL)
2446,10.1021/acs.jmedchem.1c00460,Q15910,,,,diffuse large B-cell lymphoma (DLBCL); lymphoma,cell viability,,,HeLa; LNCaP; PC3,diffuse large B-cell lymphoma (DLBCL)
2447,10.1021/acs.jmedchem.1c00460,Q15910,,,,diffuse large B-cell lymphoma (DLBCL); lymphoma,cell viability,,,HeLa; LNCaP; PC3,diffuse large B-cell lymphoma (DLBCL)
2448,10.1021/acs.jmedchem.1c00460,Q15910,,,,diffuse large B-cell lymphoma (DLBCL); lymphoma,cell viability,,,HeLa; LNCaP; PC3,diffuse large B-cell lymphoma (DLBCL)
2449,10.1021/acs.jmedchem.1c00460,Q15910,Caco-2,other,,diffuse large B-cell lymphoma (DLBCL); lymphoma,cell viability,,,HeLa; LNCaP; PC3,Caco-2
2450,10.1021/acs.jmedchem.1c00460,Q15910,Caco-2,other,,diffuse large B-cell lymphoma (DLBCL); lymphoma,cell viability,,,HeLa; LNCaP; PC3,Caco-2
2451,10.1021/acs.jmedchem.1c00460,Q15910,,,,diffuse large B-cell lymphoma (DLBCL); lymphoma,cell viability,,,HeLa; LNCaP; PC3,diffuse large B-cell lymphoma (DLBCL)
2452,10.1021/acs.jmedchem.1c00460,Q15910,,,,diffuse large B-cell lymphoma (DLBCL); lymphoma,cell viability,,,HeLa; LNCaP; PC3,diffuse large B-cell lymphoma (DLBCL)
2453,10.1021/acs.jmedchem.1c00460,Q15910,,,,diffuse large B-cell lymphoma (DLBCL); lymphoma,cell viability,,,HeLa; LNCaP; PC3,diffuse large B-cell lymphoma (DLBCL)
2454,10.1021/acs.jmedchem.1c00460,Q15910,,,,diffuse large B-cell lymphoma (DLBCL); lymphoma,cell viability,,,HeLa; LNCaP; PC3,diffuse large B-cell lymphoma (DLBCL)
2455,10.1021/acs.jmedchem.1c01350,P50750,MDA-MB-468,other,,MDA-MB-231,RNA-seq; immunohistochemistry,,,HCT116; HL-60; HL60; MCF7,MDA-MB-468
2456,10.1021/acs.jmedchem.1c01350,P50750,BT-549,other,,MDA-MB-231,RNA-seq; immunohistochemistry,,,HCT116; HL-60; HL60; MCF7,BT-549
2457,10.1021/acs.jmedchem.1c01350,P50750,MDA-MB-231,other,,MDA-MB-231,RNA-seq; immunohistochemistry,,,HCT116; HL-60; HL60; MCF7,MDA-MB-231
2458,10.1021/acs.jmedchem.1c01350,P50750,,other,,MDA-MB-231,RNA-seq; immunohistochemistry,,,HCT116; HL-60; HL60; MCF7,MDA-MB-231
2459,10.1021/acs.jmedchem.1c01350,P50750,,,,MDA-MB-231,RNA-seq; immunohistochemistry,,,HCT116; HL-60; HL60; MCF7,MDA-MB-231
2460,10.1021/acs.jmedchem.1c01350,P50750,,,,MDA-MB-231,RNA-seq; immunohistochemistry,,,HCT116; HL-60; HL60; MCF7,MDA-MB-231
2461,10.1021/acs.jmedchem.1c01350,P50750,,,,MDA-MB-231,RNA-seq; immunohistochemistry,,,HCT116; HL-60; HL60; MCF7,MDA-MB-231
2462,10.1021/acs.jmedchem.1c01350,P50750,,,,MDA-MB-231,RNA-seq; immunohistochemistry,,,HCT116; HL-60; HL60; MCF7,MDA-MB-231
2463,10.1021/acs.jmedchem.1c01350,P50750,,,,MDA-MB-231,RNA-seq; immunohistochemistry,,,HCT116; HL-60; HL60; MCF7,MDA-MB-231
2464,10.1021/acs.jmedchem.1c01350,P50750,,,,MDA-MB-231,RNA-seq; immunohistochemistry,,,HCT116; HL-60; HL60; MCF7,MDA-MB-231
2465,10.1021/acs.jmedchem.1c01350,P50750,,,,MDA-MB-231,RNA-seq; immunohistochemistry,,,HCT116; HL-60; HL60; MCF7,MDA-MB-231
2466,10.1021/acs.jmedchem.1c01350,P50750,,,,MDA-MB-231,RNA-seq; immunohistochemistry,,,HCT116; HL-60; HL60; MCF7,MDA-MB-231
2467,10.1021/acs.jmedchem.1c01350,P50750,,,,MDA-MB-231,RNA-seq; immunohistochemistry,,,HCT116; HL-60; HL60; MCF7,MDA-MB-231
2468,10.1021/acs.jmedchem.1c01350,P50750,,,,MDA-MB-231,RNA-seq; immunohistochemistry,,,HCT116; HL-60; HL60; MCF7,MDA-MB-231
2469,10.1021/acs.jmedchem.1c01350,P50750,,,,MDA-MB-231,RNA-seq; immunohistochemistry,,,HCT116; HL-60; HL60; MCF7,MDA-MB-231
2470,10.1021/acs.jmedchem.1c01350,P50750,,,,MDA-MB-231,RNA-seq; immunohistochemistry,,,HCT116; HL-60; HL60; MCF7,MDA-MB-231
2471,10.1021/acs.jmedchem.1c01350,P50750,,,,MDA-MB-231,RNA-seq; immunohistochemistry,,,HCT116; HL-60; HL60; MCF7,MDA-MB-231
2472,10.1021/acs.jmedchem.1c01350,P50750,,,,MDA-MB-231,RNA-seq; immunohistochemistry,,,HCT116; HL-60; HL60; MCF7,MDA-MB-231
2473,10.1021/acs.jmedchem.1c01350,P50750,,,,MDA-MB-231,RNA-seq; immunohistochemistry,,,HCT116; HL-60; HL60; MCF7,MDA-MB-231
2474,10.1021/acs.jmedchem.1c01350,P50750,,,,MDA-MB-231,RNA-seq; immunohistochemistry,,,HCT116; HL-60; HL60; MCF7,MDA-MB-231
2475,10.1021/acs.jmedchem.1c01350,P50750,,,,MDA-MB-231,RNA-seq; immunohistochemistry,,,HCT116; HL-60; HL60; MCF7,MDA-MB-231
2476,10.1021/acs.jmedchem.1c01350,P50750,,,,MDA-MB-231,RNA-seq; immunohistochemistry,,,HCT116; HL-60; HL60; MCF7,MDA-MB-231
2477,10.1021/acs.jmedchem.1c01350,P50750,,,,MDA-MB-231,RNA-seq; immunohistochemistry,,,HCT116; HL-60; HL60; MCF7,MDA-MB-231
2478,10.1021/acs.jmedchem.1c01350,P50750,,,,MDA-MB-231,RNA-seq; immunohistochemistry,,,HCT116; HL-60; HL60; MCF7,MDA-MB-231
2479,10.1021/acs.jmedchem.1c01350,P50750,,,,MDA-MB-231,RNA-seq; immunohistochemistry,,,HCT116; HL-60; HL60; MCF7,MDA-MB-231
2480,10.1021/acs.jmedchem.1c01350,P50750,,,,MDA-MB-231,RNA-seq; immunohistochemistry,,,HCT116; HL-60; HL60; MCF7,MDA-MB-231
2481,10.1021/acs.jmedchem.1c01350,P50750,,,,MDA-MB-231,RNA-seq; immunohistochemistry,,,HCT116; HL-60; HL60; MCF7,MDA-MB-231
2482,10.1021/acs.jmedchem.1c01350,P50750,,,,MDA-MB-231,RNA-seq; immunohistochemistry,,,HCT116; HL-60; HL60; MCF7,MDA-MB-231
2483,10.1021/acs.jmedchem.1c01350,P50750,,,,MDA-MB-231,RNA-seq; immunohistochemistry,,,HCT116; HL-60; HL60; MCF7,MDA-MB-231
2484,10.1021/acs.jmedchem.1c01350,P50750,,,,MDA-MB-231,RNA-seq; immunohistochemistry,,,HCT116; HL-60; HL60; MCF7,MDA-MB-231
2485,10.1021/acs.jmedchem.1c01350,P50750,,,,MDA-MB-231,RNA-seq; immunohistochemistry,,,HCT116; HL-60; HL60; MCF7,MDA-MB-231
2486,10.1021/acs.jmedchem.1c01350,P50750,,,,MDA-MB-231,RNA-seq; immunohistochemistry,,,HCT116; HL-60; HL60; MCF7,MDA-MB-231
2487,10.1021/acs.jmedchem.1c01350,P50750,,,,MDA-MB-231,RNA-seq; immunohistochemistry,,,HCT116; HL-60; HL60; MCF7,MDA-MB-231
2488,10.1021/acs.jmedchem.1c01350,P50750,,,,MDA-MB-231,RNA-seq; immunohistochemistry,,,HCT116; HL-60; HL60; MCF7,MDA-MB-231
2489,10.1021/acs.jmedchem.1c01350,P50750,MDA-MB-468,other,,MDA-MB-231,RNA-seq; immunohistochemistry,,,HCT116; HL-60; HL60; MCF7,MDA-MB-468
2490,10.1021/acs.jmedchem.1c01350,P50750,BT-549,other,,MDA-MB-231,RNA-seq; immunohistochemistry,,,HCT116; HL-60; HL60; MCF7,BT-549
2491,10.1021/acs.jmedchem.1c01350,P50750,MDA-MB-231,other,,MDA-MB-231,RNA-seq; immunohistochemistry,,,HCT116; HL-60; HL60; MCF7,MDA-MB-231
2492,10.1021/acs.jmedchem.1c01350,P50750,MDA-MB-468,other,,MDA-MB-231,RNA-seq; immunohistochemistry,,,HCT116; HL-60; HL60; MCF7,MDA-MB-468
2493,10.1021/acs.jmedchem.1c01350,P50750,BT-549,other,,MDA-MB-231,RNA-seq; immunohistochemistry,,,HCT116; HL-60; HL60; MCF7,BT-549
2494,10.1021/acs.jmedchem.1c01350,P50750,MDA-MB-231,other,,MDA-MB-231,RNA-seq; immunohistochemistry,,,HCT116; HL-60; HL60; MCF7,MDA-MB-231
2495,10.1021/acs.jmedchem.1c00900,P10275,VCaP,degradation reporter,24.0,VCaP; LNCaP,degradation reporter,,,MCF-7; PC-3; PC3,VCaP
2496,10.1021/acs.jmedchem.1c00900,P10275,VCaP,degradation reporter,24.0,VCaP; LNCaP,degradation reporter,,,MCF-7; PC-3; PC3,VCaP
2497,10.1021/acs.jmedchem.1c00900,P10275,VCaP,degradation reporter,24.0,VCaP; LNCaP,degradation reporter,,,MCF-7; PC-3; PC3,VCaP
2498,10.1021/acs.jmedchem.1c00900,P10275,VCaP,degradation reporter,24.0,VCaP; LNCaP,degradation reporter,,,MCF-7; PC-3; PC3,VCaP
2499,10.1021/acs.jmedchem.1c00900,P10275,VCaP,degradation reporter,24.0,VCaP; LNCaP,degradation reporter,,,MCF-7; PC-3; PC3,VCaP
2500,10.1021/acs.jmedchem.1c00900,P10275,VCaP,degradation reporter,24.0,VCaP; LNCaP,degradation reporter,,,MCF-7; PC-3; PC3,VCaP
2501,10.1021/acs.jmedchem.1c00900,P10275,VCaP,degradation reporter,24.0,VCaP; LNCaP,degradation reporter,,,MCF-7; PC-3; PC3,VCaP
2502,10.1021/acs.jmedchem.1c00900,P10275,VCaP,degradation reporter,24.0,VCaP; LNCaP,degradation reporter,,,MCF-7; PC-3; PC3,VCaP
2503,10.1021/acs.jmedchem.1c00900,P10275,VCaP,degradation reporter,24.0,VCaP; LNCaP,degradation reporter,,,MCF-7; PC-3; PC3,VCaP
2504,10.1021/acs.jmedchem.1c00900,P10275,VCaP,degradation reporter,24.0,VCaP; LNCaP,degradation reporter,,,MCF-7; PC-3; PC3,VCaP
2505,10.1021/acs.jmedchem.1c00900,P10275,VCaP,degradation reporter,24.0,VCaP; LNCaP,degradation reporter,,,MCF-7; PC-3; PC3,VCaP
2506,10.1021/acs.jmedchem.1c00900,P10275,VCaP,degradation reporter,24.0,VCaP; LNCaP,degradation reporter,,,MCF-7; PC-3; PC3,VCaP
2507,10.1021/acs.jmedchem.1c00900,P10275,VCaP,degradation reporter,24.0,VCaP; LNCaP,degradation reporter,,,MCF-7; PC-3; PC3,VCaP
2508,10.1021/acs.jmedchem.1c00900,P10275,human dermal papilla cells,degradation reporter,,VCaP; LNCaP,degradation reporter,,,MCF-7; PC-3; PC3,human dermal papilla cells
2508,10.1002/smtd.202201293,P10275,human dermal papilla cells,degradation reporter,,,,,,MCF-7; PC-3; PC3,human dermal papilla cells
2509,10.1021/acs.jmedchem.1c00900,P10275,VCaP,degradation reporter,24.0,VCaP; LNCaP,degradation reporter,,,MCF-7; PC-3; PC3,VCaP
2510,10.1021/acs.jmedchem.1c00900,P10275,VCaP,degradation reporter,24.0,VCaP; LNCaP,degradation reporter,,,MCF-7; PC-3; PC3,VCaP
2510,10.1021/acs.jmedchem.1c00900,P10275,VCaP,degradation reporter,24.0,VCaP; LNCaP,degradation reporter,,,MCF-7; PC-3; PC3,VCaP
2511,10.1021/acs.jmedchem.1c00900,P10275,VCaP,degradation reporter,24.0,VCaP; LNCaP,degradation reporter,,,MCF-7; PC-3; PC3,VCaP
2511,10.1021/acs.jmedchem.1c00900,P10275,VCaP,degradation reporter,24.0,VCaP; LNCaP,degradation reporter,,,MCF-7; PC-3; PC3,VCaP
2512,10.1021/acs.jmedchem.1c00900,P10275,VCaP,degradation reporter,24.0,VCaP; LNCaP,degradation reporter,,,MCF-7; PC-3; PC3,VCaP
2513,10.1021/acs.jmedchem.1c00900,P10275,VCaP,degradation reporter,24.0,VCaP; LNCaP,degradation reporter,,,MCF-7; PC-3; PC3,VCaP
2514,10.1021/acs.jmedchem.1c00900,P10275,VCaP,degradation reporter,24.0,VCaP; LNCaP,degradation reporter,,,MCF-7; PC-3; PC3,VCaP
2515,10.1021/acs.jmedchem.1c00900,P10275,VCaP,degradation reporter,24.0,VCaP; LNCaP,degradation reporter,,,MCF-7; PC-3; PC3,VCaP
2516,10.1021/acs.jmedchem.1c00900,P10275,VCaP,degradation reporter,24.0,VCaP; LNCaP,degradation reporter,,,MCF-7; PC-3; PC3,VCaP
2517,10.1021/acs.jmedchem.1c00900,P10275,VCaP,degradation reporter,24.0,VCaP; LNCaP,degradation reporter,,,MCF-7; PC-3; PC3,VCaP
2518,10.1021/acs.jmedchem.1c00900,P10275,VCaP,Western blot,24.0,VCaP; LNCaP,degradation reporter,,,MCF-7; PC-3; PC3,VCaP
2519,10.1021/acs.jmedchem.1c00900,P10275,LNCaP,Western blot,24.0,VCaP; LNCaP,degradation reporter,,,MCF-7; PC-3; PC3,LNCaP
2519,10.1021/acs.jmedchem.1c00900,P10275,LNCaP,Western blot,24.0,VCaP; LNCaP,degradation reporter,,,MCF-7; PC-3; PC3,LNCaP
2520,10.1021/acs.jmedchem.1c00900,P10275,VCaP,Western blot,24.0,VCaP; LNCaP,degradation reporter,,,MCF-7; PC-3; PC3,VCaP
2521,10.1021/acs.jmedchem.1c00900,P10275,VCaP,Western blot,24.0,VCaP; LNCaP,degradation reporter,,,MCF-7; PC-3; PC3,VCaP
2522,10.1021/acs.jmedchem.1c00900,P10275,VCaP,Western blot,24.0,VCaP; LNCaP,degradation reporter,,,MCF-7; PC-3; PC3,VCaP
2523,10.1021/acs.jmedchem.1c00900,P10275,VCaP,Western blot,24.0,VCaP; LNCaP,degradation reporter,,,MCF-7; PC-3; PC3,VCaP
2524,10.1021/acs.jmedchem.1c00900,P10275,LNCaP,Western blot,24.0,VCaP; LNCaP,degradation reporter,,,MCF-7; PC-3; PC3,LNCaP
2524,10.1021/acs.jmedchem.1c00900,P10275,LNCaP,Western blot,24.0,VCaP; LNCaP,degradation reporter,,,MCF-7; PC-3; PC3,LNCaP
2525,10.1021/acs.jmedchem.1c00900,P10275,LNCaP,degradation reporter,24.0,VCaP; LNCaP,degradation reporter,,,MCF-7; PC-3; PC3,LNCaP
2525,10.1021/acs.jmedchem.1c00900,P10275,LNCaP,degradation reporter,24.0,VCaP; LNCaP,degradation reporter,,,MCF-7; PC-3; PC3,LNCaP
2526,10.1021/acs.jmedchem.1c00900,P10275,LNCaP,degradation reporter,24.0,VCaP; LNCaP,degradation reporter,,,MCF-7; PC-3; PC3,LNCaP
2526,10.1021/acs.jmedchem.1c00900,P10275,LNCaP,degradation reporter,24.0,VCaP; LNCaP,degradation reporter,,,MCF-7; PC-3; PC3,LNCaP
2527,10.1021/acs.jmedchem.1c00900,P10275,LNCaP,degradation reporter,24.0,VCaP; LNCaP,degradation reporter,,,MCF-7; PC-3; PC3,LNCaP
2527,10.1021/acs.jmedchem.1c00900,P10275,LNCaP,degradation reporter,24.0,VCaP; LNCaP,degradation reporter,,,MCF-7; PC-3; PC3,LNCaP
2528,10.1021/acs.jmedchem.1c00900,P10275,LNCaP,degradation reporter,24.0,VCaP; LNCaP,degradation reporter,,,MCF-7; PC-3; PC3,LNCaP
2528,10.1021/acs.jmedchem.1c00900,P10275,LNCaP,degradation reporter,24.0,VCaP; LNCaP,degradation reporter,,,MCF-7; PC-3; PC3,LNCaP
2529,10.1021/acs.jmedchem.1c00900,P10275,VCaP,degradation reporter,24.0,VCaP; LNCaP,degradation reporter,,,MCF-7; PC-3; PC3,VCaP
2530,10.1021/acs.jmedchem.1c00900,P10275,VCaP,degradation reporter,24.0,VCaP; LNCaP,degradation reporter,,,MCF-7; PC-3; PC3,VCaP
2531,10.1021/acs.jmedchem.1c00900,P10275,VCaP,degradation reporter,24.0,VCaP; LNCaP,degradation reporter,,,MCF-7; PC-3; PC3,VCaP
2532,10.1021/acs.jmedchem.1c00270,Q9UM73,H3122,degradation reporter,16.0,Karpas 299,,,HTRF,,H3122
2533,10.1021/acs.jmedchem.1c00270,Q9UM73,H3122,degradation reporter,16.0,Karpas 299,,,HTRF,,H3122
2534,10.1021/acs.jmedchem.1c00270,Q9UM73,H3122,degradation reporter,16.0,Karpas 299,,,HTRF,,H3122
2535,10.1021/acs.jmedchem.1c00270,Q9UM73,H3122,degradation reporter,16.0,Karpas 299,,,HTRF,,H3122
2536,10.1021/acs.jmedchem.1c00270,Q9UM73,H3122,degradation reporter,16.0,Karpas 299,,,HTRF,,H3122
2537,10.1021/acs.jmedchem.1c00270,Q9UM73,H3122,degradation reporter,16.0,Karpas 299,,,HTRF,,H3122
2538,10.1021/acs.jmedchem.1c00270,Q9UM73,H3122,degradation reporter,16.0,Karpas 299,,,HTRF,,H3122
2539,10.1021/acs.jmedchem.1c00270,Q9UM73,H3122,degradation reporter,16.0,Karpas 299,,,HTRF,,H3122
2540,10.1021/acs.jmedchem.1c01206,O60760,,,,KU812,degradation reporter,,other,,KU812
2541,10.1021/acs.jmedchem.1c01206,O60760,,,,KU812,degradation reporter,,other,,KU812
2542,10.1021/acs.jmedchem.1c01206,O60760,,,,KU812,degradation reporter,,other,,KU812
2543,10.1021/acs.jmedchem.1c01206,O60760,,,,KU812,degradation reporter,,other,,KU812
2544,10.1021/acs.jmedchem.1c01206,O60760,KU182,degradation reporter,24.0,KU812,degradation reporter,,other,,KU182
2544,10.1016/j.bmc.2023.117259,O60760,KU182,degradation reporter,24.0,,,,,,KU182
2544,10.1039/d2md00284a,O60760,KU182,degradation reporter,24.0,,,,,,KU182
2545,10.1021/acs.jmedchem.1c01206,O60760,,,,KU812,degradation reporter,,other,,KU812
2546,10.1021/acs.jmedchem.1c01206,O60760,,,,KU812,degradation reporter,,other,,KU812
2547,10.1021/acs.jmedchem.1c01206,O60760,,,,KU812,degradation reporter,,other,,KU812
2548,10.1021/acs.jmedchem.1c01476,P31749,,,,,Western blot,BT474; PC3,Western blot,,BT474
2548,10.1021/acs.jmedchem.1c01476,P31751,,,,,Western blot,BT474; PC3,Western blot,,BT474
2548,10.1021/acs.jmedchem.1c01476,Q9Y243,,,,,Western blot,BT474; PC3,Western blot,HEK293T,BT474
2549,10.1021/acs.jmedchem.1c01476,P31749,,,,,Western blot,BT474; PC3,Western blot,,BT474
2549,10.1021/acs.jmedchem.1c01476,P31751,,,,,Western blot,BT474; PC3,Western blot,,BT474
2549,10.1021/acs.jmedchem.1c01476,Q9Y243,,,,,Western blot,BT474; PC3,Western blot,HEK293T,BT474
2550,10.1021/acs.jmedchem.1c01476,P31749,,,,,Western blot,BT474; PC3,Western blot,,BT474
2550,10.1021/acs.jmedchem.1c01476,P31751,,,,,Western blot,BT474; PC3,Western blot,,BT474
2550,10.1021/acs.jmedchem.1c01476,Q9Y243,,,,,Western blot,BT474; PC3,Western blot,HEK293T,BT474
2551,10.1021/acs.jmedchem.1c01476,P31749,,,,,Western blot,BT474; PC3,Western blot,,BT474
2551,10.1021/acs.jmedchem.1c01476,P31751,,,,,Western blot,BT474; PC3,Western blot,,BT474
2551,10.1021/acs.jmedchem.1c01476,Q9Y243,,,,,Western blot,BT474; PC3,Western blot,HEK293T,BT474
2552,10.1021/acs.jmedchem.1c01476,P31749,,,,,Western blot,BT474; PC3,Western blot,,BT474
2552,10.1021/acs.jmedchem.1c01476,P31751,,,,,Western blot,BT474; PC3,Western blot,,BT474
2552,10.1021/acs.jmedchem.1c01476,Q9Y243,,,,,Western blot,BT474; PC3,Western blot,HEK293T,BT474
2553,10.1021/acs.jmedchem.1c01476,P31749,,,,,Western blot,BT474; PC3,Western blot,,BT474
2553,10.1021/acs.jmedchem.1c01476,P31751,,,,,Western blot,BT474; PC3,Western blot,,BT474
2553,10.1021/acs.jmedchem.1c01476,Q9Y243,,,,,Western blot,BT474; PC3,Western blot,HEK293T,BT474
2554,10.1021/acs.jmedchem.1c01476,P31749,,,,,Western blot,BT474; PC3,Western blot,,BT474
2554,10.1021/acs.jmedchem.1c01476,P31751,,,,,Western blot,BT474; PC3,Western blot,,BT474
2554,10.1021/acs.jmedchem.1c01476,Q9Y243,,,,,Western blot,BT474; PC3,Western blot,HEK293T,BT474
2555,10.1021/acs.jmedchem.1c01476,P31749,,,,,Western blot,BT474; PC3,Western blot,,BT474
2555,10.1021/acs.jmedchem.1c01476,P31751,,,,,Western blot,BT474; PC3,Western blot,,BT474
2555,10.1021/acs.jmedchem.1c01476,Q9Y243,,,,,Western blot,BT474; PC3,Western blot,HEK293T,BT474
2556,10.1021/acs.jmedchem.1c01476,P31749,,,,,Western blot,BT474; PC3,Western blot,,BT474
2556,10.1021/acs.jmedchem.1c01476,P31751,,,,,Western blot,BT474; PC3,Western blot,,BT474
2556,10.1021/acs.jmedchem.1c01476,Q9Y243,,,,,Western blot,BT474; PC3,Western blot,HEK293T,BT474
2557,10.1021/acs.jmedchem.1c01476,P31749,,,,,Western blot,BT474; PC3,Western blot,,BT474
2557,10.1021/acs.jmedchem.1c01476,P31751,,,,,Western blot,BT474; PC3,Western blot,,BT474
2557,10.1021/acs.jmedchem.1c01476,Q9Y243,,,,,Western blot,BT474; PC3,Western blot,HEK293T,BT474
2558,10.1021/acs.jmedchem.1c01476,P31751,BT474,degradation reporter,24.0,,Western blot,BT474; PC3,Western blot,,BT474
2558,10.1021/acs.jmedchem.1c01476,P31749,BT474,degradation reporter,24.0,,Western blot,BT474; PC3,Western blot,,BT474
2558,10.1021/acs.jmedchem.1c01476,Q9Y243,BT474,degradation reporter,24.0,,Western blot,BT474; PC3,Western blot,HEK293T,BT474
2559,10.1021/acs.jmedchem.1c01476,P31749,,,,,Western blot,BT474; PC3,Western blot,,BT474
2559,10.1021/acs.jmedchem.1c01476,P31751,,,,,Western blot,BT474; PC3,Western blot,,BT474
2559,10.1021/acs.jmedchem.1c01476,Q9Y243,,,,,Western blot,BT474; PC3,Western blot,HEK293T,BT474
2560,10.1021/acs.jmedchem.1c01476,P31749,,,,,Western blot,BT474; PC3,Western blot,,BT474
2560,10.1021/acs.jmedchem.1c01476,P31751,,,,,Western blot,BT474; PC3,Western blot,,BT474
2560,10.1021/acs.jmedchem.1c01476,Q9Y243,,,,,Western blot,BT474; PC3,Western blot,HEK293T,BT474
2561,10.1021/acs.jmedchem.1c01476,P31749,,,,,Western blot,BT474; PC3,Western blot,,BT474
2561,10.1021/acs.jmedchem.1c01476,P31751,,,,,Western blot,BT474; PC3,Western blot,,BT474
2561,10.1021/acs.jmedchem.1c01476,Q9Y243,,,,,Western blot,BT474; PC3,Western blot,HEK293T,BT474
2562,10.1021/acs.jmedchem.1c01476,P31749,,,,,Western blot,BT474; PC3,Western blot,,BT474
2562,10.1021/acs.jmedchem.1c01476,P31751,,,,,Western blot,BT474; PC3,Western blot,,BT474
2562,10.1021/acs.jmedchem.1c01476,Q9Y243,,,,,Western blot,BT474; PC3,Western blot,HEK293T,BT474
2563,10.1021/acs.jmedchem.1c01476,P31749,,,,,Western blot,BT474; PC3,Western blot,,BT474
2563,10.1021/acs.jmedchem.1c01476,P31751,,,,,Western blot,BT474; PC3,Western blot,,BT474
2563,10.1021/acs.jmedchem.1c01476,Q9Y243,,,,,Western blot,BT474; PC3,Western blot,HEK293T,BT474
2564,10.1021/acs.jmedchem.1c01476,P31749,,,,,Western blot,BT474; PC3,Western blot,,BT474
2564,10.1021/acs.jmedchem.1c01476,P31751,,,,,Western blot,BT474; PC3,Western blot,,BT474
2564,10.1021/acs.jmedchem.1c01476,Q9Y243,,,,,Western blot,BT474; PC3,Western blot,HEK293T,BT474
2565,10.1021/acs.jmedchem.1c01476,P31749,,,,,Western blot,BT474; PC3,Western blot,,BT474
2565,10.1021/acs.jmedchem.1c01476,P31751,,,,,Western blot,BT474; PC3,Western blot,,BT474
2565,10.1021/acs.jmedchem.1c01476,Q9Y243,,,,,Western blot,BT474; PC3,Western blot,HEK293T,BT474
2566,10.1021/acs.jmedchem.1c01476,P31749,,,,,Western blot,BT474; PC3,Western blot,,BT474
2566,10.1021/acs.jmedchem.1c01476,P31751,,,,,Western blot,BT474; PC3,Western blot,,BT474
2566,10.1021/acs.jmedchem.1c01476,Q9Y243,,,,,Western blot,BT474; PC3,Western blot,HEK293T,BT474
2567,10.1021/acs.jmedchem.1c01476,P31749,,,,,Western blot,BT474; PC3,Western blot,,BT474
2567,10.1021/acs.jmedchem.1c01476,P31751,,,,,Western blot,BT474; PC3,Western blot,,BT474
2567,10.1021/acs.jmedchem.1c01476,Q9Y243,,,,,Western blot,BT474; PC3,Western blot,HEK293T,BT474
2568,10.1021/acs.jmedchem.1c01476,P31749,,,,,Western blot,BT474; PC3,Western blot,,BT474
2568,10.1021/acs.jmedchem.1c01476,P31751,,,,,Western blot,BT474; PC3,Western blot,,BT474
2568,10.1021/acs.jmedchem.1c01476,Q9Y243,,,,,Western blot,BT474; PC3,Western blot,HEK293T,BT474
2569,10.1021/acs.jmedchem.1c01476,P31749,,,,,Western blot,BT474; PC3,Western blot,,BT474
2569,10.1021/acs.jmedchem.1c01476,P31751,,,,,Western blot,BT474; PC3,Western blot,,BT474
2569,10.1021/acs.jmedchem.1c01476,Q9Y243,,,,,Western blot,BT474; PC3,Western blot,HEK293T,BT474
2570,10.1021/acs.jmedchem.1c01476,P31751,BT474,degradation reporter,24.0,,Western blot,BT474; PC3,Western blot,,BT474
2570,10.1021/acs.jmedchem.1c01476,P31749,BT474,degradation reporter,24.0,,Western blot,BT474; PC3,Western blot,,BT474
2570,10.1021/acs.jmedchem.1c01476,Q9Y243,BT474,degradation reporter,24.0,,Western blot,BT474; PC3,Western blot,HEK293T,BT474
2571,10.1021/acs.jmedchem.1c01476,P31749,,,,,Western blot,BT474; PC3,Western blot,,BT474
2571,10.1021/acs.jmedchem.1c01476,P31751,,,,,Western blot,BT474; PC3,Western blot,,BT474
2571,10.1021/acs.jmedchem.1c01476,Q9Y243,,,,,Western blot,BT474; PC3,Western blot,HEK293T,BT474
2572,10.1021/acs.jmedchem.1c01476,P31749,,,,,Western blot,BT474; PC3,Western blot,,BT474
2572,10.1021/acs.jmedchem.1c01476,P31751,,,,,Western blot,BT474; PC3,Western blot,,BT474
2572,10.1021/acs.jmedchem.1c01476,Q9Y243,,,,,Western blot,BT474; PC3,Western blot,HEK293T,BT474
2573,10.1021/acs.jmedchem.1c01476,P31749,,,,,Western blot,BT474; PC3,Western blot,,BT474
2573,10.1021/acs.jmedchem.1c01476,P31751,,,,,Western blot,BT474; PC3,Western blot,,BT474
2573,10.1021/acs.jmedchem.1c01476,Q9Y243,,,,,Western blot,BT474; PC3,Western blot,HEK293T,BT474
2574,10.1021/acs.jmedchem.1c01476,P31749,,,,,Western blot,BT474; PC3,Western blot,,BT474
2574,10.1021/acs.jmedchem.1c01476,P31751,,,,,Western blot,BT474; PC3,Western blot,,BT474
2574,10.1021/acs.jmedchem.1c01476,Q9Y243,,,,,Western blot,BT474; PC3,Western blot,HEK293T,BT474
2575,10.1021/acs.jmedchem.1c01476,P31749,,,,,Western blot,BT474; PC3,Western blot,,BT474
2575,10.1021/acs.jmedchem.1c01476,P31751,,,,,Western blot,BT474; PC3,Western blot,,BT474
2575,10.1021/acs.jmedchem.1c01476,Q9Y243,,,,,Western blot,BT474; PC3,Western blot,HEK293T,BT474
2576,10.1021/acs.jmedchem.1c01476,P31749,,,,,Western blot,BT474; PC3,Western blot,,BT474
2576,10.1021/acs.jmedchem.1c01476,P31751,,,,,Western blot,BT474; PC3,Western blot,,BT474
2576,10.1021/acs.jmedchem.1c01476,Q9Y243,,,,,Western blot,BT474; PC3,Western blot,HEK293T,BT474
2577,10.1021/acs.jmedchem.1c01476,P31749,,,,,Western blot,BT474; PC3,Western blot,,BT474
2577,10.1021/acs.jmedchem.1c01476,P31751,,,,,Western blot,BT474; PC3,Western blot,,BT474
2577,10.1021/acs.jmedchem.1c01476,Q9Y243,,,,,Western blot,BT474; PC3,Western blot,HEK293T,BT474
2578,10.1021/acs.jmedchem.1c01476,P31749,,,,,Western blot,BT474; PC3,Western blot,,BT474
2578,10.1021/acs.jmedchem.1c01476,P31751,,,,,Western blot,BT474; PC3,Western blot,,BT474
2578,10.1021/acs.jmedchem.1c01476,Q9Y243,,,,,Western blot,BT474; PC3,Western blot,HEK293T,BT474
2579,10.1021/acs.jmedchem.1c01476,P31749,,,,,Western blot,BT474; PC3,Western blot,,BT474
2579,10.1021/acs.jmedchem.1c01476,P31751,,,,,Western blot,BT474; PC3,Western blot,,BT474
2579,10.1021/acs.jmedchem.1c01476,Q9Y243,,,,,Western blot,BT474; PC3,Western blot,HEK293T,BT474
2580,10.1021/acs.jmedchem.1c01476,P31749,,,,,Western blot,BT474; PC3,Western blot,,BT474
2580,10.1021/acs.jmedchem.1c01476,P31751,,,,,Western blot,BT474; PC3,Western blot,,BT474
2580,10.1021/acs.jmedchem.1c01476,Q9Y243,,,,,Western blot,BT474; PC3,Western blot,HEK293T,BT474
2581,10.1021/acs.jmedchem.1c01476,P31749,,,,,Western blot,BT474; PC3,Western blot,,BT474
2581,10.1021/acs.jmedchem.1c01476,P31751,,,,,Western blot,BT474; PC3,Western blot,,BT474
2581,10.1021/acs.jmedchem.1c01476,Q9Y243,,,,,Western blot,BT474; PC3,Western blot,HEK293T,BT474
2582,10.1021/acs.jmedchem.1c01476,P31749,,,,,Western blot,BT474; PC3,Western blot,,BT474
2582,10.1021/acs.jmedchem.1c01476,P31751,,,,,Western blot,BT474; PC3,Western blot,,BT474
2582,10.1021/acs.jmedchem.1c01476,Q9Y243,,,,,Western blot,BT474; PC3,Western blot,HEK293T,BT474
2583,10.1021/acs.jmedchem.1c01476,P31749,,,,,Western blot,BT474; PC3,Western blot,,BT474
2583,10.1021/acs.jmedchem.1c01476,P31751,,,,,Western blot,BT474; PC3,Western blot,,BT474
2583,10.1021/acs.jmedchem.1c01476,Q9Y243,,,,,Western blot,BT474; PC3,Western blot,HEK293T,BT474
2584,10.1021/acs.jmedchem.1c01476,P31749,,,,,Western blot,BT474; PC3,Western blot,,BT474
2584,10.1021/acs.jmedchem.1c01476,P31751,,,,,Western blot,BT474; PC3,Western blot,,BT474
2584,10.1021/acs.jmedchem.1c01476,Q9Y243,,,,,Western blot,BT474; PC3,Western blot,HEK293T,BT474
2585,10.1021/acs.jmedchem.1c01476,P31749,,,,,Western blot,BT474; PC3,Western blot,,BT474
2585,10.1021/acs.jmedchem.1c01476,P31751,,,,,Western blot,BT474; PC3,Western blot,,BT474
2585,10.1021/acs.jmedchem.1c01476,Q9Y243,,,,,Western blot,BT474; PC3,Western blot,HEK293T,BT474
2586,10.1021/acs.jmedchem.1c01476,P31749,,,,,Western blot,BT474; PC3,Western blot,,BT474
2586,10.1021/acs.jmedchem.1c01476,P31751,,,,,Western blot,BT474; PC3,Western blot,,BT474
2586,10.1021/acs.jmedchem.1c01476,Q9Y243,,,,,Western blot,BT474; PC3,Western blot,HEK293T,BT474
2587,10.1021/acs.jmedchem.1c01476,P31749,,,,,Western blot,BT474; PC3,Western blot,,BT474
2587,10.1021/acs.jmedchem.1c01476,P31751,,,,,Western blot,BT474; PC3,Western blot,,BT474
2587,10.1021/acs.jmedchem.1c01476,Q9Y243,,,,,Western blot,BT474; PC3,Western blot,HEK293T,BT474
2588,10.1021/acs.jmedchem.1c01476,P31749,,,,,Western blot,BT474; PC3,Western blot,,BT474
2588,10.1021/acs.jmedchem.1c01476,P31751,,,,,Western blot,BT474; PC3,Western blot,,BT474
2588,10.1021/acs.jmedchem.1c01476,Q9Y243,,,,,Western blot,BT474; PC3,Western blot,HEK293T,BT474
2589,10.1021/acs.jmedchem.1c01476,P31749,,,,,Western blot,BT474; PC3,Western blot,,BT474
2589,10.1021/acs.jmedchem.1c01476,P31751,,,,,Western blot,BT474; PC3,Western blot,,BT474
2589,10.1021/acs.jmedchem.1c01476,Q9Y243,,,,,Western blot,BT474; PC3,Western blot,HEK293T,BT474
2590,10.1021/acs.jmedchem.1c01476,P31749,,,,,Western blot,BT474; PC3,Western blot,,BT474
2590,10.1021/acs.jmedchem.1c01476,P31751,,,,,Western blot,BT474; PC3,Western blot,,BT474
2590,10.1021/acs.jmedchem.1c01476,Q9Y243,,,,,Western blot,BT474; PC3,Western blot,HEK293T,BT474
2591,10.1021/acs.jmedchem.1c01476,P31749,,,,,Western blot,BT474; PC3,Western blot,,BT474
2591,10.1021/acs.jmedchem.1c01476,P31751,,,,,Western blot,BT474; PC3,Western blot,,BT474
2591,10.1021/acs.jmedchem.1c01476,Q9Y243,,,,,Western blot,BT474; PC3,Western blot,HEK293T,BT474
2592,10.1021/acs.jmedchem.1c01476,P31749,,,,,Western blot,BT474; PC3,Western blot,,BT474
2592,10.1021/acs.jmedchem.1c01476,P31751,,,,,Western blot,BT474; PC3,Western blot,,BT474
2592,10.1021/acs.jmedchem.1c01476,Q9Y243,,,,,Western blot,BT474; PC3,Western blot,HEK293T,BT474
2593,10.1021/acs.jmedchem.1c01476,P31749,,,,,Western blot,BT474; PC3,Western blot,,BT474
2593,10.1021/acs.jmedchem.1c01476,P31751,,,,,Western blot,BT474; PC3,Western blot,,BT474
2593,10.1021/acs.jmedchem.1c01476,Q9Y243,,,,,Western blot,BT474; PC3,Western blot,HEK293T,BT474
2594,10.1021/acs.jmedchem.1c01476,P31749,,,,,Western blot,BT474; PC3,Western blot,,BT474
2594,10.1021/acs.jmedchem.1c01476,P31751,,,,,Western blot,BT474; PC3,Western blot,,BT474
2594,10.1021/acs.jmedchem.1c01476,Q9Y243,,,,,Western blot,BT474; PC3,Western blot,HEK293T,BT474
2595,10.1021/acs.jmedchem.1c01476,P31749,,,,,Western blot,BT474; PC3,Western blot,,BT474
2595,10.1021/acs.jmedchem.1c01476,P31751,,,,,Western blot,BT474; PC3,Western blot,,BT474
2595,10.1021/acs.jmedchem.1c01476,Q9Y243,,,,,Western blot,BT474; PC3,Western blot,HEK293T,BT474
2596,10.1021/acs.jmedchem.1c01476,P31749,,,,,Western blot,BT474; PC3,Western blot,,BT474
2596,10.1021/acs.jmedchem.1c01476,P31751,,,,,Western blot,BT474; PC3,Western blot,,BT474
2596,10.1021/acs.jmedchem.1c01476,Q9Y243,,,,,Western blot,BT474; PC3,Western blot,HEK293T,BT474
2597,10.1021/acs.jmedchem.1c01476,P31749,,,,,Western blot,BT474; PC3,Western blot,,BT474
2597,10.1021/acs.jmedchem.1c01476,P31751,,,,,Western blot,BT474; PC3,Western blot,,BT474
2597,10.1021/acs.jmedchem.1c01476,Q9Y243,,,,,Western blot,BT474; PC3,Western blot,HEK293T,BT474
2598,10.1021/acs.jmedchem.1c01476,P31749,,,,,Western blot,BT474; PC3,Western blot,,BT474
2598,10.1021/acs.jmedchem.1c01476,P31751,,,,,Western blot,BT474; PC3,Western blot,,BT474
2598,10.1021/acs.jmedchem.1c01476,Q9Y243,,,,,Western blot,BT474; PC3,Western blot,HEK293T,BT474
2599,10.1021/acs.jmedchem.1c01476,P31749,,,,,Western blot,BT474; PC3,Western blot,,BT474
2599,10.1021/acs.jmedchem.1c01476,P31751,,,,,Western blot,BT474; PC3,Western blot,,BT474
2599,10.1021/acs.jmedchem.1c01476,Q9Y243,,,,,Western blot,BT474; PC3,Western blot,HEK293T,BT474
2600,10.1021/acs.jmedchem.1c01476,P31749,,,,,Western blot,BT474; PC3,Western blot,,BT474
2600,10.1021/acs.jmedchem.1c01476,P31751,,,,,Western blot,BT474; PC3,Western blot,,BT474
2600,10.1021/acs.jmedchem.1c01476,Q9Y243,,,,,Western blot,BT474; PC3,Western blot,HEK293T,BT474
2601,10.1021/acs.jmedchem.1c01476,P31749,,,,,Western blot,BT474; PC3,Western blot,,BT474
2601,10.1021/acs.jmedchem.1c01476,P31751,,,,,Western blot,BT474; PC3,Western blot,,BT474
2601,10.1021/acs.jmedchem.1c01476,Q9Y243,,,,,Western blot,BT474; PC3,Western blot,HEK293T,BT474
2602,10.1021/acs.jmedchem.1c01476,P31749,,,,,Western blot,BT474; PC3,Western blot,,BT474
2602,10.1021/acs.jmedchem.1c01476,P31751,,,,,Western blot,BT474; PC3,Western blot,,BT474
2602,10.1021/acs.jmedchem.1c01476,Q9Y243,,,,,Western blot,BT474; PC3,Western blot,HEK293T,BT474
2603,10.1021/acs.jmedchem.1c01476,P31749,,,,,Western blot,BT474; PC3,Western blot,,BT474
2603,10.1021/acs.jmedchem.1c01476,P31751,,,,,Western blot,BT474; PC3,Western blot,,BT474
2603,10.1021/acs.jmedchem.1c01476,Q9Y243,,,,,Western blot,BT474; PC3,Western blot,HEK293T,BT474
2604,10.1021/acs.jmedchem.1c01476,P31749,,,,,Western blot,BT474; PC3,Western blot,,BT474
2604,10.1021/acs.jmedchem.1c01476,P31751,,,,,Western blot,BT474; PC3,Western blot,,BT474
2604,10.1021/acs.jmedchem.1c01476,Q9Y243,,,,,Western blot,BT474; PC3,Western blot,HEK293T,BT474
2605,10.1021/acs.jmedchem.1c01827,P00533,HCC827,other,,H1975; HCC827,,,,,HCC827
2605,10.1021/acs.jmedchem.1c01827,P00533,HCC827,other,,H1975; HCC827,,,,,HCC827
2606,10.1021/acs.jmedchem.1c01827,P00533,HCC827,degradation reporter,24.0,H1975; HCC827,,,,,HCC827
2606,10.1021/acs.jmedchem.1c01827,P00533,HCC827,degradation reporter,24.0,H1975; HCC827,,,,,HCC827
2607,10.1021/acs.jmedchem.1c01827,P00533,HCC827,degradation reporter,24.0,H1975; HCC827,,,,,HCC827
2607,10.1021/acs.jmedchem.1c01827,P00533,HCC827,degradation reporter,24.0,H1975; HCC827,,,,,HCC827
2608,10.1021/acs.jmedchem.1c01827,P00533,HCC827,degradation reporter,24.0,H1975; HCC827,,,,,HCC827
2608,10.1021/acs.jmedchem.1c01827,P00533,HCC827,degradation reporter,24.0,H1975; HCC827,,,,,HCC827
2609,10.1021/acs.jmedchem.1c01827,P00533,HCC827,degradation reporter,24.0,H1975; HCC827,,,,,HCC827
2609,10.1021/acs.jmedchem.1c01827,P00533,HCC827,degradation reporter,24.0,H1975; HCC827,,,,,HCC827
2610,10.1021/acs.jmedchem.1c01827,P00533,HCC827,degradation reporter,24.0,H1975; HCC827,,,,,HCC827
2610,10.1021/acs.jmedchem.1c01827,P00533,HCC827,degradation reporter,24.0,H1975; HCC827,,,,,HCC827
2611,10.1021/acs.jmedchem.1c01827,P00533,HCC827,degradation reporter,24.0,H1975; HCC827,,,,,HCC827
2611,10.1021/acs.jmedchem.1c01827,P00533,HCC827,degradation reporter,24.0,H1975; HCC827,,,,,HCC827
2612,10.1021/acs.jmedchem.1c01827,P00533,HCC827,degradation reporter,24.0,H1975; HCC827,,,,,HCC827
2612,10.1021/acs.jmedchem.1c01827,P00533,HCC827,degradation reporter,24.0,H1975; HCC827,,,,,HCC827
2613,10.1021/acs.jmedchem.1c01827,P00533,HCC827,degradation reporter,24.0,H1975; HCC827,,,,,HCC827
2613,10.1021/acs.jmedchem.1c01827,P00533,HCC827,degradation reporter,24.0,H1975; HCC827,,,,,HCC827
2614,10.1021/acs.jmedchem.1c01827,P00533,HCC827,other,,H1975; HCC827,,,,,HCC827
2614,10.1021/acs.jmedchem.1c01827,P00533,HCC827,other,,H1975; HCC827,,,,,HCC827
2615,10.1021/acs.jmedchem.1c01827,P00533,HCC827,other,,H1975; HCC827,,,,,HCC827
2615,10.1021/acs.jmedchem.1c01827,P00533,HCC827,other,,H1975; HCC827,,,,,HCC827
2616,10.1021/acs.jmedchem.1c01827,P00533,HCC827,other,,H1975; HCC827,,,,,HCC827
2616,10.1021/acs.jmedchem.1c01827,P00533,HCC827,other,,H1975; HCC827,,,,,HCC827
2617,10.1021/acs.jmedchem.1c01827,P00533,HCC827,other,,H1975; HCC827,,,,,HCC827
2617,10.1021/acs.jmedchem.1c01827,P00533,HCC827,other,,H1975; HCC827,,,,,HCC827
2618,10.1021/acs.jmedchem.1c01827,P00533,HCC827,degradation reporter,24.0,H1975; HCC827,,,,,HCC827
2618,10.1021/acs.jmedchem.1c01827,P00533,HCC827,degradation reporter,24.0,H1975; HCC827,,,,,HCC827
2619,10.1021/acs.jmedchem.1c01827,P00533,HCC827,degradation reporter,24.0,H1975; HCC827,,,,,HCC827
2619,10.1021/acs.jmedchem.1c01827,P00533,HCC827,degradation reporter,24.0,H1975; HCC827,,,,,HCC827
2620,10.1021/acs.jmedchem.1c01827,P00533,HCC827,degradation reporter,24.0,H1975; HCC827,,,,,HCC827
2620,10.1021/acs.jmedchem.1c01827,P00533,HCC827,degradation reporter,24.0,H1975; HCC827,,,,,HCC827
2621,10.1021/acs.jmedchem.1c01827,P00533,HCC827,degradation reporter,24.0,H1975; HCC827,,,,,HCC827
2621,10.1021/acs.jmedchem.1c01827,P00533,HCC827,degradation reporter,24.0,H1975; HCC827,,,,,HCC827
2622,10.1021/acs.jmedchem.1c01827,P00533,HCC827,degradation reporter,24.0,H1975; HCC827,,,,,HCC827
2622,10.1021/acs.jmedchem.1c01827,P00533,HCC827,degradation reporter,24.0,H1975; HCC827,,,,,HCC827
2623,10.1021/acs.jmedchem.1c01827,P00533,HCC827,degradation reporter,24.0,H1975; HCC827,,,,,HCC827
2623,10.1021/acs.jmedchem.1c01827,P00533,HCC827,degradation reporter,24.0,H1975; HCC827,,,,,HCC827
2624,10.1021/acs.jmedchem.1c01827,P00533,HCC827,degradation reporter,24.0,H1975; HCC827,,,,,HCC827
2624,10.1021/acs.jmedchem.1c01827,P00533,HCC827,degradation reporter,24.0,H1975; HCC827,,,,,HCC827
2625,10.1021/acs.jmedchem.1c01827,P00533,HCC827,degradation reporter,24.0,H1975; HCC827,,,,,HCC827
2625,10.1021/acs.jmedchem.1c01827,P00533,HCC827,degradation reporter,24.0,H1975; HCC827,,,,,HCC827
2626,10.1021/acs.jmedchem.1c01827,P00533,HCC827,degradation reporter,24.0,H1975; HCC827,,,,,HCC827
2626,10.1021/acs.jmedchem.1c01827,P00533,HCC827,degradation reporter,24.0,H1975; HCC827,,,,,HCC827
2627,10.1021/acs.jmedchem.1c01774,Q07889,NCI-H358,degradation reporter,24.0,,Western blot,,,HeLa,NCI-H358
2628,10.1021/acs.jmedchem.1c01774,Q07889,NCI-H358,degradation reporter,24.0,,Western blot,,,HeLa,NCI-H358
2629,10.1021/acs.jmedchem.1c01774,Q07889,NCI-H358,degradation reporter,24.0,,Western blot,,,HeLa,NCI-H358
2630,10.1021/acs.jmedchem.1c01774,Q07889,,degradation reporter,24.0,,Western blot,,,HeLa,
2630,10.1021/acs.jmedchem.1c01774,Q07889,,degradation reporter,24.0,,Western blot,,,HeLa,
2631,10.1021/acs.jmedchem.1c01774,Q07889,NCI-H358,degradation reporter,24.0,,Western blot,,,HeLa,NCI-H358
2632,10.1021/acs.jmedchem.1c01774,Q07889,NCI-H358,degradation reporter,24.0,,Western blot,,,HeLa,NCI-H358
2633,10.1021/acs.jmedchem.1c01774,Q07889,NCI-H358,degradation reporter,24.0,,Western blot,,,HeLa,NCI-H358
2634,10.1021/acs.jmedchem.1c01774,Q07889,NCI-H358,degradation reporter,24.0,,Western blot,,,HeLa,NCI-H358
2635,10.1021/acs.jmedchem.1c01774,Q07889,NCI-H358,degradation reporter,24.0,,Western blot,,,HeLa,NCI-H358
2636,10.1021/acs.jmedchem.1c01774,Q07889,NCI-H358,degradation reporter,24.0,,Western blot,,,HeLa,NCI-H358
2637,10.1021/acs.jmedchem.1c01774,Q07889,NCI-H358,degradation reporter,24.0,,Western blot,,,HeLa,NCI-H358
2638,10.1021/acs.jmedchem.1c01774,Q07889,NCI-H358,degradation reporter,24.0,,Western blot,,,HeLa,NCI-H358
2639,10.1021/acs.jmedchem.1c01774,Q07889,NCI-H358,degradation reporter,24.0,,Western blot,,,HeLa,NCI-H358
2640,10.1021/acs.jmedchem.1c01774,Q07889,NCI-H358,degradation reporter,24.0,,Western blot,,,HeLa,NCI-H358
2641,10.1021/acs.jmedchem.1c01774,Q07889,NCI-H358,degradation reporter,24.0,,Western blot,,,HeLa,NCI-H358
2642,10.1021/acs.jmedchem.1c01774,Q07889,NCI-H358,degradation reporter,24.0,,Western blot,,,HeLa,NCI-H358
2643,10.1016/j.ejmech.2022.114259,O60885,MV-4-11,other,,MV-4-11,Western blot,,HTRF,,MV-4-11
2643,10.1016/j.ejmech.2022.114259,P25440,MV-4-11,other,,MV-4-11,Western blot,,HTRF,HL60,MV-4-11
2643,10.1016/j.ejmech.2022.114259,Q15059,MV-4-11,other,,MV-4-11,Western blot,,HTRF,HL60; Jurkat,MV-4-11
2644,10.1016/j.ejmech.2022.114259,O60885,MV-4-11,other,,MV-4-11,Western blot,,HTRF,,MV-4-11
2644,10.1016/j.ejmech.2022.114259,P25440,MV-4-11,other,,MV-4-11,Western blot,,HTRF,HL60,MV-4-11
2644,10.1016/j.ejmech.2022.114259,Q15059,MV-4-11,other,,MV-4-11,Western blot,,HTRF,HL60; Jurkat,MV-4-11
2645,10.1016/j.ejmech.2022.114259,O60885,MV-4-11,other,,MV-4-11,Western blot,,HTRF,,MV-4-11
2645,10.1016/j.ejmech.2022.114259,P25440,MV-4-11,other,,MV-4-11,Western blot,,HTRF,HL60,MV-4-11
2645,10.1016/j.ejmech.2022.114259,Q15059,MV-4-11,other,,MV-4-11,Western blot,,HTRF,HL60; Jurkat,MV-4-11
2646,10.1016/j.ejmech.2022.114259,O60885,MV-4-11,other,,MV-4-11,Western blot,,HTRF,,MV-4-11
2646,10.1016/j.ejmech.2022.114259,P25440,MV-4-11,other,,MV-4-11,Western blot,,HTRF,HL60,MV-4-11
2646,10.1016/j.ejmech.2022.114259,Q15059,MV-4-11,other,,MV-4-11,Western blot,,HTRF,HL60; Jurkat,MV-4-11
2647,10.1016/j.ejmech.2022.114259,O60885,MV-4-11,other,,MV-4-11,Western blot,,HTRF,,MV-4-11
2647,10.1016/j.ejmech.2022.114259,P25440,MV-4-11,other,,MV-4-11,Western blot,,HTRF,HL60,MV-4-11
2647,10.1016/j.ejmech.2022.114259,Q15059,MV-4-11,other,,MV-4-11,Western blot,,HTRF,HL60; Jurkat,MV-4-11
2648,10.1016/j.ejmech.2022.114259,O60885,MV-4-11,other,,MV-4-11,Western blot,,HTRF,,MV-4-11
2648,10.1016/j.ejmech.2022.114259,P25440,MV-4-11,other,,MV-4-11,Western blot,,HTRF,HL60,MV-4-11
2648,10.1016/j.ejmech.2022.114259,Q15059,MV-4-11,other,,MV-4-11,Western blot,,HTRF,HL60; Jurkat,MV-4-11
2649,10.1016/j.ejmech.2022.114259,O60885,MV-4-11,other,,MV-4-11,Western blot,,HTRF,,MV-4-11
2649,10.1016/j.ejmech.2022.114259,P25440,MV-4-11,other,,MV-4-11,Western blot,,HTRF,HL60,MV-4-11
2649,10.1016/j.ejmech.2022.114259,Q15059,MV-4-11,other,,MV-4-11,Western blot,,HTRF,HL60; Jurkat,MV-4-11
2650,10.1016/j.ejmech.2022.114259,O60885,MV-4-11,other,,MV-4-11,Western blot,,HTRF,,MV-4-11
2650,10.1016/j.ejmech.2022.114259,P25440,MV-4-11,other,,MV-4-11,Western blot,,HTRF,HL60,MV-4-11
2650,10.1016/j.ejmech.2022.114259,Q15059,MV-4-11,other,,MV-4-11,Western blot,,HTRF,HL60; Jurkat,MV-4-11
2651,10.1016/j.ejmech.2022.114259,O60885,MV-4-11,other,,MV-4-11,Western blot,,HTRF,,MV-4-11
2651,10.1016/j.ejmech.2022.114259,P25440,MV-4-11,other,,MV-4-11,Western blot,,HTRF,HL60,MV-4-11
2651,10.1016/j.ejmech.2022.114259,Q15059,MV-4-11,other,,MV-4-11,Western blot,,HTRF,HL60; Jurkat,MV-4-11
2652,10.1016/j.ejmech.2022.114259,O60885,MV-4-11,other,,MV-4-11,Western blot,,HTRF,,MV-4-11
2652,10.1016/j.ejmech.2022.114259,P25440,MV-4-11,other,,MV-4-11,Western blot,,HTRF,HL60,MV-4-11
2652,10.1016/j.ejmech.2022.114259,Q15059,MV-4-11,other,,MV-4-11,Western blot,,HTRF,HL60; Jurkat,MV-4-11
2653,10.1016/j.ejmech.2022.114259,O60885,MV-4-11,other,,MV-4-11,Western blot,,HTRF,,MV-4-11
2653,10.1016/j.ejmech.2022.114259,P25440,MV-4-11,other,,MV-4-11,Western blot,,HTRF,HL60,MV-4-11
2653,10.1016/j.ejmech.2022.114259,Q15059,MV-4-11,other,,MV-4-11,Western blot,,HTRF,HL60; Jurkat,MV-4-11
2654,10.1016/j.ejmech.2022.114259,O60885,MV-4-11,other,,MV-4-11,Western blot,,HTRF,,MV-4-11
2654,10.1016/j.ejmech.2022.114259,P25440,MV-4-11,other,,MV-4-11,Western blot,,HTRF,HL60,MV-4-11
2654,10.1016/j.ejmech.2022.114259,Q15059,MV-4-11,other,,MV-4-11,Western blot,,HTRF,HL60; Jurkat,MV-4-11
2655,10.1016/j.ejmech.2022.114259,O60885,MV-4-11,other,,MV-4-11,Western blot,,HTRF,,MV-4-11
2655,10.1016/j.ejmech.2022.114259,P25440,MV-4-11,other,,MV-4-11,Western blot,,HTRF,HL60,MV-4-11
2655,10.1016/j.ejmech.2022.114259,Q15059,MV-4-11,other,,MV-4-11,Western blot,,HTRF,HL60; Jurkat,MV-4-11
2656,10.1016/j.ejmech.2022.114259,O60885,MV-4-11,other,,MV-4-11,Western blot,,HTRF,,MV-4-11
2656,10.1016/j.ejmech.2022.114259,P25440,MV-4-11,other,,MV-4-11,Western blot,,HTRF,HL60,MV-4-11
2656,10.1016/j.ejmech.2022.114259,Q15059,MV-4-11,other,,MV-4-11,Western blot,,HTRF,HL60; Jurkat,MV-4-11
2657,10.1016/j.ejmech.2022.114259,O60885,MV-4-11,other,,MV-4-11,Western blot,,HTRF,,MV-4-11
2657,10.1016/j.ejmech.2022.114259,P25440,MV-4-11,other,,MV-4-11,Western blot,,HTRF,HL60,MV-4-11
2657,10.1016/j.ejmech.2022.114259,Q15059,MV-4-11,other,,MV-4-11,Western blot,,HTRF,HL60; Jurkat,MV-4-11
2658,10.1016/j.ejmech.2021.113435,P06730,,,,,,,,A549; HCT-116; HEK293; HEK293T; MCF7; MV4-11,
2659,10.1016/j.ejmech.2021.113435,P06730,,,,,,,,A549; HCT-116; HEK293; HEK293T; MCF7; MV4-11,
2660,10.1016/j.ejmech.2021.113435,P06730,,,,,,,,A549; HCT-116; HEK293; HEK293T; MCF7; MV4-11,
2661,10.1016/j.ejmech.2021.113435,P06730,,,,,,,,A549; HCT-116; HEK293; HEK293T; MCF7; MV4-11,
2662,10.1016/j.ejmech.2021.113435,P06730,,,,,,,,A549; HCT-116; HEK293; HEK293T; MCF7; MV4-11,
2663,10.1016/j.ejmech.2021.113435,P06730,,,,,,,,A549; HCT-116; HEK293; HEK293T; MCF7; MV4-11,
2664,10.1016/j.ejmech.2021.113850,P14679,,,,,degradation reporter,,other,,
2665,10.1016/j.ejmech.2021.113850,P14679,,,,,degradation reporter,,other,,
2666,10.1016/j.ejmech.2021.113850,P14679,,,,,degradation reporter,,other,,
2667,10.1016/j.ejmech.2021.113850,P14679,,,,,degradation reporter,,other,,
2668,10.1016/j.ejmech.2021.113850,P14679,,other,,,degradation reporter,,other,,
2669,10.1016/j.ejmech.2021.113850,P14679,,other,,,degradation reporter,,other,,
2670,10.1016/j.ejmech.2021.113850,P14679,,other,,,degradation reporter,,other,,
2671,10.1016/j.ejmech.2021.113850,P14679,,other,,,degradation reporter,,other,,
2672,10.1016/j.ejmech.2021.113850,P14679,A375,degradation reporter,24.0,,degradation reporter,,other,,A375
2673,10.1016/j.ejmech.2021.113850,P14679,,other,,,degradation reporter,,other,,
2674,10.1016/j.ejmech.2021.113850,P14679,,other,,,degradation reporter,,other,,
2675,10.1016/j.ejmech.2021.113850,P14679,,other,,,degradation reporter,,other,,
2676,10.1016/j.ejmech.2021.113850,P14679,,other,,,degradation reporter,,other,,
2677,10.1016/j.ejmech.2021.113850,P14679,,other,,,degradation reporter,,other,,
2678,10.1016/j.ejmech.2021.113849,P24941,,,,,,HEI-OC1,Western blot; degradation reporter,,HEI-OC1
2679,10.1016/j.ejmech.2021.113849,P24941,HEI-OC1,other,24.0,,,HEI-OC1,Western blot; degradation reporter,,HEI-OC1
2680,10.1016/j.ejmech.2021.113849,P24941,,,,,,HEI-OC1,Western blot; degradation reporter,,HEI-OC1
2681,10.1016/j.ejmech.2021.113849,P24941,,,,,,HEI-OC1,Western blot; degradation reporter,,HEI-OC1
2682,10.1016/j.ejmech.2021.113922,O60885,MV4-11,other,,AR-positive prostate cancer cell lines,Western blot; flow cytometry; degradation reporter,,AlphaScreen,,MV4-11
2683,10.1016/j.ejmech.2021.113922,O60885,MV4-11,other,,AR-positive prostate cancer cell lines,Western blot; flow cytometry; degradation reporter,,AlphaScreen,,MV4-11
2684,10.1016/j.ejmech.2021.113922,O60885,MV4-11,other,,AR-positive prostate cancer cell lines,Western blot; flow cytometry; degradation reporter,,AlphaScreen,,MV4-11
2685,10.1016/j.ejmech.2021.113922,O60885,MV4-11,other,,AR-positive prostate cancer cell lines,Western blot; flow cytometry; degradation reporter,,AlphaScreen,,MV4-11
2686,10.1016/j.ejmech.2021.113922,O60885,MV4-11,other,,AR-positive prostate cancer cell lines,Western blot; flow cytometry; degradation reporter,,AlphaScreen,,MV4-11
2687,10.1016/j.ejmech.2021.113922,O60885,MV4-11,other,,AR-positive prostate cancer cell lines,Western blot; flow cytometry; degradation reporter,,AlphaScreen,,MV4-11
2688,10.1016/j.ejmech.2021.113922,O60885,MV4-11,other,,AR-positive prostate cancer cell lines,Western blot; flow cytometry; degradation reporter,,AlphaScreen,,MV4-11
2689,10.1016/j.ejmech.2021.113922,O60885,MV4-11,other,,AR-positive prostate cancer cell lines,Western blot; flow cytometry; degradation reporter,,AlphaScreen,,MV4-11
2690,10.1016/j.ejmech.2021.113922,O60885,22Rv1,other,24.0,AR-positive prostate cancer cell lines,Western blot; flow cytometry; degradation reporter,,AlphaScreen,,22Rv1
2691,10.1016/j.ejmech.2021.113922,O60885,MV4-11,other,,AR-positive prostate cancer cell lines,Western blot; flow cytometry; degradation reporter,,AlphaScreen,,MV4-11
2692,10.1016/j.ejmech.2021.113922,O60885,MV4-11,other,,AR-positive prostate cancer cell lines,Western blot; flow cytometry; degradation reporter,,AlphaScreen,,MV4-11
2693,10.1016/j.ejmech.2021.113922,O60885,MV4-11,other,,AR-positive prostate cancer cell lines,Western blot; flow cytometry; degradation reporter,,AlphaScreen,,MV4-11
2694,10.1016/j.ejmech.2021.113922,O60885,MV4-11,other,,AR-positive prostate cancer cell lines,Western blot; flow cytometry; degradation reporter,,AlphaScreen,,MV4-11
2695,10.1016/j.ejmech.2021.113922,O60885,MV4-11,other,,AR-positive prostate cancer cell lines,Western blot; flow cytometry; degradation reporter,,AlphaScreen,,MV4-11
2696,10.1016/j.ejmech.2021.113922,O60885,MV4-11,other,,AR-positive prostate cancer cell lines,Western blot; flow cytometry; degradation reporter,,AlphaScreen,,MV4-11
2697,10.1016/j.ejmech.2021.113922,O60885,MV4-11,other,,AR-positive prostate cancer cell lines,Western blot; flow cytometry; degradation reporter,,AlphaScreen,,MV4-11
2698,10.1016/j.ejmech.2021.113922,O60885,MV4-11,other,,AR-positive prostate cancer cell lines,Western blot; flow cytometry; degradation reporter,,AlphaScreen,,MV4-11
2699,10.1016/j.ejmech.2021.113645,nan,K562,degradation reporter,16.0,K562,Western blot,,,,K562
2700,10.1016/j.ejmech.2021.113645,nan,K562,degradation reporter,16.0,K562,Western blot,,,,K562
2701,10.1016/j.ejmech.2021.113645,nan,K562,degradation reporter,16.0,K562,Western blot,,,,K562
2702,10.1016/j.ejmech.2021.113645,nan,K562,degradation reporter,16.0,K562,Western blot,,,,K562
2703,10.1016/j.ejmech.2021.113645,nan,K562,degradation reporter,16.0,K562,Western blot,,,,K562
2704,10.1016/j.ejmech.2021.113645,nan,K562,degradation reporter,16.0,K562,Western blot,,,,K562
2705,10.1016/j.ejmech.2021.113645,nan,K562,degradation reporter,16.0,K562,Western blot,,,,K562
2706,10.1016/j.ejmech.2021.113645,nan,K562,degradation reporter,16.0,K562,Western blot,,,,K562
2707,10.1016/j.ejmech.2021.113645,nan,K562,degradation reporter,16.0,K562,Western blot,,,,K562
2708,10.1016/j.ejmech.2021.113645,nan,K562,degradation reporter,16.0,K562,Western blot,,,,K562
2709,10.1016/j.ejmech.2021.113645,nan,K562,degradation reporter,16.0,K562,Western blot,,,,K562
2710,10.1016/j.ejmech.2021.113645,nan,K562,degradation reporter,16.0,K562,Western blot,,,,K562
2711,10.1016/j.ejmech.2021.113645,nan,K562,degradation reporter,16.0,K562,Western blot,,,,K562
2712,10.1016/j.ejmech.2021.113645,nan,,,,K562,Western blot,,,,K562
2712,10.1016/j.ejmech.2021.113645,nan,,,,K562,Western blot,,,,K562
2712,10.1016/j.ejmech.2021.113645,nan,,,,K562,Western blot,,,,K562
2712,10.1016/j.ejmech.2021.113645,nan,,,,K562,Western blot,,,,K562
2712,10.1016/j.ejmech.2021.113645,nan,,,,K562,Western blot,,,,K562
2712,10.1016/j.ejmech.2021.113645,nan,,,,K562,Western blot,,,,K562
2712,10.1016/j.ejmech.2021.113645,nan,,,,K562,Western blot,,,,K562
2713,10.1016/j.ejmech.2021.113645,nan,K562,degradation reporter,16.0,K562,Western blot,,,,K562
2714,10.1016/j.ejmech.2021.113645,nan,K562,degradation reporter,16.0,K562,Western blot,,,,K562
2715,10.1016/j.ejmech.2021.113645,nan,K562,degradation reporter,16.0,K562,Western blot,,,,K562
2716,10.1016/j.ejmech.2021.113645,nan,K562,degradation reporter,16.0,K562,Western blot,,,,K562
2717,10.1016/j.ejmech.2021.113645,nan,K562,degradation reporter,16.0,K562,Western blot,,,,K562
2718,10.1016/j.ejmech.2021.113645,nan,K562,degradation reporter,16.0,K562,Western blot,,,,K562
2719,10.1016/j.ejmech.2021.114013,nan,,,,human breast cancer cells,,,,,human breast cancer cells
2720,10.1016/j.ejmech.2021.114013,nan,MCF-7,degradation reporter,6.0,human breast cancer cells,,,,,MCF-7
2721,10.1016/j.ejmech.2021.114013,nan,,,,human breast cancer cells,,,,,human breast cancer cells
2722,10.1016/j.ejmech.2021.114013,nan,,,,human breast cancer cells,,,,,human breast cancer cells
2723,10.1016/j.ejmech.2021.114013,nan,,,,human breast cancer cells,,,,,human breast cancer cells
2724,10.1016/j.ejmech.2021.114013,nan,,,,human breast cancer cells,,,,,human breast cancer cells
2725,10.1016/j.ejmech.2021.114013,nan,,,,human breast cancer cells,,,,,human breast cancer cells
2726,10.1016/j.ejmech.2021.114013,nan,,,,human breast cancer cells,,,,,human breast cancer cells
2727,10.1016/j.ejmech.2021.114013,nan,,,,human breast cancer cells,,,,,human breast cancer cells
2728,10.1016/j.ejmech.2021.114013,nan,MCF-7,other,,human breast cancer cells,,,,,MCF-7
2729,10.1016/j.ejmech.2021.114013,nan,MDA-MB-231,other,,human breast cancer cells,,,,,MDA-MB-231
2730,10.1016/j.ejmech.2021.114013,nan,MCF-7,other,,human breast cancer cells,,,,,MCF-7
2731,10.1016/j.ejmech.2021.114013,nan,MDA-MB-231,other,,human breast cancer cells,,,,,MDA-MB-231
2732,10.1016/j.ejmech.2021.114013,nan,MCF-7,other,,human breast cancer cells,,,,,MCF-7
2733,10.1016/j.ejmech.2021.114013,nan,MDA-MB-231,other,,human breast cancer cells,,,,,MDA-MB-231
2734,10.1016/j.ejmech.2021.114013,nan,MCF-7,other,,human breast cancer cells,,,,,MCF-7
2735,10.1016/j.ejmech.2021.114013,nan,MDA-MB-231,other,,human breast cancer cells,,,,,MDA-MB-231
2736,10.1016/j.ejmech.2021.114013,nan,MCF-7,other,,human breast cancer cells,,,,,MCF-7
2737,10.1016/j.ejmech.2021.114013,nan,MDA-MB-231,other,,human breast cancer cells,,,,,MDA-MB-231
2738,10.1016/j.ejmech.2021.114013,nan,MCF-7,other,,human breast cancer cells,,,,,MCF-7
2739,10.1016/j.ejmech.2021.114012,Q9NYV4,,other,,,Western blot; qPCR; proteomics,,other,,
2740,10.1016/j.ejmech.2021.114012,Q9NYV4,Bel-7402,other,24.0,,Western blot; qPCR; proteomics,,other,,Bel-7402
2741,10.1016/j.ejmech.2021.114012,Q9NYV4,,other,,,Western blot; qPCR; proteomics,,other,,
2742,10.1016/j.ejmech.2021.114012,Q9NYV4,,other,,,Western blot; qPCR; proteomics,,other,,
2743,10.1016/j.ejmech.2021.113889,P49840,SH-SY5Y,other,24.0,SH-SY5Y,Western blot; SPR assay,,SPR,HL60,SH-SY5Y
2743,10.1016/j.ejmech.2021.113889,P49841,SH-SY5Y,other,24.0,SH-SY5Y,Western blot; SPR assay,,SPR,HEK293,SH-SY5Y
2744,10.1016/j.ejmech.2021.113889,P49840,SH-SY5Y,other,24.0,SH-SY5Y,Western blot; SPR assay,,SPR,HL60,SH-SY5Y
2744,10.1016/j.ejmech.2021.113889,P49841,SH-SY5Y,other,24.0,SH-SY5Y,Western blot; SPR assay,,SPR,HEK293,SH-SY5Y
2745,10.1016/j.ejmech.2021.113889,P49840,SH-SY5Y,degradation reporter,24.0,SH-SY5Y,Western blot; SPR assay,,SPR,HL60,SH-SY5Y
2745,10.1016/j.ejmech.2021.113889,P49841,SH-SY5Y,degradation reporter,24.0,SH-SY5Y,Western blot; SPR assay,,SPR,HEK293,SH-SY5Y
2746,10.1016/j.ejmech.2021.113889,P49840,SH-SY5Y,degradation reporter,24.0,SH-SY5Y,Western blot; SPR assay,,SPR,HL60,SH-SY5Y
2746,10.1016/j.ejmech.2021.113889,P49841,SH-SY5Y,degradation reporter,24.0,SH-SY5Y,Western blot; SPR assay,,SPR,HEK293,SH-SY5Y
2747,10.1016/j.ejmech.2021.113889,P49840,SH-SY5Y,degradation reporter,24.0,SH-SY5Y,Western blot; SPR assay,,SPR,HL60,SH-SY5Y
2747,10.1016/j.ejmech.2021.113889,P49841,SH-SY5Y,degradation reporter,24.0,SH-SY5Y,Western blot; SPR assay,,SPR,HEK293,SH-SY5Y
2748,10.1016/j.ejmech.2021.113889,P49840,SH-SY5Y,degradation reporter,24.0,SH-SY5Y,Western blot; SPR assay,,SPR,HL60,SH-SY5Y
2748,10.1016/j.ejmech.2021.113889,P49841,SH-SY5Y,degradation reporter,24.0,SH-SY5Y,Western blot; SPR assay,,SPR,HEK293,SH-SY5Y
2749,10.1016/j.ejmech.2021.113889,P49840,SH-SY5Y,degradation reporter,24.0,SH-SY5Y,Western blot; SPR assay,,SPR,HL60,SH-SY5Y
2749,10.1016/j.ejmech.2021.113889,P49841,SH-SY5Y,degradation reporter,24.0,SH-SY5Y,Western blot; SPR assay,,SPR,HEK293,SH-SY5Y
2750,10.1016/j.ejmech.2021.113889,P49840,SH-SY5Y,degradation reporter,24.0,SH-SY5Y,Western blot; SPR assay,,SPR,HL60,SH-SY5Y
2750,10.1016/j.ejmech.2021.113889,P49841,SH-SY5Y,degradation reporter,24.0,SH-SY5Y,Western blot; SPR assay,,SPR,HEK293,SH-SY5Y
2751,10.1016/j.ejmech.2021.113889,P49840,SH-SY5Y,degradation reporter,24.0,SH-SY5Y,Western blot; SPR assay,,SPR,HL60,SH-SY5Y
2751,10.1016/j.ejmech.2021.113889,P49841,SH-SY5Y,degradation reporter,24.0,SH-SY5Y,Western blot; SPR assay,,SPR,HEK293,SH-SY5Y
2752,10.1016/j.ejmech.2021.113889,P49840,SH-SY5Y,degradation reporter,24.0,SH-SY5Y,Western blot; SPR assay,,SPR,HL60,SH-SY5Y
2752,10.1016/j.ejmech.2021.113889,P49841,SH-SY5Y,degradation reporter,24.0,SH-SY5Y,Western blot; SPR assay,,SPR,HEK293,SH-SY5Y
2753,10.1016/j.ejmech.2021.113889,P49840,SH-SY5Y,degradation reporter,24.0,SH-SY5Y,Western blot; SPR assay,,SPR,HL60,SH-SY5Y
2753,10.1016/j.ejmech.2021.113889,P49841,SH-SY5Y,degradation reporter,24.0,SH-SY5Y,Western blot; SPR assay,,SPR,HEK293,SH-SY5Y
2754,10.1016/j.ejmech.2021.113889,P49840,SH-SY5Y,degradation reporter,24.0,SH-SY5Y,Western blot; SPR assay,,SPR,HL60,SH-SY5Y
2754,10.1016/j.ejmech.2021.113889,P49841,SH-SY5Y,degradation reporter,24.0,SH-SY5Y,Western blot; SPR assay,,SPR,HEK293,SH-SY5Y
2755,10.1016/j.ejmech.2021.113889,P49840,SH-SY5Y,degradation reporter,24.0,SH-SY5Y,Western blot; SPR assay,,SPR,HL60,SH-SY5Y
2755,10.1016/j.ejmech.2021.113889,P49841,SH-SY5Y,degradation reporter,24.0,SH-SY5Y,Western blot; SPR assay,,SPR,HEK293,SH-SY5Y
2756,10.1016/j.ejmech.2021.113889,P49840,SH-SY5Y,degradation reporter,24.0,SH-SY5Y,Western blot; SPR assay,,SPR,HL60,SH-SY5Y
2756,10.1016/j.ejmech.2021.113889,P49841,SH-SY5Y,degradation reporter,24.0,SH-SY5Y,Western blot; SPR assay,,SPR,HEK293,SH-SY5Y
2757,10.1016/j.ejmech.2021.113889,P49840,SH-SY5Y,degradation reporter,24.0,SH-SY5Y,Western blot; SPR assay,,SPR,HL60,SH-SY5Y
2757,10.1016/j.ejmech.2021.113889,P49841,SH-SY5Y,degradation reporter,24.0,SH-SY5Y,Western blot; SPR assay,,SPR,HEK293,SH-SY5Y
2758,10.1016/j.ejmech.2021.113889,P49840,SH-SY5Y,degradation reporter,24.0,SH-SY5Y,Western blot; SPR assay,,SPR,HL60,SH-SY5Y
2758,10.1016/j.ejmech.2021.113889,P49841,SH-SY5Y,degradation reporter,24.0,SH-SY5Y,Western blot; SPR assay,,SPR,HEK293,SH-SY5Y
2759,10.1016/j.ejmech.2021.113889,P49840,SH-SY5Y,degradation reporter,24.0,SH-SY5Y,Western blot; SPR assay,,SPR,HL60,SH-SY5Y
2759,10.1016/j.ejmech.2021.113889,P49841,SH-SY5Y,degradation reporter,24.0,SH-SY5Y,Western blot; SPR assay,,SPR,HEK293,SH-SY5Y
2760,10.1016/j.ejmech.2021.113889,P49841,SH-SY5Y,degradation reporter,24.0,SH-SY5Y,Western blot; SPR assay,,SPR,HEK293,SH-SY5Y
2760,10.1016/j.ejmech.2021.113889,P49840,SH-SY5Y,degradation reporter,24.0,SH-SY5Y,Western blot; SPR assay,,SPR,HL60,SH-SY5Y
2761,10.1016/j.ejmech.2021.113889,P49840,SH-SY5Y,degradation reporter,24.0,SH-SY5Y,Western blot; SPR assay,,SPR,HL60,SH-SY5Y
2761,10.1016/j.ejmech.2021.113889,P49841,SH-SY5Y,degradation reporter,24.0,SH-SY5Y,Western blot; SPR assay,,SPR,HEK293,SH-SY5Y
2762,10.1016/j.ejmech.2021.113889,P49840,SH-SY5Y,degradation reporter,24.0,SH-SY5Y,Western blot; SPR assay,,SPR,HL60,SH-SY5Y
2762,10.1016/j.ejmech.2021.113889,P49841,SH-SY5Y,degradation reporter,24.0,SH-SY5Y,Western blot; SPR assay,,SPR,HEK293,SH-SY5Y
2763,10.1016/j.ejmech.2021.113889,P49840,,,,SH-SY5Y,Western blot; SPR assay,,SPR,HL60,SH-SY5Y
2763,10.1016/j.ejmech.2021.113889,P49841,,,,SH-SY5Y,Western blot; SPR assay,,SPR,HEK293,SH-SY5Y
2764,10.1016/j.ejmech.2021.113889,P49840,,,,SH-SY5Y,Western blot; SPR assay,,SPR,HL60,SH-SY5Y
2764,10.1016/j.ejmech.2021.113889,P49841,,,,SH-SY5Y,Western blot; SPR assay,,SPR,HEK293,SH-SY5Y
2765,10.1016/j.ejmech.2021.113889,P49840,,,,SH-SY5Y,Western blot; SPR assay,,SPR,HL60,SH-SY5Y
2765,10.1016/j.ejmech.2021.113889,P49841,,,,SH-SY5Y,Western blot; SPR assay,,SPR,HEK293,SH-SY5Y
2766,10.1016/j.ejmech.2021.113889,P49840,,,,SH-SY5Y,Western blot; SPR assay,,SPR,HL60,SH-SY5Y
2766,10.1016/j.ejmech.2021.113889,P49841,,,,SH-SY5Y,Western blot; SPR assay,,SPR,HEK293,SH-SY5Y
2767,10.1016/j.ejmech.2021.113889,P49840,,,,SH-SY5Y,Western blot; SPR assay,,SPR,HL60,SH-SY5Y
2767,10.1016/j.ejmech.2021.113889,P49841,,,,SH-SY5Y,Western blot; SPR assay,,SPR,HEK293,SH-SY5Y
2768,10.1016/j.ejmech.2021.113889,P49840,,,,SH-SY5Y,Western blot; SPR assay,,SPR,HL60,SH-SY5Y
2768,10.1016/j.ejmech.2021.113889,P49841,,,,SH-SY5Y,Western blot; SPR assay,,SPR,HEK293,SH-SY5Y
2769,10.1016/j.ejmech.2021.113889,P49840,,,,SH-SY5Y,Western blot; SPR assay,,SPR,HL60,SH-SY5Y
2769,10.1016/j.ejmech.2021.113889,P49841,,,,SH-SY5Y,Western blot; SPR assay,,SPR,HEK293,SH-SY5Y
2770,10.1016/j.ejmech.2021.113889,P49840,,,,SH-SY5Y,Western blot; SPR assay,,SPR,HL60,SH-SY5Y
2770,10.1016/j.ejmech.2021.113889,P49841,,,,SH-SY5Y,Western blot; SPR assay,,SPR,HEK293,SH-SY5Y
2771,10.1016/j.ejmech.2021.113889,P49840,,,,SH-SY5Y,Western blot; SPR assay,,SPR,HL60,SH-SY5Y
2771,10.1016/j.ejmech.2021.113889,P49841,,,,SH-SY5Y,Western blot; SPR assay,,SPR,HEK293,SH-SY5Y
2772,10.1016/j.ejmech.2021.113889,P49840,,,,SH-SY5Y,Western blot; SPR assay,,SPR,HL60,SH-SY5Y
2772,10.1016/j.ejmech.2021.113889,P49841,,,,SH-SY5Y,Western blot; SPR assay,,SPR,HEK293,SH-SY5Y
2773,10.1016/j.ejmech.2022.114253,P30530,MDA-MB-231,HTRF,,,Western blot; cell proliferation assay; migration assay; microscopy,,TR-FRET,HEK293,MDA-MB-231
2774,10.1016/j.ejmech.2022.114253,P30530,MDA-MB-231,HTRF,,,Western blot; cell proliferation assay; migration assay; microscopy,,TR-FRET,HEK293,MDA-MB-231
2775,10.1016/j.ejmech.2022.114253,P30530,MDA-MB-231,HTRF,,,Western blot; cell proliferation assay; migration assay; microscopy,,TR-FRET,HEK293,MDA-MB-231
2776,10.1016/j.ejmech.2022.114253,P30530,MDA-MB-231,HTRF,,,Western blot; cell proliferation assay; migration assay; microscopy,,TR-FRET,HEK293,MDA-MB-231
2777,10.1016/j.ejmech.2022.114253,P30530,MDA-MB-231,HTRF,,,Western blot; cell proliferation assay; migration assay; microscopy,,TR-FRET,HEK293,MDA-MB-231
2778,10.1016/j.ejmech.2022.114253,P30530,MDA-MB-231,HTRF,,,Western blot; cell proliferation assay; migration assay; microscopy,,TR-FRET,HEK293,MDA-MB-231
2779,10.1016/j.ejmech.2022.114253,P30530,MDA-MB-231,HTRF,,,Western blot; cell proliferation assay; migration assay; microscopy,,TR-FRET,HEK293,MDA-MB-231
2780,10.1016/j.ejmech.2022.114253,P30530,MDA-MB-231,HTRF,,,Western blot; cell proliferation assay; migration assay; microscopy,,TR-FRET,HEK293,MDA-MB-231
2781,10.1016/j.ejmech.2022.114253,P30530,MDA-MB-231,HTRF,,,Western blot; cell proliferation assay; migration assay; microscopy,,TR-FRET,HEK293,MDA-MB-231
2782,10.1016/j.ejmech.2022.114253,P30530,MDA-MB-231,HTRF,,,Western blot; cell proliferation assay; migration assay; microscopy,,TR-FRET,HEK293,MDA-MB-231
2783,10.1016/j.ejmech.2022.114253,P30530,MDA-MB-231,HTRF,,,Western blot; cell proliferation assay; migration assay; microscopy,,TR-FRET,HEK293,MDA-MB-231
2784,10.1016/j.ejmech.2022.114253,P30530,MDA-MB-231,HTRF,,,Western blot; cell proliferation assay; migration assay; microscopy,,TR-FRET,HEK293,MDA-MB-231
2785,10.1016/j.ejmech.2022.114253,P30530,MDA-MB-231,HTRF,,,Western blot; cell proliferation assay; migration assay; microscopy,,TR-FRET,HEK293,MDA-MB-231
2786,10.1016/j.ejmech.2022.114253,P30530,MDA-MB-231,HTRF,,,Western blot; cell proliferation assay; migration assay; microscopy,,TR-FRET,HEK293,MDA-MB-231
2787,10.1016/j.ejmech.2022.114253,P30530,MDA-MB-231,HTRF,,,Western blot; cell proliferation assay; migration assay; microscopy,,TR-FRET,HEK293,MDA-MB-231
2788,10.1016/j.ejmech.2022.114253,P30530,MDA-MB-231,HTRF,,,Western blot; cell proliferation assay; migration assay; microscopy,,TR-FRET,HEK293,MDA-MB-231
2789,10.1016/j.ejmech.2022.114253,P30530,MDA-MB-231,HTRF,,,Western blot; cell proliferation assay; migration assay; microscopy,,TR-FRET,HEK293,MDA-MB-231
2790,10.1016/j.ejmech.2022.114253,P30530,MDA-MB-231,HTRF,,,Western blot; cell proliferation assay; migration assay; microscopy,,TR-FRET,HEK293,MDA-MB-231
2791,10.1016/j.ejmech.2022.114253,P30530,MDA-MB-231,HTRF,,,Western blot; cell proliferation assay; migration assay; microscopy,,TR-FRET,HEK293,MDA-MB-231
2792,10.1016/j.ejmech.2022.114253,P30530,MDA-MB-231,HTRF,,,Western blot; cell proliferation assay; migration assay; microscopy,,TR-FRET,HEK293,MDA-MB-231
2793,10.1016/j.ejmech.2021.113425,Q00987,RS4;11,other,,leukemia cell lines,Western blot,,,LNCaP; LnCAP; MCF7; MDA-MB-231; PC3; U2OS,RS4;11
2794,10.1016/j.ejmech.2021.113425,Q00987,RS4;11,other,,leukemia cell lines,Western blot,,,LNCaP; LnCAP; MCF7; MDA-MB-231; PC3; U2OS,RS4;11
2795,10.1016/j.ejmech.2021.113425,Q00987,RS4;11,other,,leukemia cell lines,Western blot,,,LNCaP; LnCAP; MCF7; MDA-MB-231; PC3; U2OS,RS4;11
2796,10.1016/j.ejmech.2021.113425,Q00987,RS4;11,other,,leukemia cell lines,Western blot,,,LNCaP; LnCAP; MCF7; MDA-MB-231; PC3; U2OS,RS4;11
2797,10.1016/j.ejmech.2021.113425,Q00987,RS4;11,other,,leukemia cell lines,Western blot,,,LNCaP; LnCAP; MCF7; MDA-MB-231; PC3; U2OS,RS4;11
2798,10.1016/j.ejmech.2021.113425,Q00987,RS4;11,other,,leukemia cell lines,Western blot,,,LNCaP; LnCAP; MCF7; MDA-MB-231; PC3; U2OS,RS4;11
2799,10.1016/j.ejmech.2021.113425,Q00987,RS4;11,other,,leukemia cell lines,Western blot,,,LNCaP; LnCAP; MCF7; MDA-MB-231; PC3; U2OS,RS4;11
2800,10.1016/j.ejmech.2021.113425,Q00987,RS4;11,other,,leukemia cell lines,Western blot,,,LNCaP; LnCAP; MCF7; MDA-MB-231; PC3; U2OS,RS4;11
2801,10.1016/j.ejmech.2021.113425,Q00987,RS4;11,degradation reporter,12.0,leukemia cell lines,Western blot,,,LNCaP; LnCAP; MCF7; MDA-MB-231; PC3; U2OS,RS4;11
2802,10.1016/j.ejmech.2021.113425,Q00987,RS4;11,other,,leukemia cell lines,Western blot,,,LNCaP; LnCAP; MCF7; MDA-MB-231; PC3; U2OS,RS4;11
2803,10.1016/j.ejmech.2021.113425,Q00987,RS4;11,other,,leukemia cell lines,Western blot,,,LNCaP; LnCAP; MCF7; MDA-MB-231; PC3; U2OS,RS4;11
2804,10.1016/j.ejmech.2021.113425,Q00987,RS4;11,other,,leukemia cell lines,Western blot,,,LNCaP; LnCAP; MCF7; MDA-MB-231; PC3; U2OS,RS4;11
2805,10.1016/j.ejmech.2021.113425,Q00987,RS4;11,other,,leukemia cell lines,Western blot,,,LNCaP; LnCAP; MCF7; MDA-MB-231; PC3; U2OS,RS4;11
2806,10.1016/j.ejmech.2021.113425,Q00987,RS4;11,other,,leukemia cell lines,Western blot,,,LNCaP; LnCAP; MCF7; MDA-MB-231; PC3; U2OS,RS4;11
2807,10.1016/j.ejmech.2021.113425,Q00987,RS4;11,other,,leukemia cell lines,Western blot,,,LNCaP; LnCAP; MCF7; MDA-MB-231; PC3; U2OS,RS4;11
2808,10.1016/j.ejmech.2021.113425,Q00987,RS4;11,other,,leukemia cell lines,Western blot,,,LNCaP; LnCAP; MCF7; MDA-MB-231; PC3; U2OS,RS4;11
2809,10.1016/j.ejmech.2021.113425,Q00987,RS4;11,other,,leukemia cell lines,Western blot,,,LNCaP; LnCAP; MCF7; MDA-MB-231; PC3; U2OS,RS4;11
2810,10.1016/j.ejmech.2021.113425,Q00987,RS4;11,other,,leukemia cell lines,Western blot,,,LNCaP; LnCAP; MCF7; MDA-MB-231; PC3; U2OS,RS4;11
2811,10.1016/j.ejmech.2021.113425,Q00987,RS4;11,other,,leukemia cell lines,Western blot,,,LNCaP; LnCAP; MCF7; MDA-MB-231; PC3; U2OS,RS4;11
2812,10.1016/j.ejmech.2021.113425,Q00987,,,,leukemia cell lines,Western blot,,,LNCaP; LnCAP; MCF7; MDA-MB-231; PC3; U2OS,leukemia cell lines
2813,10.1016/j.ejmech.2021.113425,Q00987,,,,leukemia cell lines,Western blot,,,LNCaP; LnCAP; MCF7; MDA-MB-231; PC3; U2OS,leukemia cell lines
2814,10.1016/j.ejmech.2021.113425,Q00987,,,,leukemia cell lines,Western blot,,,LNCaP; LnCAP; MCF7; MDA-MB-231; PC3; U2OS,leukemia cell lines
2815,10.1016/j.ejmech.2021.113425,Q00987,,,,leukemia cell lines,Western blot,,,LNCaP; LnCAP; MCF7; MDA-MB-231; PC3; U2OS,leukemia cell lines
2816,10.1016/j.ejmech.2021.113425,Q00987,,,,leukemia cell lines,Western blot,,,LNCaP; LnCAP; MCF7; MDA-MB-231; PC3; U2OS,leukemia cell lines
2817,10.1016/j.ejmech.2021.113425,Q00987,,,,leukemia cell lines,Western blot,,,LNCaP; LnCAP; MCF7; MDA-MB-231; PC3; U2OS,leukemia cell lines
2818,10.1016/j.ejmech.2021.113425,Q00987,,,,leukemia cell lines,Western blot,,,LNCaP; LnCAP; MCF7; MDA-MB-231; PC3; U2OS,leukemia cell lines
2819,10.1016/j.ejmech.2021.113425,Q00987,,,,leukemia cell lines,Western blot,,,LNCaP; LnCAP; MCF7; MDA-MB-231; PC3; U2OS,leukemia cell lines
2820,10.1016/j.ejmech.2021.113425,Q00987,,,,leukemia cell lines,Western blot,,,LNCaP; LnCAP; MCF7; MDA-MB-231; PC3; U2OS,leukemia cell lines
2821,10.1016/j.ejmech.2021.113425,Q00987,,,,leukemia cell lines,Western blot,,,LNCaP; LnCAP; MCF7; MDA-MB-231; PC3; U2OS,leukemia cell lines
2822,10.1016/j.ejmech.2021.113425,Q00987,,,,leukemia cell lines,Western blot,,,LNCaP; LnCAP; MCF7; MDA-MB-231; PC3; U2OS,leukemia cell lines
2823,10.1016/j.ejmech.2021.113425,Q00987,,,,leukemia cell lines,Western blot,,,LNCaP; LnCAP; MCF7; MDA-MB-231; PC3; U2OS,leukemia cell lines
2824,10.1016/j.ejmech.2021.113425,Q00987,,,,leukemia cell lines,Western blot,,,LNCaP; LnCAP; MCF7; MDA-MB-231; PC3; U2OS,leukemia cell lines
2825,10.1016/j.ejmech.2021.113425,Q00987,,,,leukemia cell lines,Western blot,,,LNCaP; LnCAP; MCF7; MDA-MB-231; PC3; U2OS,leukemia cell lines
2826,10.1016/j.ejmech.2021.113425,Q00987,RS4;11,other,,leukemia cell lines,Western blot,,,LNCaP; LnCAP; MCF7; MDA-MB-231; PC3; U2OS,RS4;11
2827,10.1016/j.ejmech.2021.113425,Q00987,RS4;11,other,,leukemia cell lines,Western blot,,,LNCaP; LnCAP; MCF7; MDA-MB-231; PC3; U2OS,RS4;11
2828,10.1016/j.ejmech.2021.113425,Q00987,RS4;11,other,,leukemia cell lines,Western blot,,,LNCaP; LnCAP; MCF7; MDA-MB-231; PC3; U2OS,RS4;11
2829,10.1016/j.ejmech.2021.114088,P01116,H358,degradation reporter,24.0,H358; H23,Western blot,,HTRF,A549; HCT116,H358
2830,10.1016/j.ejmech.2021.113820,Q06187,,,,,,,other,HL-60; K562; Ramos,
2830,10.1016/j.ejmech.2021.113820,Q06187,,,,,,,other,HL-60; K562; Ramos,
2831,10.1016/j.ejmech.2021.113820,Q06187,,,,,,,other,HL-60; K562; Ramos,
2831,10.1016/j.ejmech.2021.113820,Q06187,,,,,,,other,HL-60; K562; Ramos,
2832,10.1016/j.ejmech.2021.113820,Q06187,,,,,,,other,HL-60; K562; Ramos,
2832,10.1016/j.ejmech.2021.113820,Q06187,,,,,,,other,HL-60; K562; Ramos,
2833,10.1016/j.ejmech.2021.113820,Q06187,,,,,,,other,HL-60; K562; Ramos,
2833,10.1016/j.ejmech.2021.113820,Q06187,,,,,,,other,HL-60; K562; Ramos,
2834,10.1016/j.ejmech.2021.113820,Q06187,TMD8,degradation reporter,24.0,,,,other,HL-60; K562; Ramos,TMD8
2834,10.1016/j.ejmech.2021.113820,Q06187,TMD8,degradation reporter,24.0,,,,other,HL-60; K562; Ramos,TMD8
2835,10.1016/j.ejmech.2021.113820,Q06187,TMD8,degradation reporter,24.0,,,,other,HL-60; K562; Ramos,TMD8
2835,10.1016/j.ejmech.2021.113820,Q06187,TMD8,degradation reporter,24.0,,,,other,HL-60; K562; Ramos,TMD8
2836,10.1016/j.ejmech.2021.113820,Q06187,TMD8,degradation reporter,24.0,,,,other,HL-60; K562; Ramos,TMD8
2836,10.1016/j.ejmech.2021.113820,Q06187,TMD8,degradation reporter,24.0,,,,other,HL-60; K562; Ramos,TMD8
2837,10.1016/j.ejmech.2021.113820,Q06187,,,,,,,other,HL-60; K562; Ramos,
2837,10.1016/j.ejmech.2021.113820,Q06187,,,,,,,other,HL-60; K562; Ramos,
2838,10.1016/j.ejmech.2021.113820,Q06187,,,,,,,other,HL-60; K562; Ramos,
2838,10.1016/j.ejmech.2021.113820,Q06187,,,,,,,other,HL-60; K562; Ramos,
2839,10.1016/j.ejmech.2021.113820,Q06187,,,,,,,other,HL-60; K562; Ramos,
2839,10.1016/j.ejmech.2021.113820,Q06187,,,,,,,other,HL-60; K562; Ramos,
2840,10.1016/j.ejmech.2021.113820,Q06187,TMD8,degradation reporter,24.0,,,,other,HL-60; K562; Ramos,TMD8
2840,10.1016/j.ejmech.2021.113820,Q06187,TMD8,degradation reporter,24.0,,,,other,HL-60; K562; Ramos,TMD8
2841,10.1016/j.ejmech.2021.113820,Q06187,TMD8,degradation reporter,24.0,,,,other,HL-60; K562; Ramos,TMD8
2841,10.1016/j.ejmech.2021.113820,Q06187,TMD8,degradation reporter,24.0,,,,other,HL-60; K562; Ramos,TMD8
2842,10.1016/j.ejmech.2021.113820,Q06187,JeKo-1,degradation reporter,24.0,,,,other,HL-60; K562; Ramos,JeKo-1
2842,10.1016/j.ejmech.2021.113820,Q06187,JeKo-1,degradation reporter,24.0,,,,other,HL-60; K562; Ramos,JeKo-1
2842,10.1016/j.ejmech.2023.115403,Q06187,JeKo-1,degradation reporter,24.0,,Western blot,,other,HL-60; K562; Ramos,JeKo-1
2843,10.1021/acschembio.1c00681,Q9UBN7,K562,degradation reporter,8.0,THP-1,,,,A549; HCT116; HEK293; HeLa,K562
2844,10.1021/acschembio.1c00681,Q9UBN7,K562,degradation reporter,8.0,THP-1,,,,A549; HCT116; HEK293; HeLa,K562
2845,10.1021/acschembio.1c00681,Q9UBN7,K562,degradation reporter,8.0,THP-1,,,,A549; HCT116; HEK293; HeLa,K562
2846,10.1021/acschembio.1c00681,Q9UBN7,K562,degradation reporter,8.0,THP-1,,,,A549; HCT116; HEK293; HeLa,K562
2847,10.1021/acschembio.1c00681,Q9UBN7,K562,degradation reporter,8.0,THP-1,,,,A549; HCT116; HEK293; HeLa,K562
2848,10.1021/acsmedchemlett.1c00650,O60674,MHH-CALL-4,other,,patient-derived ALL cells,,patient-derived ALL cells,Western blot,,MHH-CALL-4
2848,10.1021/acsmedchemlett.1c00650,P52333,MHH-CALL-4,other,,patient-derived ALL cells,,patient-derived ALL cells,Western blot,,MHH-CALL-4
2848,10.1021/acsmedchemlett.1c00245,O60674,MHH-CALL-4,other,,RS4;11; human leukemia cells,degradation assay; cell growth inhibition,MHH-CALL-4; Caco-2,Western blot; flow cytometry; cytotoxicity assay,,MHH-CALL-4
2849,10.1021/acsmedchemlett.1c00650,O60674,MHH-CALL-4,other,,patient-derived ALL cells,,patient-derived ALL cells,Western blot,,MHH-CALL-4
2849,10.1021/acsmedchemlett.1c00650,P52333,MHH-CALL-4,other,,patient-derived ALL cells,,patient-derived ALL cells,Western blot,,MHH-CALL-4
2850,10.1021/acsmedchemlett.1c00650,O60674,MHH-CALL-4,other,,patient-derived ALL cells,,patient-derived ALL cells,Western blot,,MHH-CALL-4
2850,10.1021/acsmedchemlett.1c00650,P52333,MHH-CALL-4,other,,patient-derived ALL cells,,patient-derived ALL cells,Western blot,,MHH-CALL-4
2851,10.1021/acsmedchemlett.1c00650,O60674,MHH-CALL-4,other,,patient-derived ALL cells,,patient-derived ALL cells,Western blot,,MHH-CALL-4
2851,10.1021/acsmedchemlett.1c00650,P52333,MHH-CALL-4,other,,patient-derived ALL cells,,patient-derived ALL cells,Western blot,,MHH-CALL-4
2851,10.1021/acsmedchemlett.1c00245,O60674,MHH-CALL-4,other,,RS4;11; human leukemia cells,degradation assay; cell growth inhibition,MHH-CALL-4; Caco-2,Western blot; flow cytometry; cytotoxicity assay,,MHH-CALL-4
2852,10.1021/acsmedchemlett.1c00650,O60674,MHH-CALL-4,other,,patient-derived ALL cells,,patient-derived ALL cells,Western blot,,MHH-CALL-4
2852,10.1021/acsmedchemlett.1c00650,P52333,MHH-CALL-4,other,,patient-derived ALL cells,,patient-derived ALL cells,Western blot,,MHH-CALL-4
2853,10.1021/acsmedchemlett.1c00650,O60674,MHH-CALL-4,other,,patient-derived ALL cells,,patient-derived ALL cells,Western blot,,MHH-CALL-4
2853,10.1021/acsmedchemlett.1c00650,P52333,MHH-CALL-4,other,,patient-derived ALL cells,,patient-derived ALL cells,Western blot,,MHH-CALL-4
2854,10.1021/acsmedchemlett.1c00650,O60674,MHH-CALL-4,other,,patient-derived ALL cells,,patient-derived ALL cells,Western blot,,MHH-CALL-4
2854,10.1021/acsmedchemlett.1c00650,P52333,MHH-CALL-4,other,,patient-derived ALL cells,,patient-derived ALL cells,Western blot,,MHH-CALL-4
2855,10.1021/acsmedchemlett.1c00650,O60674,MHH-CALL-4,other,,patient-derived ALL cells,,patient-derived ALL cells,Western blot,,MHH-CALL-4
2855,10.1021/acsmedchemlett.1c00650,P52333,MHH-CALL-4,other,,patient-derived ALL cells,,patient-derived ALL cells,Western blot,,MHH-CALL-4
2856,10.1021/acsmedchemlett.1c00650,O60674,MHH-CALL-4,other,,patient-derived ALL cells,,patient-derived ALL cells,Western blot,,MHH-CALL-4
2856,10.1021/acsmedchemlett.1c00650,P52333,MHH-CALL-4,other,,patient-derived ALL cells,,patient-derived ALL cells,Western blot,,MHH-CALL-4
2857,10.1021/acsmedchemlett.1c00650,P52333,KOPN49,degradation reporter,24.0,patient-derived ALL cells,,patient-derived ALL cells,Western blot,,KOPN49
2857,10.1021/acsmedchemlett.1c00650,O60674,KOPN49,degradation reporter,24.0,patient-derived ALL cells,,patient-derived ALL cells,Western blot,,KOPN49
2857,10.1021/acsmedchemlett.1c00650,O60674,KOPN49,degradation reporter,24.0,patient-derived ALL cells,,patient-derived ALL cells,Western blot,,KOPN49
2858,10.1021/acsmedchemlett.1c00650,O60674,,TR-FRET,,patient-derived ALL cells,,patient-derived ALL cells,Western blot,,patient-derived ALL cells
2858,10.1021/acsmedchemlett.1c00650,P52333,,TR-FRET,,patient-derived ALL cells,,patient-derived ALL cells,Western blot,,patient-derived ALL cells
2859,10.1021/acsmedchemlett.1c00650,O60674,,TR-FRET,,patient-derived ALL cells,,patient-derived ALL cells,Western blot,,patient-derived ALL cells
2859,10.1021/acsmedchemlett.1c00650,P52333,,TR-FRET,,patient-derived ALL cells,,patient-derived ALL cells,Western blot,,patient-derived ALL cells
2860,10.1021/acsmedchemlett.1c00645,P00533,Ba/F3,other,,Ba/F3-EGFRDel19/T790M/C797S,degradation reporter,,,,Ba/F3
2861,10.1021/acsmedchemlett.1c00645,P00533,Ba/F3,other,,Ba/F3-EGFRDel19/T790M/C797S,degradation reporter,,,,Ba/F3
2862,10.1021/acsmedchemlett.1c00645,P00533,Ba/F3,other,,Ba/F3-EGFRDel19/T790M/C797S,degradation reporter,,,,Ba/F3
2863,10.1021/acsmedchemlett.1c00645,P00533,Ba/F3,other,,Ba/F3-EGFRDel19/T790M/C797S,degradation reporter,,,,Ba/F3
2864,10.1021/acsmedchemlett.1c00645,P00533,Ba/F3,other,,Ba/F3-EGFRDel19/T790M/C797S,degradation reporter,,,,Ba/F3
2865,10.1021/acsmedchemlett.1c00645,P00533,Ba/F3,other,,Ba/F3-EGFRDel19/T790M/C797S,degradation reporter,,,,Ba/F3
2866,10.1021/acsmedchemlett.1c00645,P00533,Ba/F3,other,,Ba/F3-EGFRDel19/T790M/C797S,degradation reporter,,,,Ba/F3
2867,10.1021/acsmedchemlett.1c00645,P00533,H1975,other,,Ba/F3-EGFRDel19/T790M/C797S,degradation reporter,,,,H1975
2867,10.1021/acsmedchemlett.1c00645,P00533,H1975,other,,Ba/F3-EGFRDel19/T790M/C797S,degradation reporter,,,,H1975
2867,10.1021/acsmedchemlett.1c00645,P00533,H1975,other,,Ba/F3-EGFRDel19/T790M/C797S,degradation reporter,,,,H1975
2868,10.1021/acsmedchemlett.1c00645,P00533,Ba/F3,other,,Ba/F3-EGFRDel19/T790M/C797S,degradation reporter,,,,Ba/F3
2869,10.1021/acsmedchemlett.1c00155,P40763,MOLM-16,degradation reporter,4.0,,Western blot,,,HEK293; HeLa; MDA-MB-231; THP1,MOLM-16
2870,10.1002/anie.202101328,P21802,,other,,gastric cancer cells; cholangiocarcinoma cells,degradation reporter,gastric cancer cells; cholangiocarcinoma cells,Western blot; degradation reporter,HEK293,gastric cancer cells
2871,10.1002/anie.202101328,P21802,,other,,gastric cancer cells; cholangiocarcinoma cells,degradation reporter,gastric cancer cells; cholangiocarcinoma cells,Western blot; degradation reporter,HEK293,gastric cancer cells
2872,10.1002/anie.202101328,P21802,,other,,gastric cancer cells; cholangiocarcinoma cells,degradation reporter,gastric cancer cells; cholangiocarcinoma cells,Western blot; degradation reporter,HEK293,gastric cancer cells
2873,10.1002/anie.202101328,P21802,,other,,gastric cancer cells; cholangiocarcinoma cells,degradation reporter,gastric cancer cells; cholangiocarcinoma cells,Western blot; degradation reporter,HEK293,gastric cancer cells
2874,10.1002/anie.202101328,P21802,,other,,gastric cancer cells; cholangiocarcinoma cells,degradation reporter,gastric cancer cells; cholangiocarcinoma cells,Western blot; degradation reporter,HEK293,gastric cancer cells
2875,10.1002/anie.202101328,P21802,,other,,gastric cancer cells; cholangiocarcinoma cells,degradation reporter,gastric cancer cells; cholangiocarcinoma cells,Western blot; degradation reporter,HEK293,gastric cancer cells
2876,10.1002/anie.202101328,P21802,,other,,gastric cancer cells; cholangiocarcinoma cells,degradation reporter,gastric cancer cells; cholangiocarcinoma cells,Western blot; degradation reporter,HEK293,gastric cancer cells
2877,10.1002/anie.202101328,P21802,,other,,gastric cancer cells; cholangiocarcinoma cells,degradation reporter,gastric cancer cells; cholangiocarcinoma cells,Western blot; degradation reporter,HEK293,gastric cancer cells
2878,10.1002/anie.202101328,P11362,KATO III,degradation reporter,6.0,gastric cancer cells; cholangiocarcinoma cells,degradation reporter,gastric cancer cells; cholangiocarcinoma cells,Western blot; degradation reporter,,KATO III
2878,10.1002/anie.202101328,P21802,KATO III,degradation reporter,6.0,gastric cancer cells; cholangiocarcinoma cells,degradation reporter,gastric cancer cells; cholangiocarcinoma cells,Western blot; degradation reporter,HEK293,KATO III
2879,10.1002/anie.202101328,P21802,,other,,gastric cancer cells; cholangiocarcinoma cells,degradation reporter,gastric cancer cells; cholangiocarcinoma cells,Western blot; degradation reporter,HEK293,gastric cancer cells
2880,10.1002/anie.202101328,P21802,,other,,gastric cancer cells; cholangiocarcinoma cells,degradation reporter,gastric cancer cells; cholangiocarcinoma cells,Western blot; degradation reporter,HEK293,gastric cancer cells
2881,10.1002/anie.202101328,P21802,,other,,gastric cancer cells; cholangiocarcinoma cells,degradation reporter,gastric cancer cells; cholangiocarcinoma cells,Western blot; degradation reporter,HEK293,gastric cancer cells
2882,10.1002/anie.202101328,P21802,,other,,gastric cancer cells; cholangiocarcinoma cells,degradation reporter,gastric cancer cells; cholangiocarcinoma cells,Western blot; degradation reporter,HEK293,gastric cancer cells
2883,10.1002/anie.202101328,P21802,,other,,gastric cancer cells; cholangiocarcinoma cells,degradation reporter,gastric cancer cells; cholangiocarcinoma cells,Western blot; degradation reporter,HEK293,gastric cancer cells
2884,10.1002/anie.202101328,P21802,,other,,gastric cancer cells; cholangiocarcinoma cells,degradation reporter,gastric cancer cells; cholangiocarcinoma cells,Western blot; degradation reporter,HEK293,gastric cancer cells
2885,10.1002/anie.202101328,P21802,,other,,gastric cancer cells; cholangiocarcinoma cells,degradation reporter,gastric cancer cells; cholangiocarcinoma cells,Western blot; degradation reporter,HEK293,gastric cancer cells
2886,10.1002/anie.202116782,P51686,,other,,,NanoBRET; fluorescence microscopy,,,MOLT4,
2887,10.1002/anie.202109237,Q05397,A549,TR-FRET,24.0,,,,,MCF7; MDA-MB-231; MDA-MB-468; PC3,A549
2888,10.1002/anie.202109237,Q05397,A549,TR-FRET,24.0,,,,,MCF7; MDA-MB-231; MDA-MB-468; PC3,A549
2889,10.1002/anie.202109237,Q05397,A549,TR-FRET,24.0,,,,,MCF7; MDA-MB-231; MDA-MB-468; PC3,A549
2890,10.1002/anie.202109237,Q05397,A549,TR-FRET,24.0,,,,,MCF7; MDA-MB-231; MDA-MB-468; PC3,A549
2891,10.1002/anie.202109237,Q05397,A549,TR-FRET,24.0,,,,,MCF7; MDA-MB-231; MDA-MB-468; PC3,A549
2892,10.1002/anie.202109237,Q05397,A549,TR-FRET,24.0,,,,,MCF7; MDA-MB-231; MDA-MB-468; PC3,A549
2893,10.1002/anie.202108848,O60885,,TR-FRET,,MV4-11,cell viability assay,MV4-11,Western blot,,MV4-11
2893,10.1002/anie.202108848,P25440,,TR-FRET,,MV4-11,cell viability assay,MV4-11,Western blot,HL60,MV4-11
2894,10.1002/anie.202108848,O60885,,TR-FRET,,MV4-11,cell viability assay,MV4-11,Western blot,,MV4-11
2894,10.1002/anie.202108848,P25440,,TR-FRET,,MV4-11,cell viability assay,MV4-11,Western blot,HL60,MV4-11
2895,10.1002/anie.202108848,O60885,,TR-FRET,,MV4-11,cell viability assay,MV4-11,Western blot,,MV4-11
2895,10.1002/anie.202108848,P25440,,TR-FRET,,MV4-11,cell viability assay,MV4-11,Western blot,HL60,MV4-11
2896,10.1002/anie.202108848,O60885,,TR-FRET,,MV4-11,cell viability assay,MV4-11,Western blot,,MV4-11
2896,10.1002/anie.202108848,P25440,,TR-FRET,,MV4-11,cell viability assay,MV4-11,Western blot,HL60,MV4-11
2897,10.1002/anie.202108848,O60885,,TR-FRET,,MV4-11,cell viability assay,MV4-11,Western blot,,MV4-11
2897,10.1002/anie.202108848,P25440,,TR-FRET,,MV4-11,cell viability assay,MV4-11,Western blot,HL60,MV4-11
2898,10.1002/anie.202108848,O60885,,TR-FRET,,MV4-11,cell viability assay,MV4-11,Western blot,,MV4-11
2898,10.1002/anie.202108848,O60885,,TR-FRET,,MV4-11,cell viability assay,MV4-11,Western blot,,MV4-11
2898,10.1002/anie.202108848,P25440,,TR-FRET,,MV4-11,cell viability assay,MV4-11,Western blot,HL60,MV4-11
2899,10.1002/anie.202108848,O60885,,TR-FRET,,MV4-11,cell viability assay,MV4-11,Western blot,,MV4-11
2899,10.1002/anie.202108848,P25440,,TR-FRET,,MV4-11,cell viability assay,MV4-11,Western blot,HL60,MV4-11
2900,10.1002/anie.202108848,O60885,,TR-FRET,,MV4-11,cell viability assay,MV4-11,Western blot,,MV4-11
2900,10.1002/anie.202108848,P25440,,TR-FRET,,MV4-11,cell viability assay,MV4-11,Western blot,HL60,MV4-11
2901,10.1002/anie.202101864,P14174,A549,degradation reporter,12.0,A549,Western blot,,,HCT116; THP1,A549
2902,10.1002/anie.202101864,P14174,A549,degradation reporter,12.0,A549,Western blot,,,HCT116; THP1,A549
2903,10.1002/anie.202101864,P14174,A549,degradation reporter,12.0,A549,Western blot,,,HCT116; THP1,A549
2904,10.1002/anie.202101864,P14174,A549,degradation reporter,12.0,A549,Western blot,,,HCT116; THP1,A549
2905,10.1002/anie.202101864,P14174,A549,degradation reporter,12.0,A549,Western blot,,,HCT116; THP1,A549
2906,10.1002/anie.202101864,P14174,A549,degradation reporter,12.0,A549,Western blot,,,HCT116; THP1,A549
2907,10.1002/anie.202101864,P14174,A549,degradation reporter,12.0,A549,Western blot,,,HCT116; THP1,A549
2908,10.1002/anie.202101864,P14174,A549,degradation reporter,12.0,A549,Western blot,,,HCT116; THP1,A549
2909,10.1002/anie.202101864,P14174,A549,degradation reporter,12.0,A549,Western blot,,,HCT116; THP1,A549
2910,10.1002/anie.202101864,P14174,A549,degradation reporter,12.0,A549,Western blot,,,HCT116; THP1,A549
2911,10.1002/anie.202101864,P14174,A549,degradation reporter,12.0,A549,Western blot,,,HCT116; THP1,A549
2912,10.1002/anie.202101864,P14174,A549,degradation reporter,12.0,A549,Western blot,,,HCT116; THP1,A549
2913,10.1002/anie.202101864,P14174,A549,degradation reporter,12.0,A549,Western blot,,,HCT116; THP1,A549
2914,10.1002/anie.202101864,P14174,A549,degradation reporter,12.0,A549,Western blot,,,HCT116; THP1,A549
2915,10.1016/j.bmc.2022.116707,P42336,,,,,,,,HeLa; MCF7; PC3,
2916,10.1016/j.bmc.2022.116707,P42336,,,,,,,,HeLa; MCF7; PC3,
2917,10.1016/j.bmc.2022.116707,P42336,,,,,,,,HeLa; MCF7; PC3,
2918,10.1016/j.bmc.2022.116707,P42336,,,,,,,,HeLa; MCF7; PC3,
2919,10.1016/j.bmc.2022.116707,P42336,,,,,,,,HeLa; MCF7; PC3,
2920,10.1016/j.bmc.2022.116707,P42336,,,,,,,,HeLa; MCF7; PC3,
2921,10.1016/j.bmc.2022.116707,P42336,,,,,,,,HeLa; MCF7; PC3,
2922,10.1016/j.bmc.2022.116707,P42336,,,,,,,,HeLa; MCF7; PC3,
2923,10.1016/j.bmc.2022.116707,P42336,,,,,,,,HeLa; MCF7; PC3,
2924,10.1016/j.bmc.2022.116707,P42336,,,,,,,,HeLa; MCF7; PC3,
2925,10.1016/j.bmc.2022.116707,P42336,,,,,,,,HeLa; MCF7; PC3,
2926,10.1016/j.bmc.2022.116707,P42336,,,,,,,,HeLa; MCF7; PC3,
2927,10.1016/j.bmc.2022.116707,P42336,,,,,,,,HeLa; MCF7; PC3,
2928,10.1016/j.bioorg.2021.105508,P36888,BaF3,other,,,,,,,BaF3
2928,10.1016/j.bioorg.2021.105508,P36888,BaF3,other,,,,,,,BaF3
2928,10.1016/j.bioorg.2021.105508,P36888,BaF3,other,,,,,,,BaF3
2928,10.1016/j.bioorg.2021.105508,P36888,BaF3,other,,,,,,,BaF3
2929,10.1016/j.bioorg.2021.105508,P36888,BaF3 FLT3-ITD-F691L,other,,,,,,,BaF3 FLT3-ITD-F691L
2929,10.1016/j.bioorg.2021.105508,P36888,BaF3 FLT3-ITD-F691L,other,,,,,,,BaF3 FLT3-ITD-F691L
2929,10.1016/j.bioorg.2021.105508,P36888,BaF3 FLT3-ITD-F691L,other,,,,,,,BaF3 FLT3-ITD-F691L
2929,10.1016/j.bioorg.2021.105508,P36888,BaF3 FLT3-ITD-F691L,other,,,,,,,BaF3 FLT3-ITD-F691L
2930,10.1016/j.bioorg.2021.105508,P36888,BaF3 FLT3-ITD-F691L,other,,,,,,,BaF3 FLT3-ITD-F691L
2930,10.1016/j.bioorg.2021.105508,P36888,BaF3 FLT3-ITD-F691L,other,,,,,,,BaF3 FLT3-ITD-F691L
2930,10.1016/j.bioorg.2021.105508,P36888,BaF3 FLT3-ITD-F691L,other,,,,,,,BaF3 FLT3-ITD-F691L
2930,10.1016/j.bioorg.2021.105508,P36888,BaF3 FLT3-ITD-F691L,other,,,,,,,BaF3 FLT3-ITD-F691L
2931,10.1016/j.bioorg.2021.105508,P36888,BaF3 FLT3-ITD-F691L,other,,,,,,,BaF3 FLT3-ITD-F691L
2931,10.1016/j.bioorg.2021.105508,P36888,BaF3 FLT3-ITD-F691L,other,,,,,,,BaF3 FLT3-ITD-F691L
2931,10.1016/j.bioorg.2021.105508,P36888,BaF3 FLT3-ITD-F691L,other,,,,,,,BaF3 FLT3-ITD-F691L
2931,10.1016/j.bioorg.2021.105508,P36888,BaF3 FLT3-ITD-F691L,other,,,,,,,BaF3 FLT3-ITD-F691L
2932,10.1016/j.bioorg.2021.105508,P36888,BaF3,other,,,,,,,BaF3
2932,10.1016/j.bioorg.2021.105508,P36888,BaF3,other,,,,,,,BaF3
2932,10.1016/j.bioorg.2021.105508,P36888,BaF3,other,,,,,,,BaF3
2932,10.1016/j.bioorg.2021.105508,P36888,BaF3,other,,,,,,,BaF3
2933,10.1016/j.bioorg.2021.105508,P36888,BaF3,other,,,,,,,BaF3
2933,10.1016/j.bioorg.2021.105508,P36888,BaF3,other,,,,,,,BaF3
2933,10.1016/j.bioorg.2021.105508,P36888,BaF3,other,,,,,,,BaF3
2933,10.1016/j.bioorg.2021.105508,P36888,BaF3,other,,,,,,,BaF3
2934,10.1016/j.bioorg.2021.105508,P36888,BaF3 FLT3-ITD-F691L,other,,,,,,,BaF3 FLT3-ITD-F691L
2934,10.1016/j.bioorg.2021.105508,P36888,BaF3 FLT3-ITD-F691L,other,,,,,,,BaF3 FLT3-ITD-F691L
2934,10.1016/j.bioorg.2021.105508,P36888,BaF3 FLT3-ITD-F691L,other,,,,,,,BaF3 FLT3-ITD-F691L
2934,10.1016/j.bioorg.2021.105508,P36888,BaF3 FLT3-ITD-F691L,other,,,,,,,BaF3 FLT3-ITD-F691L
2935,10.1016/j.bioorg.2021.105508,P36888,BaF3 FLT3-ITD-F691L,other,,,,,,,BaF3 FLT3-ITD-F691L
2935,10.1016/j.bioorg.2021.105508,P36888,BaF3 FLT3-ITD-F691L,other,,,,,,,BaF3 FLT3-ITD-F691L
2935,10.1016/j.bioorg.2021.105508,P36888,BaF3 FLT3-ITD-F691L,other,,,,,,,BaF3 FLT3-ITD-F691L
2935,10.1016/j.bioorg.2021.105508,P36888,BaF3 FLT3-ITD-F691L,other,,,,,,,BaF3 FLT3-ITD-F691L
2936,10.1016/j.bioorg.2021.105508,P36888,BaF3 FLT3-ITD-F691L,other,,,,,,,BaF3 FLT3-ITD-F691L
2936,10.1016/j.bioorg.2021.105508,P36888,BaF3 FLT3-ITD-F691L,other,,,,,,,BaF3 FLT3-ITD-F691L
2936,10.1016/j.bioorg.2021.105508,P36888,BaF3 FLT3-ITD-F691L,other,,,,,,,BaF3 FLT3-ITD-F691L
2936,10.1016/j.bioorg.2021.105508,P36888,BaF3 FLT3-ITD-F691L,other,,,,,,,BaF3 FLT3-ITD-F691L
2937,10.1016/j.bioorg.2021.105508,P36888,BaF3,other,,,,,,,BaF3
2937,10.1016/j.bioorg.2021.105508,P36888,BaF3,other,,,,,,,BaF3
2937,10.1016/j.bioorg.2021.105508,P36888,BaF3,other,,,,,,,BaF3
2937,10.1016/j.bioorg.2021.105508,P36888,BaF3,other,,,,,,,BaF3
2938,10.1016/j.bioorg.2021.105508,P36888,BaF3,other,,,,,,,BaF3
2938,10.1016/j.bioorg.2021.105508,P36888,BaF3,other,,,,,,,BaF3
2938,10.1016/j.bioorg.2021.105508,P36888,BaF3,other,,,,,,,BaF3
2938,10.1016/j.bioorg.2021.105508,P36888,BaF3,other,,,,,,,BaF3
2939,10.1016/j.bioorg.2021.105508,P36888,BaF3 FLT3-ITD-F691L,other,,,,,,,BaF3 FLT3-ITD-F691L
2939,10.1016/j.bioorg.2021.105508,P36888,BaF3 FLT3-ITD-F691L,other,,,,,,,BaF3 FLT3-ITD-F691L
2939,10.1016/j.bioorg.2021.105508,P36888,BaF3 FLT3-ITD-F691L,other,,,,,,,BaF3 FLT3-ITD-F691L
2939,10.1016/j.bioorg.2021.105508,P36888,BaF3 FLT3-ITD-F691L,other,,,,,,,BaF3 FLT3-ITD-F691L
2940,10.1016/j.bioorg.2021.105508,P36888,BaF3 FLT3-ITD-F691L,other,,,,,,,BaF3 FLT3-ITD-F691L
2940,10.1016/j.bioorg.2021.105508,P36888,BaF3 FLT3-ITD-F691L,other,,,,,,,BaF3 FLT3-ITD-F691L
2940,10.1016/j.bioorg.2021.105508,P36888,BaF3 FLT3-ITD-F691L,other,,,,,,,BaF3 FLT3-ITD-F691L
2940,10.1016/j.bioorg.2021.105508,P36888,BaF3 FLT3-ITD-F691L,other,,,,,,,BaF3 FLT3-ITD-F691L
2941,10.1016/j.bioorg.2021.105508,P36888,BaF3 FLT3-ITD-F691L,other,,,,,,,BaF3 FLT3-ITD-F691L
2941,10.1016/j.bioorg.2021.105508,P36888,BaF3 FLT3-ITD-F691L,other,,,,,,,BaF3 FLT3-ITD-F691L
2941,10.1016/j.bioorg.2021.105508,P36888,BaF3 FLT3-ITD-F691L,other,,,,,,,BaF3 FLT3-ITD-F691L
2941,10.1016/j.bioorg.2021.105508,P36888,BaF3 FLT3-ITD-F691L,other,,,,,,,BaF3 FLT3-ITD-F691L
2942,10.1016/j.bioorg.2021.105508,P36888,BaF3 FLT3-ITD-F691L,,,,,,,,BaF3 FLT3-ITD-F691L
2942,10.1016/j.bioorg.2021.105508,P36888,BaF3 FLT3-ITD-F691L,,,,,,,,BaF3 FLT3-ITD-F691L
2942,10.1016/j.bioorg.2021.105508,P36888,BaF3 FLT3-ITD-F691L,,,,,,,,BaF3 FLT3-ITD-F691L
2942,10.1016/j.bioorg.2021.105508,P36888,BaF3 FLT3-ITD-F691L,,,,,,,,BaF3 FLT3-ITD-F691L
2943,10.1016/j.bioorg.2021.105508,P36888,BaF3 FLT3-ITD-F691L,,,,,,,,BaF3 FLT3-ITD-F691L
2943,10.1016/j.bioorg.2021.105508,P36888,BaF3 FLT3-ITD-F691L,,,,,,,,BaF3 FLT3-ITD-F691L
2943,10.1016/j.bioorg.2021.105508,P36888,BaF3 FLT3-ITD-F691L,,,,,,,,BaF3 FLT3-ITD-F691L
2943,10.1016/j.bioorg.2021.105508,P36888,BaF3 FLT3-ITD-F691L,,,,,,,,BaF3 FLT3-ITD-F691L
2944,10.1016/j.bioorg.2021.105508,P36888,BaF3 FLT3-ITD-F691L,,,,,,,,BaF3 FLT3-ITD-F691L
2944,10.1016/j.bioorg.2021.105508,P36888,BaF3 FLT3-ITD-F691L,,,,,,,,BaF3 FLT3-ITD-F691L
2944,10.1016/j.bioorg.2021.105508,P36888,BaF3 FLT3-ITD-F691L,,,,,,,,BaF3 FLT3-ITD-F691L
2944,10.1016/j.bioorg.2021.105508,P36888,BaF3 FLT3-ITD-F691L,,,,,,,,BaF3 FLT3-ITD-F691L
2945,10.1016/j.bioorg.2021.105508,P36888,BaF3 FLT3-ITD-F691L,,,,,,,,BaF3 FLT3-ITD-F691L
2945,10.1016/j.bioorg.2021.105508,P36888,BaF3 FLT3-ITD-F691L,,,,,,,,BaF3 FLT3-ITD-F691L
2945,10.1016/j.bioorg.2021.105508,P36888,BaF3 FLT3-ITD-F691L,,,,,,,,BaF3 FLT3-ITD-F691L
2945,10.1016/j.bioorg.2021.105508,P36888,BaF3 FLT3-ITD-F691L,,,,,,,,BaF3 FLT3-ITD-F691L
2946,10.1016/j.bioorg.2021.105505,P01106,HCT116,,,gastrointestinal cancer cell lines,,,,HEK293T; HL60; HeLa; Jurkat; MDA-MB-231; PC3,HCT116
2947,10.1016/j.bioorg.2021.104901,Q00987,A549,,,A549; Huh7; HepG2,Western blot,,,LNCaP; LnCAP; MCF7; MDA-MB-231; PC3; U2OS,A549
2948,10.1016/j.bioorg.2021.104901,Q00987,Huh7,,,A549; Huh7; HepG2,Western blot,,,LNCaP; LnCAP; MCF7; MDA-MB-231; PC3; U2OS,Huh7
2949,10.1016/j.bioorg.2021.104901,Q00987,HepG2,,,A549; Huh7; HepG2,Western blot,,,LNCaP; LnCAP; MCF7; MDA-MB-231; PC3; U2OS,HepG2
2950,10.1016/j.bioorg.2021.104901,Q00987,A549,other,,A549; Huh7; HepG2,Western blot,,,LNCaP; LnCAP; MCF7; MDA-MB-231; PC3; U2OS,A549
2951,10.1016/j.bioorg.2021.104901,Q00987,Huh7,other,,A549; Huh7; HepG2,Western blot,,,LNCaP; LnCAP; MCF7; MDA-MB-231; PC3; U2OS,Huh7
2952,10.1016/j.bioorg.2021.104901,Q00987,HepG2,other,,A549; Huh7; HepG2,Western blot,,,LNCaP; LnCAP; MCF7; MDA-MB-231; PC3; U2OS,HepG2
2953,10.1016/j.bioorg.2021.104833,Q9NZQ7,B16F10,other,,MC-38,Western blot,,,A549; HEK293; HEK293T; Jurkat; MCF7; MDA-MB-21; MDA-MB-231,B16F10
2954,10.1016/j.bioorg.2021.104833,Q9NZQ7,4T1,other,,MC-38,Western blot,,,A549; HEK293; HEK293T; Jurkat; MCF7; MDA-MB-21; MDA-MB-231,4T1
2955,10.1016/j.bioorg.2021.104833,Q9NZQ7,MC-38,other,,MC-38,Western blot,,,A549; HEK293; HEK293T; Jurkat; MCF7; MDA-MB-21; MDA-MB-231,MC-38
2956,10.1016/j.bioorg.2021.104833,Q9NZQ7,B16F10,other,,MC-38,Western blot,,,A549; HEK293; HEK293T; Jurkat; MCF7; MDA-MB-21; MDA-MB-231,B16F10
2957,10.1016/j.bioorg.2021.104833,Q9NZQ7,4T1,other,,MC-38,Western blot,,,A549; HEK293; HEK293T; Jurkat; MCF7; MDA-MB-21; MDA-MB-231,4T1
2958,10.1016/j.bioorg.2021.104833,Q9NZQ7,MC-38,other,,MC-38,Western blot,,,A549; HEK293; HEK293T; Jurkat; MCF7; MDA-MB-21; MDA-MB-231,MC-38
2959,10.1016/j.bioorg.2021.104833,Q9NZQ7,B16F10,other,,MC-38,Western blot,,,A549; HEK293; HEK293T; Jurkat; MCF7; MDA-MB-21; MDA-MB-231,B16F10
2960,10.1016/j.bioorg.2021.104833,Q9NZQ7,B16F10,other,,MC-38,Western blot,,,A549; HEK293; HEK293T; Jurkat; MCF7; MDA-MB-21; MDA-MB-231,B16F10
2961,10.1016/j.bioorg.2021.104833,Q9NZQ7,4T1,other,,MC-38,Western blot,,,A549; HEK293; HEK293T; Jurkat; MCF7; MDA-MB-21; MDA-MB-231,4T1
2962,10.1016/j.bioorg.2021.104833,Q9NZQ7,MC-38,other,,MC-38,Western blot,,,A549; HEK293; HEK293T; Jurkat; MCF7; MDA-MB-21; MDA-MB-231,MC-38
2963,10.1016/j.bioorg.2021.104833,Q9NZQ7,B16F10,other,,MC-38,Western blot,,,A549; HEK293; HEK293T; Jurkat; MCF7; MDA-MB-21; MDA-MB-231,B16F10
2964,10.1016/j.bioorg.2021.104833,Q9NZQ7,4T1,other,,MC-38,Western blot,,,A549; HEK293; HEK293T; Jurkat; MCF7; MDA-MB-21; MDA-MB-231,4T1
2965,10.1016/j.bioorg.2021.104833,Q9NZQ7,MC-38,other,,MC-38,Western blot,,,A549; HEK293; HEK293T; Jurkat; MCF7; MDA-MB-21; MDA-MB-231,MC-38
2966,10.1016/j.bioorg.2021.104833,Q9NZQ7,B16F10,other,,MC-38,Western blot,,,A549; HEK293; HEK293T; Jurkat; MCF7; MDA-MB-21; MDA-MB-231,B16F10
2967,10.1016/j.bioorg.2021.104833,Q9NZQ7,4T1,other,,MC-38,Western blot,,,A549; HEK293; HEK293T; Jurkat; MCF7; MDA-MB-21; MDA-MB-231,4T1
2968,10.1016/j.bioorg.2021.104833,Q9NZQ7,MC-38,other,,MC-38,Western blot,,,A549; HEK293; HEK293T; Jurkat; MCF7; MDA-MB-21; MDA-MB-231,MC-38
2969,10.1016/j.bioorg.2021.104833,Q9NZQ7,B16F10,other,,MC-38,Western blot,,,A549; HEK293; HEK293T; Jurkat; MCF7; MDA-MB-21; MDA-MB-231,B16F10
2970,10.1016/j.bioorg.2021.104833,Q9NZQ7,,other,,MC-38,Western blot,,,A549; HEK293; HEK293T; Jurkat; MCF7; MDA-MB-21; MDA-MB-231,MC-38
2971,10.1016/j.bioorg.2021.104833,Q9NZQ7,,other,,MC-38,Western blot,,,A549; HEK293; HEK293T; Jurkat; MCF7; MDA-MB-21; MDA-MB-231,MC-38
2972,10.1016/j.bioorg.2021.105447,P01116,,,,NCI-H358,Western blot,,,A549; HCT116,NCI-H358
2973,10.1016/j.bioorg.2021.105447,P01116,,,,NCI-H358,Western blot,,,A549; HCT116,NCI-H358
2974,10.1016/j.bioorg.2021.105447,P01116,,,,NCI-H358,Western blot,,,A549; HCT116,NCI-H358
2975,10.1016/j.bioorg.2021.105447,P01116,,,,NCI-H358,Western blot,,,A549; HCT116,NCI-H358
2976,10.1016/j.bioorg.2021.105447,P01116,,,,NCI-H358,Western blot,,,A549; HCT116,NCI-H358
2977,10.1016/j.bioorg.2021.105447,P01116,,,,NCI-H358,Western blot,,,A549; HCT116,NCI-H358
2978,10.1016/j.bioorg.2021.105447,P01116,,,,NCI-H358,Western blot,,,A549; HCT116,NCI-H358
2979,10.1016/j.bioorg.2021.105447,P01116,,,,NCI-H358,Western blot,,,A549; HCT116,NCI-H358
2980,10.1016/j.bioorg.2021.105447,P01116,,,,NCI-H358,Western blot,,,A549; HCT116,NCI-H358
2981,10.1016/j.bioorg.2021.105447,P01116,,,,NCI-H358,Western blot,,,A549; HCT116,NCI-H358
2982,10.1016/j.bioorg.2021.105447,P01116,,,,NCI-H358,Western blot,,,A549; HCT116,NCI-H358
2983,10.1016/j.bioorg.2021.105447,P01116,,,,NCI-H358,Western blot,,,A549; HCT116,NCI-H358
2984,10.1016/j.bioorg.2021.105447,P01116,,,,NCI-H358,Western blot,,,A549; HCT116,NCI-H358
2985,10.1016/j.bioorg.2021.105447,P01116,NCI-H358,other,48.0,NCI-H358,Western blot,,,A549; HCT116,NCI-H358
2986,10.1016/j.bioorg.2021.105447,P01116,,,,NCI-H358,Western blot,,,A549; HCT116,NCI-H358
2987,10.1016/j.bioorg.2021.105447,P01116,,,,NCI-H358,Western blot,,,A549; HCT116,NCI-H358
2988,10.1016/j.bioorg.2021.105447,P01116,,,,NCI-H358,Western blot,,,A549; HCT116,NCI-H358
2989,10.1016/j.bioorg.2021.105447,P01116,,,,NCI-H358,Western blot,,,A549; HCT116,NCI-H358
2990,10.1021/acs.biochem.1c00377,Q06124,,,,leukemic cells,degradation reporter,K562; MV4;11; MOLM-13; HEK293T; HEK293; Ba/F3; NIH3T3,Western blot; flow cytometry; degradation reporter,HEK293,K562
2991,10.1021/acs.biochem.1c00377,Q06124,,,,leukemic cells,degradation reporter,K562; MV4;11; MOLM-13; HEK293T; HEK293; Ba/F3; NIH3T3,Western blot; flow cytometry; degradation reporter,HEK293,K562
2992,10.1021/acs.biochem.1c00377,Q06124,,,,leukemic cells,degradation reporter,K562; MV4;11; MOLM-13; HEK293T; HEK293; Ba/F3; NIH3T3,Western blot; flow cytometry; degradation reporter,HEK293,K562
2993,10.1021/acs.biochem.1c00377,Q06124,,,,leukemic cells,degradation reporter,K562; MV4;11; MOLM-13; HEK293T; HEK293; Ba/F3; NIH3T3,Western blot; flow cytometry; degradation reporter,HEK293,K562
2994,10.1021/acs.biochem.1c00377,Q06124,,other,,leukemic cells,degradation reporter,K562; MV4;11; MOLM-13; HEK293T; HEK293; Ba/F3; NIH3T3,Western blot; flow cytometry; degradation reporter,HEK293,K562
2994,10.1021/acs.biochem.1c00377,Q06124,,other,,leukemic cells,degradation reporter,K562; MV4;11; MOLM-13; HEK293T; HEK293; Ba/F3; NIH3T3,Western blot; flow cytometry; degradation reporter,HEK293,K562
2995,10.1021/acs.biochem.1c00377,Q06124,,other,,leukemic cells,degradation reporter,K562; MV4;11; MOLM-13; HEK293T; HEK293; Ba/F3; NIH3T3,Western blot; flow cytometry; degradation reporter,HEK293,K562
2995,10.1021/acs.biochem.1c00377,Q06124,,other,,leukemic cells,degradation reporter,K562; MV4;11; MOLM-13; HEK293T; HEK293; Ba/F3; NIH3T3,Western blot; flow cytometry; degradation reporter,HEK293,K562
2996,10.1021/acs.biochem.1c00377,Q06124,,other,,leukemic cells,degradation reporter,K562; MV4;11; MOLM-13; HEK293T; HEK293; Ba/F3; NIH3T3,Western blot; flow cytometry; degradation reporter,HEK293,K562
2996,10.1021/acs.biochem.1c00377,Q06124,,other,,leukemic cells,degradation reporter,K562; MV4;11; MOLM-13; HEK293T; HEK293; Ba/F3; NIH3T3,Western blot; flow cytometry; degradation reporter,HEK293,K562
2997,10.1016/j.bmcl.2022.128636,P30291,,other,,,,,,,
2998,10.1016/j.bmcl.2022.128636,P30291,,,,,,,,,
2999,10.1016/j.bmcl.2022.128636,P30291,,,,,,,,,
3000,10.1016/j.bmcl.2022.128636,P30291,,,,,,,,,
3001,10.1016/j.bmcl.2022.128636,P30291,,,,,,,,,
3002,10.1016/j.bmcl.2022.128636,P30291,,,,,,,,,
3003,10.1016/j.bmcl.2022.128636,P30291,,,,,,,,,
3004,10.1016/j.bmcl.2022.128636,P30291,,,,,,,,,
3005,10.1016/j.bmcl.2022.128636,P30291,,,,,,,,,
3006,10.1016/j.bmcl.2022.128636,P30291,,,,,,,,,
3007,10.1016/j.bmcl.2022.128636,P30291,,other,,,,,,,
3008,10.1016/j.bmcl.2022.128636,P30291,,,,,,,,,
3009,10.1016/j.bmcl.2022.128636,P30291,,,,,,,,,
3010,10.1016/j.bmcl.2022.128636,P30291,,,,,,,,,
3011,10.1016/j.bmcl.2022.128636,P30291,,,,,,,,,
3012,10.1016/j.bmcl.2022.128636,P30291,,,,,,,,,
3013,10.1016/j.bmcl.2022.128636,P30291,,,,,,,,,
3014,10.1016/j.bmcl.2022.128636,P30291,,,,,,,,,
3015,10.1016/j.bmcl.2022.128636,P30291,,,,,,,,,
3016,10.1016/j.bmcl.2022.128636,P30291,,,,,,,,,
3017,10.1016/j.bmcl.2021.128448,P10275,,,,CRPC cell line,degradation assay,,,MCF-7; PC-3; PC3,CRPC cell line
3018,10.1016/j.bmcl.2021.128448,P10275,22RV1,other,24.0,CRPC cell line,degradation assay,,,MCF-7; PC-3; PC3,22RV1
3019,10.1016/j.bmcl.2021.128448,P10275,,,,CRPC cell line,degradation assay,,,MCF-7; PC-3; PC3,CRPC cell line
3020,10.1016/j.bmcl.2021.128448,P10275,,,,CRPC cell line,degradation assay,,,MCF-7; PC-3; PC3,CRPC cell line
3021,10.1016/j.bmcl.2021.128448,P10275,22RV1,other,24.0,CRPC cell line,degradation assay,,,MCF-7; PC-3; PC3,22RV1
3022,10.1016/j.bmcl.2021.128448,P10275,,,,CRPC cell line,degradation assay,,,MCF-7; PC-3; PC3,CRPC cell line
3023,10.1016/j.bmcl.2021.128448,P10275,22Rv1,other,,CRPC cell line,degradation assay,,,MCF-7; PC-3; PC3,22Rv1
3024,10.1016/j.bmcl.2021.128448,P10275,22Rv1,degradation reporter,24.0,CRPC cell line,degradation assay,,,MCF-7; PC-3; PC3,22Rv1
3025,10.1016/j.bmcl.2021.128448,P10275,22Rv1,other,,CRPC cell line,degradation assay,,,MCF-7; PC-3; PC3,22Rv1
3026,10.1016/j.bmcl.2021.128448,P10275,22Rv1,other,,CRPC cell line,degradation assay,,,MCF-7; PC-3; PC3,22Rv1
3027,10.1016/j.bmcl.2021.128448,P10275,22Rv1,degradation reporter,24.0,CRPC cell line,degradation assay,,,MCF-7; PC-3; PC3,22Rv1
3028,10.1016/j.bmcl.2021.128448,P10275,22Rv1,other,,CRPC cell line,degradation assay,,,MCF-7; PC-3; PC3,22Rv1
3029,10.1016/j.bmcl.2021.128448,P10275,22Rv1,degradation reporter,24.0,CRPC cell line,degradation assay,,,MCF-7; PC-3; PC3,22Rv1
3030,10.1016/j.bmcl.2021.128448,P10275,22Rv1,other,,CRPC cell line,degradation assay,,,MCF-7; PC-3; PC3,22Rv1
3031,10.1016/j.bmcl.2021.128448,P10275,22Rv1,other,,CRPC cell line,degradation assay,,,MCF-7; PC-3; PC3,22Rv1
3032,10.1016/j.bmcl.2021.128448,P10275,22Rv1,other,,CRPC cell line,degradation assay,,,MCF-7; PC-3; PC3,22Rv1
3033,10.1016/j.bmcl.2021.128448,P10275,22RV1,other,,CRPC cell line,degradation assay,,,MCF-7; PC-3; PC3,22RV1
3034,10.1016/j.bmcl.2021.128448,P10275,22RV1,other,,CRPC cell line,degradation assay,,,MCF-7; PC-3; PC3,22RV1
3035,10.1016/j.bmcl.2021.128448,P10275,22RV1,degradation reporter,24.0,CRPC cell line,degradation assay,,,MCF-7; PC-3; PC3,22RV1
3036,10.1016/j.bmcl.2021.128448,P10275,22RV1,other,,CRPC cell line,degradation assay,,,MCF-7; PC-3; PC3,22RV1
3037,10.1016/j.bmcl.2021.128448,P10275,22RV1,other,,CRPC cell line,degradation assay,,,MCF-7; PC-3; PC3,22RV1
3038,10.1016/j.bmcl.2021.128448,P10275,22RV1,other,,CRPC cell line,degradation assay,,,MCF-7; PC-3; PC3,22RV1
3039,10.1016/j.bmcl.2021.128448,P10275,22RV1,other,,CRPC cell line,degradation assay,,,MCF-7; PC-3; PC3,22RV1
3040,10.1016/j.bmcl.2021.128448,P10275,22RV1,other,,CRPC cell line,degradation assay,,,MCF-7; PC-3; PC3,22RV1
3041,10.1016/j.bmcl.2021.128448,P10275,22RV1,other,,CRPC cell line,degradation assay,,,MCF-7; PC-3; PC3,22RV1
3042,10.1016/j.bmcl.2021.128448,P10275,22RV1,other,,CRPC cell line,degradation assay,,,MCF-7; PC-3; PC3,22RV1
3043,10.1016/j.bmcl.2021.128448,P10275,22Rv1,other,,CRPC cell line,degradation assay,,,MCF-7; PC-3; PC3,22Rv1
3044,10.1111/cas.13198,Q9Y6A5,,,,,,,,,
3045,10.1111/cas.13198,Q9Y6A5,,,,,,,,,
3046,10.1111/cas.13198,Q9Y6A5,,,,,,,,,
3047,10.1016/j.bmcl.2022.128584,nan,,,,,,,,,
3048,10.1016/j.bmcl.2022.128584,nan,,,,,,,,,
3049,10.1016/j.bmcl.2022.128584,nan,,,,,,,,,
3050,10.1016/j.bmcl.2022.128584,nan,,,,,,,,,
3051,10.1016/j.bmcl.2022.128584,nan,,,,,,,,,
3052,10.1016/j.bmcl.2022.128584,nan,,,,,,,,,
3053,10.1021/acsmedchemlett.1c00498,P10275,Caco-2,other,,Huh-7,Western blot,,,MCF-7; PC-3; PC3,Caco-2
3053,10.1021/acs.jmedchem.3c01264,P10275,Caco-2,other,,VCaP; LNCaP,degradation reporter,,TR-FRET,MCF-7; PC-3; PC3,Caco-2
3053,10.1021/acs.jmedchem.3c01264,P10275,Caco-2,other,,VCaP; LNCaP,degradation reporter,,TR-FRET,MCF-7; PC-3; PC3,Caco-2
3053,10.1021/acs.jmedchem.3c01264,P10275,Caco-2,other,,VCaP; LNCaP,degradation reporter,,TR-FRET,MCF-7; PC-3; PC3,Caco-2
3053,10.1021/acs.jmedchem.3c01264,P10275,Caco-2,other,,VCaP; LNCaP,degradation reporter,,TR-FRET,MCF-7; PC-3; PC3,Caco-2
3053,10.1021/acs.jmedchem.3c01264,P10275,Caco-2,other,,VCaP; LNCaP,degradation reporter,,TR-FRET,MCF-7; PC-3; PC3,Caco-2
3053,10.1021/acs.jmedchem.3c01264,P10275,Caco-2,other,,VCaP; LNCaP,degradation reporter,,TR-FRET,MCF-7; PC-3; PC3,Caco-2
3053,10.1021/acs.jmedchem.3c01264,P10275,Caco-2,other,,VCaP; LNCaP,degradation reporter,,TR-FRET,MCF-7; PC-3; PC3,Caco-2
3053,10.1021/acs.jmedchem.3c01264,P10275,Caco-2,other,,VCaP; LNCaP,degradation reporter,,TR-FRET,MCF-7; PC-3; PC3,Caco-2
3053,10.1021/acs.jmedchem.3c01264,P10275,Caco-2,other,,VCaP; LNCaP,degradation reporter,,TR-FRET,MCF-7; PC-3; PC3,Caco-2
3053,10.1021/acs.jmedchem.3c01264,P10275,Caco-2,other,,VCaP; LNCaP,degradation reporter,,TR-FRET,MCF-7; PC-3; PC3,Caco-2
3053,10.1021/acs.jmedchem.3c01264,P10275,Caco-2,other,,VCaP; LNCaP,degradation reporter,,TR-FRET,MCF-7; PC-3; PC3,Caco-2
3053,10.1021/acs.jmedchem.3c01264,P10275,Caco-2,other,,VCaP; LNCaP,degradation reporter,,TR-FRET,MCF-7; PC-3; PC3,Caco-2
3053,10.1021/acs.jmedchem.3c01264,P10275,Caco-2,other,,VCaP; LNCaP,degradation reporter,,TR-FRET,MCF-7; PC-3; PC3,Caco-2
3054,10.1021/acsmedchemlett.1c00498,P10275,VCaP,degradation reporter,24.0,Huh-7,Western blot,,,MCF-7; PC-3; PC3,VCaP
3055,10.1021/acsmedchemlett.1c00498,P10275,VCaP,degradation reporter,24.0,Huh-7,Western blot,,,MCF-7; PC-3; PC3,VCaP
3056,10.1021/acsmedchemlett.1c00498,P10275,VCaP,degradation reporter,24.0,Huh-7,Western blot,,,MCF-7; PC-3; PC3,VCaP
3056,10.1021/acs.jmedchem.3c01264,P10275,VCaP,degradation reporter,24.0,VCaP; LNCaP,degradation reporter,,TR-FRET,MCF-7; PC-3; PC3,VCaP
3057,10.1021/acsmedchemlett.1c00498,P10275,VCaP,degradation reporter,24.0,Huh-7,Western blot,,,MCF-7; PC-3; PC3,VCaP
3058,10.1021/acsmedchemlett.1c00498,P10275,VCaP,degradation reporter,24.0,Huh-7,Western blot,,,MCF-7; PC-3; PC3,VCaP
3059,10.1021/acsmedchemlett.1c00498,P10275,VCaP,degradation reporter,24.0,Huh-7,Western blot,,,MCF-7; PC-3; PC3,VCaP
3059,10.1021/acs.jmedchem.3c01264,P10275,VCaP,degradation reporter,24.0,VCaP; LNCaP,degradation reporter,,TR-FRET,MCF-7; PC-3; PC3,VCaP
3060,10.1021/acsmedchemlett.1c00498,P10275,VCaP,degradation reporter,24.0,Huh-7,Western blot,,,MCF-7; PC-3; PC3,VCaP
3061,10.1021/acsmedchemlett.1c00498,P10275,VCaP,degradation reporter,24.0,Huh-7,Western blot,,,MCF-7; PC-3; PC3,VCaP
3062,10.1021/acsmedchemlett.1c00498,P10275,VCaP,degradation reporter,24.0,Huh-7,Western blot,,,MCF-7; PC-3; PC3,VCaP
3063,10.1021/acsmedchemlett.1c00498,P10275,VCaP,degradation reporter,24.0,Huh-7,Western blot,,,MCF-7; PC-3; PC3,VCaP
3064,10.1021/acsmedchemlett.1c00498,P10275,VCaP,degradation reporter,24.0,Huh-7,Western blot,,,MCF-7; PC-3; PC3,VCaP
3065,10.1021/acsmedchemlett.1c00244,P51617,HEK293T,degradation reporter,24.0,,,,Western blot; HiBit,HL-60,HEK293T
3066,10.1021/acsmedchemlett.1c00244,P51617,HEK293T,degradation reporter,24.0,,,,Western blot; HiBit,HL-60,HEK293T
3067,10.1021/acsmedchemlett.1c00244,P51617,HEK293T,Western blot,24.0,,,,Western blot; HiBit,HL-60,HEK293T
3068,10.1021/acsmedchemlett.1c00244,P51617,HEK293T,Western blot,24.0,,,,Western blot; HiBit,HL-60,HEK293T
3069,10.1021/acsmedchemlett.1c00244,P51617,HEK293T,Western blot,24.0,,,,Western blot; HiBit,HL-60,HEK293T
3070,10.1021/acsmedchemlett.1c00244,P51617,HEK293T,Western blot,24.0,,,,Western blot; HiBit,HL-60,HEK293T
3071,10.1021/acsmedchemlett.1c00244,P51617,HEK293T,Western blot,24.0,,,,Western blot; HiBit,HL-60,HEK293T
3072,10.1021/acsmedchemlett.1c00244,P51617,HEK293T,Western blot,24.0,,,,Western blot; HiBit,HL-60,HEK293T
3073,10.1021/acsmedchemlett.1c00245,O60674,MHH-CALL-4,other,,RS4;11; human leukemia cells,degradation assay; cell growth inhibition,MHH-CALL-4; Caco-2,Western blot; flow cytometry; cytotoxicity assay,,MHH-CALL-4
3074,10.1021/acsmedchemlett.1c00245,O60674,MHH-CALL-4,other,,RS4;11; human leukemia cells,degradation assay; cell growth inhibition,MHH-CALL-4; Caco-2,Western blot; flow cytometry; cytotoxicity assay,,MHH-CALL-4
3075,10.1021/acsmedchemlett.1c00245,O60674,MHH-CALL-4,other,,RS4;11; human leukemia cells,degradation assay; cell growth inhibition,MHH-CALL-4; Caco-2,Western blot; flow cytometry; cytotoxicity assay,,MHH-CALL-4
3076,10.1021/acsmedchemlett.1c00245,O60674,MHH-CALL-4,other,,RS4;11; human leukemia cells,degradation assay; cell growth inhibition,MHH-CALL-4; Caco-2,Western blot; flow cytometry; cytotoxicity assay,,MHH-CALL-4
3077,10.1021/acsmedchemlett.1c00245,O60674,MHH-CALL-4,other,,RS4;11; human leukemia cells,degradation assay; cell growth inhibition,MHH-CALL-4; Caco-2,Western blot; flow cytometry; cytotoxicity assay,,MHH-CALL-4
3078,10.1021/acsmedchemlett.1c00245,O60674,MHH-CALL-4,other,,RS4;11; human leukemia cells,degradation assay; cell growth inhibition,MHH-CALL-4; Caco-2,Western blot; flow cytometry; cytotoxicity assay,,MHH-CALL-4
3079,10.1021/acsmedchemlett.1c00245,O60674,MHH-CALL-4,other,,RS4;11; human leukemia cells,degradation assay; cell growth inhibition,MHH-CALL-4; Caco-2,Western blot; flow cytometry; cytotoxicity assay,,MHH-CALL-4
3080,10.1021/acsmedchemlett.1c00245,O60674,MHH-CALL-4,other,,RS4;11; human leukemia cells,degradation assay; cell growth inhibition,MHH-CALL-4; Caco-2,Western blot; flow cytometry; cytotoxicity assay,,MHH-CALL-4
3081,10.1021/acsmedchemlett.1c00245,O60674,MHH-CALL-4,other,,RS4;11; human leukemia cells,degradation assay; cell growth inhibition,MHH-CALL-4; Caco-2,Western blot; flow cytometry; cytotoxicity assay,,MHH-CALL-4
3082,10.1021/acsmedchemlett.1c00245,O60674,MHH-CALL-4,other,,RS4;11; human leukemia cells,degradation assay; cell growth inhibition,MHH-CALL-4; Caco-2,Western blot; flow cytometry; cytotoxicity assay,,MHH-CALL-4
3083,10.1021/acsmedchemlett.1c00178,Q06187,Ramos,ELISA,16.0,,,,ELISA,HL-60; K562; Ramos,Ramos
3084,10.1021/acsmedchemlett.1c00178,Q06187,Ramos,ELISA,16.0,,,,ELISA,HL-60; K562; Ramos,Ramos
3085,10.1021/acsmedchemlett.1c00178,Q06187,Ramos,ELISA,16.0,,,,ELISA,HL-60; K562; Ramos,Ramos
3086,10.1021/acsmedchemlett.1c00178,Q06187,Ramos,ELISA,16.0,,,,ELISA,HL-60; K562; Ramos,Ramos
3087,10.1021/acsmedchemlett.1c00178,Q06187,Ramos,ELISA,16.0,,,,ELISA,HL-60; K562; Ramos,Ramos
3088,10.1021/acsmedchemlett.1c00178,Q06187,Ramos,ELISA,16.0,,,,ELISA,HL-60; K562; Ramos,Ramos
3089,10.1021/acsmedchemlett.1c00178,Q06187,Ramos,ELISA,16.0,,,,ELISA,HL-60; K562; Ramos,Ramos
3090,10.1021/acsmedchemlett.1c00178,Q06187,Ramos,ELISA,16.0,,,,ELISA,HL-60; K562; Ramos,Ramos
3091,10.1021/acsmedchemlett.1c00178,Q06187,Ramos,ELISA,16.0,,,,ELISA,HL-60; K562; Ramos,Ramos
3092,10.1021/acsmedchemlett.1c00178,Q06187,Ramos,ELISA,16.0,,,,ELISA,HL-60; K562; Ramos,Ramos
3093,10.1021/acsmedchemlett.1c00178,Q06187,Ramos,ELISA,16.0,,,,ELISA,HL-60; K562; Ramos,Ramos
3094,10.1021/acsmedchemlett.1c00178,Q06187,Ramos,ELISA,16.0,,,,ELISA,HL-60; K562; Ramos,Ramos
3095,10.1021/acsmedchemlett.1c00580,Q9H8M2,HEK293A,,24.0,,Western blot; degradation reporter,,,HEK293; U2OS,HEK293A
3096,10.1021/acsmedchemlett.1c00580,Q9H8M2,HEK293A,,24.0,,Western blot; degradation reporter,,,HEK293; U2OS,HEK293A
3097,10.1021/acsmedchemlett.1c00580,Q9H8M2,HEK293A,degradation reporter,24.0,,Western blot; degradation reporter,,,HEK293; U2OS,HEK293A
3098,10.1021/acsmedchemlett.1c00580,Q9H8M2,HEK293A,degradation reporter,24.0,,Western blot; degradation reporter,,,HEK293; U2OS,HEK293A
3099,10.1021/acsmedchemlett.1c00580,Q9H8M2,HEK293A,degradation reporter,24.0,,Western blot; degradation reporter,,,HEK293; U2OS,HEK293A
3100,10.1021/acsmedchemlett.1c00580,Q9H8M2,HEK293A,degradation reporter,24.0,,Western blot; degradation reporter,,,HEK293; U2OS,HEK293A
3101,10.1021/acsmedchemlett.1c00657,P51531,HT1080,degradation reporter,6.0,,,,,A549; U2OS,HT1080
3102,10.1021/acsmedchemlett.1c00657,P51531,HT1080,degradation reporter,6.0,,,,,A549; U2OS,HT1080
3103,10.1021/acsmedchemlett.1c00657,P51531,HT1080,degradation reporter,6.0,,,,,A549; U2OS,HT1080
3104,10.1021/acsmedchemlett.1c00657,P51531,HT1080,degradation reporter,6.0,,,,,A549; U2OS,HT1080
3105,10.1021/acsmedchemlett.1c00657,P51531,HT1080,degradation reporter,6.0,,,,,A549; U2OS,HT1080
3106,10.1021/acsmedchemlett.1c00657,P51531,HT1080,degradation reporter,6.0,,,,,A549; U2OS,HT1080
3107,10.1021/acsmedchemlett.2c00039,P15056,A375,degradation reporter,24.0,multiple cancer cell lines; primary endothelial cells,,,,,A375
3108,10.1021/acsmedchemlett.2c00039,P15056,A375,degradation reporter,24.0,multiple cancer cell lines; primary endothelial cells,,,,,A375
3109,10.1021/acsmedchemlett.2c00039,P15056,A375,degradation reporter,24.0,multiple cancer cell lines; primary endothelial cells,,,,,A375
3110,10.1021/acsmedchemlett.2c00039,P15056,A375,degradation reporter,24.0,multiple cancer cell lines; primary endothelial cells,,,,,A375
3111,10.1021/acsmedchemlett.2c00039,P15056,A375,degradation reporter,24.0,multiple cancer cell lines; primary endothelial cells,,,,,A375
3112,10.1021/acsmedchemlett.2c00039,P15056,A375,degradation reporter,24.0,multiple cancer cell lines; primary endothelial cells,,,,,A375
3113,10.1016/j.apsb.2020.11.022,Q00987,A549,other,,A549,Western blot,,,LNCaP; LnCAP; MCF7; MDA-MB-231; PC3; U2OS,A549
3114,10.1016/j.apsb.2020.11.022,Q00987,HepG2,other,,A549,Western blot,,,LNCaP; LnCAP; MCF7; MDA-MB-231; PC3; U2OS,HepG2
3115,10.1016/j.apsb.2020.11.022,Q00987,HCT116,other,,A549,Western blot,,,LNCaP; LnCAP; MCF7; MDA-MB-231; PC3; U2OS,HCT116
3116,10.1016/j.apsb.2020.11.022,Q00987,,other,,A549,Western blot,,,LNCaP; LnCAP; MCF7; MDA-MB-231; PC3; U2OS,A549
3117,10.1016/j.apsb.2020.11.022,Q00987,,other,,A549,Western blot,,,LNCaP; LnCAP; MCF7; MDA-MB-231; PC3; U2OS,A549
3118,10.1016/j.apsb.2020.11.022,Q00987,,other,,A549,Western blot,,,LNCaP; LnCAP; MCF7; MDA-MB-231; PC3; U2OS,A549
3119,10.1016/j.apsb.2020.11.022,Q00987,,other,,A549,Western blot,,,LNCaP; LnCAP; MCF7; MDA-MB-231; PC3; U2OS,A549
3120,10.1016/j.apsb.2020.11.022,Q00987,A549,other,24.0,A549,Western blot,,,LNCaP; LnCAP; MCF7; MDA-MB-231; PC3; U2OS,A549
3121,10.1016/j.apsb.2020.11.022,Q00987,,other,,A549,Western blot,,,LNCaP; LnCAP; MCF7; MDA-MB-231; PC3; U2OS,A549
3122,10.1016/j.apsb.2020.11.022,Q00987,,other,,A549,Western blot,,,LNCaP; LnCAP; MCF7; MDA-MB-231; PC3; U2OS,A549
3123,10.1016/j.apsb.2020.11.022,Q00987,,other,,A549,Western blot,,,LNCaP; LnCAP; MCF7; MDA-MB-231; PC3; U2OS,A549
3124,10.1016/j.apsb.2020.11.022,Q00987,,other,,A549,Western blot,,,LNCaP; LnCAP; MCF7; MDA-MB-231; PC3; U2OS,A549
3125,10.1016/j.apsb.2020.11.022,Q00987,,other,,A549,Western blot,,,LNCaP; LnCAP; MCF7; MDA-MB-231; PC3; U2OS,A549
3126,10.1016/j.apsb.2020.11.009,nan,,other,,Ba/F3 T315I,degradation assay,,,,Ba/F3 T315I
3127,10.1016/j.apsb.2020.11.009,nan,K562,other,,Ba/F3 T315I,degradation assay,,,,K562
3128,10.1016/j.apsb.2020.11.009,nan,Ba/F3 WT,other,,Ba/F3 T315I,degradation assay,,,,Ba/F3 WT
3129,10.1016/j.apsb.2020.11.009,nan,Ba/F3 BCR-ABL T315I,other,,Ba/F3 T315I,degradation assay,,,,Ba/F3 BCR-ABL T315I
3130,10.1016/j.apsb.2020.11.009,nan,K562,other,,Ba/F3 T315I,degradation assay,,,,K562
3131,10.1016/j.apsb.2020.11.009,nan,Ba/F3 WT,other,,Ba/F3 T315I,degradation assay,,,,Ba/F3 WT
3132,10.1016/j.apsb.2020.11.009,nan,Ba/F3 BCR-ABL T315I,other,,Ba/F3 T315I,degradation assay,,,,Ba/F3 BCR-ABL T315I
3133,10.1016/j.apsb.2020.11.009,nan,K562,other,,Ba/F3 T315I,degradation assay,,,,K562
3134,10.1016/j.apsb.2020.11.009,nan,Ba/F3 WT,other,,Ba/F3 T315I,degradation assay,,,,Ba/F3 WT
3135,10.1016/j.apsb.2020.11.009,nan,Ba/F3 BCR-ABL T315I,other,,Ba/F3 T315I,degradation assay,,,,Ba/F3 BCR-ABL T315I
3136,10.1016/j.apsb.2020.11.009,nan,K562,other,,Ba/F3 T315I,degradation assay,,,,K562
3137,10.1016/j.apsb.2020.11.009,nan,K562,other,,Ba/F3 T315I,degradation assay,,,,K562
3138,10.1016/j.apsb.2020.11.009,nan,Ba/F3 WT,other,,Ba/F3 T315I,degradation assay,,,,Ba/F3 WT
3139,10.1016/j.apsb.2020.11.009,nan,Ba/F3 BCR-ABL T315I,Western blot,24.0,Ba/F3 T315I,degradation assay,,,,Ba/F3 BCR-ABL T315I
3140,10.1016/j.apsb.2020.11.009,nan,K562,other,,Ba/F3 T315I,degradation assay,,,,K562
3141,10.1016/j.apsb.2020.11.009,nan,Ba/F3 WT,other,,Ba/F3 T315I,degradation assay,,,,Ba/F3 WT
3142,10.1016/j.apsb.2020.11.009,nan,Ba/F3 BCR-ABL T315I,other,,Ba/F3 T315I,degradation assay,,,,Ba/F3 BCR-ABL T315I
3143,10.1016/j.apsb.2020.11.009,nan,,other,,Ba/F3 T315I,degradation assay,,,,Ba/F3 T315I
3144,10.1016/j.apsb.2020.11.001,P04035,,other,,HepG2,Western blot,,,HEK293,HepG2
3145,10.1016/j.apsb.2020.11.001,P04035,,other,,HepG2,Western blot,,,HEK293,HepG2
3146,10.1016/j.apsb.2020.11.001,P04035,,other,,HepG2,Western blot,,,HEK293,HepG2
3147,10.1016/j.apsb.2020.11.001,P04035,,,,HepG2,Western blot,,,HEK293,HepG2
3148,10.1016/j.apsb.2020.11.001,P04035,Caco-2,,,HepG2,Western blot,,,HEK293,Caco-2
3149,10.1016/j.apsb.2020.11.001,P04035,HepG2,degradation reporter,16.0,HepG2,Western blot,,,HEK293,HepG2
3150,10.1021/acschembio.1c00376,O60885,HEK293T,AlphaScreen,3.0,,hydrogen-deuterium exchange mass spectrometry,,,,HEK293T
3151,10.1021/acsmedchemlett.1c00368,P11802,,,,,,,,HCT116; HeLa,
3151,10.1021/acsmedchemlett.1c00368,Q00534,,,,,,,,HCT116; HL-60; HL60,
3152,10.1021/acsmedchemlett.1c00368,P11802,,,,,,,,HCT116; HeLa,
3152,10.1021/acsmedchemlett.1c00368,Q00534,,,,,,,,HCT116; HL-60; HL60,
3153,10.1021/acsmedchemlett.1c00368,P11802,,,,,,,,HCT116; HeLa,
3153,10.1021/acsmedchemlett.1c00368,Q00534,,,,,,,,HCT116; HL-60; HL60,
3154,10.1002/ardp.202100467,P10275,,,,lung cancer cells,,,,MCF-7; PC-3; PC3,lung cancer cells
3155,10.1002/ardp.202100467,P10275,,,,lung cancer cells,,,,MCF-7; PC-3; PC3,lung cancer cells
3156,10.1002/ardp.202100467,P10275,,,,lung cancer cells,,,,MCF-7; PC-3; PC3,lung cancer cells
3157,10.1002/ardp.202100467,P10275,,,,lung cancer cells,,,,MCF-7; PC-3; PC3,lung cancer cells
3158,10.1002/ardp.202100467,P10275,,,,lung cancer cells,,,,MCF-7; PC-3; PC3,lung cancer cells
3159,10.1002/ardp.202100467,P10275,,,,lung cancer cells,,,,MCF-7; PC-3; PC3,lung cancer cells
3160,10.1002/ardp.202100467,P10275,,,,lung cancer cells,,,,MCF-7; PC-3; PC3,lung cancer cells
3161,10.1002/ardp.202100467,P10275,,,,lung cancer cells,,,,MCF-7; PC-3; PC3,lung cancer cells
3162,10.1002/ardp.202100467,P10275,,,,lung cancer cells,,,,MCF-7; PC-3; PC3,lung cancer cells
3163,10.1002/ardp.202100467,P10275,,,,lung cancer cells,,,,MCF-7; PC-3; PC3,lung cancer cells
3164,10.1002/ardp.202100467,P10275,,,,lung cancer cells,,,,MCF-7; PC-3; PC3,lung cancer cells
3165,10.1002/ardp.202100467,P10275,,,,lung cancer cells,,,,MCF-7; PC-3; PC3,lung cancer cells
3166,10.1002/ardp.202100467,P10275,,,,lung cancer cells,,,,MCF-7; PC-3; PC3,lung cancer cells
3167,10.1002/ardp.202100467,P10275,,,,lung cancer cells,,,,MCF-7; PC-3; PC3,lung cancer cells
3168,10.1002/ardp.202100467,P10275,,,,lung cancer cells,,,,MCF-7; PC-3; PC3,lung cancer cells
3169,10.1002/ardp.202100467,P10275,,,,lung cancer cells,,,,MCF-7; PC-3; PC3,lung cancer cells
3170,10.1002/ardp.202100467,P10275,,,,lung cancer cells,,,,MCF-7; PC-3; PC3,lung cancer cells
3171,10.1002/ardp.202100467,P10275,A549,degradation reporter,24.0,lung cancer cells,,,,MCF-7; PC-3; PC3,A549
3172,10.1002/ardp.202100467,P10275,,,,lung cancer cells,,,,MCF-7; PC-3; PC3,lung cancer cells
3173,10.1016/j.chembiol.2021.04.018,O75533,K562,,,,proteomic analysis; apoptosis assay,,,,K562
3173,10.1016/j.chembiol.2021.04.018,O75533,K562,,,,proteomic analysis; apoptosis assay,,,,K562
3174,10.1038/s41375-019-0440-x,Q06187,RAMOS,other,24.0,,,,,HL-60; K562; Ramos,RAMOS
3174,10.1038/s41375-019-0440-x,Q06187,RAMOS,other,24.0,,,,,HL-60; K562; Ramos,RAMOS
3174,10.1038/s41375-019-0440-x,Q06187,RAMOS,other,24.0,,,,,HL-60; K562; Ramos,RAMOS
3174,10.1038/s41375-019-0440-x,Q06187,RAMOS,other,24.0,,,,,HL-60; K562; Ramos,RAMOS
3174,10.1038/s41375-019-0440-x,Q06187,RAMOS,other,24.0,,,,,HL-60; K562; Ramos,RAMOS
3174,10.1038/s41375-019-0440-x,Q06187,RAMOS,other,24.0,,,,,HL-60; K562; Ramos,RAMOS
3174,10.1039/d3md00216k,Q06187,RAMOS,other,24.0,,,,,HL-60; K562; Ramos,RAMOS
3175,10.1038/s41422-021-00533-6,Q06187,,,,,,,,HL-60; K562; Ramos,
3176,10.1038/s41422-021-00533-6,Q06187,,,,,,,,HL-60; K562; Ramos,
3177,10.1038/s41422-021-00533-6,Q06187,,,,,,,,HL-60; K562; Ramos,
3178,10.1038/s41422-021-00533-6,Q06187,,,,,,,,HL-60; K562; Ramos,
3179,10.1038/s41422-021-00533-6,Q06187,,,,,,,,HL-60; K562; Ramos,
3180,10.1038/s41422-021-00533-6,Q06187,,,,,,,,HL-60; K562; Ramos,
3181,10.1038/s41422-021-00533-6,Q06187,DOHH2,other,24.0,,,,,HL-60; K562; Ramos,DOHH2
3182,10.1038/s41422-021-00533-6,Q06187,,,,,,,,HL-60; K562; Ramos,
3183,10.1038/s41422-021-00533-6,Q06187,,,,,,,,HL-60; K562; Ramos,
3184,10.1038/s41422-021-00533-6,Q06187,,,,,,,,HL-60; K562; Ramos,
3185,10.1038/s41422-021-00533-6,Q06187,,,,,,,,HL-60; K562; Ramos,
3186,10.1038/s41422-021-00533-6,Q06187,,,,,,,,HL-60; K562; Ramos,
3187,10.1038/s41422-021-00533-6,Q06187,,,,,,,,HL-60; K562; Ramos,
3188,10.1038/s41422-021-00533-6,Q06187,,,,,,,,HL-60; K562; Ramos,
3189,10.1039/d1cc05715d,P00533,,other,,HCC4006,degradation reporter,,,,HCC4006
3190,10.1039/d2cc00272h,Q9BY41,,,,Jurkat,,,,HeLa,Jurkat
3191,10.1039/d2cc00272h,Q9BY41,,,,Jurkat,,,,HeLa,Jurkat
3192,10.1039/d2cc00272h,Q9BY41,Jurkat,other,24.0,Jurkat,,,,HeLa,Jurkat
3193,10.1039/d2cc00272h,Q9BY41,Jurkat,other,24.0,Jurkat,,,,HeLa,Jurkat
3193,10.1016/j.bioorg.2023.106546,Q9BY41,Jurkat,other,24.0,MDA-MB-231; Jurkat,flow cytometry; caspase 3/7 activity assay,,,HeLa,Jurkat
3194,10.3389/fncel.2022.801179,P10636,,,,FTD-patient induced pluripotent stem cells (iPSC)-derived neurons,tau degradation,,,,FTD-patient induced pluripotent stem cells (iPSC)-derived neurons
3195,10.3389/fncel.2022.801179,P10636,,,,FTD-patient induced pluripotent stem cells (iPSC)-derived neurons,tau degradation,,,,FTD-patient induced pluripotent stem cells (iPSC)-derived neurons
3196,10.3389/fncel.2022.801179,P10636,,,,FTD-patient induced pluripotent stem cells (iPSC)-derived neurons,tau degradation,,,,FTD-patient induced pluripotent stem cells (iPSC)-derived neurons
3197,10.3389/fncel.2022.801179,P10636,,,,FTD-patient induced pluripotent stem cells (iPSC)-derived neurons,tau degradation,,,,FTD-patient induced pluripotent stem cells (iPSC)-derived neurons
3198,10.3389/fncel.2022.801179,P10636,,,,FTD-patient induced pluripotent stem cells (iPSC)-derived neurons,tau degradation,,,,FTD-patient induced pluripotent stem cells (iPSC)-derived neurons
3199,10.3389/fncel.2022.801179,P10636,,,,FTD-patient induced pluripotent stem cells (iPSC)-derived neurons,tau degradation,,,,FTD-patient induced pluripotent stem cells (iPSC)-derived neurons
3200,10.3389/fncel.2022.801179,P10636,,,,FTD-patient induced pluripotent stem cells (iPSC)-derived neurons,tau degradation,,,,FTD-patient induced pluripotent stem cells (iPSC)-derived neurons
3201,10.3389/fncel.2022.801179,P10636,,,,FTD-patient induced pluripotent stem cells (iPSC)-derived neurons,tau degradation,,,,FTD-patient induced pluripotent stem cells (iPSC)-derived neurons
3202,10.3389/fncel.2022.801179,P10636,,,,FTD-patient induced pluripotent stem cells (iPSC)-derived neurons,tau degradation,,,,FTD-patient induced pluripotent stem cells (iPSC)-derived neurons
3203,10.3389/fncel.2022.801179,P10636,,,,FTD-patient induced pluripotent stem cells (iPSC)-derived neurons,tau degradation,,,,FTD-patient induced pluripotent stem cells (iPSC)-derived neurons
3204,10.3389/fncel.2022.801179,P10636,,,,FTD-patient induced pluripotent stem cells (iPSC)-derived neurons,tau degradation,,,,FTD-patient induced pluripotent stem cells (iPSC)-derived neurons
3205,10.3389/fncel.2022.801179,P10636,,,,FTD-patient induced pluripotent stem cells (iPSC)-derived neurons,tau degradation,,,,FTD-patient induced pluripotent stem cells (iPSC)-derived neurons
3206,10.3389/fchem.2021.674967,Q13133,,,,,,,,HEK293,
3206,10.3389/fchem.2021.674967,P55055,,,,,,,,HEK293; THP1,
3207,10.3389/fchem.2021.674967,Q13133,,,,,,,,HEK293,
3207,10.3389/fchem.2021.674967,P55055,,,,,,,,HEK293; THP1,
3208,10.3389/fchem.2021.674967,Q13133,,TR-FRET,,,,,,HEK293,
3208,10.3389/fchem.2021.674967,P55055,,TR-FRET,,,,,,HEK293; THP1,
3209,10.3389/fchem.2021.674967,Q13133,,,,,,,,HEK293,
3209,10.3389/fchem.2021.674967,P55055,,,,,,,,HEK293; THP1,
3210,10.3389/fchem.2021.674967,Q13133,,,,,,,,HEK293,
3210,10.3389/fchem.2021.674967,P55055,,,,,,,,HEK293; THP1,
3211,10.3389/fchem.2021.674967,Q13133,,,,,,,,HEK293,
3211,10.3389/fchem.2021.674967,P55055,,,,,,,,HEK293; THP1,
3212,10.3389/fchem.2021.674967,Q13133,,,,,,,,HEK293,
3212,10.3389/fchem.2021.674967,P55055,,,,,,,,HEK293; THP1,
3213,10.1038/s41467-021-27210-x,P10415,HEK293T,degradation reporter,16.0,BCL-xL/2-dependent leukemia cells,degradation reporter,,,HL-60; HeLa; Jurkat; PC3,HEK293T
3213,10.1038/s41467-021-27210-x,Q07817,HEK293T,degradation reporter,16.0,BCL-xL/2-dependent leukemia cells,degradation reporter,,,Jurkat,HEK293T
3214,10.1038/s41467-021-27210-x,P10415,HEK293T,degradation reporter,16.0,BCL-xL/2-dependent leukemia cells,degradation reporter,,,HL-60; HeLa; Jurkat; PC3,HEK293T
3214,10.1038/s41467-021-27210-x,Q07817,HEK293T,degradation reporter,16.0,BCL-xL/2-dependent leukemia cells,degradation reporter,,,Jurkat,HEK293T
3215,10.1038/s41467-021-27210-x,P10415,HEK293T,degradation reporter,16.0,BCL-xL/2-dependent leukemia cells,degradation reporter,,,HL-60; HeLa; Jurkat; PC3,HEK293T
3215,10.1038/s41467-021-27210-x,Q07817,HEK293T,degradation reporter,16.0,BCL-xL/2-dependent leukemia cells,degradation reporter,,,Jurkat,HEK293T
3216,10.1038/s41467-021-27210-x,P10415,HEK293T,degradation reporter,16.0,BCL-xL/2-dependent leukemia cells,degradation reporter,,,HL-60; HeLa; Jurkat; PC3,HEK293T
3216,10.1038/s41467-021-27210-x,Q07817,HEK293T,degradation reporter,16.0,BCL-xL/2-dependent leukemia cells,degradation reporter,,,Jurkat,HEK293T
3217,10.1038/s41467-021-27210-x,P10415,HEK293T,degradation reporter,16.0,BCL-xL/2-dependent leukemia cells,degradation reporter,,,HL-60; HeLa; Jurkat; PC3,HEK293T
3217,10.1038/s41467-021-27210-x,Q07817,HEK293T,degradation reporter,16.0,BCL-xL/2-dependent leukemia cells,degradation reporter,,,Jurkat,HEK293T
3218,10.1038/s41467-021-27210-x,P10415,293T,degradation reporter,16.0,BCL-xL/2-dependent leukemia cells,degradation reporter,,,HL-60; HeLa; Jurkat; PC3,293T
3218,10.1038/s41467-021-27210-x,Q07817,293T,degradation reporter,16.0,BCL-xL/2-dependent leukemia cells,degradation reporter,,,Jurkat,293T
3219,10.1038/s41467-021-27210-x,P10415,293T,degradation reporter,16.0,BCL-xL/2-dependent leukemia cells,degradation reporter,,,HL-60; HeLa; Jurkat; PC3,293T
3219,10.1038/s41467-021-27210-x,Q07817,293T,degradation reporter,16.0,BCL-xL/2-dependent leukemia cells,degradation reporter,,,Jurkat,293T
3220,10.1038/s41467-021-27210-x,P10415,,AlphaScreen,,BCL-xL/2-dependent leukemia cells,degradation reporter,,,HL-60; HeLa; Jurkat; PC3,BCL-xL/2-dependent leukemia cells
3220,10.1038/s41467-021-27210-x,Q07817,,AlphaScreen,,BCL-xL/2-dependent leukemia cells,degradation reporter,,,Jurkat,BCL-xL/2-dependent leukemia cells
3221,10.1038/s41467-021-27210-x,P10415,293T,degradation reporter,16.0,BCL-xL/2-dependent leukemia cells,degradation reporter,,,HL-60; HeLa; Jurkat; PC3,293T
3221,10.1038/s41467-021-27210-x,Q07817,293T,degradation reporter,16.0,BCL-xL/2-dependent leukemia cells,degradation reporter,,,Jurkat,293T
3222,10.3390/molecules26237241,Q13547,,other,,MM.1S,,,,HeLa,MM.1S
3222,10.3390/molecules26237241,O15379,,other,,MM.1S,,,,HEK293; HL60; HeLa,MM.1S
3222,10.3390/molecules26237241,Q9UBN7,,other,,MM.1S,,,,A549; HCT116; HEK293; HeLa,MM.1S
3223,10.3390/molecules26237241,Q13547,MM.1S,other,,MM.1S,,,,HeLa,MM.1S
3223,10.3390/molecules26237241,O15379,MM.1S,other,,MM.1S,,,,HEK293; HL60; HeLa,MM.1S
3223,10.3390/molecules26237241,Q9UBN7,MM.1S,other,,MM.1S,,,,A549; HCT116; HEK293; HeLa,MM.1S
3224,10.3390/molecules26237241,Q13547,,other,,MM.1S,,,,HeLa,MM.1S
3224,10.3390/molecules26237241,O15379,,other,,MM.1S,,,,HEK293; HL60; HeLa,MM.1S
3224,10.3390/molecules26237241,Q9UBN7,,other,,MM.1S,,,,A549; HCT116; HEK293; HeLa,MM.1S
3225,10.3390/molecules26237241,Q13547,,other,,MM.1S,,,,HeLa,MM.1S
3225,10.3390/molecules26237241,O15379,,other,,MM.1S,,,,HEK293; HL60; HeLa,MM.1S
3225,10.3390/molecules26237241,Q9UBN7,,other,,MM.1S,,,,A549; HCT116; HEK293; HeLa,MM.1S
3226,10.3390/molecules26237241,Q13547,MM.1S,,,MM.1S,,,,HeLa,MM.1S
3226,10.3390/molecules26237241,O15379,MM.1S,,,MM.1S,,,,HEK293; HL60; HeLa,MM.1S
3226,10.3390/molecules26237241,Q9UBN7,MM.1S,,,MM.1S,,,,A549; HCT116; HEK293; HeLa,MM.1S
3227,10.3390/molecules26237241,Q13547,MM.1S,,,MM.1S,,,,HeLa,MM.1S
3227,10.3390/molecules26237241,O15379,MM.1S,,,MM.1S,,,,HEK293; HL60; HeLa,MM.1S
3227,10.3390/molecules26237241,Q9UBN7,MM.1S,,,MM.1S,,,,A549; HCT116; HEK293; HeLa,MM.1S
3228,10.3390/molecules26237241,Q13547,,,,MM.1S,,,,HeLa,MM.1S
3228,10.3390/molecules26237241,O15379,,,,MM.1S,,,,HEK293; HL60; HeLa,MM.1S
3228,10.3390/molecules26237241,Q9UBN7,,,,MM.1S,,,,A549; HCT116; HEK293; HeLa,MM.1S
3229,10.3390/molecules26237241,Q13547,,other,,MM.1S,,,,HeLa,MM.1S
3229,10.3390/molecules26237241,O15379,,other,,MM.1S,,,,HEK293; HL60; HeLa,MM.1S
3229,10.3390/molecules26237241,Q9UBN7,,other,,MM.1S,,,,A549; HCT116; HEK293; HeLa,MM.1S
3230,10.3390/molecules26237241,Q13547,MM.1S,other,,MM.1S,,,,HeLa,MM.1S
3230,10.3390/molecules26237241,O15379,MM.1S,other,,MM.1S,,,,HEK293; HL60; HeLa,MM.1S
3230,10.3390/molecules26237241,Q9UBN7,MM.1S,other,,MM.1S,,,,A549; HCT116; HEK293; HeLa,MM.1S
3231,10.3390/molecules26237241,Q13547,MM.1S,other,,MM.1S,,,,HeLa,MM.1S
3231,10.3390/molecules26237241,O15379,MM.1S,other,,MM.1S,,,,HEK293; HL60; HeLa,MM.1S
3231,10.3390/molecules26237241,Q9UBN7,MM.1S,other,,MM.1S,,,,A549; HCT116; HEK293; HeLa,MM.1S
3232,10.3390/molecules26237241,Q13547,MM.1S,other,,MM.1S,,,,HeLa,MM.1S
3232,10.3390/molecules26237241,O15379,MM.1S,other,,MM.1S,,,,HEK293; HL60; HeLa,MM.1S
3232,10.3390/molecules26237241,Q9UBN7,MM.1S,other,,MM.1S,,,,A549; HCT116; HEK293; HeLa,MM.1S
3233,10.3390/molecules26237241,Q13547,MM.1S,,,MM.1S,,,,HeLa,MM.1S
3233,10.3390/molecules26237241,O15379,MM.1S,,,MM.1S,,,,HEK293; HL60; HeLa,MM.1S
3233,10.3390/molecules26237241,Q9UBN7,MM.1S,,,MM.1S,,,,A549; HCT116; HEK293; HeLa,MM.1S
3234,10.3390/molecules26237241,Q13547,MM.1S,,,MM.1S,,,,HeLa,MM.1S
3234,10.3390/molecules26237241,O15379,MM.1S,,,MM.1S,,,,HEK293; HL60; HeLa,MM.1S
3234,10.3390/molecules26237241,Q9UBN7,MM.1S,,,MM.1S,,,,A549; HCT116; HEK293; HeLa,MM.1S
3235,10.3390/molecules27051655,Q00613,,,,,,,,HCT116; HEK293; HL60; HeLa; Jurkat; U2OS,
3236,10.3390/molecules27051655,Q00613,,,,,,,,HCT116; HEK293; HL60; HeLa; Jurkat; U2OS,
3237,10.3390/molecules27051655,Q00613,,,,,,,,HCT116; HEK293; HL60; HeLa; Jurkat; U2OS,
3238,10.1126/scitranslmed.abj1578,P61964,,,,,,,,HeLa,
3239,10.1126/scitranslmed.abj1578,P61964,,,,,,,,HeLa,
3240,10.1126/scitranslmed.abj1578,P61964,,,,,,,,HeLa,
3241,10.1126/scitranslmed.abj1578,P61964,,,,,,,,HeLa,
3242,10.1126/scitranslmed.abj1578,P61964,,,,,,,,HeLa,
3243,10.1126/scitranslmed.abj1578,P61964,,,,,,,,HeLa,
3244,10.1126/scitranslmed.abj1578,P61964,,,,,,,,HeLa,
3245,10.1126/scitranslmed.abj1578,P61964,MV4-11,degradation reporter,18.0,,,,,HeLa,MV4-11
3246,10.1126/scitranslmed.abj1578,P61964,,,,,,,,HeLa,
3247,10.1126/scitranslmed.abj1578,P61964,,,,,,,,HeLa,
3248,10.1126/scitranslmed.abj1578,P61964,,,,,,,,HeLa,
3249,10.1126/scitranslmed.abj1578,P61964,,,,,,,,HeLa,
3250,10.1126/scitranslmed.abj1578,P61964,,,,,,,,HeLa,
3251,10.1126/scitranslmed.abj1578,P61964,,,,,,,,HeLa,
3252,10.1126/scitranslmed.abj1578,P61964,,,,,,,,HeLa,
3253,10.1126/scitranslmed.abj1578,P61964,,,,,,,,HeLa,
3254,10.1126/scitranslmed.abj1578,P61964,MIA PaCa-2,degradation reporter,18.0,,,,,HeLa,MIA PaCa-2
3254,10.1021/acs.jmedchem.3c01521,P61964,MIA PaCa-2,degradation reporter,18.0,PDAC cells,proliferation assay,,,HeLa,MIA PaCa-2
3255,10.1126/scitranslmed.abj1578,P61964,MV4-11,degradation reporter,18.0,,,,,HeLa,MV4-11
3256,10.7150/thno.55680,P10636,HEK293,degradation reporter,24.0,HEK293; SH-SY5Y,Western blot; immunofluorescence; immunohistochemical staining; electrophysiology; Golgi staining,,,,HEK293
3257,10.1038/s43018-021-00174-z,P11802,,other,,,,,,HCT116; HeLa,
3257,10.1038/s43018-021-00174-z,Q00534,,other,,,,,,HCT116; HL-60; HL60,
3258,10.1038/s41586-021-04246-z,P51531,A375,degradation reporter,2.0,AR+ FOXA1+ prostate cancer cells,,,,A549; U2OS,A375
3258,10.1038/s41586-021-04246-z,P51532,A375,degradation reporter,2.0,AR+ FOXA1+ prostate cancer cells,,,,HEK293; HL-60; U2OS,A375
3258,10.1038/s41467-023-39904-5,P51531,A375,degradation reporter,2.0,,,,,A549; U2OS,A375
3259,10.1186/s13045-022-01258-8,Q03111,MV4;11,AlphaScreen,24.0,,,,,HEK293T; HeLa; MOLM-13; MOLM13; MV4-11,MV4;11
3260,10.1186/s13045-022-01258-8,Q03111,MV4;11,AlphaScreen,24.0,,,,,HEK293T; HeLa; MOLM-13; MOLM13; MV4-11,MV4;11
3261,10.1186/s13045-022-01258-8,Q03111,MV4;11,AlphaScreen,24.0,,,,,HEK293T; HeLa; MOLM-13; MOLM13; MV4-11,MV4;11
3262,10.1021/jacs.1c03980,O60885,HEK293T,degradation reporter,8.0,,,,,,HEK293T
3262,10.1021/jacs.1c03980,O60885,HEK293T,degradation reporter,8.0,,,,,,HEK293T
3263,10.1021/jacs.1c03980,O60885,MDA-MB-231,degradation reporter,8.0,,,,,,MDA-MB-231
3263,10.1021/jacs.1c03980,O60885,MDA-MB-231,degradation reporter,8.0,,,,,,MDA-MB-231
3264,10.1021/jacs.1c03980,O60885,HEK293T,degradation reporter,8.0,,,,,,HEK293T
3265,10.1021/jacs.1c03980,O60885,HEK293T,degradation reporter,8.0,,,,,,HEK293T
3266,10.1021/jacs.1c03980,O60885,HEK293T,degradation reporter,8.0,,,,,,HEK293T
3267,10.1021/jacs.1c03980,nan,,,,,,,,,
3268,10.1021/jacs.1c03980,nan,,,,,,,,,
3269,10.1158/1538-7445.SABCS18-P5-04-18,P03372,,degradation reporter,,,,,,HeLa; MCF-7,
3270,10.1200/JCO.2019.37.7_suppl.259,P10275,VCaP,degradation reporter,24.0,,,,,MCF-7; PC-3; PC3,VCaP
3270,10.1021/acs.jmedchem.3c00118,P10275,VCaP,degradation reporter,24.0,,,,,MCF-7; PC-3; PC3,VCaP
3271,10.3390/molecules28196947,Q06124,HEK293,degradation reporter,16.0,,Western blot,,,HEK293,HEK293
3272,10.3390/molecules28196947,Q06124,HEK293,degradation reporter,16.0,,Western blot,,,HEK293,HEK293
3273,10.3390/molecules28196947,Q06124,HEK293,other,16.0,,Western blot,,,HEK293,HEK293
3274,10.3390/molecules28196947,Q06124,HEK293,other,16.0,,Western blot,,,HEK293,HEK293
3275,10.3390/molecules28196947,Q06124,HEK293,other,16.0,,Western blot,,,HEK293,HEK293
3276,10.3390/molecules28196947,Q06124,HEK293,other,16.0,,Western blot,,,HEK293,HEK293
3277,10.3390/molecules28196947,Q06124,HEK293,other,16.0,,Western blot,,,HEK293,HEK293
3278,10.3390/molecules28196947,Q06124,HEK293,other,16.0,,Western blot,,,HEK293,HEK293
3279,10.3390/molecules28196947,Q06124,HEK293,other,16.0,,Western blot,,,HEK293,HEK293
3280,10.3390/molecules28196947,Q06124,HEK293,other,16.0,,Western blot,,,HEK293,HEK293
3281,10.3390/molecules28196947,Q06124,HEK293,other,16.0,,Western blot,,,HEK293,HEK293
3282,10.3390/molecules28196947,Q06124,HEK293,other,16.0,,Western blot,,,HEK293,HEK293
3283,10.1016/j.biopha.2023.115667,G0R7E2,,other,,Huh-7,Western blot,,,,Huh-7
3284,10.1016/j.biopha.2023.115667,G0R7E2,,other,,Huh-7,Western blot,,,,Huh-7
3284,10.1021/acschembio.3c00017,G0R7E2,,other,,,,,,,
3285,10.1101/2023.09.29.560163,P0DTD1,A549,degradation reporter,,293T; A549-ACE2,Western blot,,,,A549
3286,10.1101/2023.09.29.560163,P0DTD1,A549,degradation reporter,,293T; A549-ACE2,Western blot,,,,A549
3287,10.1101/2023.09.29.560163,P0DTD1,A549,degradation reporter,,293T; A549-ACE2,Western blot,,,,A549
3288,10.1101/2023.09.29.560163,P0DTD1,,other,,293T; A549-ACE2,Western blot,,,,293T
3289,10.1101/2023.09.29.560163,P0DTD1,,other,,293T; A549-ACE2,Western blot,,,,293T
3290,10.1101/2023.09.29.560163,P0DTD1,,other,,293T; A549-ACE2,Western blot,,,,293T
3291,10.1101/2023.09.29.560163,P0DTD1,,other,,293T; A549-ACE2,Western blot,,,,293T
3292,10.1101/2023.09.29.560163,P0DTD1,,other,,293T; A549-ACE2,Western blot,,,,293T
3293,10.1101/2023.09.29.560163,P0DTD1,,other,,293T; A549-ACE2,Western blot,,,,293T
3294,10.1101/2023.09.29.560163,P0DTD1,,other,,293T; A549-ACE2,Western blot,,,,293T
3295,10.1002/cbic.202300515,O96028,,,,,Western blot,,,,
3296,10.1002/cbic.202300515,O96028,,,,,Western blot,,,,
3297,10.1002/cbic.202300515,O96028,,,,,Western blot,,,,
3298,10.1021/acs.jmedchem.3c00864,Q13164,,,,,,,,HEK293; HL-60; HeLa,
3299,10.1021/acs.jmedchem.3c00864,Q13164,,,,,,,,HEK293; HL-60; HeLa,
3300,10.1021/acs.jmedchem.3c00864,Q13164,MDA-MB-231,degradation reporter,12.0,,,,,HEK293; HL-60; HeLa,MDA-MB-231
3300,10.1021/acs.jmedchem.3c00864,Q13164,MDA-MB-231,degradation reporter,12.0,,,,,HEK293; HL-60; HeLa,MDA-MB-231
3301,10.1021/acs.jmedchem.3c00864,Q13164,A375,degradation reporter,,,,,,HEK293; HL-60; HeLa,A375
3302,10.1021/acs.jmedchem.3c00864,Q13164,A375,degradation reporter,,,,,,HEK293; HL-60; HeLa,A375
3303,10.1021/acs.jmedchem.3c00864,Q13164,,,,,,,,HEK293; HL-60; HeLa,
3304,10.1021/acs.jmedchem.3c00864,Q13164,,,,,,,,HEK293; HL-60; HeLa,
3305,10.1021/acs.jmedchem.3c00864,Q13164,,,,,,,,HEK293; HL-60; HeLa,
3306,10.1021/acs.jmedchem.3c00864,Q13164,,,,,,,,HEK293; HL-60; HeLa,
3307,10.1021/acs.jmedchem.3c00864,Q13164,,,,,,,,HEK293; HL-60; HeLa,
3308,10.1021/acs.jmedchem.3c00864,Q13164,,,,,,,,HEK293; HL-60; HeLa,
3309,10.1021/acs.jmedchem.3c00864,Q13164,,,,,,,,HEK293; HL-60; HeLa,
3310,10.1101/2023.09.15.557708,P62942,,,,multiple cancer cell lines,,,,,multiple cancer cell lines
3311,10.1101/2023.09.15.557708,O60885,,,,multiple cancer cell lines,,,,,multiple cancer cell lines
3312,10.1021/acschemneuro.3c00390,Q9UQM7,,,,,Western blot; electrophysiology,,,,
3313,10.1021/acs.jmedchem.3c00982,Q86X55,,,,,degradation reporter,,,HEK293; HEK293T; HeLa; LNCAP; MCF7; MOLM13; MV411,
3314,10.1021/acs.jmedchem.3c00982,Q86X55,,,,,degradation reporter,,,HEK293; HEK293T; HeLa; LNCAP; MCF7; MOLM13; MV411,
3315,10.1021/acs.jmedchem.3c00982,Q86X55,,,,,degradation reporter,,,HEK293; HEK293T; HeLa; LNCAP; MCF7; MOLM13; MV411,
3316,10.1021/acs.jmedchem.3c00982,Q86X55,,,,,degradation reporter,,,HEK293; HEK293T; HeLa; LNCAP; MCF7; MOLM13; MV411,
3317,10.1021/acs.jmedchem.3c00982,Q86X55,,,,,degradation reporter,,,HEK293; HEK293T; HeLa; LNCAP; MCF7; MOLM13; MV411,
3318,10.1021/acs.jmedchem.3c00982,Q86X55,,,,,degradation reporter,,,HEK293; HEK293T; HeLa; LNCAP; MCF7; MOLM13; MV411,
3319,10.1021/acs.jmedchem.3c00982,Q86X55,MCF7,degradation reporter,,,degradation reporter,,,HEK293; HEK293T; HeLa; LNCAP; MCF7; MOLM13; MV411,MCF7
3320,10.1021/acs.jmedchem.3c00982,Q86X55,,,,,degradation reporter,,,HEK293; HEK293T; HeLa; LNCAP; MCF7; MOLM13; MV411,
3321,10.1021/acs.jmedchem.3c00982,Q86X55,,,,,degradation reporter,,,HEK293; HEK293T; HeLa; LNCAP; MCF7; MOLM13; MV411,
3322,10.1021/acs.jmedchem.3c00982,Q86X55,MCF7,degradation reporter,,,degradation reporter,,,HEK293; HEK293T; HeLa; LNCAP; MCF7; MOLM13; MV411,MCF7
3323,10.1021/acs.jmedchem.3c01144,P10275,22Rv1,degradation reporter,24.0,,mass spectrometry,,,MCF-7; PC-3; PC3,22Rv1
3324,10.1021/acs.jmedchem.3c01144,P10275,22Rv1,degradation reporter,24.0,,mass spectrometry,,,MCF-7; PC-3; PC3,22Rv1
3325,10.1021/acs.jmedchem.3c01144,P10275,22Rv1,degradation reporter,24.0,,mass spectrometry,,,MCF-7; PC-3; PC3,22Rv1
3326,10.1016/j.bioorg.2023.106793,O60885,A549,degradation reporter,12.0,A549; H1299; WI38; HULEC-5a,,,,,A549
3327,10.1021/acs.jmedchem.3c01264,P10275,VCaP,degradation reporter,24.0,VCaP; LNCaP,degradation reporter,,TR-FRET,MCF-7; PC-3; PC3,VCaP
3328,10.1021/acs.jmedchem.3c01264,P10275,VCaP,degradation reporter,24.0,VCaP; LNCaP,degradation reporter,,TR-FRET,MCF-7; PC-3; PC3,VCaP
3329,10.1021/acs.jmedchem.3c01264,P10275,VCaP,degradation reporter,24.0,VCaP; LNCaP,degradation reporter,,TR-FRET,MCF-7; PC-3; PC3,VCaP
3330,10.1021/acs.jmedchem.3c01264,P10275,VCaP,degradation reporter,24.0,VCaP; LNCaP,degradation reporter,,TR-FRET,MCF-7; PC-3; PC3,VCaP
3331,10.1021/acs.jmedchem.3c01264,P10275,VCaP,degradation reporter,24.0,VCaP; LNCaP,degradation reporter,,TR-FRET,MCF-7; PC-3; PC3,VCaP
3332,10.1021/acs.jmedchem.3c01264,P10275,VCaP,degradation reporter,24.0,VCaP; LNCaP,degradation reporter,,TR-FRET,MCF-7; PC-3; PC3,VCaP
3333,10.1021/acs.jmedchem.3c01264,P10275,VCaP,degradation reporter,24.0,VCaP; LNCaP,degradation reporter,,TR-FRET,MCF-7; PC-3; PC3,VCaP
3334,10.1021/acs.jmedchem.3c01264,P10275,VCaP,degradation reporter,24.0,VCaP; LNCaP,degradation reporter,,TR-FRET,MCF-7; PC-3; PC3,VCaP
3335,10.1021/acs.jmedchem.3c01264,P10275,VCaP,degradation reporter,24.0,VCaP; LNCaP,degradation reporter,,TR-FRET,MCF-7; PC-3; PC3,VCaP
3336,10.1021/acs.jmedchem.3c01264,P10275,VCaP,degradation reporter,24.0,VCaP; LNCaP,degradation reporter,,TR-FRET,MCF-7; PC-3; PC3,VCaP
3337,10.1021/acs.jmedchem.3c01264,P10275,VCaP,degradation reporter,24.0,VCaP; LNCaP,degradation reporter,,TR-FRET,MCF-7; PC-3; PC3,VCaP
3338,10.1021/acs.jmedchem.3c01264,P10275,VCaP,degradation reporter,24.0,VCaP; LNCaP,degradation reporter,,TR-FRET,MCF-7; PC-3; PC3,VCaP
3339,10.1021/acs.jmedchem.3c01264,P10275,VCaP,degradation reporter,24.0,VCaP; LNCaP,degradation reporter,,TR-FRET,MCF-7; PC-3; PC3,VCaP
3340,10.1021/acs.jmedchem.3c01264,P10275,VCaP,degradation reporter,24.0,VCaP; LNCaP,degradation reporter,,TR-FRET,MCF-7; PC-3; PC3,VCaP
3341,10.1021/acs.jmedchem.3c01264,P10275,VCaP,degradation reporter,24.0,VCaP; LNCaP,degradation reporter,,TR-FRET,MCF-7; PC-3; PC3,VCaP
3342,10.1021/acs.jmedchem.3c01264,P10275,VCaP,degradation reporter,24.0,VCaP; LNCaP,degradation reporter,,TR-FRET,MCF-7; PC-3; PC3,VCaP
3343,10.1021/acs.jmedchem.3c01264,P10275,VCaP,degradation reporter,24.0,VCaP; LNCaP,degradation reporter,,TR-FRET,MCF-7; PC-3; PC3,VCaP
3344,10.1021/acs.jmedchem.3c01264,P10275,VCaP,Western blot,24.0,VCaP; LNCaP,degradation reporter,,TR-FRET,MCF-7; PC-3; PC3,VCaP
3345,10.1021/acs.jmedchem.3c01264,P10275,VCaP,Western blot,24.0,VCaP; LNCaP,degradation reporter,,TR-FRET,MCF-7; PC-3; PC3,VCaP
3346,10.1021/acs.jmedchem.3c01264,P10275,VCaP,Western blot,24.0,VCaP; LNCaP,degradation reporter,,TR-FRET,MCF-7; PC-3; PC3,VCaP
3347,10.1016/j.ejmech.2023.115774,P50750,22RV1,other,,22RV1,,,,HCT116; HL-60; HL60; MCF7,22RV1
3348,10.1016/j.ejmech.2023.115774,P50750,22RV1,other,,22RV1,,,,HCT116; HL-60; HL60; MCF7,22RV1
3349,10.1016/j.ejmech.2023.115774,P50750,22RV1,other,,22RV1,,,,HCT116; HL-60; HL60; MCF7,22RV1
3350,10.1016/j.ejmech.2023.115774,P50750,22RV1,other,,22RV1,,,,HCT116; HL-60; HL60; MCF7,22RV1
3351,10.1016/j.ejmech.2023.115774,P50750,22RV1,other,,22RV1,,,,HCT116; HL-60; HL60; MCF7,22RV1
3352,10.1016/j.ejmech.2023.115774,P50750,22RV1,other,,22RV1,,,,HCT116; HL-60; HL60; MCF7,22RV1
3353,10.1016/j.ejmech.2023.115774,P50750,22RV1,Western blot,12.0,22RV1,,,,HCT116; HL-60; HL60; MCF7,22RV1
3354,10.1016/j.ejmech.2023.115774,P50750,22RV1,other,,22RV1,,,,HCT116; HL-60; HL60; MCF7,22RV1
3355,10.1016/j.ejmech.2023.115774,P50750,22RV1,other,,22RV1,,,,HCT116; HL-60; HL60; MCF7,22RV1
3356,10.1016/j.ejmech.2023.115774,P50750,22RV1,other,,22RV1,,,,HCT116; HL-60; HL60; MCF7,22RV1
3357,10.1002/anie.202308292,Q16342,,,,T lymphoblasts,,,,,T lymphoblasts
3358,10.1002/anie.202308292,Q16342,,,,T lymphoblasts,,,,,T lymphoblasts
3359,10.1002/anie.202308292,Q16342,,,,T lymphoblasts,,,,,T lymphoblasts
3360,10.1002/anie.202308292,Q16342,,,,T lymphoblasts,,,,,T lymphoblasts
3361,10.1002/anie.202308292,Q16342,,,,T lymphoblasts,,,,,T lymphoblasts
3362,10.1002/anie.202308292,Q16342,MOLT-4,degradation reporter,24.0,T lymphoblasts,,,,,MOLT-4
3363,10.1002/anie.202308292,Q16342,,,,T lymphoblasts,,,,,T lymphoblasts
3364,10.1002/anie.202308292,Q16342,,,,T lymphoblasts,,,,,T lymphoblasts
3365,10.1002/anie.202308292,Q16342,,,,T lymphoblasts,,,,,T lymphoblasts
3366,10.1021/acs.jmedchem.3c01186,P03372,MCF-7,degradation reporter,,MCF-7,,,,HeLa; MCF-7,MCF-7
3367,10.1021/acs.jmedchem.3c01186,P03372,MCF-7,degradation reporter,,MCF-7,,,,HeLa; MCF-7,MCF-7
3368,10.1021/acs.jmedchem.3c01186,P03372,MCF-7,degradation reporter,,MCF-7,,,,HeLa; MCF-7,MCF-7
3369,10.1021/acs.jmedchem.3c01186,P03372,MCF-7,degradation reporter,,MCF-7,,,,HeLa; MCF-7,MCF-7
3370,10.1021/acs.jmedchem.3c01186,P03372,MCF-7,degradation reporter,,MCF-7,,,,HeLa; MCF-7,MCF-7
3371,10.1021/acs.jmedchem.3c01186,P03372,MCF-7,degradation reporter,,MCF-7,,,,HeLa; MCF-7,MCF-7
3372,10.1021/acs.jmedchem.3c01186,P03372,MCF-7,degradation reporter,,MCF-7,,,,HeLa; MCF-7,MCF-7
3373,10.1021/acs.jmedchem.3c01186,P03372,MCF-7,degradation reporter,,MCF-7,,,,HeLa; MCF-7,MCF-7
3374,10.1021/acs.jmedchem.3c01186,P03372,MCF-7,degradation reporter,,MCF-7,,,,HeLa; MCF-7,MCF-7
3375,10.1021/acs.jmedchem.3c01186,P03372,MCF-7,degradation reporter,,MCF-7,,,,HeLa; MCF-7,MCF-7
3376,10.1021/acs.jmedchem.3c01186,P03372,MCF-7,degradation reporter,,MCF-7,,,,HeLa; MCF-7,MCF-7
3377,10.1021/acs.jmedchem.3c01186,P03372,MCF-7,degradation reporter,,MCF-7,,,,HeLa; MCF-7,MCF-7
3378,10.1021/acs.jmedchem.3c01186,P03372,MCF-7,degradation reporter,,MCF-7,,,,HeLa; MCF-7,MCF-7
3379,10.1021/acs.jmedchem.3c01186,P03372,MCF-7,degradation reporter,,MCF-7,,,,HeLa; MCF-7,MCF-7
3380,10.1021/acs.jmedchem.3c01186,P03372,MCF-7,degradation reporter,,MCF-7,,,,HeLa; MCF-7,MCF-7
3381,10.1021/acs.jmedchem.3c01186,P03372,MCF-7,degradation reporter,,MCF-7,,,,HeLa; MCF-7,MCF-7
3382,10.1021/acs.jmedchem.3c01186,P03372,MCF-7,Western blot,,MCF-7,,,,HeLa; MCF-7,MCF-7
3383,10.1021/acs.jmedchem.3c01186,P03372,MCF-7,Western blot,,MCF-7,,,,HeLa; MCF-7,MCF-7
3384,10.1021/acs.jmedchem.3c01186,P03372,MCF-7,Western blot,,MCF-7,,,,HeLa; MCF-7,MCF-7
3385,10.1021/acs.jmedchem.3c01186,P03372,MCF-7,Western blot,,MCF-7,,,,HeLa; MCF-7,MCF-7
3386,10.1021/acs.jmedchem.3c01186,P03372,MCF-7,Western blot,,MCF-7,,,,HeLa; MCF-7,MCF-7
3387,10.1021/acs.jmedchem.3c01186,P03372,MCF-7,Western blot,,MCF-7,,,,HeLa; MCF-7,MCF-7
3388,10.1021/acs.jmedchem.3c01186,P03372,MCF-7,Western blot,,MCF-7,,,,HeLa; MCF-7,MCF-7
3389,10.1021/acs.jmedchem.3c01186,P03372,MCF-7,Western blot,,MCF-7,,,,HeLa; MCF-7,MCF-7
3390,10.1021/acs.jmedchem.3c01186,P03372,MCF-7,Western blot,,MCF-7,,,,HeLa; MCF-7,MCF-7
3391,10.1021/acs.jmedchem.3c01186,P03372,MCF-7,Western blot,,MCF-7,,,,HeLa; MCF-7,MCF-7
3392,10.1021/acs.jmedchem.3c01186,P03372,MCF-7,Western blot,,MCF-7,,,,HeLa; MCF-7,MCF-7
3393,10.1021/acs.jmedchem.3c01186,P03372,MCF-7,Western blot,,MCF-7,,,,HeLa; MCF-7,MCF-7
3394,10.1021/acs.jmedchem.3c01186,P03372,MCF-7,Western blot,,MCF-7,,,,HeLa; MCF-7,MCF-7
3395,10.1021/acs.jmedchem.3c01186,P03372,MCF-7,Western blot,,MCF-7,,,,HeLa; MCF-7,MCF-7
3396,10.1021/acs.jmedchem.3c01186,P03372,MCF-7,Western blot,,MCF-7,,,,HeLa; MCF-7,MCF-7
3397,10.1021/acs.jmedchem.3c01186,P03372,MCF-7,Western blot,,MCF-7,,,,HeLa; MCF-7,MCF-7
3398,10.1021/acs.jmedchem.3c01186,P03372,MCF-7,Western blot,,MCF-7,,,,HeLa; MCF-7,MCF-7
3399,10.1021/acs.jmedchem.3c01186,P03372,MCF-7,Western blot,,MCF-7,,,,HeLa; MCF-7,MCF-7
3400,10.1021/acs.jmedchem.3c01186,P03372,MCF-7,Western blot,,MCF-7,,,,HeLa; MCF-7,MCF-7
3401,10.1021/acs.jmedchem.3c01186,P03372,MCF-7,Western blot,,MCF-7,,,,HeLa; MCF-7,MCF-7
3402,10.1021/acs.jmedchem.3c01186,P03372,MCF-7,degradation reporter,,MCF-7,,,,HeLa; MCF-7,MCF-7
3403,10.1101/2023.08.14.553289,P03406,,,,T cells; donor PBMCs,Western blot,,,,T cells
3404,10.1101/2023.08.14.553289,P03406,,,,T cells; donor PBMCs,Western blot,,,,T cells
3405,10.1101/2023.08.14.553289,P03406,,,,T cells; donor PBMCs,Western blot,,,,T cells
3406,10.1101/2023.08.14.553289,P03406,,,,T cells; donor PBMCs,Western blot,,,,T cells
3407,10.1101/2023.08.14.553289,P03406,,,,T cells; donor PBMCs,Western blot,,,,T cells
3408,10.1101/2023.08.14.553289,P03406,,,,T cells; donor PBMCs,Western blot,,,,T cells
3409,10.1101/2023.08.14.553289,P03406,,,,T cells; donor PBMCs,Western blot,,,,T cells
3410,10.1101/2023.08.14.553289,P03406,,,,T cells; donor PBMCs,Western blot,,,,T cells
3411,10.1002/anie.202310059,O15379,THP-1,degradation reporter,,THP-1; human primary macrophages,,,,HEK293; HL60; HeLa,THP-1
3412,10.1002/anie.202310059,O15379,THP-1,degradation reporter,,THP-1; human primary macrophages,,,,HEK293; HL60; HeLa,THP-1
3413,10.1002/anie.202310059,O15379,THP-1,degradation reporter,,THP-1; human primary macrophages,,,,HEK293; HL60; HeLa,THP-1
3414,10.1002/anie.202310059,O15379,THP-1,degradation reporter,,THP-1; human primary macrophages,,,,HEK293; HL60; HeLa,THP-1
3415,10.1002/anie.202310059,O15379,THP-1,degradation reporter,,THP-1; human primary macrophages,,,,HEK293; HL60; HeLa,THP-1
3416,10.1002/anie.202310059,O15379,THP-1,degradation reporter,,THP-1; human primary macrophages,,,,HEK293; HL60; HeLa,THP-1
3417,10.1002/anie.202310059,O15379,THP-1,degradation reporter,24.0,THP-1; human primary macrophages,,,,HEK293; HL60; HeLa,THP-1
3417,10.1002/anie.202310059,Q9BY41,THP-1,degradation reporter,24.0,THP-1; human primary macrophages,,,,HeLa,THP-1
3418,10.1002/anie.202310059,O15379,THP-1,degradation reporter,,THP-1; human primary macrophages,,,,HEK293; HL60; HeLa,THP-1
3419,10.1016/j.isci.2023.107535,P62937,A549,other,12.0,A549,Western blot,,,HeLa; Jurkat,A549
3420,10.1016/j.isci.2023.107535,P62937,A549,other,12.0,A549,Western blot,,,HeLa; Jurkat,A549
3421,10.1016/j.isci.2023.107535,P62937,A549,other,12.0,A549,Western blot,,,HeLa; Jurkat,A549
3422,10.1038/s41416-023-02399-4,P24941,,,,,,,,,
3422,10.1038/s41416-023-02399-4,P24864,,,,,,,,22Rv1; HEK293T; MDA-MB-468,
3423,10.1016/j.ejmech.2023.115690,P07900,MCF-7,other,8.0,,,,,HCT116; MCF7; MDA-MB-468,MCF-7
3424,10.1101/2023.08.09.552650,P22736,,,,,,,,HEK293; HEK293T; HeLa; MCF-7; MCF7; MDA-MB-231,
3425,10.1101/2023.08.09.552650,P22736,,,,,,,,HEK293; HEK293T; HeLa; MCF-7; MCF7; MDA-MB-231,
3426,10.1101/2023.08.09.552650,P22736,A375,other,16.0,,,,,HEK293; HEK293T; HeLa; MCF-7; MCF7; MDA-MB-231,A375
3427,10.1021/acs.jmedchem.3c00912,Q9Y2I7,VCaP,other,24.0,VCaP,Western blot,,,HEK293; HEK293T; HL-60; HeLa; Jurkat; MDA-MB-231; THP-1; U2OS,VCaP
3428,10.1021/acs.jmedchem.3c00912,Q9Y2I7,VCaP,other,24.0,VCaP,Western blot,,,HEK293; HEK293T; HL-60; HeLa; Jurkat; MDA-MB-231; THP-1; U2OS,VCaP
3429,10.1021/acs.jmedchem.3c00912,Q9Y2I7,VCaP,other,24.0,VCaP,Western blot,,,HEK293; HEK293T; HL-60; HeLa; Jurkat; MDA-MB-231; THP-1; U2OS,VCaP
3430,10.1021/acs.jmedchem.3c00912,Q9Y2I7,VCaP,other,24.0,VCaP,Western blot,,,HEK293; HEK293T; HL-60; HeLa; Jurkat; MDA-MB-231; THP-1; U2OS,VCaP
3431,10.1021/acs.jmedchem.3c00912,Q9Y2I7,VCaP,other,24.0,VCaP,Western blot,,,HEK293; HEK293T; HL-60; HeLa; Jurkat; MDA-MB-231; THP-1; U2OS,VCaP
3432,10.1021/acs.jmedchem.3c00912,Q9Y2I7,VCaP,degradation reporter,24.0,VCaP,Western blot,,,HEK293; HEK293T; HL-60; HeLa; Jurkat; MDA-MB-231; THP-1; U2OS,VCaP
3433,10.1021/acs.jmedchem.3c00912,Q9Y2I7,VCaP,degradation reporter,24.0,VCaP,Western blot,,,HEK293; HEK293T; HL-60; HeLa; Jurkat; MDA-MB-231; THP-1; U2OS,VCaP
3434,10.1021/acs.jmedchem.3c00912,Q9Y2I7,VCaP,degradation reporter,24.0,VCaP,Western blot,,,HEK293; HEK293T; HL-60; HeLa; Jurkat; MDA-MB-231; THP-1; U2OS,VCaP
3435,10.1021/acs.jmedchem.3c00912,Q9Y2I7,VCaP,degradation reporter,24.0,VCaP,Western blot,,,HEK293; HEK293T; HL-60; HeLa; Jurkat; MDA-MB-231; THP-1; U2OS,VCaP
3436,10.1021/acs.jmedchem.3c00912,Q9Y2I7,VCaP,degradation reporter,24.0,VCaP,Western blot,,,HEK293; HEK293T; HL-60; HeLa; Jurkat; MDA-MB-231; THP-1; U2OS,VCaP
3437,10.1021/acs.jmedchem.3c00912,Q9Y2I7,VCaP,degradation reporter,24.0,VCaP,Western blot,,,HEK293; HEK293T; HL-60; HeLa; Jurkat; MDA-MB-231; THP-1; U2OS,VCaP
3438,10.1021/acs.jmedchem.3c00912,Q9Y2I7,VCaP,degradation reporter,24.0,VCaP,Western blot,,,HEK293; HEK293T; HL-60; HeLa; Jurkat; MDA-MB-231; THP-1; U2OS,VCaP
3439,10.1021/acs.jmedchem.3c00912,Q9Y2I7,VCaP,degradation reporter,24.0,VCaP,Western blot,,,HEK293; HEK293T; HL-60; HeLa; Jurkat; MDA-MB-231; THP-1; U2OS,VCaP
3440,10.1021/acs.jmedchem.3c00912,Q9Y2I7,VCaP,degradation reporter,24.0,VCaP,Western blot,,,HEK293; HEK293T; HL-60; HeLa; Jurkat; MDA-MB-231; THP-1; U2OS,VCaP
3441,10.1021/acs.jmedchem.3c00912,Q9Y2I7,VCaP,degradation reporter,24.0,VCaP,Western blot,,,HEK293; HEK293T; HL-60; HeLa; Jurkat; MDA-MB-231; THP-1; U2OS,VCaP
3442,10.1021/acs.jmedchem.3c00912,Q9Y2I7,VCaP,degradation reporter,24.0,VCaP,Western blot,,,HEK293; HEK293T; HL-60; HeLa; Jurkat; MDA-MB-231; THP-1; U2OS,VCaP
3443,10.1039/d3md00216k,Q06187,RAMOS,degradation reporter,24.0,,,,,HL-60; K562; Ramos,RAMOS
3444,10.1039/d3md00216k,Q06187,RAMOS,degradation reporter,24.0,,,,,HL-60; K562; Ramos,RAMOS
3445,10.1039/d3md00216k,Q06187,RAMOS,degradation reporter,24.0,,,,,HL-60; K562; Ramos,RAMOS
3446,10.1039/d3md00216k,Q06187,RAMOS,degradation reporter,24.0,,,,,HL-60; K562; Ramos,RAMOS
3447,10.1039/d3md00216k,Q06187,RAMOS,degradation reporter,24.0,,,,,HL-60; K562; Ramos,RAMOS
3448,10.1039/d3md00216k,Q06187,RAMOS,degradation reporter,24.0,,,,,HL-60; K562; Ramos,RAMOS
3449,10.1039/d3md00216k,Q06187,RAMOS,degradation reporter,24.0,,,,,HL-60; K562; Ramos,RAMOS
3450,10.1016/j.bmcl.2023.129449,Q5S007,,other,,,,,,HL-60,
3450,10.1016/j.bmcl.2023.129449,Q5S007,,other,,,,,,HL-60,
3451,10.1016/j.bmcl.2023.129449,Q5S007,,,,,,,,HL-60,
3451,10.1016/j.bmcl.2023.129449,Q5S007,,,,,,,,HL-60,
3452,10.1016/j.bmcl.2023.129449,Q5S007,,,,,,,,HL-60,
3452,10.1016/j.bmcl.2023.129449,Q5S007,,,,,,,,HL-60,
3453,10.1016/j.bmcl.2023.129449,Q5S007,,,,,,,,HL-60,
3453,10.1016/j.bmcl.2023.129449,Q5S007,,,,,,,,HL-60,
3454,10.1016/j.bmcl.2023.129449,Q5S007,,,,,,,,HL-60,
3454,10.1016/j.bmcl.2023.129449,Q5S007,,,,,,,,HL-60,
3455,10.1016/j.bmcl.2023.129449,Q5S007,,,,,,,,HL-60,
3455,10.1016/j.bmcl.2023.129449,Q5S007,,,,,,,,HL-60,
3456,10.1016/j.bmcl.2023.129449,Q5S007,,other,,,,,,HL-60,
3456,10.1016/j.bmcl.2023.129449,Q5S007,,other,,,,,,HL-60,
3457,10.1016/j.chembiol.2023.07.010,O15379,MDA-MB-231,other,8.0,,quantitative proteomics; transcriptomics,,,HEK293; HL60; HeLa,MDA-MB-231
3457,10.1016/j.chembiol.2023.07.010,Q9BY41,MDA-MB-231,other,8.0,,quantitative proteomics; transcriptomics,,,HeLa,MDA-MB-231
3458,10.1016/j.bioorg.2023.106762,Q15910,,,,SU-DHL-6,Western blot,,,HeLa; LNCaP; PC3,SU-DHL-6
3459,10.1016/j.bioorg.2023.106762,Q15910,,,,SU-DHL-6,Western blot,,,HeLa; LNCaP; PC3,SU-DHL-6
3460,10.1016/j.bioorg.2023.106762,Q15910,,,,SU-DHL-6,Western blot,,,HeLa; LNCaP; PC3,SU-DHL-6
3461,10.1016/j.bioorg.2023.106762,Q15910,,,,SU-DHL-6,Western blot,,,HeLa; LNCaP; PC3,SU-DHL-6
3462,10.1016/j.bioorg.2023.106762,Q15910,,,,SU-DHL-6,Western blot,,,HeLa; LNCaP; PC3,SU-DHL-6
3463,10.1016/j.bioorg.2023.106762,Q15910,,,,SU-DHL-6,Western blot,,,HeLa; LNCaP; PC3,SU-DHL-6
3464,10.1016/j.bioorg.2023.106762,Q15910,,,,SU-DHL-6,Western blot,,,HeLa; LNCaP; PC3,SU-DHL-6
3465,10.1016/j.bioorg.2023.106762,Q15910,,,,SU-DHL-6,Western blot,,,HeLa; LNCaP; PC3,SU-DHL-6
3466,10.1016/j.bioorg.2023.106762,Q15910,,,,SU-DHL-6,Western blot,,,HeLa; LNCaP; PC3,SU-DHL-6
3467,10.1021/acs.jmedchem.3c00585,P10275,VCaP,other,,LNCaP,Western blot,,,MCF-7; PC-3; PC3,VCaP
3467,10.1021/acs.jmedchem.3c00585,P10275,VCaP,other,,LNCaP,Western blot,,,MCF-7; PC-3; PC3,VCaP
3468,10.1021/acs.jmedchem.3c00585,P10275,VCaP,other,,LNCaP,Western blot,,,MCF-7; PC-3; PC3,VCaP
3468,10.1021/acs.jmedchem.3c00585,P10275,VCaP,other,,LNCaP,Western blot,,,MCF-7; PC-3; PC3,VCaP
3469,10.1021/acs.jmedchem.3c00585,P10275,VCaP,other,,LNCaP,Western blot,,,MCF-7; PC-3; PC3,VCaP
3469,10.1021/acs.jmedchem.3c00585,P10275,VCaP,other,,LNCaP,Western blot,,,MCF-7; PC-3; PC3,VCaP
3470,10.1021/acs.jmedchem.3c00585,P10275,VCaP,degradation reporter,,LNCaP,Western blot,,,MCF-7; PC-3; PC3,VCaP
3470,10.1021/acs.jmedchem.3c00585,P10275,VCaP,degradation reporter,,LNCaP,Western blot,,,MCF-7; PC-3; PC3,VCaP
3471,10.1021/acs.jmedchem.3c00585,P10275,VCaP,degradation reporter,,LNCaP,Western blot,,,MCF-7; PC-3; PC3,VCaP
3471,10.1021/acs.jmedchem.3c00585,P10275,VCaP,degradation reporter,,LNCaP,Western blot,,,MCF-7; PC-3; PC3,VCaP
3472,10.1021/acs.jmedchem.3c00585,P10275,VCaP,degradation reporter,,LNCaP,Western blot,,,MCF-7; PC-3; PC3,VCaP
3472,10.1021/acs.jmedchem.3c00585,P10275,VCaP,degradation reporter,,LNCaP,Western blot,,,MCF-7; PC-3; PC3,VCaP
3473,10.1021/acs.jmedchem.3c00585,P10275,VCaP,degradation reporter,,LNCaP,Western blot,,,MCF-7; PC-3; PC3,VCaP
3473,10.1021/acs.jmedchem.3c00585,P10275,VCaP,degradation reporter,,LNCaP,Western blot,,,MCF-7; PC-3; PC3,VCaP
3474,10.1021/acs.jmedchem.3c00585,P10275,VCaP,degradation reporter,,LNCaP,Western blot,,,MCF-7; PC-3; PC3,VCaP
3474,10.1021/acs.jmedchem.3c00585,P10275,VCaP,degradation reporter,,LNCaP,Western blot,,,MCF-7; PC-3; PC3,VCaP
3475,10.1021/acs.jmedchem.3c00585,P10275,VCaP,degradation reporter,,LNCaP,Western blot,,,MCF-7; PC-3; PC3,VCaP
3475,10.1021/acs.jmedchem.3c00585,P10275,VCaP,degradation reporter,,LNCaP,Western blot,,,MCF-7; PC-3; PC3,VCaP
3476,10.1021/acs.jmedchem.3c00585,P10275,VCaP,degradation reporter,,LNCaP,Western blot,,,MCF-7; PC-3; PC3,VCaP
3476,10.1021/acs.jmedchem.3c00585,P10275,VCaP,degradation reporter,,LNCaP,Western blot,,,MCF-7; PC-3; PC3,VCaP
3477,10.1021/acs.jmedchem.3c00585,P10275,VCaP,degradation reporter,,LNCaP,Western blot,,,MCF-7; PC-3; PC3,VCaP
3477,10.1021/acs.jmedchem.3c00585,P10275,VCaP,degradation reporter,,LNCaP,Western blot,,,MCF-7; PC-3; PC3,VCaP
3478,10.1021/acs.jmedchem.3c00585,P10275,VCaP,degradation reporter,,LNCaP,Western blot,,,MCF-7; PC-3; PC3,VCaP
3478,10.1021/acs.jmedchem.3c00585,P10275,VCaP,degradation reporter,,LNCaP,Western blot,,,MCF-7; PC-3; PC3,VCaP
3479,10.1021/acs.jmedchem.3c00585,P10275,VCaP,degradation reporter,,LNCaP,Western blot,,,MCF-7; PC-3; PC3,VCaP
3479,10.1021/acs.jmedchem.3c00585,P10275,VCaP,degradation reporter,,LNCaP,Western blot,,,MCF-7; PC-3; PC3,VCaP
3480,10.1021/acs.jmedchem.3c00585,P10275,VCaP,degradation reporter,,LNCaP,Western blot,,,MCF-7; PC-3; PC3,VCaP
3480,10.1021/acs.jmedchem.3c00585,P10275,VCaP,degradation reporter,,LNCaP,Western blot,,,MCF-7; PC-3; PC3,VCaP
3481,10.1021/acs.jmedchem.3c00585,P10275,VCaP,degradation reporter,,LNCaP,Western blot,,,MCF-7; PC-3; PC3,VCaP
3481,10.1021/acs.jmedchem.3c00585,P10275,VCaP,degradation reporter,,LNCaP,Western blot,,,MCF-7; PC-3; PC3,VCaP
3482,10.1021/acs.jmedchem.3c00585,P10275,VCaP,degradation reporter,,LNCaP,Western blot,,,MCF-7; PC-3; PC3,VCaP
3482,10.1021/acs.jmedchem.3c00585,P10275,VCaP,degradation reporter,,LNCaP,Western blot,,,MCF-7; PC-3; PC3,VCaP
3483,10.1021/acs.jmedchem.3c00585,P10275,VCaP,degradation reporter,,LNCaP,Western blot,,,MCF-7; PC-3; PC3,VCaP
3483,10.1021/acs.jmedchem.3c00585,P10275,VCaP,degradation reporter,,LNCaP,Western blot,,,MCF-7; PC-3; PC3,VCaP
3484,10.1021/acs.jmedchem.3c00585,P10275,VCaP,degradation reporter,,LNCaP,Western blot,,,MCF-7; PC-3; PC3,VCaP
3484,10.1021/acs.jmedchem.3c00585,P10275,VCaP,degradation reporter,,LNCaP,Western blot,,,MCF-7; PC-3; PC3,VCaP
3485,10.1021/acs.jmedchem.3c00585,P10275,VCaP,degradation reporter,,LNCaP,Western blot,,,MCF-7; PC-3; PC3,VCaP
3485,10.1021/acs.jmedchem.3c00585,P10275,VCaP,degradation reporter,,LNCaP,Western blot,,,MCF-7; PC-3; PC3,VCaP
3486,10.1021/acs.jmedchem.3c00585,P10275,VCaP,degradation reporter,,LNCaP,Western blot,,,MCF-7; PC-3; PC3,VCaP
3486,10.1021/acs.jmedchem.3c00585,P10275,VCaP,degradation reporter,,LNCaP,Western blot,,,MCF-7; PC-3; PC3,VCaP
3487,10.1021/acs.jmedchem.3c00585,P10275,VCaP,degradation reporter,,LNCaP,Western blot,,,MCF-7; PC-3; PC3,VCaP
3487,10.1021/acs.jmedchem.3c00585,P10275,VCaP,degradation reporter,,LNCaP,Western blot,,,MCF-7; PC-3; PC3,VCaP
3488,10.1021/acs.jmedchem.3c00585,P10275,VCaP,degradation reporter,,LNCaP,Western blot,,,MCF-7; PC-3; PC3,VCaP
3488,10.1021/acs.jmedchem.3c00585,P10275,VCaP,degradation reporter,,LNCaP,Western blot,,,MCF-7; PC-3; PC3,VCaP
3489,10.1021/acs.jmedchem.3c00585,P10275,VCaP,degradation reporter,,LNCaP,Western blot,,,MCF-7; PC-3; PC3,VCaP
3489,10.1021/acs.jmedchem.3c00585,P10275,VCaP,degradation reporter,,LNCaP,Western blot,,,MCF-7; PC-3; PC3,VCaP
3490,10.1021/acs.jmedchem.3c00585,P10275,VCaP,degradation reporter,,LNCaP,Western blot,,,MCF-7; PC-3; PC3,VCaP
3490,10.1021/acs.jmedchem.3c00585,P10275,VCaP,degradation reporter,,LNCaP,Western blot,,,MCF-7; PC-3; PC3,VCaP
3491,10.1021/acs.jmedchem.3c00585,P10275,VCaP,degradation reporter,,LNCaP,Western blot,,,MCF-7; PC-3; PC3,VCaP
3491,10.1021/acs.jmedchem.3c00585,P10275,VCaP,degradation reporter,,LNCaP,Western blot,,,MCF-7; PC-3; PC3,VCaP
3492,10.1021/acs.jmedchem.3c00585,P10275,VCaP,degradation reporter,,LNCaP,Western blot,,,MCF-7; PC-3; PC3,VCaP
3492,10.1021/acs.jmedchem.3c00585,P10275,VCaP,degradation reporter,,LNCaP,Western blot,,,MCF-7; PC-3; PC3,VCaP
3493,10.1021/acs.jmedchem.3c00585,P10275,VCaP,degradation reporter,,LNCaP,Western blot,,,MCF-7; PC-3; PC3,VCaP
3493,10.1021/acs.jmedchem.3c00585,P10275,VCaP,degradation reporter,,LNCaP,Western blot,,,MCF-7; PC-3; PC3,VCaP
3494,10.1021/acs.jmedchem.3c00585,P10275,VCaP,degradation reporter,,LNCaP,Western blot,,,MCF-7; PC-3; PC3,VCaP
3494,10.1021/acs.jmedchem.3c00585,P10275,VCaP,degradation reporter,,LNCaP,Western blot,,,MCF-7; PC-3; PC3,VCaP
3495,10.1021/acs.jmedchem.3c00585,P10275,VCaP,degradation reporter,,LNCaP,Western blot,,,MCF-7; PC-3; PC3,VCaP
3495,10.1021/acs.jmedchem.3c00585,P10275,VCaP,degradation reporter,,LNCaP,Western blot,,,MCF-7; PC-3; PC3,VCaP
3496,10.1021/acs.jmedchem.3c00585,P10275,VCaP,degradation reporter,,LNCaP,Western blot,,,MCF-7; PC-3; PC3,VCaP
3496,10.1021/acs.jmedchem.3c00585,P10275,VCaP,degradation reporter,,LNCaP,Western blot,,,MCF-7; PC-3; PC3,VCaP
3497,10.1021/acs.jmedchem.3c00585,P10275,VCaP,degradation reporter,,LNCaP,Western blot,,,MCF-7; PC-3; PC3,VCaP
3497,10.1021/acs.jmedchem.3c00585,P10275,VCaP,degradation reporter,,LNCaP,Western blot,,,MCF-7; PC-3; PC3,VCaP
3498,10.1021/acs.jmedchem.3c00585,P10275,VCaP,degradation reporter,,LNCaP,Western blot,,,MCF-7; PC-3; PC3,VCaP
3498,10.1021/acs.jmedchem.3c00585,P10275,VCaP,degradation reporter,,LNCaP,Western blot,,,MCF-7; PC-3; PC3,VCaP
3499,10.1021/acs.jmedchem.3c00824,Q15004,RS4;11,degradation reporter,,RS4;11,,,,,RS4;11
3500,10.3389/fimmu.2023.1135373,Q12866,BMDM,degradation reporter,18.0,bone marrow-derived macrophages,surface expression analysis; efferocytosis assay; degradation assay,,,,BMDM
3501,10.3389/fimmu.2023.1135373,Q12866,EO771,degradation reporter,,bone marrow-derived macrophages,surface expression analysis; efferocytosis assay; degradation assay,,,,EO771
3501,10.3389/fimmu.2023.1135373,P30530,EO771,degradation reporter,,bone marrow-derived macrophages,surface expression analysis; efferocytosis assay; degradation assay,,,HEK293,EO771
3502,10.3389/fimmu.2023.1135373,Q12866,,degradation reporter,,bone marrow-derived macrophages,surface expression analysis; efferocytosis assay; degradation assay,,,,bone marrow-derived macrophages
3502,10.3389/fimmu.2023.1135373,P30530,,degradation reporter,,bone marrow-derived macrophages,surface expression analysis; efferocytosis assay; degradation assay,,,HEK293,bone marrow-derived macrophages
3502,10.3389/fimmu.2023.1135373,Q06418,,degradation reporter,,bone marrow-derived macrophages,surface expression analysis; efferocytosis assay; degradation assay,,,,bone marrow-derived macrophages
3503,10.1021/acs.jmedchem.3c00665,Q8NB16,HT29,degradation reporter,24.0,,Western blot,,,HEK293; HL-60; HeLa; Jurkat; THP-1,HT29
3504,10.1021/acs.jmedchem.3c00665,Q8NB16,HT29,degradation reporter,24.0,,Western blot,,,HEK293; HL-60; HeLa; Jurkat; THP-1,HT29
3505,10.1021/acs.jmedchem.3c00665,Q8NB16,HT29,degradation reporter,24.0,,Western blot,,,HEK293; HL-60; HeLa; Jurkat; THP-1,HT29
3506,10.1021/acs.jmedchem.3c00665,Q8NB16,HT29,degradation reporter,24.0,,Western blot,,,HEK293; HL-60; HeLa; Jurkat; THP-1,HT29
3507,10.1021/acs.jmedchem.3c00665,Q8NB16,HT29,degradation reporter,24.0,,Western blot,,,HEK293; HL-60; HeLa; Jurkat; THP-1,HT29
3508,10.1021/acs.jmedchem.3c00665,Q8NB16,HT29,degradation reporter,24.0,,Western blot,,,HEK293; HL-60; HeLa; Jurkat; THP-1,HT29
3509,10.1021/acs.jmedchem.3c00665,Q8NB16,HT29,degradation reporter,24.0,,Western blot,,,HEK293; HL-60; HeLa; Jurkat; THP-1,HT29
3510,10.1021/acs.jmedchem.3c00665,Q8NB16,HT29,degradation reporter,24.0,,Western blot,,,HEK293; HL-60; HeLa; Jurkat; THP-1,HT29
3511,10.1021/acs.jmedchem.3c00665,Q8NB16,HT29,degradation reporter,24.0,,Western blot,,,HEK293; HL-60; HeLa; Jurkat; THP-1,HT29
3512,10.1021/acs.jmedchem.3c00665,Q8NB16,HT29,degradation reporter,24.0,,Western blot,,,HEK293; HL-60; HeLa; Jurkat; THP-1,HT29
3513,10.1021/acs.jmedchem.3c00665,Q8NB16,HT29,degradation reporter,24.0,,Western blot,,,HEK293; HL-60; HeLa; Jurkat; THP-1,HT29
3514,10.1021/acs.jmedchem.3c00665,Q8NB16,HT29,degradation reporter,24.0,,Western blot,,,HEK293; HL-60; HeLa; Jurkat; THP-1,HT29
3515,10.1021/acs.jmedchem.3c00665,Q8NB16,HT29,degradation reporter,24.0,,Western blot,,,HEK293; HL-60; HeLa; Jurkat; THP-1,HT29
3516,10.1021/acs.jmedchem.3c00953,P51531,,degradation reporter,,,,,,A549; U2OS,
3516,10.1021/acs.jmedchem.3c00953,P51532,,degradation reporter,,,,,,HEK293; HL-60; U2OS,
3517,10.1021/acs.jmedchem.3c00953,P51531,,degradation reporter,,,,,,A549; U2OS,
3517,10.1021/acs.jmedchem.3c00953,P51532,,degradation reporter,,,,,,HEK293; HL-60; U2OS,
3518,10.1021/acs.jmedchem.3c00953,P51531,,degradation reporter,,,,,,A549; U2OS,
3518,10.1021/acs.jmedchem.3c00953,P51532,,degradation reporter,,,,,,HEK293; HL-60; U2OS,
3519,10.1021/acs.jmedchem.3c00953,P51531,,degradation reporter,,,,,,A549; U2OS,
3519,10.1021/acs.jmedchem.3c00953,P51532,,degradation reporter,,,,,,HEK293; HL-60; U2OS,
3520,10.1021/acs.jmedchem.3c00953,P51531,,degradation reporter,,,,,,A549; U2OS,
3520,10.1021/acs.jmedchem.3c00953,P51532,,degradation reporter,,,,,,HEK293; HL-60; U2OS,
3521,10.1021/acs.jmedchem.3c00953,P51531,,degradation reporter,,,,,,A549; U2OS,
3521,10.1021/acs.jmedchem.3c00953,P51532,,degradation reporter,,,,,,HEK293; HL-60; U2OS,
3522,10.1021/acs.jmedchem.3c00953,P51531,,degradation reporter,,,,,,A549; U2OS,
3522,10.1021/acs.jmedchem.3c00953,P51532,,degradation reporter,,,,,,HEK293; HL-60; U2OS,
3523,10.1021/acs.jmedchem.3c00953,P51531,,degradation reporter,,,,,,A549; U2OS,
3523,10.1021/acs.jmedchem.3c00953,P51532,,degradation reporter,,,,,,HEK293; HL-60; U2OS,
3524,10.1021/acs.jmedchem.3c00953,P51531,,degradation reporter,,,,,,A549; U2OS,
3524,10.1021/acs.jmedchem.3c00953,P51532,,degradation reporter,,,,,,HEK293; HL-60; U2OS,
3525,10.1021/acs.jmedchem.3c00953,P51531,,degradation reporter,,,,,,A549; U2OS,
3525,10.1021/acs.jmedchem.3c00953,P51532,,degradation reporter,,,,,,HEK293; HL-60; U2OS,
3526,10.1021/acs.jmedchem.3c00953,P51531,,degradation reporter,,,,,,A549; U2OS,
3526,10.1021/acs.jmedchem.3c00953,P51532,,degradation reporter,,,,,,HEK293; HL-60; U2OS,
3527,10.1021/acs.jmedchem.3c00953,P51531,,degradation reporter,,,,,,A549; U2OS,
3527,10.1021/acs.jmedchem.3c00953,P51532,,degradation reporter,,,,,,HEK293; HL-60; U2OS,
3528,10.1021/acs.jmedchem.3c00953,P51531,,degradation reporter,,,,,,A549; U2OS,
3528,10.1021/acs.jmedchem.3c00953,P51532,,degradation reporter,,,,,,HEK293; HL-60; U2OS,
3529,10.1021/acs.jmedchem.3c00953,P51531,,degradation reporter,,,,,,A549; U2OS,
3529,10.1021/acs.jmedchem.3c00953,P51532,,degradation reporter,,,,,,HEK293; HL-60; U2OS,
3530,10.1021/acs.jmedchem.3c00953,P51531,,degradation reporter,,,,,,A549; U2OS,
3530,10.1021/acs.jmedchem.3c00953,P51532,,degradation reporter,,,,,,HEK293; HL-60; U2OS,
3531,10.1021/acs.jmedchem.3c00953,P51531,,degradation reporter,,,,,,A549; U2OS,
3531,10.1021/acs.jmedchem.3c00953,P51532,,degradation reporter,,,,,,HEK293; HL-60; U2OS,
3532,10.1021/acs.jmedchem.3c00953,P51531,,degradation reporter,,,,,,A549; U2OS,
3532,10.1021/acs.jmedchem.3c00953,P51532,,degradation reporter,,,,,,HEK293; HL-60; U2OS,
3533,10.1021/acs.jmedchem.3c00953,P51531,,degradation reporter,,,,,,A549; U2OS,
3533,10.1021/acs.jmedchem.3c00953,P51532,,degradation reporter,,,,,,HEK293; HL-60; U2OS,
3534,10.1021/acs.jmedchem.3c00953,P51531,,degradation reporter,,,,,,A549; U2OS,
3534,10.1021/acs.jmedchem.3c00953,P51532,,degradation reporter,,,,,,HEK293; HL-60; U2OS,
3535,10.1021/acs.jmedchem.3c00953,P51531,,degradation reporter,,,,,,A549; U2OS,
3535,10.1021/acs.jmedchem.3c00953,P51532,,degradation reporter,,,,,,HEK293; HL-60; U2OS,
3536,10.1021/acs.jmedchem.3c00953,P51531,,degradation reporter,,,,,,A549; U2OS,
3536,10.1021/acs.jmedchem.3c00953,P51532,,degradation reporter,,,,,,HEK293; HL-60; U2OS,
3537,10.1021/acs.jmedchem.3c00953,P51531,SK-Mel-28,degradation reporter,24.0,,,,,A549; U2OS,SK-Mel-28
3537,10.1021/acs.jmedchem.3c00953,P51532,SK-Mel-28,degradation reporter,24.0,,,,,HEK293; HL-60; U2OS,SK-Mel-28
3538,10.1021/acs.jmedchem.3c00953,P51531,,degradation reporter,,,,,,A549; U2OS,
3538,10.1021/acs.jmedchem.3c00953,P51532,,degradation reporter,,,,,,HEK293; HL-60; U2OS,
3539,10.1021/acs.jmedchem.3c00953,P51531,,degradation reporter,,,,,,A549; U2OS,
3539,10.1021/acs.jmedchem.3c00953,P51532,,degradation reporter,,,,,,HEK293; HL-60; U2OS,
3540,10.1021/acs.jmedchem.3c00953,P51531,,degradation reporter,,,,,,A549; U2OS,
3540,10.1021/acs.jmedchem.3c00953,P51532,,degradation reporter,,,,,,HEK293; HL-60; U2OS,
3541,10.3390/biom13071099,P26447,MDA-MB-231,other,,rat TNBC cells; human TNBC cells; mouse TNBC cells,Western blot; cell migration assay,,,,MDA-MB-231
3542,10.1016/j.ejmech.2023.115664,Q06187,Ramos,degradation reporter,24.0,RAW264.7,degradation reporter,,,HL-60; K562; Ramos,Ramos
3543,10.1016/j.ejmech.2023.115664,Q06187,Ramos,degradation reporter,24.0,RAW264.7,degradation reporter,,,HL-60; K562; Ramos,Ramos
3544,10.1016/j.ejmech.2023.115664,Q06187,Ramos,degradation reporter,24.0,RAW264.7,degradation reporter,,,HL-60; K562; Ramos,Ramos
3545,10.1016/j.ejmech.2023.115664,Q06187,Ramos,degradation reporter,24.0,RAW264.7,degradation reporter,,,HL-60; K562; Ramos,Ramos
3546,10.1016/j.ejmech.2023.115664,Q06187,Ramos,degradation reporter,24.0,RAW264.7,degradation reporter,,,HL-60; K562; Ramos,Ramos
3547,10.1016/j.ejmech.2023.115664,Q06187,Ramos,degradation reporter,24.0,RAW264.7,degradation reporter,,,HL-60; K562; Ramos,Ramos
3548,10.1016/j.ejmech.2023.115664,Q06187,Ramos,degradation reporter,24.0,RAW264.7,degradation reporter,,,HL-60; K562; Ramos,Ramos
3549,10.1016/j.ejmech.2023.115664,Q06187,Ramos,degradation reporter,24.0,RAW264.7,degradation reporter,,,HL-60; K562; Ramos,Ramos
3550,10.1016/j.ejmech.2023.115664,Q06187,Ramos,degradation reporter,24.0,RAW264.7,degradation reporter,,,HL-60; K562; Ramos,Ramos
3550,10.1016/j.ejmech.2023.115664,Q06187,Ramos,degradation reporter,24.0,RAW264.7,degradation reporter,,,HL-60; K562; Ramos,Ramos
3552,10.1016/j.ejmech.2023.115664,Q06187,Ramos,degradation reporter,24.0,RAW264.7,degradation reporter,,,HL-60; K562; Ramos,Ramos
3553,10.1016/j.ejmech.2023.115664,Q06187,Ramos,degradation reporter,24.0,RAW264.7,degradation reporter,,,HL-60; K562; Ramos,Ramos
3554,10.1016/j.ejmech.2023.115664,Q06187,Ramos,degradation reporter,24.0,RAW264.7,degradation reporter,,,HL-60; K562; Ramos,Ramos
3555,10.1016/j.ejmech.2023.115664,Q06187,Ramos,degradation reporter,24.0,RAW264.7,degradation reporter,,,HL-60; K562; Ramos,Ramos
3556,10.1016/j.ejmech.2023.115664,Q06187,Ramos,degradation reporter,24.0,RAW264.7,degradation reporter,,,HL-60; K562; Ramos,Ramos
3557,10.1016/j.ejmech.2023.115664,Q06187,Ramos,degradation reporter,24.0,RAW264.7,degradation reporter,,,HL-60; K562; Ramos,Ramos
3558,10.1016/j.ejmech.2023.115664,Q06187,Ramos,degradation reporter,24.0,RAW264.7,degradation reporter,,,HL-60; K562; Ramos,Ramos
3559,10.1016/j.ejmech.2023.115664,Q06187,Ramos,degradation reporter,24.0,RAW264.7,degradation reporter,,,HL-60; K562; Ramos,Ramos
3560,10.1016/j.ejmech.2023.115664,Q06187,Ramos,degradation reporter,24.0,RAW264.7,degradation reporter,,,HL-60; K562; Ramos,Ramos
3561,10.1016/j.ejmech.2023.115664,Q06187,Ramos,degradation reporter,24.0,RAW264.7,degradation reporter,,,HL-60; K562; Ramos,Ramos
3562,10.1016/j.ejmech.2023.115664,Q06187,Ramos,degradation reporter,24.0,RAW264.7,degradation reporter,,,HL-60; K562; Ramos,Ramos
3563,10.1016/j.ejmech.2023.115664,Q06187,Ramos,degradation reporter,24.0,RAW264.7,degradation reporter,,,HL-60; K562; Ramos,Ramos
3564,10.1016/j.ejmech.2023.115664,Q06187,Ramos,degradation reporter,24.0,RAW264.7,degradation reporter,,,HL-60; K562; Ramos,Ramos
3565,10.1016/j.bcp.2023.115693,Q9UBN7,,,,THP-1 macrophages,IL-1β release measurement,,,A549; HCT116; HEK293; HeLa,THP-1 macrophages
3565,10.1021/acs.jmedchem.2c01659,Q9UBN7,,,,leukemia cell lines; myeloid leukemia cell lines,,HL-60,Western blot,A549; HCT116; HEK293; HeLa,HL-60
3565,10.1021/acs.jmedchem.2c01659,Q13547,,,,leukemia cell lines; myeloid leukemia cell lines,,HL-60,Western blot,HeLa,HL-60
3566,10.1021/acsmedchemlett.3c00082,P50750,MV4-11,degradation reporter,48.0,,,,,HCT116; HL-60; HL60; MCF7,MV4-11
3567,10.1021/acsmedchemlett.3c00082,P50750,MV4-11,degradation reporter,48.0,,,,,HCT116; HL-60; HL60; MCF7,MV4-11
3568,10.1021/acsmedchemlett.3c00082,P50750,MV4-11,degradation reporter,48.0,,,,,HCT116; HL-60; HL60; MCF7,MV4-11
3569,10.1021/acsmedchemlett.3c00082,P50750,MV4-11,degradation reporter,48.0,,,,,HCT116; HL-60; HL60; MCF7,MV4-11
3570,10.1021/acsmedchemlett.3c00082,P50750,MV4-11,degradation reporter,48.0,,,,,HCT116; HL-60; HL60; MCF7,MV4-11
3571,10.1021/acsmedchemlett.3c00082,P50750,MV4-11,degradation reporter,48.0,,,,,HCT116; HL-60; HL60; MCF7,MV4-11
3572,10.1021/acsmedchemlett.3c00082,P50750,MOLM-13,degradation reporter,,,,,,HCT116; HL-60; HL60; MCF7,MOLM-13
3573,10.1021/acsmedchemlett.3c00082,P50750,MOLM-13,degradation reporter,,,,,,HCT116; HL-60; HL60; MCF7,MOLM-13
3574,10.1021/acsmedchemlett.3c00082,P50750,MOLM-13,degradation reporter,,,,,,HCT116; HL-60; HL60; MCF7,MOLM-13
3575,10.1021/acsmedchemlett.3c00082,P50750,MOLM-13,degradation reporter,,,,,,HCT116; HL-60; HL60; MCF7,MOLM-13
3576,10.1002/cbic.202300392,P40337,HeLa,degradation reporter,12.0,,,,,HEK293; HEK293T; HeLa; THP-1,HeLa
3577,10.1002/cbic.202300392,P40337,HeLa,degradation reporter,12.0,,,,,HEK293; HEK293T; HeLa; THP-1,HeLa
3578,10.1002/cbic.202300392,P40337,HeLa,degradation reporter,12.0,,,,,HEK293; HEK293T; HeLa; THP-1,HeLa
3579,10.1002/cbic.202300392,P40337,HeLa,degradation reporter,12.0,,,,,HEK293; HEK293T; HeLa; THP-1,HeLa
3580,10.1002/cbic.202300392,O60885,MV-4-11,other,,,,,,,MV-4-11
3581,10.1002/cbic.202300392,O60885,MV-4-11,other,,,,,,,MV-4-11
3582,10.1002/cbic.202300392,O60885,MV-4-11,other,,,,,,,MV-4-11
3583,10.1002/cbic.202300392,O60885,MV-4-11,other,,,,,,,MV-4-11
3584,10.1002/cbic.202300392,O60885,MV-4-11,other,,,,,,,MV-4-11
3585,10.1021/acs.jmedchem.2c01859,P21980,,,,ovarian cancer cells,scratch-wound assay; migration assay,,,,ovarian cancer cells
3586,10.1021/acs.jmedchem.2c01859,P21980,,,,ovarian cancer cells,scratch-wound assay; migration assay,,,,ovarian cancer cells
3587,10.1021/acs.jmedchem.2c01859,P21980,,,,ovarian cancer cells,scratch-wound assay; migration assay,,,,ovarian cancer cells
3588,10.1021/acs.jmedchem.2c01859,P21980,,,,ovarian cancer cells,scratch-wound assay; migration assay,,,,ovarian cancer cells
3589,10.1021/acs.jmedchem.2c01859,P21980,,,,ovarian cancer cells,scratch-wound assay; migration assay,,,,ovarian cancer cells
3590,10.1021/acs.jmedchem.2c01859,P21980,,,,ovarian cancer cells,scratch-wound assay; migration assay,,,,ovarian cancer cells
3591,10.1021/acs.jmedchem.2c01859,P21980,,other,,ovarian cancer cells,scratch-wound assay; migration assay,,,,ovarian cancer cells
3592,10.1021/acs.jmedchem.2c01859,P21980,,,,ovarian cancer cells,scratch-wound assay; migration assay,,,,ovarian cancer cells
3593,10.1021/acs.jmedchem.2c01859,P21980,,,,ovarian cancer cells,scratch-wound assay; migration assay,,,,ovarian cancer cells
3594,10.1021/acs.jmedchem.2c01859,P21980,,,,ovarian cancer cells,scratch-wound assay; migration assay,,,,ovarian cancer cells
3595,10.1021/acs.jmedchem.2c01859,P21980,,other,,ovarian cancer cells,scratch-wound assay; migration assay,,,,ovarian cancer cells
3596,10.3389/fchem.2023.1219883,P07900,,other,,,Western blot,,,HCT116; MCF7; MDA-MB-468,
3596,10.3389/fchem.2023.1219883,P08238,,other,,,Western blot,,,HCT116; MCF7; MDA-MB-468,
3597,10.3389/fchem.2023.1219883,P07900,,,,,Western blot,,,HCT116; MCF7; MDA-MB-468,
3597,10.3389/fchem.2023.1219883,P08238,,,,,Western blot,,,HCT116; MCF7; MDA-MB-468,
3598,10.3389/fchem.2023.1219883,P07900,,,,,Western blot,,,HCT116; MCF7; MDA-MB-468,
3598,10.3389/fchem.2023.1219883,P08238,,,,,Western blot,,,HCT116; MCF7; MDA-MB-468,
3599,10.3389/fchem.2023.1219883,P07900,,,,,Western blot,,,HCT116; MCF7; MDA-MB-468,
3599,10.3389/fchem.2023.1219883,P08238,,,,,Western blot,,,HCT116; MCF7; MDA-MB-468,
3600,10.3389/fchem.2023.1219883,P07900,,,,,Western blot,,,HCT116; MCF7; MDA-MB-468,
3600,10.3389/fchem.2023.1219883,P08238,,,,,Western blot,,,HCT116; MCF7; MDA-MB-468,
3601,10.3389/fchem.2023.1219883,P07900,,,,,Western blot,,,HCT116; MCF7; MDA-MB-468,
3601,10.3389/fchem.2023.1219883,P08238,,,,,Western blot,,,HCT116; MCF7; MDA-MB-468,
3602,10.3389/fchem.2023.1219883,P07900,,,,,Western blot,,,HCT116; MCF7; MDA-MB-468,
3602,10.3389/fchem.2023.1219883,P08238,,,,,Western blot,,,HCT116; MCF7; MDA-MB-468,
3603,10.1038/s41467-023-39904-5,P51531,A375,other,2.0,,,,,A549; U2OS,A375
3604,10.1038/s41467-023-39904-5,P51531,A375,other,2.0,,,,,A549; U2OS,A375
3605,10.1038/s41467-023-39904-5,P51531,A375,other,2.0,,,,,A549; U2OS,A375
3606,10.1038/s41467-023-39904-5,P51531,A375,degradation reporter,2.0,,,,,A549; U2OS,A375
3607,10.1038/s41467-023-39904-5,P51531,A375,degradation reporter,2.0,,,,,A549; U2OS,A375
3608,10.1038/s41467-023-39904-5,P51531,A375,degradation reporter,2.0,,,,,A549; U2OS,A375
3609,10.1038/s41467-023-39904-5,P51531,A375,degradation reporter,2.0,,,,,A549; U2OS,A375
3610,10.1038/s41467-023-39904-5,P51531,A375,degradation reporter,2.0,,,,,A549; U2OS,A375
3611,10.1038/s41467-023-39904-5,P51531,A375,degradation reporter,2.0,,,,,A549; U2OS,A375
3612,10.1016/j.apsb.2023.01.014,P08581,,other,,EBC-1; Hs746T,cell growth inhibition; degradation assay; apoptosis; cell cycle analysis; migration assay; invasion assay,,,A549,EBC-1
3613,10.1016/j.apsb.2023.01.014,P08581,,other,,EBC-1; Hs746T,cell growth inhibition; degradation assay; apoptosis; cell cycle analysis; migration assay; invasion assay,,,A549,EBC-1
3614,10.1016/j.apsb.2023.01.014,P08581,,degradation reporter,72.0,EBC-1; Hs746T,cell growth inhibition; degradation assay; apoptosis; cell cycle analysis; migration assay; invasion assay,,,A549,EBC-1
3615,10.1016/j.apsb.2023.01.014,P08581,,other,,EBC-1; Hs746T,cell growth inhibition; degradation assay; apoptosis; cell cycle analysis; migration assay; invasion assay,,,A549,EBC-1
3616,10.1016/j.apsb.2023.01.014,P08581,,,,EBC-1; Hs746T,cell growth inhibition; degradation assay; apoptosis; cell cycle analysis; migration assay; invasion assay,,,A549,EBC-1
3617,10.1016/j.apsb.2023.01.014,P08581,,,,EBC-1; Hs746T,cell growth inhibition; degradation assay; apoptosis; cell cycle analysis; migration assay; invasion assay,,,A549,EBC-1
3618,10.1016/j.apsb.2023.01.014,P08581,,,,EBC-1; Hs746T,cell growth inhibition; degradation assay; apoptosis; cell cycle analysis; migration assay; invasion assay,,,A549,EBC-1
3619,10.1016/j.apsb.2023.01.014,P08581,,,,EBC-1; Hs746T,cell growth inhibition; degradation assay; apoptosis; cell cycle analysis; migration assay; invasion assay,,,A549,EBC-1
3620,10.1016/j.apsb.2023.01.014,P08581,,,,EBC-1; Hs746T,cell growth inhibition; degradation assay; apoptosis; cell cycle analysis; migration assay; invasion assay,,,A549,EBC-1
3621,10.1016/j.apsb.2023.01.014,P08581,EBC-1,other,72.0,EBC-1; Hs746T,cell growth inhibition; degradation assay; apoptosis; cell cycle analysis; migration assay; invasion assay,,,A549,EBC-1
3622,10.1016/j.apsb.2023.01.014,P08581,,,,EBC-1; Hs746T,cell growth inhibition; degradation assay; apoptosis; cell cycle analysis; migration assay; invasion assay,,,A549,EBC-1
3623,10.1016/j.apsb.2023.01.014,P08581,EBC-1,other,72.0,EBC-1; Hs746T,cell growth inhibition; degradation assay; apoptosis; cell cycle analysis; migration assay; invasion assay,,,A549,EBC-1
3624,10.1016/j.apsb.2023.01.014,P08581,,,,EBC-1; Hs746T,cell growth inhibition; degradation assay; apoptosis; cell cycle analysis; migration assay; invasion assay,,,A549,EBC-1
3625,10.1016/j.apsb.2023.01.014,P08581,EBC-1,other,72.0,EBC-1; Hs746T,cell growth inhibition; degradation assay; apoptosis; cell cycle analysis; migration assay; invasion assay,,,A549,EBC-1
3626,10.1016/j.apsb.2023.01.014,P08581,EBC-1,Western blot,72.0,EBC-1; Hs746T,cell growth inhibition; degradation assay; apoptosis; cell cycle analysis; migration assay; invasion assay,,,A549,EBC-1
3627,10.1016/j.ejmech.2023.115580,P15170,U937,Western blot,6.0,U937; MOLT-4; MV4-11,Western blot; proteomic profiling; cell proliferation assay; flow cytometry,,,HEK293; HEK293T; K562; MDA-MB-231; MDA-MB-468; MOLT-4; MV4-11; THP1; VCaP,U937
3628,10.1016/j.ejmech.2023.115580,P15170,U937,Western blot,6.0,U937; MOLT-4; MV4-11,Western blot; proteomic profiling; cell proliferation assay; flow cytometry,,,HEK293; HEK293T; K562; MDA-MB-231; MDA-MB-468; MOLT-4; MV4-11; THP1; VCaP,U937
3629,10.1016/j.ejmech.2023.115580,P15170,U937,Western blot,6.0,U937; MOLT-4; MV4-11,Western blot; proteomic profiling; cell proliferation assay; flow cytometry,,,HEK293; HEK293T; K562; MDA-MB-231; MDA-MB-468; MOLT-4; MV4-11; THP1; VCaP,U937
3630,10.1016/j.ejmech.2023.115580,P15170,U937,Western blot,6.0,U937; MOLT-4; MV4-11,Western blot; proteomic profiling; cell proliferation assay; flow cytometry,,,HEK293; HEK293T; K562; MDA-MB-231; MDA-MB-468; MOLT-4; MV4-11; THP1; VCaP,U937
3631,10.1016/j.ejmech.2023.115580,P15170,U937,Western blot,6.0,U937; MOLT-4; MV4-11,Western blot; proteomic profiling; cell proliferation assay; flow cytometry,,,HEK293; HEK293T; K562; MDA-MB-231; MDA-MB-468; MOLT-4; MV4-11; THP1; VCaP,U937
3632,10.1016/j.ejmech.2023.115580,P15170,U937,Western blot,6.0,U937; MOLT-4; MV4-11,Western blot; proteomic profiling; cell proliferation assay; flow cytometry,,,HEK293; HEK293T; K562; MDA-MB-231; MDA-MB-468; MOLT-4; MV4-11; THP1; VCaP,U937
3633,10.1016/j.ejmech.2023.115580,P15170,U937,Western blot,6.0,U937; MOLT-4; MV4-11,Western blot; proteomic profiling; cell proliferation assay; flow cytometry,,,HEK293; HEK293T; K562; MDA-MB-231; MDA-MB-468; MOLT-4; MV4-11; THP1; VCaP,U937
3634,10.1016/j.ejmech.2023.115580,P15170,U937,Western blot,6.0,U937; MOLT-4; MV4-11,Western blot; proteomic profiling; cell proliferation assay; flow cytometry,,,HEK293; HEK293T; K562; MDA-MB-231; MDA-MB-468; MOLT-4; MV4-11; THP1; VCaP,U937
3635,10.1016/j.ejmech.2023.115580,P15170,U937,Western blot,6.0,U937; MOLT-4; MV4-11,Western blot; proteomic profiling; cell proliferation assay; flow cytometry,,,HEK293; HEK293T; K562; MDA-MB-231; MDA-MB-468; MOLT-4; MV4-11; THP1; VCaP,U937
3636,10.1016/j.ejmech.2023.115580,P15170,U937,Western blot,6.0,U937; MOLT-4; MV4-11,Western blot; proteomic profiling; cell proliferation assay; flow cytometry,,,HEK293; HEK293T; K562; MDA-MB-231; MDA-MB-468; MOLT-4; MV4-11; THP1; VCaP,U937
3637,10.1016/j.ejmech.2023.115580,P15170,U937,Western blot,6.0,U937; MOLT-4; MV4-11,Western blot; proteomic profiling; cell proliferation assay; flow cytometry,,,HEK293; HEK293T; K562; MDA-MB-231; MDA-MB-468; MOLT-4; MV4-11; THP1; VCaP,U937
3638,10.1016/j.ejmech.2023.115580,P15170,U937,Western blot,6.0,U937; MOLT-4; MV4-11,Western blot; proteomic profiling; cell proliferation assay; flow cytometry,,,HEK293; HEK293T; K562; MDA-MB-231; MDA-MB-468; MOLT-4; MV4-11; THP1; VCaP,U937
3639,10.1016/j.ejmech.2023.115580,P15170,U937,Western blot,6.0,U937; MOLT-4; MV4-11,Western blot; proteomic profiling; cell proliferation assay; flow cytometry,,,HEK293; HEK293T; K562; MDA-MB-231; MDA-MB-468; MOLT-4; MV4-11; THP1; VCaP,U937
3640,10.1016/j.ejmech.2023.115580,P15170,U937,Western blot,6.0,U937; MOLT-4; MV4-11,Western blot; proteomic profiling; cell proliferation assay; flow cytometry,,,HEK293; HEK293T; K562; MDA-MB-231; MDA-MB-468; MOLT-4; MV4-11; THP1; VCaP,U937
3641,10.1016/j.ejmech.2023.115580,P15170,U937,Western blot,6.0,U937; MOLT-4; MV4-11,Western blot; proteomic profiling; cell proliferation assay; flow cytometry,,,HEK293; HEK293T; K562; MDA-MB-231; MDA-MB-468; MOLT-4; MV4-11; THP1; VCaP,U937
3642,10.1016/j.ejmech.2023.115580,P15170,U937,Western blot,6.0,U937; MOLT-4; MV4-11,Western blot; proteomic profiling; cell proliferation assay; flow cytometry,,,HEK293; HEK293T; K562; MDA-MB-231; MDA-MB-468; MOLT-4; MV4-11; THP1; VCaP,U937
3643,10.1016/j.ejmech.2023.115580,P15170,U937,other,,U937; MOLT-4; MV4-11,Western blot; proteomic profiling; cell proliferation assay; flow cytometry,,,HEK293; HEK293T; K562; MDA-MB-231; MDA-MB-468; MOLT-4; MV4-11; THP1; VCaP,U937
3644,10.1002/cbic.202300351,Q9H8M2,,other,,,,,,HEK293; U2OS,
3645,10.1038/s41467-023-39657-1,P25440,,,,,,,,HL60,
3645,10.1038/s41467-023-39657-1,Q15059,,,,,,,,HL60; Jurkat,
3645,10.1038/s41467-023-39657-1,O60885,,,,,,,,,
3646,10.1038/s41467-023-39657-1,P25440,,,,,,,,HL60,
3646,10.1038/s41467-023-39657-1,Q15059,,,,,,,,HL60; Jurkat,
3646,10.1038/s41467-023-39657-1,O60885,,,,,,,,,
3647,10.1038/s41467-023-39657-1,P25440,,,,,,,,HL60,
3647,10.1038/s41467-023-39657-1,Q15059,,,,,,,,HL60; Jurkat,
3647,10.1038/s41467-023-39657-1,O60885,,,,,,,,,
3648,10.1038/s41467-023-39657-1,P25440,,,,,,,,HL60,
3648,10.1038/s41467-023-39657-1,Q15059,,,,,,,,HL60; Jurkat,
3648,10.1038/s41467-023-39657-1,O60885,,,,,,,,,
3649,10.1038/s41467-023-39657-1,P25440,,,,,,,,HL60,
3649,10.1038/s41467-023-39657-1,Q15059,,,,,,,,HL60; Jurkat,
3649,10.1038/s41467-023-39657-1,O60885,,,,,,,,,
3650,10.1038/s41467-023-39657-1,P25440,,,,,,,,HL60,
3650,10.1038/s41467-023-39657-1,Q15059,,,,,,,,HL60; Jurkat,
3650,10.1038/s41467-023-39657-1,O60885,,,,,,,,,
3651,10.1038/s41467-023-39657-1,P25440,,,,,,,,HL60,
3651,10.1038/s41467-023-39657-1,Q15059,,,,,,,,HL60; Jurkat,
3651,10.1038/s41467-023-39657-1,O60885,,,,,,,,,
3652,10.1038/s41467-023-39657-1,P25440,,,,,,,,HL60,
3652,10.1038/s41467-023-39657-1,Q15059,,,,,,,,HL60; Jurkat,
3652,10.1038/s41467-023-39657-1,O60885,,,,,,,,,
3653,10.1038/s41467-023-39657-1,P25440,,other,,,,,,HL60,
3653,10.1038/s41467-023-39657-1,Q15059,,other,,,,,,HL60; Jurkat,
3653,10.1038/s41467-023-39657-1,O60885,,other,,,,,,,
3654,10.1038/s41467-023-39657-1,P25440,,,,,,,,HL60,
3654,10.1038/s41467-023-39657-1,Q15059,,,,,,,,HL60; Jurkat,
3654,10.1038/s41467-023-39657-1,O60885,,,,,,,,,
3655,10.1038/s41467-023-39657-1,P25440,,,,,,,,HL60,
3655,10.1038/s41467-023-39657-1,Q15059,,,,,,,,HL60; Jurkat,
3655,10.1038/s41467-023-39657-1,O60885,,,,,,,,,
3656,10.1021/acs.jmedchem.3c00822,Q14145,AML12,,,AML12,Western blot,,,HEK293T; THP1,AML12
3657,10.1021/acs.jmedchem.3c00822,Q14145,AML12,,,AML12,Western blot,,,HEK293T; THP1,AML12
3658,10.1021/acs.jmedchem.3c00822,Q14145,AML12,,,AML12,Western blot,,,HEK293T; THP1,AML12
3659,10.1021/acs.jmedchem.3c00822,Q14145,AML12,degradation reporter,24.0,AML12,Western blot,,,HEK293T; THP1,AML12
3660,10.1021/acs.jmedchem.3c00822,Q14145,AML12,,,AML12,Western blot,,,HEK293T; THP1,AML12
3661,10.1021/acs.jmedchem.3c00822,Q14145,AML12,,,AML12,Western blot,,,HEK293T; THP1,AML12
3662,10.1021/acs.jmedchem.3c00822,Q14145,AML12,,,AML12,Western blot,,,HEK293T; THP1,AML12
3663,10.1021/acs.jmedchem.3c00822,Q14145,AML12,,,AML12,Western blot,,,HEK293T; THP1,AML12
3664,10.1021/acs.jmedchem.3c00822,Q14145,AML12,other,,AML12,Western blot,,,HEK293T; THP1,AML12
3665,10.1021/acs.jmedchem.3c00822,Q14145,AML12,other,,AML12,Western blot,,,HEK293T; THP1,AML12
3666,10.1021/acs.jmedchem.3c00405,P10275,VCaP,degradation reporter,,LNCaP; VCaP,Western blot,,,MCF-7; PC-3; PC3,VCaP
3667,10.1021/acs.jmedchem.3c00405,P10275,VCaP,degradation reporter,,LNCaP; VCaP,Western blot,,,MCF-7; PC-3; PC3,VCaP
3668,10.1021/acs.jmedchem.3c00405,P10275,VCaP,degradation reporter,,LNCaP; VCaP,Western blot,,,MCF-7; PC-3; PC3,VCaP
3669,10.1021/acs.jmedchem.3c00405,P10275,VCaP,degradation reporter,,LNCaP; VCaP,Western blot,,,MCF-7; PC-3; PC3,VCaP
3670,10.1021/acs.jmedchem.3c00405,P10275,VCaP,degradation reporter,,LNCaP; VCaP,Western blot,,,MCF-7; PC-3; PC3,VCaP
3671,10.1021/acs.jmedchem.3c00405,P10275,VCaP,degradation reporter,,LNCaP; VCaP,Western blot,,,MCF-7; PC-3; PC3,VCaP
3672,10.1021/acs.jmedchem.3c00405,P10275,VCaP,degradation reporter,,LNCaP; VCaP,Western blot,,,MCF-7; PC-3; PC3,VCaP
3673,10.1021/acs.jmedchem.3c00405,P10275,VCaP,degradation reporter,,LNCaP; VCaP,Western blot,,,MCF-7; PC-3; PC3,VCaP
3674,10.1021/acs.jmedchem.3c00405,P10275,VCaP,degradation reporter,,LNCaP; VCaP,Western blot,,,MCF-7; PC-3; PC3,VCaP
3675,10.1021/acs.jmedchem.3c00405,P10275,VCaP,degradation reporter,,LNCaP; VCaP,Western blot,,,MCF-7; PC-3; PC3,VCaP
3676,10.1021/acs.jmedchem.3c00405,P10275,VCaP,degradation reporter,,LNCaP; VCaP,Western blot,,,MCF-7; PC-3; PC3,VCaP
3677,10.1021/acs.jmedchem.3c00405,P10275,VCaP,degradation reporter,,LNCaP; VCaP,Western blot,,,MCF-7; PC-3; PC3,VCaP
3678,10.1021/acs.jmedchem.3c00405,P10275,VCaP,degradation reporter,,LNCaP; VCaP,Western blot,,,MCF-7; PC-3; PC3,VCaP
3679,10.1021/acs.jmedchem.3c00405,P10275,VCaP,degradation reporter,,LNCaP; VCaP,Western blot,,,MCF-7; PC-3; PC3,VCaP
3680,10.1021/acs.jmedchem.3c00405,P10275,VCaP,degradation reporter,24.0,LNCaP; VCaP,Western blot,,,MCF-7; PC-3; PC3,VCaP
3681,10.1021/acs.jmedchem.3c00405,P10275,VCaP,degradation reporter,,LNCaP; VCaP,Western blot,,,MCF-7; PC-3; PC3,VCaP
3682,10.1021/acs.jmedchem.3c00405,P10275,VCaP,degradation reporter,,LNCaP; VCaP,Western blot,,,MCF-7; PC-3; PC3,VCaP
3683,10.1021/acs.jmedchem.3c00405,P10275,VCaP,degradation reporter,,LNCaP; VCaP,Western blot,,,MCF-7; PC-3; PC3,VCaP
3684,10.1021/acs.jmedchem.3c00405,P10275,VCaP,degradation reporter,,LNCaP; VCaP,Western blot,,,MCF-7; PC-3; PC3,VCaP
3685,10.1021/acs.jmedchem.3c00405,P10275,VCaP,degradation reporter,,LNCaP; VCaP,Western blot,,,MCF-7; PC-3; PC3,VCaP
3686,10.1021/acs.jmedchem.3c00405,P10275,VCaP,degradation reporter,,LNCaP; VCaP,Western blot,,,MCF-7; PC-3; PC3,VCaP
3687,10.1021/acs.jmedchem.3c00405,P10275,VCaP,degradation reporter,,LNCaP; VCaP,Western blot,,,MCF-7; PC-3; PC3,VCaP
3688,10.1021/acs.jmedchem.3c00405,P10275,VCaP,degradation reporter,,LNCaP; VCaP,Western blot,,,MCF-7; PC-3; PC3,VCaP
3689,10.1021/acs.jmedchem.3c00405,P10275,VCaP,degradation reporter,,LNCaP; VCaP,Western blot,,,MCF-7; PC-3; PC3,VCaP
3690,10.1021/acs.jmedchem.3c00405,P10275,VCaP,degradation reporter,,LNCaP; VCaP,Western blot,,,MCF-7; PC-3; PC3,VCaP
3691,10.1021/acs.jmedchem.3c00405,P10275,VCaP,degradation reporter,,LNCaP; VCaP,Western blot,,,MCF-7; PC-3; PC3,VCaP
3692,10.1021/acs.jmedchem.3c00405,P10275,VCaP,degradation reporter,,LNCaP; VCaP,Western blot,,,MCF-7; PC-3; PC3,VCaP
3693,10.1021/acs.jmedchem.3c00405,P10275,VCaP,degradation reporter,,LNCaP; VCaP,Western blot,,,MCF-7; PC-3; PC3,VCaP
3694,10.1021/acs.jmedchem.3c00405,P10275,VCaP,degradation reporter,,LNCaP; VCaP,Western blot,,,MCF-7; PC-3; PC3,VCaP
3695,10.1021/acs.jmedchem.3c00405,P10275,VCaP,degradation reporter,,LNCaP; VCaP,Western blot,,,MCF-7; PC-3; PC3,VCaP
3696,10.1021/acs.jmedchem.3c00405,P10275,VCaP,degradation reporter,,LNCaP; VCaP,Western blot,,,MCF-7; PC-3; PC3,VCaP
3697,10.1021/acs.jmedchem.3c00405,P10275,VCaP,degradation reporter,,LNCaP; VCaP,Western blot,,,MCF-7; PC-3; PC3,VCaP
3698,10.1021/acs.jmedchem.3c00405,P10275,VCaP,degradation reporter,,LNCaP; VCaP,Western blot,,,MCF-7; PC-3; PC3,VCaP
3699,10.1021/acs.jmedchem.3c00118,P52789,4T1,other,,,,,,MDA-MB-231,4T1
3700,10.1021/acs.jmedchem.3c00118,P52789,786-O,other,,,,,,MDA-MB-231,786-O
3701,10.1021/acs.jmedchem.3c00118,P52789,PANC-1,other,,,,,,MDA-MB-231,PANC-1
3702,10.1021/acs.jmedchem.3c00118,P52789,4T1,other,,,,,,MDA-MB-231,4T1
3703,10.1021/acs.jmedchem.3c00118,P52789,786-O,other,,,,,,MDA-MB-231,786-O
3704,10.1021/acs.jmedchem.3c00118,P52789,,other,,,,,,MDA-MB-231,
3705,10.1021/acs.jmedchem.3c00118,P52789,,other,,,,,,MDA-MB-231,
3706,10.1021/acs.jmedchem.3c00118,P52789,,other,,,,,,MDA-MB-231,
3707,10.1021/acs.jmedchem.3c00118,P52789,,other,,,,,,MDA-MB-231,
3708,10.1021/acs.jmedchem.3c00118,P52789,,other,,,,,,MDA-MB-231,
3709,10.1021/acs.jmedchem.3c00118,P52789,MDA-MB-231,degradation reporter,36.0,,,,,MDA-MB-231,MDA-MB-231
3710,10.1021/acs.jmedchem.3c00118,P52789,,other,,,,,,MDA-MB-231,
3711,10.1021/acs.jmedchem.3c00118,P52789,,other,,,,,,MDA-MB-231,
3712,10.1021/acs.jmedchem.3c00118,P52789,,other,,,,,,MDA-MB-231,
3713,10.1021/acs.jmedchem.3c00118,P52789,,other,,,,,,MDA-MB-231,
3714,10.1021/acs.jmedchem.3c00118,P52789,4T1,other,,,,,,MDA-MB-231,4T1
3715,10.1021/acs.jmedchem.3c00118,P52789,4T1,other,,,,,,MDA-MB-231,4T1
3716,10.1021/acs.jmedchem.3c00118,P52789,4T1,other,,,,,,MDA-MB-231,4T1
3717,10.1021/acs.jmedchem.3c00118,P52789,4T1,other,,,,,,MDA-MB-231,4T1
3718,10.1021/acs.jmedchem.3c00118,P52789,4T1,other,,,,,,MDA-MB-231,4T1
3719,10.1021/acs.jmedchem.3c00118,P52789,4T1,other,,,,,,MDA-MB-231,4T1
3720,10.1021/acs.jmedchem.3c00118,P52789,4T1,other,,,,,,MDA-MB-231,4T1
3721,10.1021/acs.jmedchem.3c00118,P52789,4T1,other,,,,,,MDA-MB-231,4T1
3722,10.1016/j.bmcl.2023.129393,P43490,A2780,degradation reporter,24.0,A2780,,,,,A2780
3723,10.1016/j.bmcl.2023.129393,P43490,A2780,degradation reporter,24.0,A2780,,,,,A2780
3724,10.1016/j.bmcl.2023.129393,P43490,A2780,Western blot,24.0,A2780,,,,,A2780
3725,10.1016/j.bmcl.2023.129393,P43490,A2780,Western blot,24.0,A2780,,,,,A2780
3726,10.1016/j.bmcl.2023.129393,P43490,A2780,Western blot,24.0,A2780,,,,,A2780
3727,10.1016/j.bmcl.2023.129393,P43490,A2780,Western blot,24.0,A2780,,,,,A2780
3728,10.1016/j.bmcl.2023.129393,P43490,A2780,Western blot,24.0,A2780,,,,,A2780
3729,10.1016/j.bmcl.2023.129393,P43490,A2780,Western blot,24.0,A2780,,,,,A2780
3730,10.1016/j.redox.2023.102783,Q14145,HepG2,TR-FRET,6.0,hepatocytes,Western blot; degradation reporter,,,HEK293T; THP1,HepG2
3731,10.1016/j.redox.2023.102783,Q14145,HepG2,TR-FRET,6.0,hepatocytes,Western blot; degradation reporter,,,HEK293T; THP1,HepG2
3732,10.1016/j.redox.2023.102783,Q14145,HepG2,TR-FRET,6.0,hepatocytes,Western blot; degradation reporter,,,HEK293T; THP1,HepG2
3733,10.3390/molecules28114458,P37840,,,,H293T,Western blot,,,,H293T
3734,10.3390/molecules28114458,P37840,,,,H293T,Western blot,,,,H293T
3735,10.3390/molecules28114458,P37840,,,,H293T,Western blot,,,,H293T
3736,10.3390/molecules28114458,P37840,,,,H293T,Western blot,,,,H293T
3737,10.3390/molecules28114458,P37840,HEK293T,Western blot,24.0,H293T,Western blot,,,,HEK293T
3738,10.3390/molecules28114458,P37840,,,,H293T,Western blot,,,,H293T
3739,10.3390/molecules28114458,P37840,,,,H293T,Western blot,,,,H293T
3740,10.3390/molecules28114458,P37840,,,,H293T,Western blot,,,,H293T
3741,10.3390/molecules28114458,P37840,,,,H293T,Western blot,,,,H293T
3742,10.1038/s41418-023-01180-7,Q93009,CAL33,Western blot,24.0,TNBC cells,cell growth assay; tumor growth measurement,,,HCT116; HEK293T; MCF7; U2OS,CAL33
3743,10.1021/acs.jmedchem.3c00520,P25440,MV4-11,Western blot,4.0,,Western blot; proteomics,,,HL60,MV4-11
3743,10.1021/acs.jmedchem.3c00520,Q15059,MV4-11,Western blot,4.0,,Western blot; proteomics,,,HL60; Jurkat,MV4-11
3743,10.1021/acs.jmedchem.3c00520,O60885,MV4-11,Western blot,4.0,,Western blot; proteomics,,,,MV4-11
3744,10.1021/acs.jmedchem.3c00520,P25440,MV4-11,Western blot,4.0,,Western blot; proteomics,,,HL60,MV4-11
3744,10.1021/acs.jmedchem.3c00520,Q15059,MV4-11,Western blot,4.0,,Western blot; proteomics,,,HL60; Jurkat,MV4-11
3744,10.1021/acs.jmedchem.3c00520,O60885,MV4-11,Western blot,4.0,,Western blot; proteomics,,,,MV4-11
3745,10.1021/acs.jmedchem.3c00520,P25440,,other,,,Western blot; proteomics,,,HL60,
3745,10.1021/acs.jmedchem.3c00520,P25440,,other,,,Western blot; proteomics,,,HL60,
3745,10.1021/acs.jmedchem.3c00520,P25440,,other,,,Western blot; proteomics,,,HL60,
3745,10.1021/acs.jmedchem.3c00520,Q15059,,other,,,Western blot; proteomics,,,HL60; Jurkat,
3745,10.1021/acs.jmedchem.3c00520,Q15059,,other,,,Western blot; proteomics,,,HL60; Jurkat,
3745,10.1021/acs.jmedchem.3c00520,Q15059,,other,,,Western blot; proteomics,,,HL60; Jurkat,
3745,10.1021/acs.jmedchem.3c00520,O60885,,other,,,Western blot; proteomics,,,,
3745,10.1021/acs.jmedchem.3c00520,O60885,,other,,,Western blot; proteomics,,,,
3745,10.1021/acs.jmedchem.3c00520,O60885,,other,,,Western blot; proteomics,,,,
3745,10.1021/acs.jmedchem.3c00520,P25440,,other,,,Western blot; proteomics,,,HL60,
3745,10.1021/acs.jmedchem.3c00520,P25440,,other,,,Western blot; proteomics,,,HL60,
3745,10.1021/acs.jmedchem.3c00520,Q15059,,other,,,Western blot; proteomics,,,HL60; Jurkat,
3745,10.1021/acs.jmedchem.3c00520,Q15059,,other,,,Western blot; proteomics,,,HL60; Jurkat,
3745,10.1021/acs.jmedchem.3c00520,O60885,,other,,,Western blot; proteomics,,,,
3745,10.1021/acs.jmedchem.3c00520,O60885,,other,,,Western blot; proteomics,,,,
3746,10.1021/acs.jmedchem.3c00520,P25440,,other,,,Western blot; proteomics,,,HL60,
3746,10.1021/acs.jmedchem.3c00520,Q15059,,other,,,Western blot; proteomics,,,HL60; Jurkat,
3746,10.1021/acs.jmedchem.3c00520,O60885,,other,,,Western blot; proteomics,,,,
3746,10.1021/acs.jmedchem.3c00520,P25440,,other,,,Western blot; proteomics,,,HL60,
3746,10.1021/acs.jmedchem.3c00520,P25440,,other,,,Western blot; proteomics,,,HL60,
3746,10.1021/acs.jmedchem.3c00520,Q15059,,other,,,Western blot; proteomics,,,HL60; Jurkat,
3746,10.1021/acs.jmedchem.3c00520,Q15059,,other,,,Western blot; proteomics,,,HL60; Jurkat,
3746,10.1021/acs.jmedchem.3c00520,O60885,,other,,,Western blot; proteomics,,,,
3746,10.1021/acs.jmedchem.3c00520,O60885,,other,,,Western blot; proteomics,,,,
3747,10.1021/acs.jmedchem.3c00520,P25440,MDA-MB-453,degradation reporter,4.0,,Western blot; proteomics,,,HL60,MDA-MB-453
3747,10.1021/acs.jmedchem.3c00520,P25440,MDA-MB-453,degradation reporter,4.0,,Western blot; proteomics,,,HL60,MDA-MB-453
3747,10.1021/acs.jmedchem.3c00520,P25440,MDA-MB-453,degradation reporter,4.0,,Western blot; proteomics,,,HL60,MDA-MB-453
3747,10.1021/acs.jmedchem.3c00520,Q15059,MDA-MB-453,degradation reporter,4.0,,Western blot; proteomics,,,HL60; Jurkat,MDA-MB-453
3747,10.1021/acs.jmedchem.3c00520,Q15059,MDA-MB-453,degradation reporter,4.0,,Western blot; proteomics,,,HL60; Jurkat,MDA-MB-453
3747,10.1021/acs.jmedchem.3c00520,Q15059,MDA-MB-453,degradation reporter,4.0,,Western blot; proteomics,,,HL60; Jurkat,MDA-MB-453
3747,10.1021/acs.jmedchem.3c00520,O60885,MDA-MB-453,degradation reporter,4.0,,Western blot; proteomics,,,,MDA-MB-453
3747,10.1021/acs.jmedchem.3c00520,O60885,MDA-MB-453,degradation reporter,4.0,,Western blot; proteomics,,,,MDA-MB-453
3747,10.1021/acs.jmedchem.3c00520,O60885,MDA-MB-453,degradation reporter,4.0,,Western blot; proteomics,,,,MDA-MB-453
3748,10.1021/acs.jmedchem.3c00505,O00444,MCF-7,degradation reporter,48.0,MCF-7,,,,,MCF-7
3749,10.1021/acs.jmedchem.3c00505,O00444,MCF-7,degradation reporter,48.0,MCF-7,,,,,MCF-7
3750,10.1021/acs.jmedchem.3c00505,O00444,MCF-7,degradation reporter,48.0,MCF-7,,,,,MCF-7
3751,10.1021/acs.jmedchem.3c00505,O00444,MCF-7,degradation reporter,48.0,MCF-7,,,,,MCF-7
3752,10.1021/acs.jmedchem.3c00505,O00444,MCF-7,degradation reporter,48.0,MCF-7,,,,,MCF-7
3753,10.1021/acs.jmedchem.3c00505,O00444,MCF-7,degradation reporter,48.0,MCF-7,,,,,MCF-7
3754,10.1021/acs.jmedchem.3c00505,O00444,MCF-7,degradation reporter,48.0,MCF-7,,,,,MCF-7
3755,10.1021/acs.jmedchem.3c00505,O00444,MCF-7,degradation reporter,48.0,MCF-7,,,,,MCF-7
3756,10.1021/acs.jmedchem.3c00505,O00444,MCF-7,degradation reporter,48.0,MCF-7,,,,,MCF-7
3757,10.1021/acs.jmedchem.3c00505,O00444,MCF-7,degradation reporter,48.0,MCF-7,,,,,MCF-7
3758,10.1021/acs.jmedchem.3c00505,O00444,MCF-7,other,48.0,MCF-7,,,,,MCF-7
3759,10.1021/acs.jmedchem.3c00505,O00444,MCF-7,other,48.0,MCF-7,,,,,MCF-7
3760,10.1021/acs.jmedchem.3c00505,O00444,MCF-7,other,48.0,MCF-7,,,,,MCF-7
3761,10.1021/acs.jmedchem.3c00505,O00444,MCF-7,other,48.0,MCF-7,,,,,MCF-7
3762,10.1021/acs.jmedchem.3c00505,O00444,MCF-7,other,48.0,MCF-7,,,,,MCF-7
3763,10.1021/acs.jmedchem.3c00505,O00444,MCF-7,other,48.0,MCF-7,,,,,MCF-7
3764,10.1021/acs.jmedchem.3c00505,O00444,MCF-7,other,48.0,MCF-7,,,,,MCF-7
3765,10.1021/acs.jmedchem.3c00505,O00444,MCF-7,other,48.0,MCF-7,,,,,MCF-7
3766,10.1021/acs.jmedchem.3c00505,O00444,MCF-7,other,48.0,MCF-7,,,,,MCF-7
3767,10.1021/acs.jmedchem.3c00505,O00444,MCF-7,other,48.0,MCF-7,,,,,MCF-7
3768,10.1021/acs.jmedchem.3c00505,O00444,MCF-7,degradation reporter,48.0,MCF-7,,,,,MCF-7
3769,10.1021/acs.jmedchem.3c00505,O00444,MCF-7,degradation reporter,48.0,MCF-7,,,,,MCF-7
3770,10.1021/acs.jmedchem.3c00505,O00444,MCF-7,degradation reporter,48.0,MCF-7,,,,,MCF-7
3771,10.1021/acs.jmedchem.3c00505,O00444,MCF-7,degradation reporter,48.0,MCF-7,,,,,MCF-7
3772,10.1021/acs.jmedchem.3c00505,O00444,MCF-7,degradation reporter,48.0,MCF-7,,,,,MCF-7
3773,10.1021/acs.jmedchem.3c00505,O00444,MCF-7,degradation reporter,48.0,MCF-7,,,,,MCF-7
3774,10.1021/acs.jmedchem.3c00505,O00444,MCF-7,degradation reporter,48.0,MCF-7,,,,,MCF-7
3775,10.1021/acs.jmedchem.3c00505,O00444,MCF-7,degradation reporter,48.0,MCF-7,,,,,MCF-7
3776,10.1021/acs.jmedchem.3c00505,O00444,MCF-7,degradation reporter,48.0,MCF-7,,,,,MCF-7
3777,10.1021/acs.jmedchem.3c00505,O00444,MCF-7,degradation reporter,48.0,MCF-7,,,,,MCF-7
3778,10.1016/j.bioorg.2023.106637,P11802,,,,MDA-MB-231,Western blot,,,HCT116; HeLa,MDA-MB-231
3778,10.1016/j.bioorg.2023.106637,Q00534,,,,MDA-MB-231,Western blot,,,HCT116; HL-60; HL60,MDA-MB-231
3779,10.1016/j.bioorg.2023.106637,P11802,,,,MDA-MB-231,Western blot,,,HCT116; HeLa,MDA-MB-231
3779,10.1016/j.bioorg.2023.106637,Q00534,,,,MDA-MB-231,Western blot,,,HCT116; HL-60; HL60,MDA-MB-231
3780,10.1016/j.bioorg.2023.106637,P11802,,,,MDA-MB-231,Western blot,,,HCT116; HeLa,MDA-MB-231
3780,10.1016/j.bioorg.2023.106637,Q00534,,,,MDA-MB-231,Western blot,,,HCT116; HL-60; HL60,MDA-MB-231
3781,10.1016/j.bioorg.2023.106637,P11802,MDA-MB-231,degradation reporter,12.0,MDA-MB-231,Western blot,,,HCT116; HeLa,MDA-MB-231
3781,10.1016/j.bioorg.2023.106637,Q00534,MDA-MB-231,degradation reporter,12.0,MDA-MB-231,Western blot,,,HCT116; HL-60; HL60,MDA-MB-231
3782,10.1016/j.bioorg.2023.106637,P11802,,,,MDA-MB-231,Western blot,,,HCT116; HeLa,MDA-MB-231
3782,10.1016/j.bioorg.2023.106637,Q00534,,,,MDA-MB-231,Western blot,,,HCT116; HL-60; HL60,MDA-MB-231
3783,10.1016/j.bioorg.2023.106637,P11802,,,,MDA-MB-231,Western blot,,,HCT116; HeLa,MDA-MB-231
3783,10.1016/j.bioorg.2023.106637,Q00534,,,,MDA-MB-231,Western blot,,,HCT116; HL-60; HL60,MDA-MB-231
3784,10.1016/j.bioorg.2023.106637,P11802,,,,MDA-MB-231,Western blot,,,HCT116; HeLa,MDA-MB-231
3784,10.1016/j.bioorg.2023.106637,Q00534,,,,MDA-MB-231,Western blot,,,HCT116; HL-60; HL60,MDA-MB-231
3785,10.1016/j.bioorg.2023.106637,P11802,,,,MDA-MB-231,Western blot,,,HCT116; HeLa,MDA-MB-231
3785,10.1016/j.bioorg.2023.106637,Q00534,,,,MDA-MB-231,Western blot,,,HCT116; HL-60; HL60,MDA-MB-231
3786,10.1016/j.bioorg.2023.106637,P11802,,,,MDA-MB-231,Western blot,,,HCT116; HeLa,MDA-MB-231
3786,10.1016/j.bioorg.2023.106637,Q00534,,,,MDA-MB-231,Western blot,,,HCT116; HL-60; HL60,MDA-MB-231
3787,10.1016/j.bioorg.2023.106637,P11802,,,,MDA-MB-231,Western blot,,,HCT116; HeLa,MDA-MB-231
3787,10.1016/j.bioorg.2023.106637,Q00534,,,,MDA-MB-231,Western blot,,,HCT116; HL-60; HL60,MDA-MB-231
3788,10.1016/j.bioorg.2023.106637,P11802,,,,MDA-MB-231,Western blot,,,HCT116; HeLa,MDA-MB-231
3788,10.1016/j.bioorg.2023.106637,Q00534,,,,MDA-MB-231,Western blot,,,HCT116; HL-60; HL60,MDA-MB-231
3789,10.1016/j.bioorg.2023.106637,P11802,,,,MDA-MB-231,Western blot,,,HCT116; HeLa,MDA-MB-231
3789,10.1016/j.bioorg.2023.106637,Q00534,,,,MDA-MB-231,Western blot,,,HCT116; HL-60; HL60,MDA-MB-231
3790,10.1016/j.bioorg.2023.106637,P11802,,,,MDA-MB-231,Western blot,,,HCT116; HeLa,MDA-MB-231
3790,10.1016/j.bioorg.2023.106637,Q00534,,,,MDA-MB-231,Western blot,,,HCT116; HL-60; HL60,MDA-MB-231
3791,10.1016/j.bioorg.2023.106637,P11802,,,,MDA-MB-231,Western blot,,,HCT116; HeLa,MDA-MB-231
3791,10.1016/j.bioorg.2023.106637,Q00534,,,,MDA-MB-231,Western blot,,,HCT116; HL-60; HL60,MDA-MB-231
3792,10.1016/j.bioorg.2023.106637,P11802,,,,MDA-MB-231,Western blot,,,HCT116; HeLa,MDA-MB-231
3792,10.1016/j.bioorg.2023.106637,Q00534,,,,MDA-MB-231,Western blot,,,HCT116; HL-60; HL60,MDA-MB-231
3793,10.1016/j.bioorg.2023.106637,P11802,,,,MDA-MB-231,Western blot,,,HCT116; HeLa,MDA-MB-231
3793,10.1016/j.bioorg.2023.106637,Q00534,,,,MDA-MB-231,Western blot,,,HCT116; HL-60; HL60,MDA-MB-231
3794,10.1016/j.bioorg.2023.106637,P11802,,,,MDA-MB-231,Western blot,,,HCT116; HeLa,MDA-MB-231
3794,10.1016/j.bioorg.2023.106637,Q00534,,,,MDA-MB-231,Western blot,,,HCT116; HL-60; HL60,MDA-MB-231
3795,10.1016/j.bioorg.2023.106637,P11802,,,,MDA-MB-231,Western blot,,,HCT116; HeLa,MDA-MB-231
3795,10.1016/j.bioorg.2023.106637,Q00534,,,,MDA-MB-231,Western blot,,,HCT116; HL-60; HL60,MDA-MB-231
3796,10.1016/j.bioorg.2023.106637,P11802,,,,MDA-MB-231,Western blot,,,HCT116; HeLa,MDA-MB-231
3796,10.1016/j.bioorg.2023.106637,Q00534,,,,MDA-MB-231,Western blot,,,HCT116; HL-60; HL60,MDA-MB-231
3797,10.1016/j.bioorg.2023.106637,P11802,,,,MDA-MB-231,Western blot,,,HCT116; HeLa,MDA-MB-231
3797,10.1016/j.bioorg.2023.106637,Q00534,,,,MDA-MB-231,Western blot,,,HCT116; HL-60; HL60,MDA-MB-231
3798,10.1016/j.bioorg.2023.106637,P11802,,,,MDA-MB-231,Western blot,,,HCT116; HeLa,MDA-MB-231
3798,10.1016/j.bioorg.2023.106637,Q00534,,,,MDA-MB-231,Western blot,,,HCT116; HL-60; HL60,MDA-MB-231
3799,10.1016/j.bioorg.2023.106637,P11802,,,,MDA-MB-231,Western blot,,,HCT116; HeLa,MDA-MB-231
3799,10.1016/j.bioorg.2023.106637,Q00534,,,,MDA-MB-231,Western blot,,,HCT116; HL-60; HL60,MDA-MB-231
3800,10.1016/j.bioorg.2023.106637,P11802,,,,MDA-MB-231,Western blot,,,HCT116; HeLa,MDA-MB-231
3800,10.1016/j.bioorg.2023.106637,Q00534,,,,MDA-MB-231,Western blot,,,HCT116; HL-60; HL60,MDA-MB-231
3801,10.1016/j.bioorg.2023.106637,P11802,,,,MDA-MB-231,Western blot,,,HCT116; HeLa,MDA-MB-231
3801,10.1016/j.bioorg.2023.106637,Q00534,,,,MDA-MB-231,Western blot,,,HCT116; HL-60; HL60,MDA-MB-231
3802,10.1016/j.bioorg.2023.106637,P11802,,,,MDA-MB-231,Western blot,,,HCT116; HeLa,MDA-MB-231
3802,10.1016/j.bioorg.2023.106637,Q00534,,,,MDA-MB-231,Western blot,,,HCT116; HL-60; HL60,MDA-MB-231
3803,10.1016/j.bioorg.2023.106637,P11802,,,,MDA-MB-231,Western blot,,,HCT116; HeLa,MDA-MB-231
3803,10.1016/j.bioorg.2023.106637,Q00534,,,,MDA-MB-231,Western blot,,,HCT116; HL-60; HL60,MDA-MB-231
3804,10.1021/acs.jmedchem.3c00492,Q92793,RS4;11,degradation reporter,4.0,RS4;11,degradation reporter,RS4-11,Western blot,HEK293; U2OS,RS4;11
3804,10.1021/acs.jmedchem.3c00492,Q09472,RS4;11,degradation reporter,4.0,RS4;11,degradation reporter,RS4-11,Western blot,MDA-MB-231; MDA-MB-468; PC3,RS4;11
3805,10.1021/acs.jmedchem.3c00492,Q92793,RS4;11,degradation reporter,4.0,RS4;11,degradation reporter,RS4-11,Western blot,HEK293; U2OS,RS4;11
3805,10.1021/acs.jmedchem.3c00492,Q09472,RS4;11,degradation reporter,4.0,RS4;11,degradation reporter,RS4-11,Western blot,MDA-MB-231; MDA-MB-468; PC3,RS4;11
3806,10.1021/acs.jmedchem.3c00492,Q92793,RS4;11,degradation reporter,4.0,RS4;11,degradation reporter,RS4-11,Western blot,HEK293; U2OS,RS4;11
3806,10.1021/acs.jmedchem.3c00492,Q09472,RS4;11,degradation reporter,4.0,RS4;11,degradation reporter,RS4-11,Western blot,MDA-MB-231; MDA-MB-468; PC3,RS4;11
3807,10.1021/acs.jmedchem.3c00492,Q92793,RS4;11,degradation reporter,4.0,RS4;11,degradation reporter,RS4-11,Western blot,HEK293; U2OS,RS4;11
3807,10.1021/acs.jmedchem.3c00492,Q09472,RS4;11,degradation reporter,4.0,RS4;11,degradation reporter,RS4-11,Western blot,MDA-MB-231; MDA-MB-468; PC3,RS4;11
3808,10.1021/acs.jmedchem.3c00492,Q92793,RS4;11,degradation reporter,4.0,RS4;11,degradation reporter,RS4-11,Western blot,HEK293; U2OS,RS4;11
3808,10.1021/acs.jmedchem.3c00492,Q09472,RS4;11,degradation reporter,4.0,RS4;11,degradation reporter,RS4-11,Western blot,MDA-MB-231; MDA-MB-468; PC3,RS4;11
3809,10.1021/acs.jmedchem.3c00492,Q92793,RS4;11,degradation reporter,4.0,RS4;11,degradation reporter,RS4-11,Western blot,HEK293; U2OS,RS4;11
3809,10.1021/acs.jmedchem.3c00492,Q09472,RS4;11,degradation reporter,4.0,RS4;11,degradation reporter,RS4-11,Western blot,MDA-MB-231; MDA-MB-468; PC3,RS4;11
3810,10.1021/acs.jmedchem.3c00492,Q92793,RS4;11,degradation reporter,4.0,RS4;11,degradation reporter,RS4-11,Western blot,HEK293; U2OS,RS4;11
3810,10.1021/acs.jmedchem.3c00492,Q09472,RS4;11,degradation reporter,4.0,RS4;11,degradation reporter,RS4-11,Western blot,MDA-MB-231; MDA-MB-468; PC3,RS4;11
3811,10.1021/acs.jmedchem.3c00492,Q92793,RS4;11,degradation reporter,4.0,RS4;11,degradation reporter,RS4-11,Western blot,HEK293; U2OS,RS4;11
3811,10.1021/acs.jmedchem.3c00492,Q09472,RS4;11,degradation reporter,4.0,RS4;11,degradation reporter,RS4-11,Western blot,MDA-MB-231; MDA-MB-468; PC3,RS4;11
3812,10.1021/acs.jmedchem.3c00492,Q92793,RS4;11,degradation reporter,4.0,RS4;11,degradation reporter,RS4-11,Western blot,HEK293; U2OS,RS4;11
3812,10.1021/acs.jmedchem.3c00492,Q09472,RS4;11,degradation reporter,4.0,RS4;11,degradation reporter,RS4-11,Western blot,MDA-MB-231; MDA-MB-468; PC3,RS4;11
3813,10.1021/acs.jmedchem.3c00492,Q92793,RS4;11,degradation reporter,4.0,RS4;11,degradation reporter,RS4-11,Western blot,HEK293; U2OS,RS4;11
3813,10.1021/acs.jmedchem.3c00492,Q09472,RS4;11,degradation reporter,4.0,RS4;11,degradation reporter,RS4-11,Western blot,MDA-MB-231; MDA-MB-468; PC3,RS4;11
3814,10.1021/acs.jmedchem.3c00492,Q92793,RS4;11,degradation reporter,4.0,RS4;11,degradation reporter,RS4-11,Western blot,HEK293; U2OS,RS4;11
3814,10.1021/acs.jmedchem.3c00492,Q09472,RS4;11,degradation reporter,4.0,RS4;11,degradation reporter,RS4-11,Western blot,MDA-MB-231; MDA-MB-468; PC3,RS4;11
3815,10.1021/acs.jmedchem.3c00492,Q92793,RS4;11,degradation reporter,4.0,RS4;11,degradation reporter,RS4-11,Western blot,HEK293; U2OS,RS4;11
3815,10.1021/acs.jmedchem.3c00492,Q09472,RS4;11,degradation reporter,4.0,RS4;11,degradation reporter,RS4-11,Western blot,MDA-MB-231; MDA-MB-468; PC3,RS4;11
3816,10.1021/acs.jmedchem.3c00492,Q92793,RS4;11,degradation reporter,4.0,RS4;11,degradation reporter,RS4-11,Western blot,HEK293; U2OS,RS4;11
3816,10.1021/acs.jmedchem.3c00492,Q09472,RS4;11,degradation reporter,4.0,RS4;11,degradation reporter,RS4-11,Western blot,MDA-MB-231; MDA-MB-468; PC3,RS4;11
3817,10.1021/acs.jmedchem.3c00492,Q92793,RS4;11,degradation reporter,4.0,RS4;11,degradation reporter,RS4-11,Western blot,HEK293; U2OS,RS4;11
3817,10.1021/acs.jmedchem.3c00492,Q09472,RS4;11,degradation reporter,4.0,RS4;11,degradation reporter,RS4-11,Western blot,MDA-MB-231; MDA-MB-468; PC3,RS4;11
3818,10.1021/acs.jmedchem.3c00492,Q92793,RS4;11,degradation reporter,4.0,RS4;11,degradation reporter,RS4-11,Western blot,HEK293; U2OS,RS4;11
3818,10.1021/acs.jmedchem.3c00492,Q09472,RS4;11,degradation reporter,4.0,RS4;11,degradation reporter,RS4-11,Western blot,MDA-MB-231; MDA-MB-468; PC3,RS4;11
3819,10.1021/acs.jmedchem.3c00492,Q92793,RS4;11,degradation reporter,4.0,RS4;11,degradation reporter,RS4-11,Western blot,HEK293; U2OS,RS4;11
3819,10.1021/acs.jmedchem.3c00492,Q09472,RS4;11,degradation reporter,4.0,RS4;11,degradation reporter,RS4-11,Western blot,MDA-MB-231; MDA-MB-468; PC3,RS4;11
3820,10.1021/acs.jmedchem.3c00492,Q92793,RS4;11,degradation reporter,4.0,RS4;11,degradation reporter,RS4-11,Western blot,HEK293; U2OS,RS4;11
3820,10.1021/acs.jmedchem.3c00492,Q09472,RS4;11,degradation reporter,4.0,RS4;11,degradation reporter,RS4-11,Western blot,MDA-MB-231; MDA-MB-468; PC3,RS4;11
3821,10.1021/acs.jmedchem.3c00492,Q92793,RS4;11,degradation reporter,4.0,RS4;11,degradation reporter,RS4-11,Western blot,HEK293; U2OS,RS4;11
3821,10.1021/acs.jmedchem.3c00492,Q09472,RS4;11,degradation reporter,4.0,RS4;11,degradation reporter,RS4-11,Western blot,MDA-MB-231; MDA-MB-468; PC3,RS4;11
3822,10.1021/acs.jmedchem.3c00492,Q92793,RS4;11,degradation reporter,4.0,RS4;11,degradation reporter,RS4-11,Western blot,HEK293; U2OS,RS4;11
3822,10.1021/acs.jmedchem.3c00492,Q09472,RS4;11,degradation reporter,4.0,RS4;11,degradation reporter,RS4-11,Western blot,MDA-MB-231; MDA-MB-468; PC3,RS4;11
3823,10.1021/acs.jmedchem.3c00492,Q92793,RS4;11,degradation reporter,4.0,RS4;11,degradation reporter,RS4-11,Western blot,HEK293; U2OS,RS4;11
3823,10.1021/acs.jmedchem.3c00492,Q09472,RS4;11,degradation reporter,4.0,RS4;11,degradation reporter,RS4-11,Western blot,MDA-MB-231; MDA-MB-468; PC3,RS4;11
3824,10.1021/acs.jmedchem.3c00492,Q92793,RS4;11,degradation reporter,4.0,RS4;11,degradation reporter,RS4-11,Western blot,HEK293; U2OS,RS4;11
3824,10.1021/acs.jmedchem.3c00492,Q09472,RS4;11,degradation reporter,4.0,RS4;11,degradation reporter,RS4-11,Western blot,MDA-MB-231; MDA-MB-468; PC3,RS4;11
3825,10.1021/acs.jmedchem.3c00492,Q92793,RS4;11,degradation reporter,4.0,RS4;11,degradation reporter,RS4-11,Western blot,HEK293; U2OS,RS4;11
3825,10.1021/acs.jmedchem.3c00492,Q09472,RS4;11,degradation reporter,4.0,RS4;11,degradation reporter,RS4-11,Western blot,MDA-MB-231; MDA-MB-468; PC3,RS4;11
3826,10.1021/acs.jmedchem.3c00492,Q92793,RS4;11,degradation reporter,4.0,RS4;11,degradation reporter,RS4-11,Western blot,HEK293; U2OS,RS4;11
3826,10.1021/acs.jmedchem.3c00492,Q09472,RS4;11,degradation reporter,4.0,RS4;11,degradation reporter,RS4-11,Western blot,MDA-MB-231; MDA-MB-468; PC3,RS4;11
3827,10.1021/acs.jmedchem.3c00492,Q92793,RS4;11,degradation reporter,4.0,RS4;11,degradation reporter,RS4-11,Western blot,HEK293; U2OS,RS4;11
3827,10.1021/acs.jmedchem.3c00492,Q09472,RS4;11,degradation reporter,4.0,RS4;11,degradation reporter,RS4-11,Western blot,MDA-MB-231; MDA-MB-468; PC3,RS4;11
3828,10.1021/acs.jmedchem.3c00492,Q09472,RS4;11,other,,RS4;11,degradation reporter,RS4-11,Western blot,MDA-MB-231; MDA-MB-468; PC3,RS4;11
3829,10.1021/acs.jmedchem.3c00274,P37840,,,,SH-SY5Y,,,,,SH-SY5Y
3830,10.1021/acs.jmedchem.3c00274,P37840,,,,SH-SY5Y,,,,,SH-SY5Y
3831,10.1021/acs.jmedchem.3c00274,P37840,,,,SH-SY5Y,,,,,SH-SY5Y
3832,10.1021/acs.jmedchem.3c00274,P37840,HEK293T,Western blot,48.0,SH-SY5Y,,,,,HEK293T
3833,10.1021/acs.jmedchem.3c00274,P37840,,,,SH-SY5Y,,,,,SH-SY5Y
3834,10.1021/acs.jmedchem.3c00274,P37840,,,,SH-SY5Y,,,,,SH-SY5Y
3835,10.1021/acschembio.2c00902,Q12830,,AlphaScreen,,,NanoBRET assay; Western blot,,,A549; HEK293; HEK293T; HL-60; MV4-11,
3835,10.1021/acschembio.2c00902,Q9H8M2,,AlphaScreen,,,NanoBRET assay; Western blot,,,HEK293; U2OS,
3835,10.1021/acschembio.2c00902,Q9BXF3,,AlphaScreen,,,NanoBRET assay; Western blot,,,HEK293; HEK293T; U2OS,
3836,10.1021/acschembio.2c00902,Q12830,,AlphaScreen,,,NanoBRET assay; Western blot,,,A549; HEK293; HEK293T; HL-60; MV4-11,
3836,10.1021/acschembio.2c00902,Q9H8M2,,AlphaScreen,,,NanoBRET assay; Western blot,,,HEK293; U2OS,
3836,10.1021/acschembio.2c00902,Q9BXF3,,AlphaScreen,,,NanoBRET assay; Western blot,,,HEK293; HEK293T; U2OS,
3837,10.1021/acschembio.2c00902,Q12830,,AlphaScreen,,,NanoBRET assay; Western blot,,,A549; HEK293; HEK293T; HL-60; MV4-11,
3837,10.1021/acschembio.2c00902,Q9H8M2,,AlphaScreen,,,NanoBRET assay; Western blot,,,HEK293; U2OS,
3837,10.1021/acschembio.2c00902,Q9BXF3,,AlphaScreen,,,NanoBRET assay; Western blot,,,HEK293; HEK293T; U2OS,
3838,10.1021/acschembio.2c00902,Q12830,,AlphaScreen,,,NanoBRET assay; Western blot,,,A549; HEK293; HEK293T; HL-60; MV4-11,
3838,10.1021/acschembio.2c00902,Q9H8M2,,AlphaScreen,,,NanoBRET assay; Western blot,,,HEK293; U2OS,
3838,10.1021/acschembio.2c00902,Q9BXF3,,AlphaScreen,,,NanoBRET assay; Western blot,,,HEK293; HEK293T; U2OS,
3839,10.1021/acschembio.2c00902,Q12830,,AlphaScreen,,,NanoBRET assay; Western blot,,,A549; HEK293; HEK293T; HL-60; MV4-11,
3839,10.1021/acschembio.2c00902,Q9H8M2,,AlphaScreen,,,NanoBRET assay; Western blot,,,HEK293; U2OS,
3839,10.1021/acschembio.2c00902,Q9BXF3,,AlphaScreen,,,NanoBRET assay; Western blot,,,HEK293; HEK293T; U2OS,
3840,10.1021/acschembio.2c00902,Q12830,,AlphaScreen,,,NanoBRET assay; Western blot,,,A549; HEK293; HEK293T; HL-60; MV4-11,
3840,10.1021/acschembio.2c00902,Q9H8M2,,AlphaScreen,,,NanoBRET assay; Western blot,,,HEK293; U2OS,
3840,10.1021/acschembio.2c00902,Q9BXF3,,AlphaScreen,,,NanoBRET assay; Western blot,,,HEK293; HEK293T; U2OS,
3841,10.1021/acschembio.2c00902,Q12830,,,,,NanoBRET assay; Western blot,,,A549; HEK293; HEK293T; HL-60; MV4-11,
3841,10.1021/acschembio.2c00902,Q9H8M2,,,,,NanoBRET assay; Western blot,,,HEK293; U2OS,
3841,10.1021/acschembio.2c00902,Q9BXF3,,,,,NanoBRET assay; Western blot,,,HEK293; HEK293T; U2OS,
3842,10.1016/j.bmc.2023.117352,P36969,MGC803,degradation reporter,24.0,,degradation reporter; cytotoxicity assay; lipid peroxides accumulation,,,A549; HCT-116; HEK293T; MCF7; MDA-MB-231,MGC803
3843,10.1016/j.bmc.2023.117352,P36969,MGC803,degradation reporter,24.0,,degradation reporter; cytotoxicity assay; lipid peroxides accumulation,,,A549; HCT-116; HEK293T; MCF7; MDA-MB-231,MGC803
3844,10.1016/j.bmc.2023.117352,P36969,MGC803,degradation reporter,24.0,,degradation reporter; cytotoxicity assay; lipid peroxides accumulation,,,A549; HCT-116; HEK293T; MCF7; MDA-MB-231,MGC803
3845,10.1016/j.bmc.2023.117352,P36969,MGC803,degradation reporter,24.0,,degradation reporter; cytotoxicity assay; lipid peroxides accumulation,,,A549; HCT-116; HEK293T; MCF7; MDA-MB-231,MGC803
3846,10.1016/j.bmc.2023.117352,P36969,MGC803,degradation reporter,24.0,,degradation reporter; cytotoxicity assay; lipid peroxides accumulation,,,A549; HCT-116; HEK293T; MCF7; MDA-MB-231,MGC803
3847,10.1016/j.bmc.2023.117352,P36969,MGC803,degradation reporter,24.0,,degradation reporter; cytotoxicity assay; lipid peroxides accumulation,,,A549; HCT-116; HEK293T; MCF7; MDA-MB-231,MGC803
3848,10.1016/j.bmc.2023.117352,P36969,MGC803,degradation reporter,24.0,,degradation reporter; cytotoxicity assay; lipid peroxides accumulation,,,A549; HCT-116; HEK293T; MCF7; MDA-MB-231,MGC803
3849,10.1016/j.bmc.2023.117352,P36969,MGC803,degradation reporter,24.0,,degradation reporter; cytotoxicity assay; lipid peroxides accumulation,,,A549; HCT-116; HEK293T; MCF7; MDA-MB-231,MGC803
3850,10.1016/j.bmc.2023.117352,P36969,MGC803,degradation reporter,24.0,,degradation reporter; cytotoxicity assay; lipid peroxides accumulation,,,A549; HCT-116; HEK293T; MCF7; MDA-MB-231,MGC803
3851,10.1016/j.bmc.2023.117352,P36969,MGC803,degradation reporter,24.0,,degradation reporter; cytotoxicity assay; lipid peroxides accumulation,,,A549; HCT-116; HEK293T; MCF7; MDA-MB-231,MGC803
3852,10.1016/j.bmc.2023.117352,P36969,MGC803,degradation reporter,24.0,,degradation reporter; cytotoxicity assay; lipid peroxides accumulation,,,A549; HCT-116; HEK293T; MCF7; MDA-MB-231,MGC803
3853,10.1016/j.bmc.2023.117352,P36969,MGC803,degradation reporter,24.0,,degradation reporter; cytotoxicity assay; lipid peroxides accumulation,,,A549; HCT-116; HEK293T; MCF7; MDA-MB-231,MGC803
3854,10.1016/j.bmc.2023.117352,P36969,MGC803,degradation reporter,24.0,,degradation reporter; cytotoxicity assay; lipid peroxides accumulation,,,A549; HCT-116; HEK293T; MCF7; MDA-MB-231,MGC803
3855,10.1016/j.bmc.2023.117352,P36969,MGC803,degradation reporter,24.0,,degradation reporter; cytotoxicity assay; lipid peroxides accumulation,,,A549; HCT-116; HEK293T; MCF7; MDA-MB-231,MGC803
3856,10.1016/j.bmc.2023.117352,P36969,MGC803,degradation reporter,24.0,,degradation reporter; cytotoxicity assay; lipid peroxides accumulation,,,A549; HCT-116; HEK293T; MCF7; MDA-MB-231,MGC803
3857,10.1016/j.bmc.2023.117352,P36969,MGC803,degradation reporter,24.0,,degradation reporter; cytotoxicity assay; lipid peroxides accumulation,,,A549; HCT-116; HEK293T; MCF7; MDA-MB-231,MGC803
3858,10.1016/j.bmc.2023.117352,P36969,MGC803,degradation reporter,24.0,,degradation reporter; cytotoxicity assay; lipid peroxides accumulation,,,A549; HCT-116; HEK293T; MCF7; MDA-MB-231,MGC803
3859,10.1016/j.bmc.2023.117352,P36969,MGC803,degradation reporter,24.0,,degradation reporter; cytotoxicity assay; lipid peroxides accumulation,,,A549; HCT-116; HEK293T; MCF7; MDA-MB-231,MGC803
3860,10.1016/j.bmc.2023.117352,P36969,MGC803,degradation reporter,24.0,,degradation reporter; cytotoxicity assay; lipid peroxides accumulation,,,A549; HCT-116; HEK293T; MCF7; MDA-MB-231,MGC803
3861,10.1016/j.bmc.2023.117352,P36969,MGC803,degradation reporter,24.0,,degradation reporter; cytotoxicity assay; lipid peroxides accumulation,,,A549; HCT-116; HEK293T; MCF7; MDA-MB-231,MGC803
3862,10.1016/j.bmc.2023.117352,P36969,MGC803,degradation reporter,24.0,,degradation reporter; cytotoxicity assay; lipid peroxides accumulation,,,A549; HCT-116; HEK293T; MCF7; MDA-MB-231,MGC803
3863,10.1016/j.bmc.2023.117352,P36969,MGC803,degradation reporter,24.0,,degradation reporter; cytotoxicity assay; lipid peroxides accumulation,,,A549; HCT-116; HEK293T; MCF7; MDA-MB-231,MGC803
3864,10.1016/j.bmc.2023.117352,P36969,MGC803,degradation reporter,24.0,,degradation reporter; cytotoxicity assay; lipid peroxides accumulation,,,A549; HCT-116; HEK293T; MCF7; MDA-MB-231,MGC803
3865,10.1016/j.bmc.2023.117352,P36969,MGC803,degradation reporter,24.0,,degradation reporter; cytotoxicity assay; lipid peroxides accumulation,,,A549; HCT-116; HEK293T; MCF7; MDA-MB-231,MGC803
3866,10.1016/j.bmc.2023.117352,P36969,MGC803,degradation reporter,24.0,,degradation reporter; cytotoxicity assay; lipid peroxides accumulation,,,A549; HCT-116; HEK293T; MCF7; MDA-MB-231,MGC803
3867,10.1016/j.bmc.2023.117352,P36969,MGC803,degradation reporter,24.0,,degradation reporter; cytotoxicity assay; lipid peroxides accumulation,,,A549; HCT-116; HEK293T; MCF7; MDA-MB-231,MGC803
3868,10.1016/j.bmc.2023.117352,P36969,MGC803,degradation reporter,24.0,,degradation reporter; cytotoxicity assay; lipid peroxides accumulation,,,A549; HCT-116; HEK293T; MCF7; MDA-MB-231,MGC803
3869,10.1016/j.bmc.2023.117352,P36969,MGC803,degradation reporter,24.0,,degradation reporter; cytotoxicity assay; lipid peroxides accumulation,,,A549; HCT-116; HEK293T; MCF7; MDA-MB-231,MGC803
3870,10.1016/j.bmc.2023.117352,P36969,MGC803,degradation reporter,24.0,,degradation reporter; cytotoxicity assay; lipid peroxides accumulation,,,A549; HCT-116; HEK293T; MCF7; MDA-MB-231,MGC803
3871,10.1016/j.bmc.2023.117352,P36969,MGC803,degradation reporter,24.0,,degradation reporter; cytotoxicity assay; lipid peroxides accumulation,,,A549; HCT-116; HEK293T; MCF7; MDA-MB-231,MGC803
3872,10.1016/j.bmc.2023.117352,P36969,MGC803,degradation reporter,24.0,,degradation reporter; cytotoxicity assay; lipid peroxides accumulation,,,A549; HCT-116; HEK293T; MCF7; MDA-MB-231,MGC803
3873,10.3390/pharmaceutics15051467,P37840,,,,dopaminergic neurons derived from isogenic pluripotent stem cell (iPSC) lines with SNCA multiplications,Thioflavin T (ThT) fluorescence assay; biosensor,,,,dopaminergic neurons derived from isogenic pluripotent stem cell (iPSC) lines with SNCA multiplications
3874,10.3390/pharmaceutics15051467,P37840,,,,dopaminergic neurons derived from isogenic pluripotent stem cell (iPSC) lines with SNCA multiplications,Thioflavin T (ThT) fluorescence assay; biosensor,,,,dopaminergic neurons derived from isogenic pluripotent stem cell (iPSC) lines with SNCA multiplications
3875,10.3390/pharmaceutics15051467,P37840,,,,dopaminergic neurons derived from isogenic pluripotent stem cell (iPSC) lines with SNCA multiplications,Thioflavin T (ThT) fluorescence assay; biosensor,,,,dopaminergic neurons derived from isogenic pluripotent stem cell (iPSC) lines with SNCA multiplications
3876,10.3390/pharmaceutics15051467,P37840,,,,dopaminergic neurons derived from isogenic pluripotent stem cell (iPSC) lines with SNCA multiplications,Thioflavin T (ThT) fluorescence assay; biosensor,,,,dopaminergic neurons derived from isogenic pluripotent stem cell (iPSC) lines with SNCA multiplications
3877,10.3390/pharmaceutics15051467,P37840,,,,dopaminergic neurons derived from isogenic pluripotent stem cell (iPSC) lines with SNCA multiplications,Thioflavin T (ThT) fluorescence assay; biosensor,,,,dopaminergic neurons derived from isogenic pluripotent stem cell (iPSC) lines with SNCA multiplications
3878,10.3390/pharmaceutics15051467,P37840,,,,dopaminergic neurons derived from isogenic pluripotent stem cell (iPSC) lines with SNCA multiplications,Thioflavin T (ThT) fluorescence assay; biosensor,,,,dopaminergic neurons derived from isogenic pluripotent stem cell (iPSC) lines with SNCA multiplications
3879,10.1021/acs.jmedchem.3c00150,P21802,,,,,,,,HEK293,
3880,10.1021/acs.jmedchem.3c00150,P21802,,,,,,,,HEK293,
3881,10.1021/acs.jmedchem.3c00150,P21802,KATO III,degradation reporter,6.0,,,,,HEK293,KATO III
3882,10.1021/acs.jmedchem.3c00150,P21802,KATO III,degradation reporter,6.0,,,,,HEK293,KATO III
3883,10.1021/acs.jmedchem.3c00150,P21802,,,,,,,,HEK293,
3884,10.1021/acs.jmedchem.3c00150,P21802,,,,,,,,HEK293,
3885,10.1021/acs.jmedchem.3c00150,P21802,,,,,,,,HEK293,
3886,10.1021/acs.jmedchem.3c00150,P21802,,,,,,,,HEK293,
3887,10.1021/acs.jmedchem.3c00150,P21802,,,,,,,,HEK293,
3887,10.1021/acs.jmedchem.3c00150,P21802,,,,,,,,HEK293,
3888,10.1021/acs.jmedchem.3c00150,P21802,,,,,,,,HEK293,
3889,10.1021/acs.jmedchem.3c00150,P21802,Ba/F3-TEL-FGFR1,other,,,,,,HEK293,Ba/F3-TEL-FGFR1
3889,10.1021/acs.jmedchem.3c00150,P11362,Ba/F3-TEL-FGFR1,other,,,,,,,Ba/F3-TEL-FGFR1
3890,10.1021/acs.jmedchem.3c00150,P21802,,,,,,,,HEK293,
3891,10.1021/acs.jmedchem.3c00150,P21802,,,,,,,,HEK293,
3892,10.1021/acs.jmedchem.3c00150,P21802,,,,,,,,HEK293,
3893,10.1021/acschemneuro.3c00096,P49841,SH-SY5Y,other,48.0,SH-SY5Y,,,,HEK293,SH-SY5Y
3894,10.1021/acschemneuro.3c00096,P49841,,other,,SH-SY5Y,,,,HEK293,SH-SY5Y
3895,10.1021/acschemneuro.3c00096,P49841,,other,,SH-SY5Y,,,,HEK293,SH-SY5Y
3896,10.1021/acschemneuro.3c00096,P49841,,other,,SH-SY5Y,,,,HEK293,SH-SY5Y
3897,10.1016/j.ejmech.2023.115497,P35968,,,,U87,degradation reporter,,,,U87
3897,10.1016/j.ejmech.2023.115497,P54760,,,,U87,degradation reporter,,,,U87
3898,10.1016/j.ejmech.2023.115497,P35968,,,,U87,degradation reporter,,,,U87
3898,10.1016/j.ejmech.2023.115497,P54760,,,,U87,degradation reporter,,,,U87
3899,10.1016/j.jbc.2023.104825,P16591,OVCAR-5,other,16.0,ovarian carcinoma-derived tumor cells,,,,HL-60; HL60,OVCAR-5
3900,10.1016/j.jbc.2023.104825,P16591,CAOV4,other,16.0,ovarian carcinoma-derived tumor cells,,,,HL-60; HL60,CAOV4
3901,10.1021/acs.jmedchem.3c00176,Q06187,Ramos,other,17.0,,,,,HL-60; K562; Ramos,Ramos
3902,10.1021/acs.jmedchem.3c00176,Q06187,Ramos,degradation reporter,17.0,,,,,HL-60; K562; Ramos,Ramos
3903,10.1021/acs.jmedchem.3c00176,Q06187,JeKo-1,degradation reporter,17.0,,,,,HL-60; K562; Ramos,JeKo-1
3904,10.1021/acs.jmedchem.3c00176,Q06187,Ramos,degradation reporter,17.0,,,,,HL-60; K562; Ramos,Ramos
3905,10.1021/acs.jmedchem.3c00176,Q06187,JeKo-1,degradation reporter,17.0,,,,,HL-60; K562; Ramos,JeKo-1
3906,10.1021/acs.jmedchem.3c00176,Q06187,Ramos,degradation reporter,17.0,,,,,HL-60; K562; Ramos,Ramos
3907,10.1021/acs.jmedchem.3c00176,Q06187,JeKo-1,degradation reporter,17.0,,,,,HL-60; K562; Ramos,JeKo-1
3908,10.1021/acs.jmedchem.3c00176,Q06187,Ramos,degradation reporter,17.0,,,,,HL-60; K562; Ramos,Ramos
3909,10.1021/acs.jmedchem.3c00176,Q06187,JeKo-1,degradation reporter,17.0,,,,,HL-60; K562; Ramos,JeKo-1
3910,10.1021/acs.jmedchem.3c00176,Q06187,Ramos,degradation reporter,17.0,,,,,HL-60; K562; Ramos,Ramos
3911,10.1021/acs.jmedchem.3c00176,Q06187,Ramos,degradation reporter,17.0,,,,,HL-60; K562; Ramos,Ramos
3912,10.1021/acs.jmedchem.3c00176,Q06187,Ramos,degradation reporter,17.0,,,,,HL-60; K562; Ramos,Ramos
3913,10.1021/acs.jmedchem.3c00176,Q06187,Ramos,degradation reporter,17.0,,,,,HL-60; K562; Ramos,Ramos
3914,10.1021/acs.jmedchem.3c00176,Q06187,Ramos,degradation reporter,17.0,,,,,HL-60; K562; Ramos,Ramos
3915,10.1021/acs.jmedchem.3c00176,Q06187,Ramos,degradation reporter,17.0,,,,,HL-60; K562; Ramos,Ramos
3916,10.1021/acs.jmedchem.3c00176,Q06187,Ramos,degradation reporter,17.0,,,,,HL-60; K562; Ramos,Ramos
3917,10.1016/j.cellin.2022.100030,Q6DPL2,,other,,,,,,,
3918,10.1016/j.cellin.2022.100030,Q6DPL2,,other,,,,,,,
3919,10.1016/j.cellin.2022.100030,Q6DPL2,,other,,,,,,,
3920,10.1016/j.cellin.2022.100030,Q6DPL2,,other,,,,,,,
3921,10.1016/j.cellin.2022.100030,Q6DPL2,,other,,,,,,,
3922,10.1016/j.cellin.2022.100030,Q6DPL2,,,,,,,,,
3923,10.1016/j.cellin.2022.100030,Q6DPL2,,,,,,,,,
3924,10.1016/j.cellin.2022.100030,Q6DPL2,,,,,,,,,
3925,10.1016/j.cellin.2022.100030,Q6DPL2,,,,,,,,,
3926,10.1016/j.cellin.2022.100030,Q6DPL2,,,,,,,,,
3927,10.1016/j.cellin.2022.100030,Q6DPL2,,,,,,,,,
3928,10.1016/j.cellin.2022.100030,Q6DPL2,,,,,,,,,
3929,10.1016/j.cellin.2022.100030,Q6DPL2,,,,,,,,,
3930,10.1016/j.cellin.2022.100030,Q6DPL2,,,,,,,,,
3931,10.1016/j.cellin.2022.100030,Q6DPL2,,,,,,,,,
3932,10.1016/j.cellin.2022.100030,Q6DPL2,,,,,,,,,
3933,10.1016/j.cellin.2022.100030,Q6DPL2,,,,,,,,,
3934,10.1016/j.cellin.2022.100030,Q6DPL2,,,,,,,,,
3935,10.1016/j.cellin.2022.100030,Q6DPL2,,,,,,,,,
3936,10.1016/j.cellin.2022.100030,Q6DPL2,,,,,,,,,
3937,10.1016/j.cellin.2022.100030,Q6DPL2,,,,,,,,,
3938,10.1016/j.cellin.2022.100030,Q6DPL2,,,,,,,,,
3939,10.1007/s00018-023-04796-7,Q86WV6,,,,renal cell carcinoma (RCC) cells,Western blot,,,THP1,renal cell carcinoma (RCC) cells
3940,10.1007/s00018-023-04796-7,Q86WV6,Caki-1,other,24.0,renal cell carcinoma (RCC) cells,Western blot,,,THP1,Caki-1
3941,10.1007/s00018-023-04796-7,Q86WV6,Caki-1,other,24.0,renal cell carcinoma (RCC) cells,Western blot,,,THP1,Caki-1
3942,10.1007/s00018-023-04796-7,Q86WV6,Caki-1,other,24.0,renal cell carcinoma (RCC) cells,Western blot,,,THP1,Caki-1
3943,10.1007/s00018-023-04796-7,Q86WV6,Caki-1,other,24.0,renal cell carcinoma (RCC) cells,Western blot,,,THP1,Caki-1
3944,10.1007/s00018-023-04796-7,Q86WV6,Caki-1,other,24.0,renal cell carcinoma (RCC) cells,Western blot,,,THP1,Caki-1
3945,10.1007/s00018-023-04796-7,Q86WV6,Caki-1,other,24.0,renal cell carcinoma (RCC) cells,Western blot,,,THP1,Caki-1
3946,10.1007/s00018-023-04796-7,Q86WV6,Caki-1,other,24.0,renal cell carcinoma (RCC) cells,Western blot,,,THP1,Caki-1
3947,10.1007/s00018-023-04796-7,Q86WV6,Caki-1,other,24.0,renal cell carcinoma (RCC) cells,Western blot,,,THP1,Caki-1
3948,10.1016/j.biopha.2023.114871,Q9BZS1,,,,mouse lymphocytes; human lymphocytes; mouse splenocytes,surface plasmon resonance assay; Western blot,,,,mouse lymphocytes
3949,10.3390/molecules28093912,Q00987,22Rv1,degradation reporter,24.0,,Western blot; qPCR,,,LNCaP; LnCAP; MCF7; MDA-MB-231; PC3; U2OS,22Rv1
3950,10.1016/j.bioorg.2023.106590,P03372,,,,,,,,HeLa; MCF-7,
3951,10.1016/j.bioorg.2023.106590,P03372,MCF-7/LCC2,degradation reporter,24.0,,,,,HeLa; MCF-7,MCF-7/LCC2
3952,10.1016/j.bioorg.2023.106590,P03372,,,,,,,,HeLa; MCF-7,
3953,10.1016/j.bioorg.2023.106590,P03372,,,,,,,,HeLa; MCF-7,
3954,10.1016/j.bioorg.2023.106590,P03372,,,,,,,,HeLa; MCF-7,
3955,10.1016/j.bioorg.2023.106590,P03372,,,,,,,,HeLa; MCF-7,
3956,10.1021/acs.jmedchem.2c02032,P03372,,,,ER+ BC cells; tamoxifen-resistant BC cells; ER+ mutant BC cells,Western blot,,,HeLa; MCF-7,ER+ BC cells
3957,10.1021/acs.jmedchem.2c02032,P03372,,,,ER+ BC cells; tamoxifen-resistant BC cells; ER+ mutant BC cells,Western blot,,,HeLa; MCF-7,ER+ BC cells
3958,10.1021/acs.jmedchem.2c02032,P03372,,,,ER+ BC cells; tamoxifen-resistant BC cells; ER+ mutant BC cells,Western blot,,,HeLa; MCF-7,ER+ BC cells
3959,10.1021/acs.jmedchem.2c02032,P03372,MCF-7,other,,ER+ BC cells; tamoxifen-resistant BC cells; ER+ mutant BC cells,Western blot,,,HeLa; MCF-7,MCF-7
3960,10.1021/acs.jmedchem.2c02032,P03372,LCC2,other,,ER+ BC cells; tamoxifen-resistant BC cells; ER+ mutant BC cells,Western blot,,,HeLa; MCF-7,LCC2
3961,10.1021/acs.jmedchem.2c02032,P03372,T47D,other,,ER+ BC cells; tamoxifen-resistant BC cells; ER+ mutant BC cells,Western blot,,,HeLa; MCF-7,T47D
3962,10.1021/acs.jmedchem.2c02032,P03372,MCF-7,other,,ER+ BC cells; tamoxifen-resistant BC cells; ER+ mutant BC cells,Western blot,,,HeLa; MCF-7,MCF-7
3963,10.1021/acs.jmedchem.2c02032,P03372,LCC2,other,,ER+ BC cells; tamoxifen-resistant BC cells; ER+ mutant BC cells,Western blot,,,HeLa; MCF-7,LCC2
3964,10.1021/acs.jmedchem.2c02032,P03372,T47D,other,,ER+ BC cells; tamoxifen-resistant BC cells; ER+ mutant BC cells,Western blot,,,HeLa; MCF-7,T47D
3965,10.1021/acs.jmedchem.2c02032,P03372,MCF-7,other,,ER+ BC cells; tamoxifen-resistant BC cells; ER+ mutant BC cells,Western blot,,,HeLa; MCF-7,MCF-7
3966,10.1021/acs.jmedchem.2c02032,P03372,LCC2,other,,ER+ BC cells; tamoxifen-resistant BC cells; ER+ mutant BC cells,Western blot,,,HeLa; MCF-7,LCC2
3967,10.1021/acs.jmedchem.2c02032,P03372,T47D,other,,ER+ BC cells; tamoxifen-resistant BC cells; ER+ mutant BC cells,Western blot,,,HeLa; MCF-7,T47D
3968,10.1021/acs.jmedchem.2c02032,P03372,MCF-7,other,,ER+ BC cells; tamoxifen-resistant BC cells; ER+ mutant BC cells,Western blot,,,HeLa; MCF-7,MCF-7
3969,10.1021/acs.jmedchem.2c02032,P03372,MCF-7,other,,ER+ BC cells; tamoxifen-resistant BC cells; ER+ mutant BC cells,Western blot,,,HeLa; MCF-7,MCF-7
3970,10.1021/acs.jmedchem.2c02032,P03372,LCC2,other,,ER+ BC cells; tamoxifen-resistant BC cells; ER+ mutant BC cells,Western blot,,,HeLa; MCF-7,LCC2
3971,10.1021/acs.jmedchem.2c02032,P03372,T47D,other,,ER+ BC cells; tamoxifen-resistant BC cells; ER+ mutant BC cells,Western blot,,,HeLa; MCF-7,T47D
3972,10.1021/acs.jmedchem.2c02032,P03372,MCF-7,other,,ER+ BC cells; tamoxifen-resistant BC cells; ER+ mutant BC cells,Western blot,,,HeLa; MCF-7,MCF-7
3973,10.1021/acs.jmedchem.2c02032,P03372,LCC2,other,,ER+ BC cells; tamoxifen-resistant BC cells; ER+ mutant BC cells,Western blot,,,HeLa; MCF-7,LCC2
3974,10.1021/acs.jmedchem.2c02032,P03372,T47D,other,,ER+ BC cells; tamoxifen-resistant BC cells; ER+ mutant BC cells,Western blot,,,HeLa; MCF-7,T47D
3975,10.1021/acs.jmedchem.2c02032,P03372,MCF-7,other,,ER+ BC cells; tamoxifen-resistant BC cells; ER+ mutant BC cells,Western blot,,,HeLa; MCF-7,MCF-7
3976,10.1016/j.bmc.2023.117293,O60885,,,,,Western blot,,,,
3977,10.1016/j.bmc.2023.117293,O60885,,,,,Western blot,,,,
3978,10.1016/j.bmc.2023.117293,O60885,,,,,Western blot,,,,
3979,10.1016/j.bmc.2023.117293,O60885,,,,,Western blot,,,,
3980,10.1016/j.bmc.2023.117293,O60885,,,,,Western blot,,,,
3981,10.1016/j.bmc.2023.117293,O60885,,,,,Western blot,,,,
3982,10.1016/j.ejmech.2023.115403,Q06187,JeKo-1,degradation reporter,24.0,,Western blot,,other,HL-60; K562; Ramos,JeKo-1
3983,10.1016/j.ejmech.2023.115403,Q06187,JeKo-1,degradation reporter,24.0,,Western blot,,other,HL-60; K562; Ramos,JeKo-1
3984,10.1016/j.ejmech.2023.115403,Q06187,JeKo-1,degradation reporter,24.0,,Western blot,,other,HL-60; K562; Ramos,JeKo-1
3985,10.1016/j.ejmech.2023.115403,Q06187,JeKo-1,degradation reporter,24.0,,Western blot,,other,HL-60; K562; Ramos,JeKo-1
3986,10.1016/j.ejmech.2023.115403,Q06187,JeKo-1,degradation reporter,24.0,,Western blot,,other,HL-60; K562; Ramos,JeKo-1
3987,10.1016/j.ejmech.2023.115403,Q06187,JeKo-1,degradation reporter,24.0,,Western blot,,other,HL-60; K562; Ramos,JeKo-1
3988,10.1016/j.ejmech.2023.115403,Q06187,JeKo-1,degradation reporter,24.0,,Western blot,,other,HL-60; K562; Ramos,JeKo-1
3989,10.1016/j.ejmech.2023.115403,Q06187,JeKo-1,degradation reporter,24.0,,Western blot,,other,HL-60; K562; Ramos,JeKo-1
3990,10.1016/j.ejmech.2023.115403,Q06187,JeKo-1,degradation reporter,24.0,,Western blot,,other,HL-60; K562; Ramos,JeKo-1
3991,10.1016/j.ejmech.2023.115403,Q06187,JeKo-1,degradation reporter,24.0,,Western blot,,other,HL-60; K562; Ramos,JeKo-1
3992,10.1016/j.ejmech.2023.115403,Q06187,JeKo-1,degradation reporter,24.0,,Western blot,,other,HL-60; K562; Ramos,JeKo-1
3993,10.1016/j.ejmech.2023.115403,Q06187,JeKo-1,degradation reporter,24.0,,Western blot,,other,HL-60; K562; Ramos,JeKo-1
3994,10.1016/j.ejmech.2023.115403,Q06187,JeKo-1,degradation reporter,24.0,,Western blot,,other,HL-60; K562; Ramos,JeKo-1
3995,10.1016/j.ejmech.2023.115403,Q06187,JeKo-1,degradation reporter,24.0,,Western blot,,other,HL-60; K562; Ramos,JeKo-1
3996,10.1016/j.ejmech.2023.115403,Q06187,JeKo-1,degradation reporter,24.0,,Western blot,,other,HL-60; K562; Ramos,JeKo-1
3997,10.1016/j.ejmech.2023.115403,Q06187,JeKo-1,degradation reporter,24.0,,Western blot,,other,HL-60; K562; Ramos,JeKo-1
3998,10.1016/j.ejmech.2023.115403,Q06187,JeKo-1,degradation reporter,24.0,,Western blot,,other,HL-60; K562; Ramos,JeKo-1
3999,10.1016/j.ejmech.2023.115403,Q06187,JeKo-1,degradation reporter,24.0,,Western blot,,other,HL-60; K562; Ramos,JeKo-1
4000,10.1016/j.ejmech.2023.115403,Q06187,JeKo-1,degradation reporter,24.0,,Western blot,,other,HL-60; K562; Ramos,JeKo-1
4001,10.1016/j.ejmech.2023.115403,Q06187,JeKo-1,degradation reporter,24.0,,Western blot,,other,HL-60; K562; Ramos,JeKo-1
4002,10.1016/j.bioorg.2023.106556,Q9UM73,Karpas299,degradation reporter,16.0,,degradation reporter,,,,Karpas299
4003,10.1186/s12929-023-00921-7,Q13148,,TR-FRET,,,,,,,
4004,10.1186/s12929-023-00921-7,Q13148,,TR-FRET,,,,,,,
4005,10.1186/s12929-023-00921-7,Q13148,,TR-FRET,,,,,,,
4006,10.1186/s12929-023-00921-7,Q13148,,TR-FRET,,,,,,,
4007,10.1016/j.ejmech.2023.115393,P36969,HT-1080,degradation reporter,24.0,,Western blot,,,A549; HCT-116; HEK293T; MCF7; MDA-MB-231,HT-1080
4008,10.1016/j.ejmech.2023.115393,P36969,HT-1080,degradation reporter,24.0,,Western blot,,,A549; HCT-116; HEK293T; MCF7; MDA-MB-231,HT-1080
4009,10.1016/j.ejmech.2023.115393,P36969,HT-1080,degradation reporter,24.0,,Western blot,,,A549; HCT-116; HEK293T; MCF7; MDA-MB-231,HT-1080
4010,10.1016/j.ejmech.2023.115393,P36969,HT-1080,degradation reporter,24.0,,Western blot,,,A549; HCT-116; HEK293T; MCF7; MDA-MB-231,HT-1080
4011,10.1016/j.ejmech.2023.115393,P36969,HT-1080,degradation reporter,24.0,,Western blot,,,A549; HCT-116; HEK293T; MCF7; MDA-MB-231,HT-1080
4012,10.1016/j.ejmech.2023.115393,P36969,HT-1080,degradation reporter,24.0,,Western blot,,,A549; HCT-116; HEK293T; MCF7; MDA-MB-231,HT-1080
4013,10.1016/j.ejmech.2023.115393,P36969,HT-1080,degradation reporter,24.0,,Western blot,,,A549; HCT-116; HEK293T; MCF7; MDA-MB-231,HT-1080
4014,10.1016/j.ejmech.2023.115393,P36969,HT-1080,degradation reporter,24.0,,Western blot,,,A549; HCT-116; HEK293T; MCF7; MDA-MB-231,HT-1080
4015,10.1016/j.ejmech.2023.115393,P36969,HT1080,degradation reporter,24.0,,Western blot,,,A549; HCT-116; HEK293T; MCF7; MDA-MB-231,HT1080
4016,10.1016/j.ejmech.2023.115393,P36969,HT1080,degradation reporter,24.0,,Western blot,,,A549; HCT-116; HEK293T; MCF7; MDA-MB-231,HT1080
4017,10.1016/j.ejmech.2023.115393,P36969,HT1080,degradation reporter,24.0,,Western blot,,,A549; HCT-116; HEK293T; MCF7; MDA-MB-231,HT1080
4018,10.1016/j.ejmech.2023.115393,P36969,HT1080,degradation reporter,24.0,,Western blot,,,A549; HCT-116; HEK293T; MCF7; MDA-MB-231,HT1080
4019,10.1016/j.ejmech.2023.115393,P36969,HT1080,degradation reporter,6.0,,Western blot,,,A549; HCT-116; HEK293T; MCF7; MDA-MB-231,HT1080
4020,10.1016/j.ejmech.2023.115393,P36969,HT1080,degradation reporter,6.0,,Western blot,,,A549; HCT-116; HEK293T; MCF7; MDA-MB-231,HT1080
4021,10.1016/j.ejmech.2023.115393,P36969,HT1080,degradation reporter,6.0,,Western blot,,,A549; HCT-116; HEK293T; MCF7; MDA-MB-231,HT1080
4022,10.1016/j.ejmech.2023.115393,P36969,HT1080,degradation reporter,6.0,,Western blot,,,A549; HCT-116; HEK293T; MCF7; MDA-MB-231,HT1080
4023,10.1016/j.ejmech.2023.115393,P36969,,degradation reporter,,,Western blot,,,A549; HCT-116; HEK293T; MCF7; MDA-MB-231,
4024,10.1016/j.ejmech.2023.115393,P36969,HT1080,degradation reporter,6.0,,Western blot,,,A549; HCT-116; HEK293T; MCF7; MDA-MB-231,HT1080
4025,10.1016/j.ejmech.2023.115393,P36969,HT1080,degradation reporter,6.0,,Western blot,,,A549; HCT-116; HEK293T; MCF7; MDA-MB-231,HT1080
4026,10.1016/j.ejmech.2023.115393,P36969,HT1080,degradation reporter,6.0,,Western blot,,,A549; HCT-116; HEK293T; MCF7; MDA-MB-231,HT1080
4027,10.1016/j.ejmech.2023.115393,P36969,HT1080,degradation reporter,6.0,,Western blot,,,A549; HCT-116; HEK293T; MCF7; MDA-MB-231,HT1080
4028,10.1016/j.ejmech.2023.115393,P36969,HT1080,degradation reporter,6.0,,Western blot,,,A549; HCT-116; HEK293T; MCF7; MDA-MB-231,HT1080
4029,10.1016/j.ejmech.2023.115393,P36969,HT1080,degradation reporter,24.0,,Western blot,,,A549; HCT-116; HEK293T; MCF7; MDA-MB-231,HT1080
4030,10.1016/j.ejmech.2023.115393,P36969,HT1080,degradation reporter,24.0,,Western blot,,,A549; HCT-116; HEK293T; MCF7; MDA-MB-231,HT1080
4031,10.1016/j.ejmech.2023.115393,P36969,HT1080,degradation reporter,24.0,,Western blot,,,A549; HCT-116; HEK293T; MCF7; MDA-MB-231,HT1080
4032,10.1016/j.ejmech.2023.115393,P36969,HT1080,degradation reporter,24.0,,Western blot,,,A549; HCT-116; HEK293T; MCF7; MDA-MB-231,HT1080
4033,10.1016/j.bioorg.2023.106546,Q9BY41,MDA-MB-231,degradation reporter,24.0,MDA-MB-231; Jurkat,flow cytometry; caspase 3/7 activity assay,,,HeLa,MDA-MB-231
4033,10.1016/j.bioorg.2023.106546,Q9UBN7,MDA-MB-231,degradation reporter,24.0,MDA-MB-231; Jurkat,flow cytometry; caspase 3/7 activity assay,,,A549; HCT116; HEK293; HeLa,MDA-MB-231
4034,10.1016/j.bioorg.2023.106546,Q9BY41,MDA-MB-231,degradation reporter,24.0,MDA-MB-231; Jurkat,flow cytometry; caspase 3/7 activity assay,,,HeLa,MDA-MB-231
4034,10.1016/j.bioorg.2023.106546,Q9UBN7,MDA-MB-231,degradation reporter,24.0,MDA-MB-231; Jurkat,flow cytometry; caspase 3/7 activity assay,,,A549; HCT116; HEK293; HeLa,MDA-MB-231
4035,10.1016/j.bioorg.2023.106546,Q9BY41,MDA-MB-231,degradation reporter,24.0,MDA-MB-231; Jurkat,flow cytometry; caspase 3/7 activity assay,,,HeLa,MDA-MB-231
4035,10.1016/j.bioorg.2023.106546,Q9UBN7,MDA-MB-231,degradation reporter,24.0,MDA-MB-231; Jurkat,flow cytometry; caspase 3/7 activity assay,,,A549; HCT116; HEK293; HeLa,MDA-MB-231
4036,10.1016/j.bioorg.2023.106546,Q9BY41,MDA-MB-231,degradation reporter,24.0,MDA-MB-231; Jurkat,flow cytometry; caspase 3/7 activity assay,,,HeLa,MDA-MB-231
4036,10.1016/j.bioorg.2023.106546,Q9UBN7,MDA-MB-231,degradation reporter,24.0,MDA-MB-231; Jurkat,flow cytometry; caspase 3/7 activity assay,,,A549; HCT116; HEK293; HeLa,MDA-MB-231
4037,10.1021/jacs.3c01852,Q8N4E7,B16F10,degradation reporter,12.0,,,,,,B16F10
4038,10.1021/jacs.3c01852,Q8N4E7,B16F10,degradation reporter,12.0,,,,,,B16F10
4039,10.1021/jacs.3c01852,Q8N4E7,B16F10,degradation reporter,12.0,,,,,,B16F10
4040,10.1016/j.ejmech.2023.115343,P36969,HT1080,degradation reporter,24.0,HT1080,,,,A549; HCT-116; HEK293T; MCF7; MDA-MB-231,HT1080
4041,10.1016/j.ejmech.2023.115343,P36969,HT1080,degradation reporter,24.0,HT1080,,,,A549; HCT-116; HEK293T; MCF7; MDA-MB-231,HT1080
4042,10.1016/j.ejmech.2023.115343,P36969,HT1080,degradation reporter,24.0,HT1080,,,,A549; HCT-116; HEK293T; MCF7; MDA-MB-231,HT1080
4043,10.1016/j.ejmech.2023.115343,P36969,HT1080,degradation reporter,24.0,HT1080,,,,A549; HCT-116; HEK293T; MCF7; MDA-MB-231,HT1080
4044,10.1016/j.ejmech.2023.115343,P36969,HT1080,degradation reporter,24.0,HT1080,,,,A549; HCT-116; HEK293T; MCF7; MDA-MB-231,HT1080
4045,10.1016/j.ejmech.2023.115343,P36969,HT1080,degradation reporter,24.0,HT1080,,,,A549; HCT-116; HEK293T; MCF7; MDA-MB-231,HT1080
4046,10.1016/j.ejmech.2023.115343,P36969,HT1080,degradation reporter,24.0,HT1080,,,,A549; HCT-116; HEK293T; MCF7; MDA-MB-231,HT1080
4047,10.1016/j.ejmech.2023.115343,P36969,HT1080,degradation reporter,24.0,HT1080,,,,A549; HCT-116; HEK293T; MCF7; MDA-MB-231,HT1080
4048,10.1016/j.ejmech.2023.115343,P36969,HT1080,degradation reporter,24.0,HT1080,,,,A549; HCT-116; HEK293T; MCF7; MDA-MB-231,HT1080
4049,10.1016/j.ejmech.2023.115343,P36969,HT1080,degradation reporter,24.0,HT1080,,,,A549; HCT-116; HEK293T; MCF7; MDA-MB-231,HT1080
4050,10.1016/j.ejmech.2023.115343,P36969,HT1080,degradation reporter,24.0,HT1080,,,,A549; HCT-116; HEK293T; MCF7; MDA-MB-231,HT1080
4051,10.1016/j.ejmech.2023.115343,P36969,HT1080,degradation reporter,24.0,HT1080,,,,A549; HCT-116; HEK293T; MCF7; MDA-MB-231,HT1080
4052,10.1016/j.ejmech.2023.115343,P36969,HT1080,degradation reporter,24.0,HT1080,,,,A549; HCT-116; HEK293T; MCF7; MDA-MB-231,HT1080
4053,10.1016/j.ejmech.2023.115343,P36969,HT1080,degradation reporter,24.0,HT1080,,,,A549; HCT-116; HEK293T; MCF7; MDA-MB-231,HT1080
4054,10.1016/j.ejmech.2023.115343,P36969,HT1080,degradation reporter,24.0,HT1080,,,,A549; HCT-116; HEK293T; MCF7; MDA-MB-231,HT1080
4055,10.1016/j.ejmech.2023.115343,P36969,HT1080,degradation reporter,24.0,HT1080,,,,A549; HCT-116; HEK293T; MCF7; MDA-MB-231,HT1080
4056,10.1016/j.ejmech.2023.115381,Q15059,,,,MM.1S,Western blot,,fluorescence polarization,HL60; Jurkat,MM.1S
4056,10.1016/j.ejmech.2023.115381,Q15059,,,,MM.1S,Western blot,,fluorescence polarization,HL60; Jurkat,MM.1S
4056,10.1016/j.ejmech.2023.115381,P25440,,,,MM.1S,Western blot,,fluorescence polarization,HL60,MM.1S
4056,10.1016/j.ejmech.2023.115381,P25440,,,,MM.1S,Western blot,,fluorescence polarization,HL60,MM.1S
4056,10.1016/j.ejmech.2023.115381,O60885,,,,MM.1S,Western blot,,fluorescence polarization,,MM.1S
4056,10.1016/j.ejmech.2023.115381,O60885,,,,MM.1S,Western blot,,fluorescence polarization,,MM.1S
4056,10.1016/j.ejmech.2023.115381,nan,,,,MM.1S,Western blot,,fluorescence polarization,,MM.1S
4056,10.1016/j.ejmech.2023.115381,nan,,,,MM.1S,Western blot,,fluorescence polarization,,MM.1S
4057,10.1016/j.ejmech.2023.115381,Q15059,,,,MM.1S,Western blot,,fluorescence polarization,HL60; Jurkat,MM.1S
4057,10.1016/j.ejmech.2023.115381,Q15059,,,,MM.1S,Western blot,,fluorescence polarization,HL60; Jurkat,MM.1S
4057,10.1016/j.ejmech.2023.115381,P25440,,,,MM.1S,Western blot,,fluorescence polarization,HL60,MM.1S
4057,10.1016/j.ejmech.2023.115381,P25440,,,,MM.1S,Western blot,,fluorescence polarization,HL60,MM.1S
4057,10.1016/j.ejmech.2023.115381,O60885,,,,MM.1S,Western blot,,fluorescence polarization,,MM.1S
4057,10.1016/j.ejmech.2023.115381,O60885,,,,MM.1S,Western blot,,fluorescence polarization,,MM.1S
4057,10.1016/j.ejmech.2023.115381,nan,,,,MM.1S,Western blot,,fluorescence polarization,,MM.1S
4057,10.1016/j.ejmech.2023.115381,nan,,,,MM.1S,Western blot,,fluorescence polarization,,MM.1S
4058,10.1016/j.ejmech.2023.115381,Q15059,,,,MM.1S,Western blot,,fluorescence polarization,HL60; Jurkat,MM.1S
4058,10.1016/j.ejmech.2023.115381,Q15059,,,,MM.1S,Western blot,,fluorescence polarization,HL60; Jurkat,MM.1S
4058,10.1016/j.ejmech.2023.115381,P25440,,,,MM.1S,Western blot,,fluorescence polarization,HL60,MM.1S
4058,10.1016/j.ejmech.2023.115381,P25440,,,,MM.1S,Western blot,,fluorescence polarization,HL60,MM.1S
4058,10.1016/j.ejmech.2023.115381,O60885,,,,MM.1S,Western blot,,fluorescence polarization,,MM.1S
4058,10.1016/j.ejmech.2023.115381,O60885,,,,MM.1S,Western blot,,fluorescence polarization,,MM.1S
4058,10.1016/j.ejmech.2023.115381,nan,,,,MM.1S,Western blot,,fluorescence polarization,,MM.1S
4058,10.1016/j.ejmech.2023.115381,nan,,,,MM.1S,Western blot,,fluorescence polarization,,MM.1S
4059,10.1016/j.ejmech.2023.115381,Q15059,,,,MM.1S,Western blot,,fluorescence polarization,HL60; Jurkat,MM.1S
4059,10.1016/j.ejmech.2023.115381,Q15059,,,,MM.1S,Western blot,,fluorescence polarization,HL60; Jurkat,MM.1S
4059,10.1016/j.ejmech.2023.115381,P25440,,,,MM.1S,Western blot,,fluorescence polarization,HL60,MM.1S
4059,10.1016/j.ejmech.2023.115381,P25440,,,,MM.1S,Western blot,,fluorescence polarization,HL60,MM.1S
4059,10.1016/j.ejmech.2023.115381,O60885,,,,MM.1S,Western blot,,fluorescence polarization,,MM.1S
4059,10.1016/j.ejmech.2023.115381,O60885,,,,MM.1S,Western blot,,fluorescence polarization,,MM.1S
4059,10.1016/j.ejmech.2023.115381,nan,,,,MM.1S,Western blot,,fluorescence polarization,,MM.1S
4059,10.1016/j.ejmech.2023.115381,nan,,,,MM.1S,Western blot,,fluorescence polarization,,MM.1S
4060,10.1016/j.ejmech.2023.115381,Q15059,,,,MM.1S,Western blot,,fluorescence polarization,HL60; Jurkat,MM.1S
4060,10.1016/j.ejmech.2023.115381,Q15059,,,,MM.1S,Western blot,,fluorescence polarization,HL60; Jurkat,MM.1S
4060,10.1016/j.ejmech.2023.115381,P25440,,,,MM.1S,Western blot,,fluorescence polarization,HL60,MM.1S
4060,10.1016/j.ejmech.2023.115381,P25440,,,,MM.1S,Western blot,,fluorescence polarization,HL60,MM.1S
4060,10.1016/j.ejmech.2023.115381,O60885,,,,MM.1S,Western blot,,fluorescence polarization,,MM.1S
4060,10.1016/j.ejmech.2023.115381,O60885,,,,MM.1S,Western blot,,fluorescence polarization,,MM.1S
4060,10.1016/j.ejmech.2023.115381,nan,,,,MM.1S,Western blot,,fluorescence polarization,,MM.1S
4060,10.1016/j.ejmech.2023.115381,nan,,,,MM.1S,Western blot,,fluorescence polarization,,MM.1S
4061,10.1016/j.ejmech.2023.115381,Q15059,,,,MM.1S,Western blot,,fluorescence polarization,HL60; Jurkat,MM.1S
4061,10.1016/j.ejmech.2023.115381,Q15059,,,,MM.1S,Western blot,,fluorescence polarization,HL60; Jurkat,MM.1S
4061,10.1016/j.ejmech.2023.115381,P25440,,,,MM.1S,Western blot,,fluorescence polarization,HL60,MM.1S
4061,10.1016/j.ejmech.2023.115381,P25440,,,,MM.1S,Western blot,,fluorescence polarization,HL60,MM.1S
4061,10.1016/j.ejmech.2023.115381,O60885,,,,MM.1S,Western blot,,fluorescence polarization,,MM.1S
4061,10.1016/j.ejmech.2023.115381,O60885,,,,MM.1S,Western blot,,fluorescence polarization,,MM.1S
4061,10.1016/j.ejmech.2023.115381,nan,,,,MM.1S,Western blot,,fluorescence polarization,,MM.1S
4061,10.1016/j.ejmech.2023.115381,nan,,,,MM.1S,Western blot,,fluorescence polarization,,MM.1S
4062,10.1016/j.ejmech.2023.115381,Q15059,,,,MM.1S,Western blot,,fluorescence polarization,HL60; Jurkat,MM.1S
4062,10.1016/j.ejmech.2023.115381,Q15059,,,,MM.1S,Western blot,,fluorescence polarization,HL60; Jurkat,MM.1S
4062,10.1016/j.ejmech.2023.115381,P25440,,,,MM.1S,Western blot,,fluorescence polarization,HL60,MM.1S
4062,10.1016/j.ejmech.2023.115381,P25440,,,,MM.1S,Western blot,,fluorescence polarization,HL60,MM.1S
4062,10.1016/j.ejmech.2023.115381,O60885,,,,MM.1S,Western blot,,fluorescence polarization,,MM.1S
4062,10.1016/j.ejmech.2023.115381,O60885,,,,MM.1S,Western blot,,fluorescence polarization,,MM.1S
4062,10.1016/j.ejmech.2023.115381,nan,,,,MM.1S,Western blot,,fluorescence polarization,,MM.1S
4062,10.1016/j.ejmech.2023.115381,nan,,,,MM.1S,Western blot,,fluorescence polarization,,MM.1S
4063,10.1016/j.ejmech.2023.115381,Q15059,,,,MM.1S,Western blot,,fluorescence polarization,HL60; Jurkat,MM.1S
4063,10.1016/j.ejmech.2023.115381,Q15059,,,,MM.1S,Western blot,,fluorescence polarization,HL60; Jurkat,MM.1S
4063,10.1016/j.ejmech.2023.115381,P25440,,,,MM.1S,Western blot,,fluorescence polarization,HL60,MM.1S
4063,10.1016/j.ejmech.2023.115381,P25440,,,,MM.1S,Western blot,,fluorescence polarization,HL60,MM.1S
4063,10.1016/j.ejmech.2023.115381,O60885,,,,MM.1S,Western blot,,fluorescence polarization,,MM.1S
4063,10.1016/j.ejmech.2023.115381,O60885,,,,MM.1S,Western blot,,fluorescence polarization,,MM.1S
4063,10.1016/j.ejmech.2023.115381,nan,,,,MM.1S,Western blot,,fluorescence polarization,,MM.1S
4063,10.1016/j.ejmech.2023.115381,nan,,,,MM.1S,Western blot,,fluorescence polarization,,MM.1S
4064,10.1016/j.ejmech.2023.115381,Q15059,,,,MM.1S,Western blot,,fluorescence polarization,HL60; Jurkat,MM.1S
4064,10.1016/j.ejmech.2023.115381,Q15059,,,,MM.1S,Western blot,,fluorescence polarization,HL60; Jurkat,MM.1S
4064,10.1016/j.ejmech.2023.115381,P25440,,,,MM.1S,Western blot,,fluorescence polarization,HL60,MM.1S
4064,10.1016/j.ejmech.2023.115381,P25440,,,,MM.1S,Western blot,,fluorescence polarization,HL60,MM.1S
4064,10.1016/j.ejmech.2023.115381,O60885,,,,MM.1S,Western blot,,fluorescence polarization,,MM.1S
4064,10.1016/j.ejmech.2023.115381,O60885,,,,MM.1S,Western blot,,fluorescence polarization,,MM.1S
4064,10.1016/j.ejmech.2023.115381,nan,,,,MM.1S,Western blot,,fluorescence polarization,,MM.1S
4064,10.1016/j.ejmech.2023.115381,nan,,,,MM.1S,Western blot,,fluorescence polarization,,MM.1S
4065,10.1016/j.ejmech.2023.115381,Q15059,,,,MM.1S,Western blot,,fluorescence polarization,HL60; Jurkat,MM.1S
4065,10.1016/j.ejmech.2023.115381,Q15059,,,,MM.1S,Western blot,,fluorescence polarization,HL60; Jurkat,MM.1S
4065,10.1016/j.ejmech.2023.115381,P25440,,,,MM.1S,Western blot,,fluorescence polarization,HL60,MM.1S
4065,10.1016/j.ejmech.2023.115381,P25440,,,,MM.1S,Western blot,,fluorescence polarization,HL60,MM.1S
4065,10.1016/j.ejmech.2023.115381,O60885,,,,MM.1S,Western blot,,fluorescence polarization,,MM.1S
4065,10.1016/j.ejmech.2023.115381,O60885,,,,MM.1S,Western blot,,fluorescence polarization,,MM.1S
4065,10.1016/j.ejmech.2023.115381,nan,,,,MM.1S,Western blot,,fluorescence polarization,,MM.1S
4065,10.1016/j.ejmech.2023.115381,nan,,,,MM.1S,Western blot,,fluorescence polarization,,MM.1S
4066,10.1016/j.ejmech.2023.115381,Q15059,,,,MM.1S,Western blot,,fluorescence polarization,HL60; Jurkat,MM.1S
4066,10.1016/j.ejmech.2023.115381,Q15059,,,,MM.1S,Western blot,,fluorescence polarization,HL60; Jurkat,MM.1S
4066,10.1016/j.ejmech.2023.115381,P25440,,,,MM.1S,Western blot,,fluorescence polarization,HL60,MM.1S
4066,10.1016/j.ejmech.2023.115381,P25440,,,,MM.1S,Western blot,,fluorescence polarization,HL60,MM.1S
4066,10.1016/j.ejmech.2023.115381,O60885,,,,MM.1S,Western blot,,fluorescence polarization,,MM.1S
4066,10.1016/j.ejmech.2023.115381,O60885,,,,MM.1S,Western blot,,fluorescence polarization,,MM.1S
4066,10.1016/j.ejmech.2023.115381,nan,,,,MM.1S,Western blot,,fluorescence polarization,,MM.1S
4066,10.1016/j.ejmech.2023.115381,nan,,,,MM.1S,Western blot,,fluorescence polarization,,MM.1S
4067,10.1016/j.ejmech.2023.115381,Q15059,,,,MM.1S,Western blot,,fluorescence polarization,HL60; Jurkat,MM.1S
4067,10.1016/j.ejmech.2023.115381,Q15059,,,,MM.1S,Western blot,,fluorescence polarization,HL60; Jurkat,MM.1S
4067,10.1016/j.ejmech.2023.115381,P25440,,,,MM.1S,Western blot,,fluorescence polarization,HL60,MM.1S
4067,10.1016/j.ejmech.2023.115381,P25440,,,,MM.1S,Western blot,,fluorescence polarization,HL60,MM.1S
4067,10.1016/j.ejmech.2023.115381,O60885,,,,MM.1S,Western blot,,fluorescence polarization,,MM.1S
4067,10.1016/j.ejmech.2023.115381,O60885,,,,MM.1S,Western blot,,fluorescence polarization,,MM.1S
4067,10.1016/j.ejmech.2023.115381,nan,,,,MM.1S,Western blot,,fluorescence polarization,,MM.1S
4067,10.1016/j.ejmech.2023.115381,nan,,,,MM.1S,Western blot,,fluorescence polarization,,MM.1S
4068,10.1016/j.ejmech.2023.115381,Q15059,,,,MM.1S,Western blot,,fluorescence polarization,HL60; Jurkat,MM.1S
4068,10.1016/j.ejmech.2023.115381,Q15059,,,,MM.1S,Western blot,,fluorescence polarization,HL60; Jurkat,MM.1S
4068,10.1016/j.ejmech.2023.115381,P25440,,,,MM.1S,Western blot,,fluorescence polarization,HL60,MM.1S
4068,10.1016/j.ejmech.2023.115381,P25440,,,,MM.1S,Western blot,,fluorescence polarization,HL60,MM.1S
4068,10.1016/j.ejmech.2023.115381,O60885,,,,MM.1S,Western blot,,fluorescence polarization,,MM.1S
4068,10.1016/j.ejmech.2023.115381,O60885,,,,MM.1S,Western blot,,fluorescence polarization,,MM.1S
4068,10.1016/j.ejmech.2023.115381,nan,,,,MM.1S,Western blot,,fluorescence polarization,,MM.1S
4068,10.1016/j.ejmech.2023.115381,nan,,,,MM.1S,Western blot,,fluorescence polarization,,MM.1S
4069,10.1016/j.ejmech.2023.115381,Q15059,,,,MM.1S,Western blot,,fluorescence polarization,HL60; Jurkat,MM.1S
4069,10.1016/j.ejmech.2023.115381,Q15059,,,,MM.1S,Western blot,,fluorescence polarization,HL60; Jurkat,MM.1S
4069,10.1016/j.ejmech.2023.115381,P25440,,,,MM.1S,Western blot,,fluorescence polarization,HL60,MM.1S
4069,10.1016/j.ejmech.2023.115381,P25440,,,,MM.1S,Western blot,,fluorescence polarization,HL60,MM.1S
4069,10.1016/j.ejmech.2023.115381,O60885,,,,MM.1S,Western blot,,fluorescence polarization,,MM.1S
4069,10.1016/j.ejmech.2023.115381,O60885,,,,MM.1S,Western blot,,fluorescence polarization,,MM.1S
4069,10.1016/j.ejmech.2023.115381,nan,,,,MM.1S,Western blot,,fluorescence polarization,,MM.1S
4069,10.1016/j.ejmech.2023.115381,nan,,,,MM.1S,Western blot,,fluorescence polarization,,MM.1S
4070,10.1016/j.ejmech.2023.115342,P50750,MOLM13,other,,,,,,HCT116; HL-60; HL60; MCF7,MOLM13
4071,10.1016/j.ejmech.2023.115342,P50750,MOLM13,other,,,,,,HCT116; HL-60; HL60; MCF7,MOLM13
4072,10.1016/j.ejmech.2023.115342,P50750,MOLM13,other,,,,,,HCT116; HL-60; HL60; MCF7,MOLM13
4073,10.1016/j.ejmech.2023.115342,P50750,MOLM13,other,,,,,,HCT116; HL-60; HL60; MCF7,MOLM13
4074,10.1016/j.ejmech.2023.115342,P50750,MOLM13,other,,,,,,HCT116; HL-60; HL60; MCF7,MOLM13
4075,10.1016/j.ejmech.2023.115342,P50750,,,,,,,,HCT116; HL-60; HL60; MCF7,
4075,10.1016/j.ejmech.2023.115342,P24941,,,,,,,,,
4076,10.1016/j.ejmech.2023.115342,P50750,MOLM13,other,,,,,,HCT116; HL-60; HL60; MCF7,MOLM13
4077,10.1016/j.ejmech.2023.115342,P50750,,,,,,,,HCT116; HL-60; HL60; MCF7,
4077,10.1016/j.ejmech.2023.115342,P24941,,,,,,,,,
4078,10.1016/j.ejmech.2023.115342,P50750,MOLM13,other,,,,,,HCT116; HL-60; HL60; MCF7,MOLM13
4079,10.1016/j.ejmech.2023.115342,P50750,MOLM13,other,,,,,,HCT116; HL-60; HL60; MCF7,MOLM13
4080,10.1016/j.ejmech.2023.115342,P50750,MOLM-13,other,,,,,,HCT116; HL-60; HL60; MCF7,MOLM-13
4081,10.1016/j.ejmech.2023.115342,P50750,MOLM-13,other,,,,,,HCT116; HL-60; HL60; MCF7,MOLM-13
4082,10.1016/j.ejmech.2023.115342,P50750,MOLM-13,other,,,,,,HCT116; HL-60; HL60; MCF7,MOLM-13
4083,10.1016/j.ejmech.2023.115342,P50750,MOLM-13,other,,,,,,HCT116; HL-60; HL60; MCF7,MOLM-13
4084,10.1016/j.ejmech.2023.115342,P50750,MOLM-13,other,,,,,,HCT116; HL-60; HL60; MCF7,MOLM-13
4085,10.1016/j.ejmech.2023.115342,P50750,MOLM-13,other,,,,,,HCT116; HL-60; HL60; MCF7,MOLM-13
4086,10.1016/j.ejmech.2023.115342,P50750,MOLM-13,other,,,,,,HCT116; HL-60; HL60; MCF7,MOLM-13
4087,10.1016/j.ejmech.2023.115342,P50750,MOLM-13,other,,,,,,HCT116; HL-60; HL60; MCF7,MOLM-13
4088,10.1016/j.ejmech.2023.115342,P50750,MOLM-13,other,,,,,,HCT116; HL-60; HL60; MCF7,MOLM-13
4089,10.1016/j.ejmech.2023.115342,P50750,MOLM-13,other,,,,,,HCT116; HL-60; HL60; MCF7,MOLM-13
4090,10.1016/j.ejmech.2023.115342,P50750,Molm13,,,,,,,HCT116; HL-60; HL60; MCF7,Molm13
4091,10.1016/j.ejmech.2023.115342,P50750,Molm13,,,,,,,HCT116; HL-60; HL60; MCF7,Molm13
4092,10.1016/j.ejmech.2023.115342,P50750,Molm13,,,,,,,HCT116; HL-60; HL60; MCF7,Molm13
4093,10.1016/j.ejmech.2023.115342,P50750,Molm13,,,,,,,HCT116; HL-60; HL60; MCF7,Molm13
4094,10.1016/j.ejmech.2023.115342,P50750,Molm13,,,,,,,HCT116; HL-60; HL60; MCF7,Molm13
4095,10.1039/d3ra02133e,Q8IXJ6,,,,HEK293,fluorescence; affinity capture,,,A549; HeLa; MCF7,HEK293
4095,10.1039/d3ra02133e,Q9NTG7,,,,HEK293,fluorescence; affinity capture,,,HeLa,HEK293
4096,10.1021/acs.jmedchem.2c01864,nan,Ba/F3,degradation reporter,,,,,,,Ba/F3
4096,10.1021/acs.jmedchem.2c01864,nan,Ba/F3,degradation reporter,,,,,,,Ba/F3
4097,10.1021/acs.jmedchem.2c01864,nan,Ba/F3,degradation reporter,,,,,,,Ba/F3
4097,10.1021/acs.jmedchem.2c01864,nan,Ba/F3,degradation reporter,,,,,,,Ba/F3
4098,10.1021/acs.jmedchem.2c01864,nan,Ba/F3,degradation reporter,,,,,,,Ba/F3
4098,10.1021/acs.jmedchem.2c01864,nan,Ba/F3,degradation reporter,,,,,,,Ba/F3
4099,10.1021/acs.jmedchem.2c01864,nan,Ba/F3,degradation reporter,,,,,,,Ba/F3
4099,10.1021/acs.jmedchem.2c01864,nan,Ba/F3,degradation reporter,,,,,,,Ba/F3
4100,10.1021/acs.jmedchem.2c01864,nan,Ba/F3,degradation reporter,,,,,,,Ba/F3
4100,10.1021/acs.jmedchem.2c01864,nan,Ba/F3,degradation reporter,,,,,,,Ba/F3
4101,10.1021/acs.jmedchem.2c01864,nan,Ba/F3,degradation reporter,,,,,,,Ba/F3
4101,10.1021/acs.jmedchem.2c01864,nan,Ba/F3,degradation reporter,,,,,,,Ba/F3
4101,10.1021/acs.jmedchem.2c01864,nan,Ba/F3,degradation reporter,,,,,,,Ba/F3
4101,10.1021/acs.jmedchem.2c01864,nan,Ba/F3,degradation reporter,,,,,,,Ba/F3
4102,10.1021/acs.jmedchem.2c01864,nan,Ba/F3,degradation reporter,,,,,,,Ba/F3
4102,10.1021/acs.jmedchem.2c01864,nan,Ba/F3,degradation reporter,,,,,,,Ba/F3
4102,10.1021/acs.jmedchem.2c01864,nan,Ba/F3,degradation reporter,,,,,,,Ba/F3
4102,10.1021/acs.jmedchem.2c01864,nan,Ba/F3,degradation reporter,,,,,,,Ba/F3
4102,10.1021/acs.jmedchem.2c01864,nan,Ba/F3,degradation reporter,,,,,,,Ba/F3
4103,10.1021/acs.jmedchem.2c01864,nan,Ba/F3,degradation reporter,,,,,,,Ba/F3
4103,10.1021/acs.jmedchem.2c01864,nan,Ba/F3,degradation reporter,,,,,,,Ba/F3
4103,10.1021/acs.jmedchem.2c01864,nan,Ba/F3,degradation reporter,,,,,,,Ba/F3
4103,10.1021/acs.jmedchem.2c01864,nan,Ba/F3,degradation reporter,,,,,,,Ba/F3
4104,10.1021/acs.jmedchem.2c01864,nan,Ba/F3,other,,,,,,,Ba/F3
4104,10.1021/acs.jmedchem.2c01864,nan,Ba/F3,other,,,,,,,Ba/F3
4104,10.1021/acs.jmedchem.2c01864,nan,Ba/F3,other,,,,,,,Ba/F3
4104,10.1021/acs.jmedchem.2c01864,nan,Ba/F3,other,,,,,,,Ba/F3
4105,10.1021/acs.jmedchem.2c01864,nan,Ba/F3,other,,,,,,,Ba/F3
4105,10.1021/acs.jmedchem.2c01864,nan,Ba/F3,other,,,,,,,Ba/F3
4105,10.1021/acs.jmedchem.2c01864,nan,Ba/F3,other,,,,,,,Ba/F3
4105,10.1021/acs.jmedchem.2c01864,nan,Ba/F3,other,,,,,,,Ba/F3
4105,10.1021/acs.jmedchem.2c01864,nan,Ba/F3,other,,,,,,,Ba/F3
4106,10.1016/j.bmcl.2023.129275,P35968,,,,,,,,,
4106,10.1016/j.bmcl.2023.129275,P15056,,,,,,,,,
4107,10.1016/j.bmcl.2023.129275,P35968,,,,,,,,,
4107,10.1016/j.bmcl.2023.129275,P15056,,,,,,,,,
4108,10.1016/j.bmcl.2023.129275,P35968,,,,,,,,,
4108,10.1016/j.bmcl.2023.129275,P15056,,,,,,,,,
4109,10.1016/j.bmc.2023.117259,O60760,KU182,degradation reporter,24.0,,,,,,KU182
4109,10.1039/d2md00284a,O60760,KU182,degradation reporter,24.0,,,,,,KU182
4110,10.1016/j.bmc.2023.117259,O60760,KU182,degradation reporter,24.0,,,,,,KU182
4110,10.1039/d2md00284a,O60760,KU182,degradation reporter,24.0,,,,,,KU182
4111,10.1016/j.bmc.2023.117259,O60760,KU182,degradation reporter,24.0,,,,,,KU182
4111,10.1039/d2md00284a,O60760,KU182,degradation reporter,24.0,,,,,,KU182
4112,10.1016/j.bmc.2023.117259,O60760,KU812,degradation reporter,24.0,,,,,,KU812
4113,10.1016/j.bmc.2023.117259,O60760,KU812,degradation reporter,24.0,,,,,,KU812
4114,10.1021/acschembio.3c00084,Q9C5S2,HEK293T,Western blot,24.0,,degradation reporter,,,,HEK293T
4115,10.1021/acs.jnatprod.2c00912,Q9ULX9,RAW264.7,other,,RAW264.7,Western blot,,,,RAW264.7
4116,10.1021/acs.jnatprod.2c00912,Q9ULX9,RAW264.7,other,,RAW264.7,Western blot,,,,RAW264.7
4117,10.1021/acs.jnatprod.2c00912,Q9ULX9,RAW264.7,other,,RAW264.7,Western blot,,,,RAW264.7
4118,10.1021/acs.jnatprod.2c00912,Q9ULX9,RAW264.7,other,,RAW264.7,Western blot,,,,RAW264.7
4119,10.1021/acs.jnatprod.2c00912,Q9ULX9,RAW264.7,other,,RAW264.7,Western blot,,,,RAW264.7
4120,10.1021/acs.jnatprod.2c00912,Q9ULX9,RAW264.7,other,,RAW264.7,Western blot,,,,RAW264.7
4121,10.1021/acs.jnatprod.2c00912,Q9ULX9,RAW264.7,other,,RAW264.7,Western blot,,,,RAW264.7
4122,10.1021/acs.jnatprod.2c00912,Q9ULX9,RAW264.7,other,,RAW264.7,Western blot,,,,RAW264.7
4123,10.1021/acs.jnatprod.2c00912,Q9ULX9,RAW264.7,other,,RAW264.7,Western blot,,,,RAW264.7
4124,10.1021/acs.jnatprod.2c00912,Q9ULX9,RAW264.7,other,,RAW264.7,Western blot,,,,RAW264.7
4125,10.1021/acs.jnatprod.2c00912,Q9ULX9,RAW264.7,other,,RAW264.7,Western blot,,,,RAW264.7
4126,10.1021/acs.jnatprod.2c00912,Q9ULX9,RAW264.7,other,,RAW264.7,Western blot,,,,RAW264.7
4127,10.1021/acs.jnatprod.2c00912,Q9ULX9,RAW264.7,other,,RAW264.7,Western blot,,,,RAW264.7
4128,10.1021/acs.jnatprod.2c00912,Q9ULX9,RAW264.7,other,,RAW264.7,Western blot,,,,RAW264.7
4129,10.1021/acs.jnatprod.2c00912,Q9ULX9,RAW264.7,other,,RAW264.7,Western blot,,,,RAW264.7
4130,10.1021/acs.jmedchem.2c01817,Q13490,MM.1S,degradation reporter,,,,,,MCF7; MDA-MB-231; THP1,MM.1S
4130,10.1021/acs.jmedchem.2c01817,Q13489,MM.1S,degradation reporter,,,,,,A549; MCF7; MDA-MB-231; MOLT4,MM.1S
4130,10.1021/acs.jmedchem.2c01817,P98170,MM.1S,degradation reporter,,,,,,MDA-MB-231,MM.1S
4130,10.1021/acs.jmedchem.2c01817,P40337,MM.1S,degradation reporter,,,,,,HEK293; HEK293T; HeLa; THP-1,MM.1S
4131,10.1021/acs.jmedchem.2c01817,Q13490,MM.1S,degradation reporter,,,,,,MCF7; MDA-MB-231; THP1,MM.1S
4131,10.1021/acs.jmedchem.2c01817,Q13489,MM.1S,degradation reporter,,,,,,A549; MCF7; MDA-MB-231; MOLT4,MM.1S
4131,10.1021/acs.jmedchem.2c01817,P98170,MM.1S,degradation reporter,,,,,,MDA-MB-231,MM.1S
4131,10.1021/acs.jmedchem.2c01817,P40337,MM.1S,degradation reporter,,,,,,HEK293; HEK293T; HeLa; THP-1,MM.1S
4132,10.1021/acs.jmedchem.2c01817,P40337,MM.1S,degradation reporter,,,,,,HEK293; HEK293T; HeLa; THP-1,MM.1S
4132,10.1021/acs.jmedchem.2c01817,Q13490,MM.1S,degradation reporter,,,,,,MCF7; MDA-MB-231; THP1,MM.1S
4132,10.1021/acs.jmedchem.2c01817,Q13489,MM.1S,degradation reporter,,,,,,A549; MCF7; MDA-MB-231; MOLT4,MM.1S
4132,10.1021/acs.jmedchem.2c01817,P98170,MM.1S,degradation reporter,,,,,,MDA-MB-231,MM.1S
4133,10.1021/acs.jmedchem.2c01817,Q13490,MM.1S,degradation reporter,,,,,,MCF7; MDA-MB-231; THP1,MM.1S
4133,10.1021/acs.jmedchem.2c01817,Q13489,MM.1S,degradation reporter,,,,,,A549; MCF7; MDA-MB-231; MOLT4,MM.1S
4133,10.1021/acs.jmedchem.2c01817,P98170,MM.1S,degradation reporter,,,,,,MDA-MB-231,MM.1S
4133,10.1021/acs.jmedchem.2c01817,P40337,MM.1S,degradation reporter,,,,,,HEK293; HEK293T; HeLa; THP-1,MM.1S
4134,10.1021/acs.jmedchem.2c01817,Q13490,MM.1S,degradation reporter,,,,,,MCF7; MDA-MB-231; THP1,MM.1S
4134,10.1021/acs.jmedchem.2c01817,Q13489,MM.1S,degradation reporter,,,,,,A549; MCF7; MDA-MB-231; MOLT4,MM.1S
4134,10.1021/acs.jmedchem.2c01817,P98170,MM.1S,degradation reporter,,,,,,MDA-MB-231,MM.1S
4134,10.1021/acs.jmedchem.2c01817,P40337,MM.1S,degradation reporter,,,,,,HEK293; HEK293T; HeLa; THP-1,MM.1S
4135,10.1021/acs.jmedchem.2c01817,Q13490,MM.1S,degradation reporter,,,,,,MCF7; MDA-MB-231; THP1,MM.1S
4135,10.1021/acs.jmedchem.2c01817,Q13489,MM.1S,degradation reporter,,,,,,A549; MCF7; MDA-MB-231; MOLT4,MM.1S
4135,10.1021/acs.jmedchem.2c01817,P98170,MM.1S,degradation reporter,,,,,,MDA-MB-231,MM.1S
4135,10.1021/acs.jmedchem.2c01817,P40337,MM.1S,degradation reporter,,,,,,HEK293; HEK293T; HeLa; THP-1,MM.1S
4136,10.1021/acs.jmedchem.2c01817,Q13490,MM.1S,degradation reporter,,,,,,MCF7; MDA-MB-231; THP1,MM.1S
4136,10.1021/acs.jmedchem.2c01817,Q13489,MM.1S,degradation reporter,,,,,,A549; MCF7; MDA-MB-231; MOLT4,MM.1S
4136,10.1021/acs.jmedchem.2c01817,P98170,MM.1S,degradation reporter,,,,,,MDA-MB-231,MM.1S
4136,10.1021/acs.jmedchem.2c01817,P40337,MM.1S,degradation reporter,,,,,,HEK293; HEK293T; HeLa; THP-1,MM.1S
4137,10.1021/acs.jmedchem.2c01817,Q13490,MM.1S,degradation reporter,,,,,,MCF7; MDA-MB-231; THP1,MM.1S
4137,10.1021/acs.jmedchem.2c01817,Q13489,MM.1S,degradation reporter,,,,,,A549; MCF7; MDA-MB-231; MOLT4,MM.1S
4137,10.1021/acs.jmedchem.2c01817,P98170,MM.1S,degradation reporter,,,,,,MDA-MB-231,MM.1S
4137,10.1021/acs.jmedchem.2c01817,P40337,MM.1S,degradation reporter,,,,,,HEK293; HEK293T; HeLa; THP-1,MM.1S
4138,10.1021/acs.jmedchem.2c01817,Q13490,MM.1S,degradation reporter,,,,,,MCF7; MDA-MB-231; THP1,MM.1S
4138,10.1021/acs.jmedchem.2c01817,Q13489,MM.1S,degradation reporter,,,,,,A549; MCF7; MDA-MB-231; MOLT4,MM.1S
4138,10.1021/acs.jmedchem.2c01817,P98170,MM.1S,degradation reporter,,,,,,MDA-MB-231,MM.1S
4138,10.1021/acs.jmedchem.2c01817,P40337,MM.1S,degradation reporter,,,,,,HEK293; HEK293T; HeLa; THP-1,MM.1S
4139,10.1021/acs.jmedchem.2c01817,Q13490,MM.1S,degradation reporter,,,,,,MCF7; MDA-MB-231; THP1,MM.1S
4139,10.1021/acs.jmedchem.2c01817,Q13489,MM.1S,degradation reporter,,,,,,A549; MCF7; MDA-MB-231; MOLT4,MM.1S
4139,10.1021/acs.jmedchem.2c01817,P98170,MM.1S,degradation reporter,,,,,,MDA-MB-231,MM.1S
4139,10.1021/acs.jmedchem.2c01817,P40337,MM.1S,degradation reporter,,,,,,HEK293; HEK293T; HeLa; THP-1,MM.1S
4140,10.1021/acs.jmedchem.2c01817,Q13490,MM.1S,degradation reporter,,,,,,MCF7; MDA-MB-231; THP1,MM.1S
4140,10.1021/acs.jmedchem.2c01817,Q13489,MM.1S,degradation reporter,,,,,,A549; MCF7; MDA-MB-231; MOLT4,MM.1S
4140,10.1021/acs.jmedchem.2c01817,P98170,MM.1S,degradation reporter,,,,,,MDA-MB-231,MM.1S
4140,10.1021/acs.jmedchem.2c01817,P40337,MM.1S,degradation reporter,,,,,,HEK293; HEK293T; HeLa; THP-1,MM.1S
4141,10.1021/acs.jmedchem.2c01817,Q13490,MM.1S,degradation reporter,,,,,,MCF7; MDA-MB-231; THP1,MM.1S
4141,10.1021/acs.jmedchem.2c01817,Q13489,MM.1S,degradation reporter,,,,,,A549; MCF7; MDA-MB-231; MOLT4,MM.1S
4141,10.1021/acs.jmedchem.2c01817,P98170,MM.1S,degradation reporter,,,,,,MDA-MB-231,MM.1S
4141,10.1021/acs.jmedchem.2c01817,P40337,MM.1S,degradation reporter,,,,,,HEK293; HEK293T; HeLa; THP-1,MM.1S
4142,10.1021/acs.jmedchem.2c01817,Q13490,MM.1S,degradation reporter,,,,,,MCF7; MDA-MB-231; THP1,MM.1S
4142,10.1021/acs.jmedchem.2c01817,Q13489,MM.1S,degradation reporter,,,,,,A549; MCF7; MDA-MB-231; MOLT4,MM.1S
4142,10.1021/acs.jmedchem.2c01817,P98170,MM.1S,degradation reporter,,,,,,MDA-MB-231,MM.1S
4142,10.1021/acs.jmedchem.2c01817,P40337,MM.1S,degradation reporter,,,,,,HEK293; HEK293T; HeLa; THP-1,MM.1S
4143,10.1021/acs.jmedchem.2c01817,Q13490,MM.1S,degradation reporter,,,,,,MCF7; MDA-MB-231; THP1,MM.1S
4143,10.1021/acs.jmedchem.2c01817,Q13489,MM.1S,degradation reporter,,,,,,A549; MCF7; MDA-MB-231; MOLT4,MM.1S
4143,10.1021/acs.jmedchem.2c01817,P98170,MM.1S,degradation reporter,,,,,,MDA-MB-231,MM.1S
4143,10.1021/acs.jmedchem.2c01817,P40337,MM.1S,degradation reporter,,,,,,HEK293; HEK293T; HeLa; THP-1,MM.1S
4144,10.1021/acs.jmedchem.2c01817,Q13490,MM.1S,degradation reporter,,,,,,MCF7; MDA-MB-231; THP1,MM.1S
4144,10.1021/acs.jmedchem.2c01817,Q13489,MM.1S,degradation reporter,,,,,,A549; MCF7; MDA-MB-231; MOLT4,MM.1S
4144,10.1021/acs.jmedchem.2c01817,P98170,MM.1S,degradation reporter,,,,,,MDA-MB-231,MM.1S
4144,10.1021/acs.jmedchem.2c01817,P40337,MM.1S,degradation reporter,,,,,,HEK293; HEK293T; HeLa; THP-1,MM.1S
4145,10.1021/acs.jmedchem.2c01817,Q13490,MM.1S,degradation reporter,,,,,,MCF7; MDA-MB-231; THP1,MM.1S
4145,10.1021/acs.jmedchem.2c01817,Q13489,MM.1S,degradation reporter,,,,,,A549; MCF7; MDA-MB-231; MOLT4,MM.1S
4145,10.1021/acs.jmedchem.2c01817,P98170,MM.1S,degradation reporter,,,,,,MDA-MB-231,MM.1S
4145,10.1021/acs.jmedchem.2c01817,P40337,MM.1S,degradation reporter,,,,,,HEK293; HEK293T; HeLa; THP-1,MM.1S
4146,10.1021/acs.jmedchem.2c01817,Q13490,MM.1S,degradation reporter,,,,,,MCF7; MDA-MB-231; THP1,MM.1S
4146,10.1021/acs.jmedchem.2c01817,Q13489,MM.1S,degradation reporter,,,,,,A549; MCF7; MDA-MB-231; MOLT4,MM.1S
4146,10.1021/acs.jmedchem.2c01817,P98170,MM.1S,degradation reporter,,,,,,MDA-MB-231,MM.1S
4146,10.1021/acs.jmedchem.2c01817,P40337,MM.1S,degradation reporter,,,,,,HEK293; HEK293T; HeLa; THP-1,MM.1S
4147,10.1021/acs.jmedchem.2c01817,Q13490,MM.1S,degradation reporter,,,,,,MCF7; MDA-MB-231; THP1,MM.1S
4147,10.1021/acs.jmedchem.2c01817,Q13489,MM.1S,degradation reporter,,,,,,A549; MCF7; MDA-MB-231; MOLT4,MM.1S
4147,10.1021/acs.jmedchem.2c01817,P98170,MM.1S,degradation reporter,,,,,,MDA-MB-231,MM.1S
4147,10.1021/acs.jmedchem.2c01817,P40337,MM.1S,degradation reporter,,,,,,HEK293; HEK293T; HeLa; THP-1,MM.1S
4148,10.1021/acs.jmedchem.2c01817,Q13490,MM.1S,degradation reporter,,,,,,MCF7; MDA-MB-231; THP1,MM.1S
4148,10.1021/acs.jmedchem.2c01817,Q13489,MM.1S,degradation reporter,,,,,,A549; MCF7; MDA-MB-231; MOLT4,MM.1S
4148,10.1021/acs.jmedchem.2c01817,P98170,MM.1S,degradation reporter,,,,,,MDA-MB-231,MM.1S
4148,10.1021/acs.jmedchem.2c01817,P40337,MM.1S,degradation reporter,,,,,,HEK293; HEK293T; HeLa; THP-1,MM.1S
4149,10.1021/acs.jmedchem.2c01817,Q13490,MM.1S,degradation reporter,,,,,,MCF7; MDA-MB-231; THP1,MM.1S
4149,10.1021/acs.jmedchem.2c01817,Q13489,MM.1S,degradation reporter,,,,,,A549; MCF7; MDA-MB-231; MOLT4,MM.1S
4149,10.1021/acs.jmedchem.2c01817,P98170,MM.1S,degradation reporter,,,,,,MDA-MB-231,MM.1S
4149,10.1021/acs.jmedchem.2c01817,P40337,MM.1S,degradation reporter,,,,,,HEK293; HEK293T; HeLa; THP-1,MM.1S
4150,10.1021/acs.jmedchem.2c01817,Q13490,MM.1S,degradation reporter,,,,,,MCF7; MDA-MB-231; THP1,MM.1S
4150,10.1021/acs.jmedchem.2c01817,Q13489,MM.1S,degradation reporter,,,,,,A549; MCF7; MDA-MB-231; MOLT4,MM.1S
4150,10.1021/acs.jmedchem.2c01817,P98170,MM.1S,degradation reporter,,,,,,MDA-MB-231,MM.1S
4150,10.1021/acs.jmedchem.2c01817,P40337,MM.1S,degradation reporter,,,,,,HEK293; HEK293T; HeLa; THP-1,MM.1S
4151,10.1021/acs.jmedchem.2c01817,Q13490,MM.1S,degradation reporter,,,,,,MCF7; MDA-MB-231; THP1,MM.1S
4151,10.1021/acs.jmedchem.2c01817,Q13489,MM.1S,degradation reporter,,,,,,A549; MCF7; MDA-MB-231; MOLT4,MM.1S
4151,10.1021/acs.jmedchem.2c01817,P98170,MM.1S,degradation reporter,,,,,,MDA-MB-231,MM.1S
4151,10.1021/acs.jmedchem.2c01817,Q96SW2,MM.1S,degradation reporter,,,,,,HEK293; HEK293T; HeLa; MCF7; MDA-MB-231; MDA-MB-468,MM.1S
4151,10.1021/acs.jmedchem.2c01817,Q13490,MM.1S,degradation reporter,,,,,,MCF7; MDA-MB-231; THP1,MM.1S
4151,10.1021/acs.jmedchem.2c01817,Q13489,MM.1S,degradation reporter,,,,,,A549; MCF7; MDA-MB-231; MOLT4,MM.1S
4151,10.1021/acs.jmedchem.2c01817,P98170,MM.1S,degradation reporter,,,,,,MDA-MB-231,MM.1S
4151,10.1021/acs.jmedchem.2c01817,Q96SW2,MM.1S,degradation reporter,,,,,,HEK293; HEK293T; HeLa; MCF7; MDA-MB-231; MDA-MB-468,MM.1S
4152,10.1021/acs.jmedchem.2c01817,Q13490,MM.1S,degradation reporter,,,,,,MCF7; MDA-MB-231; THP1,MM.1S
4152,10.1021/acs.jmedchem.2c01817,Q13489,MM.1S,degradation reporter,,,,,,A549; MCF7; MDA-MB-231; MOLT4,MM.1S
4152,10.1021/acs.jmedchem.2c01817,P98170,MM.1S,degradation reporter,,,,,,MDA-MB-231,MM.1S
4152,10.1021/acs.jmedchem.2c01817,Q96SW2,MM.1S,degradation reporter,,,,,,HEK293; HEK293T; HeLa; MCF7; MDA-MB-231; MDA-MB-468,MM.1S
4153,10.1021/acs.jmedchem.2c01817,Q13490,MM.1S,degradation reporter,,,,,,MCF7; MDA-MB-231; THP1,MM.1S
4153,10.1021/acs.jmedchem.2c01817,Q13489,MM.1S,degradation reporter,,,,,,A549; MCF7; MDA-MB-231; MOLT4,MM.1S
4153,10.1021/acs.jmedchem.2c01817,P98170,MM.1S,degradation reporter,,,,,,MDA-MB-231,MM.1S
4153,10.1021/acs.jmedchem.2c01817,Q96SW2,MM.1S,degradation reporter,,,,,,HEK293; HEK293T; HeLa; MCF7; MDA-MB-231; MDA-MB-468,MM.1S
4154,10.1021/acs.jmedchem.2c01817,Q13490,MM.1S,degradation reporter,,,,,,MCF7; MDA-MB-231; THP1,MM.1S
4154,10.1021/acs.jmedchem.2c01817,Q13489,MM.1S,degradation reporter,,,,,,A549; MCF7; MDA-MB-231; MOLT4,MM.1S
4154,10.1021/acs.jmedchem.2c01817,P98170,MM.1S,degradation reporter,,,,,,MDA-MB-231,MM.1S
4154,10.1021/acs.jmedchem.2c01817,Q96SW2,MM.1S,degradation reporter,,,,,,HEK293; HEK293T; HeLa; MCF7; MDA-MB-231; MDA-MB-468,MM.1S
4155,10.1021/acs.jmedchem.2c01817,Q13490,MM.1S,degradation reporter,,,,,,MCF7; MDA-MB-231; THP1,MM.1S
4155,10.1021/acs.jmedchem.2c01817,Q13489,MM.1S,degradation reporter,,,,,,A549; MCF7; MDA-MB-231; MOLT4,MM.1S
4155,10.1021/acs.jmedchem.2c01817,P98170,MM.1S,degradation reporter,,,,,,MDA-MB-231,MM.1S
4155,10.1021/acs.jmedchem.2c01817,Q96SW2,MM.1S,degradation reporter,,,,,,HEK293; HEK293T; HeLa; MCF7; MDA-MB-231; MDA-MB-468,MM.1S
4156,10.1021/acs.jmedchem.2c01817,Q13490,MM.1S,degradation reporter,,,,,,MCF7; MDA-MB-231; THP1,MM.1S
4156,10.1021/acs.jmedchem.2c01817,Q13489,MM.1S,degradation reporter,,,,,,A549; MCF7; MDA-MB-231; MOLT4,MM.1S
4156,10.1021/acs.jmedchem.2c01817,P98170,MM.1S,degradation reporter,,,,,,MDA-MB-231,MM.1S
4156,10.1021/acs.jmedchem.2c01817,Q96SW2,MM.1S,degradation reporter,,,,,,HEK293; HEK293T; HeLa; MCF7; MDA-MB-231; MDA-MB-468,MM.1S
4157,10.1021/acs.jmedchem.2c01817,Q13490,MM.1S,degradation reporter,,,,,,MCF7; MDA-MB-231; THP1,MM.1S
4157,10.1021/acs.jmedchem.2c01817,Q13489,MM.1S,degradation reporter,,,,,,A549; MCF7; MDA-MB-231; MOLT4,MM.1S
4157,10.1021/acs.jmedchem.2c01817,P98170,MM.1S,degradation reporter,,,,,,MDA-MB-231,MM.1S
4157,10.1021/acs.jmedchem.2c01817,Q96SW2,MM.1S,degradation reporter,,,,,,HEK293; HEK293T; HeLa; MCF7; MDA-MB-231; MDA-MB-468,MM.1S
4158,10.1002/anie.202303818,P18031,HEK293,degradation reporter,16.0,MC38,Western blot,,,,HEK293
4158,10.1002/anie.202303818,P17706,HEK293,degradation reporter,16.0,MC38,Western blot,,,,HEK293
4159,10.1002/anie.202303818,P18031,HEK293,degradation reporter,16.0,MC38,Western blot,,,,HEK293
4159,10.1002/anie.202303818,P17706,HEK293,degradation reporter,16.0,MC38,Western blot,,,,HEK293
4160,10.1002/anie.202303818,P18031,HEK293,degradation reporter,16.0,MC38,Western blot,,,,HEK293
4160,10.1002/anie.202303818,P17706,HEK293,degradation reporter,16.0,MC38,Western blot,,,,HEK293
4161,10.1002/anie.202303818,P18031,HEK293,degradation reporter,16.0,MC38,Western blot,,,,HEK293
4161,10.1002/anie.202303818,P17706,HEK293,degradation reporter,16.0,MC38,Western blot,,,,HEK293
4162,10.1002/anie.202303818,P18031,HEK293,other,16.0,MC38,Western blot,,,,HEK293
4162,10.1002/anie.202303818,P17706,HEK293,other,16.0,MC38,Western blot,,,,HEK293
4163,10.1002/anie.202303818,P18031,HEK293,other,16.0,MC38,Western blot,,,,HEK293
4163,10.1002/anie.202303818,P17706,HEK293,other,16.0,MC38,Western blot,,,,HEK293
4164,10.1002/anie.202303818,P18031,HEK293,other,16.0,MC38,Western blot,,,,HEK293
4164,10.1002/anie.202303818,P17706,HEK293,other,16.0,MC38,Western blot,,,,HEK293
4165,10.1002/anie.202303818,P18031,HEK293,other,16.0,MC38,Western blot,,,,HEK293
4165,10.1002/anie.202303818,P17706,HEK293,other,16.0,MC38,Western blot,,,,HEK293
4166,10.1002/anie.202303818,P18031,HEK293,other,16.0,MC38,Western blot,,,,HEK293
4166,10.1002/anie.202303818,P17706,HEK293,other,16.0,MC38,Western blot,,,,HEK293
4167,10.1002/anie.202303818,P18031,HEK293,degradation reporter,16.0,MC38,Western blot,,,,HEK293
4167,10.1002/anie.202303818,P17706,HEK293,degradation reporter,16.0,MC38,Western blot,,,,HEK293
4168,10.1002/anie.202303818,P18031,HEK293,degradation reporter,16.0,MC38,Western blot,,,,HEK293
4168,10.1002/anie.202303818,P17706,HEK293,degradation reporter,16.0,MC38,Western blot,,,,HEK293
4169,10.1002/anie.202303818,P18031,HEK293,degradation reporter,16.0,MC38,Western blot,,,,HEK293
4169,10.1002/anie.202303818,P17706,HEK293,degradation reporter,16.0,MC38,Western blot,,,,HEK293
4170,10.1002/anie.202303818,P18031,HEK293,degradation reporter,16.0,MC38,Western blot,,,,HEK293
4170,10.1002/anie.202303818,P17706,HEK293,degradation reporter,16.0,MC38,Western blot,,,,HEK293
4171,10.1002/anie.202303818,P18031,HEK293,degradation reporter,16.0,MC38,Western blot,,,,HEK293
4171,10.1002/anie.202303818,P17706,HEK293,degradation reporter,16.0,MC38,Western blot,,,,HEK293
4172,10.1021/acscentsci.2c01369,nan,,,,,Western blot,,,,
4173,10.1021/acscentsci.2c01369,nan,HEK293T,Western blot,24.0,,Western blot,,,,HEK293T
4174,10.1021/acscentsci.2c01369,nan,,,,,Western blot,,,,
4175,10.1021/acscentsci.2c01369,nan,,,,,Western blot,,,,
4176,10.1021/acscentsci.2c01369,nan,,,,,Western blot,,,,
4177,10.1021/acscentsci.2c01369,nan,,,,,Western blot,,,,
4178,10.1021/acscentsci.2c01369,nan,,,,,Western blot,,,,
4179,10.1021/acs.jmedchem.2c02078,Q08881,Jurkat,Western blot,16.0,Jurkat cells,Western blot; IL-2 inhibition assay; global proteomic profiling,,,K562; jurkat,Jurkat
4180,10.1021/acs.jmedchem.2c02078,Q08881,Jurkat,Western blot,16.0,Jurkat cells,Western blot; IL-2 inhibition assay; global proteomic profiling,,,K562; jurkat,Jurkat
4181,10.1021/acs.jmedchem.2c02078,Q08881,Jurkat,Western blot,16.0,Jurkat cells,Western blot; IL-2 inhibition assay; global proteomic profiling,,,K562; jurkat,Jurkat
4182,10.1021/acs.jmedchem.2c02078,Q08881,Jurkat,Western blot,16.0,Jurkat cells,Western blot; IL-2 inhibition assay; global proteomic profiling,,,K562; jurkat,Jurkat
4183,10.1021/acs.jmedchem.2c02078,Q08881,Jurkat,Western blot,16.0,Jurkat cells,Western blot; IL-2 inhibition assay; global proteomic profiling,,,K562; jurkat,Jurkat
4184,10.1021/acs.jmedchem.2c02078,Q08881,Jurkat,Western blot,16.0,Jurkat cells,Western blot; IL-2 inhibition assay; global proteomic profiling,,,K562; jurkat,Jurkat
4185,10.1021/acs.jmedchem.2c02078,Q08881,Jurkat,Western blot,16.0,Jurkat cells,Western blot; IL-2 inhibition assay; global proteomic profiling,,,K562; jurkat,Jurkat
4186,10.1021/acs.jmedchem.2c02078,Q08881,Jurkat,Western blot,16.0,Jurkat cells,Western blot; IL-2 inhibition assay; global proteomic profiling,,,K562; jurkat,Jurkat
4187,10.1021/acs.jmedchem.2c02078,Q08881,Jurkat,Western blot,16.0,Jurkat cells,Western blot; IL-2 inhibition assay; global proteomic profiling,,,K562; jurkat,Jurkat
4188,10.1021/acs.jmedchem.2c02078,Q08881,Jurkat,degradation reporter,16.0,Jurkat cells,Western blot; IL-2 inhibition assay; global proteomic profiling,,,K562; jurkat,Jurkat
4189,10.1021/acs.jmedchem.2c02078,Q08881,Jurkat,degradation reporter,16.0,Jurkat cells,Western blot; IL-2 inhibition assay; global proteomic profiling,,,K562; jurkat,Jurkat
4190,10.1021/acs.jmedchem.2c02078,Q08881,Jurkat,degradation reporter,16.0,Jurkat cells,Western blot; IL-2 inhibition assay; global proteomic profiling,,,K562; jurkat,Jurkat
4191,10.1021/acs.jmedchem.2c02078,Q08881,Jurkat,degradation reporter,16.0,Jurkat cells,Western blot; IL-2 inhibition assay; global proteomic profiling,,,K562; jurkat,Jurkat
4192,10.1021/acs.jmedchem.2c02078,Q08881,Jurkat,degradation reporter,16.0,Jurkat cells,Western blot; IL-2 inhibition assay; global proteomic profiling,,,K562; jurkat,Jurkat
4193,10.1021/acs.jmedchem.2c02078,Q08881,Jurkat,degradation reporter,16.0,Jurkat cells,Western blot; IL-2 inhibition assay; global proteomic profiling,,,K562; jurkat,Jurkat
4194,10.1021/acs.jmedchem.2c02078,Q08881,Jurkat,degradation reporter,16.0,Jurkat cells,Western blot; IL-2 inhibition assay; global proteomic profiling,,,K562; jurkat,Jurkat
4195,10.1021/acs.jmedchem.2c02078,Q08881,Jurkat,degradation reporter,16.0,Jurkat cells,Western blot; IL-2 inhibition assay; global proteomic profiling,,,K562; jurkat,Jurkat
4196,10.1021/acs.jmedchem.2c02078,Q08881,Jurkat,degradation reporter,16.0,Jurkat cells,Western blot; IL-2 inhibition assay; global proteomic profiling,,,K562; jurkat,Jurkat
4197,10.1021/acs.jmedchem.2c02078,Q08881,Jurkat,degradation reporter,16.0,Jurkat cells,Western blot; IL-2 inhibition assay; global proteomic profiling,,,K562; jurkat,Jurkat
4198,10.1021/acschembio.3c00017,G0R7E2,,other,,,,,,,
4199,10.1021/acschembio.3c00017,G0R7E2,,other,,,,,,,
4200,10.1021/acschembio.3c00017,G0R7E2,,other,,,,,,,
4201,10.1021/acschembio.3c00017,G0R7E2,,other,,,,,,,
4202,10.1021/acschembio.3c00017,G0R7E2,,other,,,,,,,
4203,10.1021/acschembio.3c00017,G0R7E2,,other,,,,,,,
4204,10.1021/acschembio.3c00017,G0R7E2,,other,,,,,,,
4205,10.1021/acschembio.3c00017,G0R7E2,,other,,,,,,,
4206,10.1021/acschembio.3c00017,G0R7E2,,other,,,,,,,
4207,10.1021/acschembio.3c00017,G0R7E2,,other,,,,,,,
4208,10.1021/acschembio.3c00017,G0R7E2,,other,,,,,,,
4209,10.1021/acschembio.3c00017,G0R7E2,,other,,,,,,,
4210,10.1021/acschembio.3c00017,G0R7E2,,other,,,,,,,
4211,10.5812/ijpr-129251,A0A384N6C2,,,,,,,,,
4212,10.5812/ijpr-129251,A0A384N6C2,,,,,,,,,
4213,10.5812/ijpr-129251,A0A384N6C2,,,,,,,,,
4214,10.5812/ijpr-129251,A0A384N6C2,,,,,,,,,
4215,10.1016/j.bioorg.2023.106461,P36969,HT1080,degradation reporter,12.0,,immunoblotting; pull-down; colony formation assay; cell growth assay; fluorescence microscopy,,,A549; HCT-116; HEK293T; MCF7; MDA-MB-231,HT1080
4216,10.1016/j.bioorg.2023.106461,P36969,HT1080,degradation reporter,12.0,,immunoblotting; pull-down; colony formation assay; cell growth assay; fluorescence microscopy,,,A549; HCT-116; HEK293T; MCF7; MDA-MB-231,HT1080
4217,10.1016/j.bioorg.2023.106461,P36969,HT1080,degradation reporter,12.0,,immunoblotting; pull-down; colony formation assay; cell growth assay; fluorescence microscopy,,,A549; HCT-116; HEK293T; MCF7; MDA-MB-231,HT1080
4218,10.1016/j.bioorg.2023.106461,P36969,HT1080,degradation reporter,12.0,,immunoblotting; pull-down; colony formation assay; cell growth assay; fluorescence microscopy,,,A549; HCT-116; HEK293T; MCF7; MDA-MB-231,HT1080
4219,10.1016/j.bioorg.2023.106461,P36969,HT1080,degradation reporter,12.0,,immunoblotting; pull-down; colony formation assay; cell growth assay; fluorescence microscopy,,,A549; HCT-116; HEK293T; MCF7; MDA-MB-231,HT1080
4220,10.15212/amm-2022-0022,Q07817,,,,U87; A549; MV-4-11,Western blot,,,Jurkat,U87
4221,10.15212/amm-2022-0022,Q07817,,,,U87; A549; MV-4-11,Western blot,,,Jurkat,U87
4222,10.15212/amm-2022-0022,Q07817,A549,other,,U87; A549; MV-4-11,Western blot,,,Jurkat,A549
4223,10.1039/d2cb00223j,O60885,,,,,,,,,
4224,10.1039/d2cb00223j,O60885,Namalwa,degradation reporter,24.0,,,,,,Namalwa
4225,10.1039/d2cb00223j,O60885,Namalwa,Western blot,24.0,,,,,,Namalwa
4226,10.1039/d2cb00223j,O60885,Namalwa,Western blot,24.0,,,,,,Namalwa
4227,10.1039/d2cb00223j,O60885,Namalwa,Western blot,24.0,,,,,,Namalwa
4228,10.1016/j.bmc.2023.117237,P00533,PC9,other,,,protein degradation assay; cell viability assay; migration assay; apoptosis assay; nitroreductase reductive activation assay,,,,PC9
4229,10.1016/j.ejmech.2023.115248,Q07820,,,,,cytoblot assay,,,,
4230,10.1016/j.ejmech.2023.115248,Q9NYV4,,,,,cytoblot assay,,,,
4231,10.1016/j.ejmech.2023.115248,Q9NYV4,,,,,cytoblot assay,,,,
4232,10.1016/j.ejmech.2023.115248,Q9NYV4,HeLa,Western blot,24.0,,cytoblot assay,,,,HeLa
4233,10.1002/anie.202302364,Q8TBX8,,other,,,,,,HCT116; HEK293; HL-60; PC3; THP1,
4234,10.1002/anie.202302364,Q8TBX8,,other,,,,,,HCT116; HEK293; HL-60; PC3; THP1,
4235,10.1002/anie.202302364,Q8TBX8,,other,,,,,,HCT116; HEK293; HL-60; PC3; THP1,
4236,10.1002/anie.202302364,Q8TBX8,,other,,,,,,HCT116; HEK293; HL-60; PC3; THP1,
4237,10.1002/anie.202302364,Q8TBX8,MOLT4,Western blot,6.0,,,,,HCT116; HEK293; HL-60; PC3; THP1,MOLT4
4238,10.1002/anie.202302364,Q8TBX8,MOLT4,degradation reporter,6.0,,,,,HCT116; HEK293; HL-60; PC3; THP1,MOLT4
4239,10.1002/anie.202302364,Q8TBX8,MOLT4,degradation reporter,6.0,,,,,HCT116; HEK293; HL-60; PC3; THP1,MOLT4
4240,10.1021/acs.jmedchem.3c00075,Q07889,NCI-H358,degradation reporter,,,,,,HeLa,NCI-H358
4241,10.1021/acs.jmedchem.3c00075,Q07889,NCI-H358,degradation reporter,24.0,,,,,HeLa,NCI-H358
4242,10.1021/acs.jmedchem.3c00075,Q07889,NCI-H358,degradation reporter,24.0,,,,,HeLa,NCI-H358
4243,10.1021/acs.jmedchem.3c00075,Q07889,NCI-H358,degradation reporter,24.0,,,,,HeLa,NCI-H358
4244,10.1021/acs.jmedchem.3c00075,Q07889,NCI-H358,degradation reporter,,,,,,HeLa,NCI-H358
4245,10.1021/acs.jmedchem.3c00075,Q07889,NCI-H358,degradation reporter,,,,,,HeLa,NCI-H358
4246,10.1021/acs.jmedchem.3c00075,Q07889,NCI-H358,degradation reporter,,,,,,HeLa,NCI-H358
4247,10.1021/acs.jmedchem.3c00075,Q07889,NCI-H358,degradation reporter,24.0,,,,,HeLa,NCI-H358
4248,10.1021/acs.jmedchem.3c00075,Q07889,NCI-H358,degradation reporter,24.0,,,,,HeLa,NCI-H358
4249,10.1021/acs.jmedchem.3c00075,Q07889,NCI-H358,degradation reporter,24.0,,,,,HeLa,NCI-H358
4250,10.1021/acs.jmedchem.3c00075,Q07889,NCI-H358,degradation reporter,,,,,,HeLa,NCI-H358
4251,10.1021/acs.jmedchem.3c00075,Q07889,NCI-H358,degradation reporter,24.0,,,,,HeLa,NCI-H358
4252,10.1021/acs.jmedchem.3c00075,Q07889,NCI-H358,degradation reporter,,,,,,HeLa,NCI-H358
4253,10.1021/acs.jmedchem.3c00075,Q07889,NCI-H358,degradation reporter,,,,,,HeLa,NCI-H358
4254,10.1021/acs.jmedchem.3c00075,Q07889,NCI-H358,degradation reporter,,,,,,HeLa,NCI-H358
4255,10.1021/acs.jmedchem.3c00075,Q07889,NCI-H358,degradation reporter,,,,,,HeLa,NCI-H358
4256,10.1021/acs.jmedchem.3c00075,Q07889,NCI-H358,degradation reporter,,,,,,HeLa,NCI-H358
4257,10.1021/acschembio.2c00804,O75530,DB,degradation reporter,24.0,DB (diffuse large B-cell lymphoma),degradation reporter,,,,DB
4257,10.1021/acschembio.2c00804,Q15910,DB,degradation reporter,24.0,DB (diffuse large B-cell lymphoma),degradation reporter,,,HeLa; LNCaP; PC3,DB
4258,10.1021/acschembio.2c00804,O75530,DB,degradation reporter,24.0,DB (diffuse large B-cell lymphoma),degradation reporter,,,,DB
4258,10.1021/acschembio.2c00804,Q15910,DB,degradation reporter,24.0,DB (diffuse large B-cell lymphoma),degradation reporter,,,HeLa; LNCaP; PC3,DB
4259,10.1021/acschembio.2c00804,O75530,DB,degradation reporter,24.0,DB (diffuse large B-cell lymphoma),degradation reporter,,,,DB
4259,10.1021/acschembio.2c00804,Q15910,DB,degradation reporter,24.0,DB (diffuse large B-cell lymphoma),degradation reporter,,,HeLa; LNCaP; PC3,DB
4260,10.1021/acschembio.2c00804,O75530,DB,degradation reporter,24.0,DB (diffuse large B-cell lymphoma),degradation reporter,,,,DB
4260,10.1021/acschembio.2c00804,Q15910,DB,degradation reporter,24.0,DB (diffuse large B-cell lymphoma),degradation reporter,,,HeLa; LNCaP; PC3,DB
4261,10.1021/acschembio.2c00804,O75530,DB,degradation reporter,24.0,DB (diffuse large B-cell lymphoma),degradation reporter,,,,DB
4261,10.1021/acschembio.2c00804,Q15910,DB,degradation reporter,24.0,DB (diffuse large B-cell lymphoma),degradation reporter,,,HeLa; LNCaP; PC3,DB
4262,10.1021/acschembio.2c00804,O75530,DB,other,24.0,DB (diffuse large B-cell lymphoma),degradation reporter,,,,DB
4262,10.1021/acschembio.2c00804,Q15910,DB,other,24.0,DB (diffuse large B-cell lymphoma),degradation reporter,,,HeLa; LNCaP; PC3,DB
4263,10.1021/acschembio.2c00804,O75530,DB,other,24.0,DB (diffuse large B-cell lymphoma),degradation reporter,,,,DB
4263,10.1021/acschembio.2c00804,Q15910,DB,other,24.0,DB (diffuse large B-cell lymphoma),degradation reporter,,,HeLa; LNCaP; PC3,DB
4264,10.1021/acschembio.2c00804,O75530,DB,other,24.0,DB (diffuse large B-cell lymphoma),degradation reporter,,,,DB
4264,10.1021/acschembio.2c00804,Q15910,DB,other,24.0,DB (diffuse large B-cell lymphoma),degradation reporter,,,HeLa; LNCaP; PC3,DB
4265,10.1021/acschembio.2c00804,O75530,DB,other,24.0,DB (diffuse large B-cell lymphoma),degradation reporter,,,,DB
4265,10.1021/acschembio.2c00804,Q15910,DB,other,24.0,DB (diffuse large B-cell lymphoma),degradation reporter,,,HeLa; LNCaP; PC3,DB
4266,10.1021/acschembio.2c00804,O75530,DB,other,24.0,DB (diffuse large B-cell lymphoma),degradation reporter,,,,DB
4266,10.1021/acschembio.2c00804,Q15910,DB,other,24.0,DB (diffuse large B-cell lymphoma),degradation reporter,,,HeLa; LNCaP; PC3,DB
4266,10.1021/acschembio.2c00804,Q15022,DB,other,24.0,DB (diffuse large B-cell lymphoma),degradation reporter,,,,DB
4267,10.1021/acschembio.2c00804,O75530,DB,other,24.0,DB (diffuse large B-cell lymphoma),degradation reporter,,,,DB
4267,10.1021/acschembio.2c00804,Q15910,DB,other,24.0,DB (diffuse large B-cell lymphoma),degradation reporter,,,HeLa; LNCaP; PC3,DB
4267,10.1021/acschembio.2c00804,Q15022,DB,other,24.0,DB (diffuse large B-cell lymphoma),degradation reporter,,,,DB
4268,10.1016/j.ebiom.2023.104500,P10275,,,,,,,,MCF-7; PC-3; PC3,
4268,10.1016/j.ebiom.2023.104500,P10275,,,,,,,,MCF-7; PC-3; PC3,
4268,10.1016/j.ebiom.2023.104500,P10275,,,,,,,,MCF-7; PC-3; PC3,
4269,10.1016/j.ebiom.2023.104500,P10275,,,,,,,,MCF-7; PC-3; PC3,
4269,10.1016/j.ebiom.2023.104500,P10275,,,,,,,,MCF-7; PC-3; PC3,
4269,10.1016/j.ebiom.2023.104500,P10275,,,,,,,,MCF-7; PC-3; PC3,
4270,10.1016/j.ebiom.2023.104500,P10275,,,,,,,,MCF-7; PC-3; PC3,
4270,10.1016/j.ebiom.2023.104500,P10275,,,,,,,,MCF-7; PC-3; PC3,
4270,10.1016/j.ebiom.2023.104500,P10275,,,,,,,,MCF-7; PC-3; PC3,
4271,10.1016/j.bioorg.2023.106439,P09619,,,,U87,HRMS; HPLC; Western blot,,,,U87
4272,10.1016/j.bioorg.2023.106439,P09619,,,,U87,HRMS; HPLC; Western blot,,,,U87
4273,10.1021/acsmedchemlett.2c00436,O15379,KOPT-K1,other,4.0,,,,,HEK293; HL60; HeLa,KOPT-K1
4274,10.1021/acsmedchemlett.2c00436,O15379,KOPT-K1,degradation reporter,4.0,,,,,HEK293; HL60; HeLa,KOPT-K1
4275,10.1021/acsmedchemlett.2c00436,O15379,KOPT-K1,degradation reporter,4.0,,,,,HEK293; HL60; HeLa,KOPT-K1
4276,10.1021/acsmedchemlett.2c00436,O15379,KOPT-K1,degradation reporter,4.0,,,,,HEK293; HL60; HeLa,KOPT-K1
4277,10.1021/acsmedchemlett.2c00436,O15379,KOPT-K1,degradation reporter,4.0,,,,,HEK293; HL60; HeLa,KOPT-K1
4278,10.1016/j.chembiol.2023.01.007,P00533,,,,,,,,,
4278,10.1016/j.chembiol.2023.01.007,P00533,,,,,,,,,
4278,10.1016/j.chembiol.2023.01.007,P00533,,,,,,,,,
4279,10.1016/j.chembiol.2023.01.007,P00533,,,,,,,,,
4279,10.1016/j.chembiol.2023.01.007,P00533,,,,,,,,,
4279,10.1016/j.chembiol.2023.01.007,P00533,,,,,,,,,
4280,10.1016/j.chembiol.2023.01.007,P00533,,,,,,,,,
4280,10.1016/j.chembiol.2023.01.007,P00533,,,,,,,,,
4280,10.1016/j.chembiol.2023.01.007,P00533,,,,,,,,,
4281,10.1016/j.chembiol.2023.01.007,P00533,,,,,,,,,
4281,10.1016/j.chembiol.2023.01.007,P00533,,,,,,,,,
4281,10.1016/j.chembiol.2023.01.007,P00533,,,,,,,,,
4282,10.3390/cancers15030611,Q16539,,,,mammalian cell lines,degradation assay,,,,mammalian cell lines
4283,10.3390/cancers15030611,Q16539,,,,mammalian cell lines,degradation assay,,,,mammalian cell lines
4284,10.3390/cancers15030611,Q16539,MDA-MB-231,degradation reporter,24.0,mammalian cell lines,degradation assay,,,,MDA-MB-231
4285,10.1016/j.chembiol.2023.01.004,P50750,MOLT4,degradation reporter,16.0,,Western blot; nanoBRET; TurboID-based proteomics,,,HCT116; HL-60; HL60; MCF7,MOLT4
4286,10.1016/j.chembiol.2023.01.004,P50750,MOLT4,degradation reporter,16.0,,Western blot; nanoBRET; TurboID-based proteomics,,,HCT116; HL-60; HL60; MCF7,MOLT4
4287,10.1016/j.chembiol.2023.01.004,P50750,MOLT4,degradation reporter,16.0,,Western blot; nanoBRET; TurboID-based proteomics,,,HCT116; HL-60; HL60; MCF7,MOLT4
4288,10.1016/j.chembiol.2023.01.004,P50750,MOLT4,degradation reporter,16.0,,Western blot; nanoBRET; TurboID-based proteomics,,,HCT116; HL-60; HL60; MCF7,MOLT4
4289,10.1016/j.chembiol.2023.01.004,P50750,MOLT4,degradation reporter,16.0,,Western blot; nanoBRET; TurboID-based proteomics,,,HCT116; HL-60; HL60; MCF7,MOLT4
4290,10.1016/j.chembiol.2023.01.004,P50750,MOLT4,degradation reporter,16.0,,Western blot; nanoBRET; TurboID-based proteomics,,,HCT116; HL-60; HL60; MCF7,MOLT4
4291,10.1016/j.chembiol.2023.01.004,P50750,MOLT4,degradation reporter,16.0,,Western blot; nanoBRET; TurboID-based proteomics,,,HCT116; HL-60; HL60; MCF7,MOLT4
4292,10.1016/j.chembiol.2023.01.004,J7MA22,,,,,Western blot; nanoBRET; TurboID-based proteomics,,,,
4293,10.1002/cmdc.202200615,O60885,A549,degradation reporter,4.0,,,,,,A549
4294,10.1002/cmdc.202200615,O60885,A549,degradation reporter,4.0,,,,,,A549
4295,10.1002/cmdc.202200615,O60885,A549,degradation reporter,4.0,,,,,,A549
4296,10.1002/cmdc.202200615,O60885,A549,degradation reporter,4.0,,,,,,A549
4297,10.1002/cmdc.202200615,O60885,A549,degradation reporter,4.0,,,,,,A549
4298,10.1002/cmdc.202200615,O60885,A549,degradation reporter,4.0,,,,,,A549
4299,10.1002/cmdc.202200615,O60885,A549,degradation reporter,4.0,,,,,,A549
4300,10.1002/cmdc.202200615,O60885,A549,degradation reporter,4.0,,,,,,A549
4301,10.1002/cmdc.202200615,O60885,A549,degradation reporter,4.0,,,,,,A549
4302,10.1002/cmdc.202200615,O60885,A549,degradation reporter,4.0,,,,,,A549
4303,10.1002/cmdc.202200615,O60885,A549,degradation reporter,4.0,,,,,,A549
4304,10.1002/cmdc.202200615,O60885,A549,degradation reporter,4.0,,,,,,A549
4305,10.1021/acs.jmedchem.2c01941,O60885,,,,,,,,,
4306,10.1021/acs.jmedchem.2c01941,O60885,,,,,,,,,
4307,10.1021/acs.jmedchem.2c01941,O60885,,,,,,,,,
4308,10.1021/acs.jmedchem.2c01941,O60885,MV4;11,degradation reporter,24.0,,,,,,MV4;11
4309,10.1021/acs.jmedchem.2c01941,O60885,,,,,,,,,
4310,10.1002/advs.202205573,O75530,,,,,Western blot,,,,
4311,10.1002/advs.202205573,O75530,,,,,Western blot,,,,
4312,10.1002/advs.202205573,O75530,,,,,Western blot,,,,
4313,10.1002/advs.202205573,O75530,,,,,Western blot,,,,
4314,10.1002/advs.202205573,O75530,,,,,Western blot,,,,
4315,10.1002/advs.202205573,O75530,,other,,,Western blot,,,,
4316,10.1002/advs.202205573,O75530,,,,,Western blot,,,,
4317,10.1002/advs.202205573,O75530,,,,,Western blot,,,,
4318,10.1002/advs.202205573,O75530,,,,,Western blot,,,,
4319,10.1002/advs.202205573,O75530,,,,,Western blot,,,,
4320,10.1021/acs.jmedchem.2c01665,P42229,KU812,degradation reporter,18.0,acute myeloid leukemia (AML) cell lines,protein degradation,,,HCT-116; HCT116; HL-60; HL60; K562; MDA-MB-231; MDA-MB-468; MOLM-13; MOLM-14; MOLM16; MV4-11,KU812
4320,10.1021/acs.jmedchem.2c01665,P42226,KU812,degradation reporter,18.0,acute myeloid leukemia (AML) cell lines,protein degradation,,,A549; HL60; MDA-MB-468; MOLM16,KU812
4320,10.1038/s41589-022-01248-4,P42229,KU812,degradation reporter,18.0,,,,,HCT-116; HCT116; HL-60; HL60; K562; MDA-MB-231; MDA-MB-468; MOLM-13; MOLM-14; MOLM16; MV4-11,KU812
4321,10.1021/acs.jmedchem.2c01665,P42229,KU812,degradation reporter,18.0,acute myeloid leukemia (AML) cell lines,protein degradation,,,HCT-116; HCT116; HL-60; HL60; K562; MDA-MB-231; MDA-MB-468; MOLM-13; MOLM-14; MOLM16; MV4-11,KU812
4321,10.1021/acs.jmedchem.2c01665,P42226,KU812,degradation reporter,18.0,acute myeloid leukemia (AML) cell lines,protein degradation,,,A549; HL60; MDA-MB-468; MOLM16,KU812
4321,10.1038/s41589-022-01248-4,P42229,KU812,degradation reporter,18.0,,,,,HCT-116; HCT116; HL-60; HL60; K562; MDA-MB-231; MDA-MB-468; MOLM-13; MOLM-14; MOLM16; MV4-11,KU812
4322,10.1021/acs.jmedchem.2c01665,P42229,KU812,degradation reporter,18.0,acute myeloid leukemia (AML) cell lines,protein degradation,,,HCT-116; HCT116; HL-60; HL60; K562; MDA-MB-231; MDA-MB-468; MOLM-13; MOLM-14; MOLM16; MV4-11,KU812
4322,10.1021/acs.jmedchem.2c01665,P42226,KU812,degradation reporter,18.0,acute myeloid leukemia (AML) cell lines,protein degradation,,,A549; HL60; MDA-MB-468; MOLM16,KU812
4322,10.1038/s41589-022-01248-4,P42229,KU812,degradation reporter,18.0,,,,,HCT-116; HCT116; HL-60; HL60; K562; MDA-MB-231; MDA-MB-468; MOLM-13; MOLM-14; MOLM16; MV4-11,KU812
4323,10.1021/acs.jmedchem.2c01665,P42229,KU812,degradation reporter,18.0,acute myeloid leukemia (AML) cell lines,protein degradation,,,HCT-116; HCT116; HL-60; HL60; K562; MDA-MB-231; MDA-MB-468; MOLM-13; MOLM-14; MOLM16; MV4-11,KU812
4323,10.1021/acs.jmedchem.2c01665,P42226,KU812,degradation reporter,18.0,acute myeloid leukemia (AML) cell lines,protein degradation,,,A549; HL60; MDA-MB-468; MOLM16,KU812
4323,10.1038/s41589-022-01248-4,P42229,KU812,degradation reporter,18.0,,,,,HCT-116; HCT116; HL-60; HL60; K562; MDA-MB-231; MDA-MB-468; MOLM-13; MOLM-14; MOLM16; MV4-11,KU812
4324,10.1021/acs.jmedchem.2c01665,P42229,SKNO1,degradation reporter,18.0,acute myeloid leukemia (AML) cell lines,protein degradation,,,HCT-116; HCT116; HL-60; HL60; K562; MDA-MB-231; MDA-MB-468; MOLM-13; MOLM-14; MOLM16; MV4-11,SKNO1
4324,10.1021/acs.jmedchem.2c01665,P42226,SKNO1,degradation reporter,18.0,acute myeloid leukemia (AML) cell lines,protein degradation,,,A549; HL60; MDA-MB-468; MOLM16,SKNO1
4325,10.1021/acs.jmedchem.2c01665,P42229,KU812,degradation reporter,18.0,acute myeloid leukemia (AML) cell lines,protein degradation,,,HCT-116; HCT116; HL-60; HL60; K562; MDA-MB-231; MDA-MB-468; MOLM-13; MOLM-14; MOLM16; MV4-11,KU812
4325,10.1021/acs.jmedchem.2c01665,P42226,KU812,degradation reporter,18.0,acute myeloid leukemia (AML) cell lines,protein degradation,,,A549; HL60; MDA-MB-468; MOLM16,KU812
4325,10.1038/s41589-022-01248-4,P42229,KU812,degradation reporter,18.0,,,,,HCT-116; HCT116; HL-60; HL60; K562; MDA-MB-231; MDA-MB-468; MOLM-13; MOLM-14; MOLM16; MV4-11,KU812
4326,10.1021/acs.jmedchem.2c01665,P42229,SKNO1,degradation reporter,18.0,acute myeloid leukemia (AML) cell lines,protein degradation,,,HCT-116; HCT116; HL-60; HL60; K562; MDA-MB-231; MDA-MB-468; MOLM-13; MOLM-14; MOLM16; MV4-11,SKNO1
4327,10.1021/acs.jmedchem.2c01665,P42229,KU812,degradation reporter,18.0,acute myeloid leukemia (AML) cell lines,protein degradation,,,HCT-116; HCT116; HL-60; HL60; K562; MDA-MB-231; MDA-MB-468; MOLM-13; MOLM-14; MOLM16; MV4-11,KU812
4327,10.1038/s41589-022-01248-4,P42229,KU812,degradation reporter,18.0,,,,,HCT-116; HCT116; HL-60; HL60; K562; MDA-MB-231; MDA-MB-468; MOLM-13; MOLM-14; MOLM16; MV4-11,KU812
4328,10.1021/acs.jmedchem.2c01665,P42229,KU812,degradation reporter,18.0,acute myeloid leukemia (AML) cell lines,protein degradation,,,HCT-116; HCT116; HL-60; HL60; K562; MDA-MB-231; MDA-MB-468; MOLM-13; MOLM-14; MOLM16; MV4-11,KU812
4328,10.1038/s41589-022-01248-4,P42229,KU812,degradation reporter,18.0,,,,,HCT-116; HCT116; HL-60; HL60; K562; MDA-MB-231; MDA-MB-468; MOLM-13; MOLM-14; MOLM16; MV4-11,KU812
4329,10.1021/acs.jmedchem.2c01665,P42229,KU812,degradation reporter,18.0,acute myeloid leukemia (AML) cell lines,protein degradation,,,HCT-116; HCT116; HL-60; HL60; K562; MDA-MB-231; MDA-MB-468; MOLM-13; MOLM-14; MOLM16; MV4-11,KU812
4329,10.1038/s41589-022-01248-4,P42229,KU812,degradation reporter,18.0,,,,,HCT-116; HCT116; HL-60; HL60; K562; MDA-MB-231; MDA-MB-468; MOLM-13; MOLM-14; MOLM16; MV4-11,KU812
4330,10.1021/acs.jmedchem.2c01665,P42229,SKNO1,degradation reporter,18.0,acute myeloid leukemia (AML) cell lines,protein degradation,,,HCT-116; HCT116; HL-60; HL60; K562; MDA-MB-231; MDA-MB-468; MOLM-13; MOLM-14; MOLM16; MV4-11,SKNO1
4331,10.1021/acs.jmedchem.2c01665,P42229,SKNO1,degradation reporter,18.0,acute myeloid leukemia (AML) cell lines,protein degradation,,,HCT-116; HCT116; HL-60; HL60; K562; MDA-MB-231; MDA-MB-468; MOLM-13; MOLM-14; MOLM16; MV4-11,SKNO1
4332,10.1021/acs.jmedchem.2c01665,P42229,SKNO1,degradation reporter,18.0,acute myeloid leukemia (AML) cell lines,protein degradation,,,HCT-116; HCT116; HL-60; HL60; K562; MDA-MB-231; MDA-MB-468; MOLM-13; MOLM-14; MOLM16; MV4-11,SKNO1
4333,10.1021/acs.jmedchem.2c01665,P42229,SKNO1,degradation reporter,18.0,acute myeloid leukemia (AML) cell lines,protein degradation,,,HCT-116; HCT116; HL-60; HL60; K562; MDA-MB-231; MDA-MB-468; MOLM-13; MOLM-14; MOLM16; MV4-11,SKNO1
4334,10.1021/acs.jmedchem.2c01665,P42229,SKNO1,degradation reporter,18.0,acute myeloid leukemia (AML) cell lines,protein degradation,,,HCT-116; HCT116; HL-60; HL60; K562; MDA-MB-231; MDA-MB-468; MOLM-13; MOLM-14; MOLM16; MV4-11,SKNO1
4335,10.1021/acs.jmedchem.2c01665,P42229,SKNO1,degradation reporter,18.0,acute myeloid leukemia (AML) cell lines,protein degradation,,,HCT-116; HCT116; HL-60; HL60; K562; MDA-MB-231; MDA-MB-468; MOLM-13; MOLM-14; MOLM16; MV4-11,SKNO1
4336,10.1021/acs.jmedchem.2c01665,P42229,SKNO1,degradation reporter,18.0,acute myeloid leukemia (AML) cell lines,protein degradation,,,HCT-116; HCT116; HL-60; HL60; K562; MDA-MB-231; MDA-MB-468; MOLM-13; MOLM-14; MOLM16; MV4-11,SKNO1
4337,10.1021/acs.jmedchem.2c01665,P42229,SKNO1,other,18.0,acute myeloid leukemia (AML) cell lines,protein degradation,,,HCT-116; HCT116; HL-60; HL60; K562; MDA-MB-231; MDA-MB-468; MOLM-13; MOLM-14; MOLM16; MV4-11,SKNO1
4338,10.1021/acs.jmedchem.2c01665,P42229,SKNO1,other,18.0,acute myeloid leukemia (AML) cell lines,protein degradation,,,HCT-116; HCT116; HL-60; HL60; K562; MDA-MB-231; MDA-MB-468; MOLM-13; MOLM-14; MOLM16; MV4-11,SKNO1
4339,10.1021/acs.jmedchem.2c01665,P42229,SKNO1,other,18.0,acute myeloid leukemia (AML) cell lines,protein degradation,,,HCT-116; HCT116; HL-60; HL60; K562; MDA-MB-231; MDA-MB-468; MOLM-13; MOLM-14; MOLM16; MV4-11,SKNO1
4340,10.1021/acs.jmedchem.2c01665,P42229,SKNO1,other,18.0,acute myeloid leukemia (AML) cell lines,protein degradation,,,HCT-116; HCT116; HL-60; HL60; K562; MDA-MB-231; MDA-MB-468; MOLM-13; MOLM-14; MOLM16; MV4-11,SKNO1
4341,10.1021/acs.jmedchem.2c01665,P42229,SKNO1,other,18.0,acute myeloid leukemia (AML) cell lines,protein degradation,,,HCT-116; HCT116; HL-60; HL60; K562; MDA-MB-231; MDA-MB-468; MOLM-13; MOLM-14; MOLM16; MV4-11,SKNO1
4342,10.1021/acs.jmedchem.2c01665,P42229,SKNO1,other,18.0,acute myeloid leukemia (AML) cell lines,protein degradation,,,HCT-116; HCT116; HL-60; HL60; K562; MDA-MB-231; MDA-MB-468; MOLM-13; MOLM-14; MOLM16; MV4-11,SKNO1
4343,10.1021/acs.jmedchem.2c01665,P42229,KU812,other,18.0,acute myeloid leukemia (AML) cell lines,protein degradation,,,HCT-116; HCT116; HL-60; HL60; K562; MDA-MB-231; MDA-MB-468; MOLM-13; MOLM-14; MOLM16; MV4-11,KU812
4343,10.1038/s41589-022-01248-4,P42229,KU812,other,18.0,,,,,HCT-116; HCT116; HL-60; HL60; K562; MDA-MB-231; MDA-MB-468; MOLM-13; MOLM-14; MOLM16; MV4-11,KU812
4344,10.1021/acs.jmedchem.2c01665,P42229,SKNO1,other,18.0,acute myeloid leukemia (AML) cell lines,protein degradation,,,HCT-116; HCT116; HL-60; HL60; K562; MDA-MB-231; MDA-MB-468; MOLM-13; MOLM-14; MOLM16; MV4-11,SKNO1
4345,10.1021/acs.jmedchem.2c01665,P42229,KU812,degradation reporter,18.0,acute myeloid leukemia (AML) cell lines,protein degradation,,,HCT-116; HCT116; HL-60; HL60; K562; MDA-MB-231; MDA-MB-468; MOLM-13; MOLM-14; MOLM16; MV4-11,KU812
4345,10.1038/s41589-022-01248-4,P42229,KU812,degradation reporter,18.0,,,,,HCT-116; HCT116; HL-60; HL60; K562; MDA-MB-231; MDA-MB-468; MOLM-13; MOLM-14; MOLM16; MV4-11,KU812
4346,10.1021/acs.jmedchem.2c01665,P42229,SKNO1,degradation reporter,18.0,acute myeloid leukemia (AML) cell lines,protein degradation,,,HCT-116; HCT116; HL-60; HL60; K562; MDA-MB-231; MDA-MB-468; MOLM-13; MOLM-14; MOLM16; MV4-11,SKNO1
4347,10.1021/acs.jmedchem.2c01665,P42229,KU812,degradation reporter,18.0,acute myeloid leukemia (AML) cell lines,protein degradation,,,HCT-116; HCT116; HL-60; HL60; K562; MDA-MB-231; MDA-MB-468; MOLM-13; MOLM-14; MOLM16; MV4-11,KU812
4347,10.1038/s41589-022-01248-4,P42229,KU812,degradation reporter,18.0,,,,,HCT-116; HCT116; HL-60; HL60; K562; MDA-MB-231; MDA-MB-468; MOLM-13; MOLM-14; MOLM16; MV4-11,KU812
4348,10.1021/acs.jmedchem.2c01665,P42229,SKNO1,degradation reporter,18.0,acute myeloid leukemia (AML) cell lines,protein degradation,,,HCT-116; HCT116; HL-60; HL60; K562; MDA-MB-231; MDA-MB-468; MOLM-13; MOLM-14; MOLM16; MV4-11,SKNO1
4349,10.1021/acs.jmedchem.2c01665,P42229,SKNO1,degradation reporter,18.0,acute myeloid leukemia (AML) cell lines,protein degradation,,,HCT-116; HCT116; HL-60; HL60; K562; MDA-MB-231; MDA-MB-468; MOLM-13; MOLM-14; MOLM16; MV4-11,SKNO1
4350,10.1021/acs.jmedchem.2c01665,P42229,SKNO1,degradation reporter,18.0,acute myeloid leukemia (AML) cell lines,protein degradation,,,HCT-116; HCT116; HL-60; HL60; K562; MDA-MB-231; MDA-MB-468; MOLM-13; MOLM-14; MOLM16; MV4-11,SKNO1
4351,10.1021/acs.jmedchem.2c01665,P42229,KU812,degradation reporter,18.0,acute myeloid leukemia (AML) cell lines,protein degradation,,,HCT-116; HCT116; HL-60; HL60; K562; MDA-MB-231; MDA-MB-468; MOLM-13; MOLM-14; MOLM16; MV4-11,KU812
4351,10.1038/s41589-022-01248-4,P42229,KU812,degradation reporter,18.0,,,,,HCT-116; HCT116; HL-60; HL60; K562; MDA-MB-231; MDA-MB-468; MOLM-13; MOLM-14; MOLM16; MV4-11,KU812
4352,10.1021/acs.jmedchem.2c01665,P42229,SKNO1,degradation reporter,18.0,acute myeloid leukemia (AML) cell lines,protein degradation,,,HCT-116; HCT116; HL-60; HL60; K562; MDA-MB-231; MDA-MB-468; MOLM-13; MOLM-14; MOLM16; MV4-11,SKNO1
4353,10.1021/acs.jmedchem.2c01665,P42229,KU812,degradation reporter,18.0,acute myeloid leukemia (AML) cell lines,protein degradation,,,HCT-116; HCT116; HL-60; HL60; K562; MDA-MB-231; MDA-MB-468; MOLM-13; MOLM-14; MOLM16; MV4-11,KU812
4353,10.1038/s41589-022-01248-4,P42229,KU812,degradation reporter,18.0,,,,,HCT-116; HCT116; HL-60; HL60; K562; MDA-MB-231; MDA-MB-468; MOLM-13; MOLM-14; MOLM16; MV4-11,KU812
4354,10.1021/acs.jmedchem.2c01665,P42229,SKNO1,degradation reporter,18.0,acute myeloid leukemia (AML) cell lines,protein degradation,,,HCT-116; HCT116; HL-60; HL60; K562; MDA-MB-231; MDA-MB-468; MOLM-13; MOLM-14; MOLM16; MV4-11,SKNO1
4355,10.1021/acs.jmedchem.2c01665,P42229,KU812,degradation reporter,18.0,acute myeloid leukemia (AML) cell lines,protein degradation,,,HCT-116; HCT116; HL-60; HL60; K562; MDA-MB-231; MDA-MB-468; MOLM-13; MOLM-14; MOLM16; MV4-11,KU812
4355,10.1021/acs.jmedchem.2c01665,P42226,KU812,degradation reporter,18.0,acute myeloid leukemia (AML) cell lines,protein degradation,,,A549; HL60; MDA-MB-468; MOLM16,KU812
4355,10.1038/s41589-022-01248-4,P42229,KU812,degradation reporter,18.0,,,,,HCT-116; HCT116; HL-60; HL60; K562; MDA-MB-231; MDA-MB-468; MOLM-13; MOLM-14; MOLM16; MV4-11,KU812
4355,10.1038/s41589-022-01248-4,P51692,KU812,degradation reporter,18.0,,,,,MDA-MB-468; MV4-11; U2OS,KU812
4356,10.1021/acs.jmedchem.2c01843,P00918,,other,,HEK293,,,,,HEK293
4357,10.1021/acs.jmedchem.2c01843,P00918,,other,,HEK293,,,,,HEK293
4358,10.1021/acs.jmedchem.2c01843,P00918,,other,,HEK293,,,,,HEK293
4359,10.1021/acs.jmedchem.2c01843,P00918,HEK293,other,24.0,HEK293,,,,,HEK293
4360,10.1021/acs.jmedchem.2c01843,P00918,HEK293,other,24.0,HEK293,,,,,HEK293
4361,10.1021/acs.jmedchem.2c01843,P00918,HEK293,other,24.0,HEK293,,,,,HEK293
4362,10.1021/acs.jmedchem.2c01843,P00918,,,,HEK293,,,,,HEK293
4363,10.1021/acs.jmedchem.2c01843,P00918,,,,HEK293,,,,,HEK293
4364,10.1016/j.crchbi.2022.100029,Q06187,Mino,other,24.0,Mino; Jeko-1; Rec-R,degradation assay,,,HL-60; K562; Ramos,Mino
4365,10.1016/j.crchbi.2022.100029,Q06187,Mino,other,24.0,Mino; Jeko-1; Rec-R,degradation assay,,,HL-60; K562; Ramos,Mino
4366,10.1016/j.crchbi.2022.100029,Q06187,Mino,other,24.0,Mino; Jeko-1; Rec-R,degradation assay,,,HL-60; K562; Ramos,Mino
4367,10.1016/j.crchbi.2022.100029,Q06187,Mino,other,24.0,Mino; Jeko-1; Rec-R,degradation assay,,,HL-60; K562; Ramos,Mino
4368,10.1021/acs.jmedchem.2c01682,P30530,MDA-MB-231,other,24.0,MDA-MB-231,degradation reporter,,,HEK293,MDA-MB-231
4369,10.1021/acs.jmedchem.2c01682,P30530,MDA-MB-231,other,24.0,MDA-MB-231,degradation reporter,,,HEK293,MDA-MB-231
4370,10.1021/acs.jmedchem.2c01682,P30530,MDA-MB-231,other,24.0,MDA-MB-231,degradation reporter,,,HEK293,MDA-MB-231
4371,10.1021/acs.jmedchem.2c01682,P30530,MDA-MB-231,degradation reporter,24.0,MDA-MB-231,degradation reporter,,,HEK293,MDA-MB-231
4372,10.1021/acs.jmedchem.2c01682,P30530,MDA-MB-231,degradation reporter,24.0,MDA-MB-231,degradation reporter,,,HEK293,MDA-MB-231
4373,10.1021/acs.jmedchem.2c01682,P30530,MDA-MB-231,degradation reporter,24.0,MDA-MB-231,degradation reporter,,,HEK293,MDA-MB-231
4374,10.1021/acs.jmedchem.2c01682,P30530,MDA-MB-231,degradation reporter,24.0,MDA-MB-231,degradation reporter,,,HEK293,MDA-MB-231
4375,10.1021/acs.jmedchem.2c01682,P30530,MDA-MB-231,degradation reporter,24.0,MDA-MB-231,degradation reporter,,,HEK293,MDA-MB-231
4376,10.1021/acs.jmedchem.2c01682,P30530,MDA-MB-231,degradation reporter,24.0,MDA-MB-231,degradation reporter,,,HEK293,MDA-MB-231
4377,10.1021/acs.jmedchem.2c01682,P30530,MDA-MB-231,degradation reporter,24.0,MDA-MB-231,degradation reporter,,,HEK293,MDA-MB-231
4378,10.1021/acs.jmedchem.2c01682,P30530,MDA-MB-231,degradation reporter,24.0,MDA-MB-231,degradation reporter,,,HEK293,MDA-MB-231
4379,10.1021/acs.jmedchem.2c01682,P30530,MDA-MB-231,degradation reporter,24.0,MDA-MB-231,degradation reporter,,,HEK293,MDA-MB-231
4380,10.1021/acs.jmedchem.2c01682,P30530,MDA-MB-231,degradation reporter,24.0,MDA-MB-231,degradation reporter,,,HEK293,MDA-MB-231
4381,10.1021/acs.jmedchem.2c01682,P30530,MDA-MB-231,degradation reporter,24.0,MDA-MB-231,degradation reporter,,,HEK293,MDA-MB-231
4382,10.1021/acs.jmedchem.2c01682,P30530,MDA-MB-231,degradation reporter,24.0,MDA-MB-231,degradation reporter,,,HEK293,MDA-MB-231
4383,10.1021/acs.jmedchem.2c01682,P30530,MDA-MB-231,degradation reporter,24.0,MDA-MB-231,degradation reporter,,,HEK293,MDA-MB-231
4384,10.1021/acs.jmedchem.2c01682,P30530,MDA-MB-231,degradation reporter,24.0,MDA-MB-231,degradation reporter,,,HEK293,MDA-MB-231
4385,10.1021/acs.jmedchem.2c01682,P30530,MDA-MB-231,degradation reporter,24.0,MDA-MB-231,degradation reporter,,,HEK293,MDA-MB-231
4386,10.1021/acs.jmedchem.2c01682,P30530,MDA-MB-231,degradation reporter,24.0,MDA-MB-231,degradation reporter,,,HEK293,MDA-MB-231
4387,10.1021/acs.jmedchem.2c01682,P30530,MDA-MB-231,degradation reporter,24.0,MDA-MB-231,degradation reporter,,,HEK293,MDA-MB-231
4388,10.1021/acs.jmedchem.2c01682,P30530,MDA-MB-231,degradation reporter,24.0,MDA-MB-231,degradation reporter,,,HEK293,MDA-MB-231
4389,10.1021/acs.jmedchem.2c01682,P30530,MDA-MB-231,degradation reporter,24.0,MDA-MB-231,degradation reporter,,,HEK293,MDA-MB-231
4390,10.1111/cas.15733,P08581,MKN-45,other,72.0,MKN-45,,,,A549,MKN-45
4391,10.1111/cas.15733,P08581,MKN-45,other,72.0,MKN-45,,,,A549,MKN-45
4392,10.1111/cas.15733,P08581,MKN-45,other,72.0,MKN-45,,,,A549,MKN-45
4393,10.1111/cas.15733,P08581,MKN-45,other,72.0,MKN-45,,,,A549,MKN-45
4394,10.1111/cas.15733,P08581,MKN-45,other,72.0,MKN-45,,,,A549,MKN-45
4395,10.1111/cas.15733,P08581,MKN-45,other,72.0,MKN-45,,,,A549,MKN-45
4396,10.1111/cas.15733,P08581,MKN-45,other,72.0,MKN-45,,,,A549,MKN-45
4397,10.1111/cas.15733,P08581,MKN-45,other,72.0,MKN-45,,,,A549,MKN-45
4398,10.1111/cas.15733,P08581,MKN-45,other,72.0,MKN-45,,,,A549,MKN-45
4399,10.1111/cas.15733,P08581,MKN-45,other,72.0,MKN-45,,,,A549,MKN-45
4400,10.1111/cas.15733,P08581,MKN-45,other,72.0,MKN-45,,,,A549,MKN-45
4401,10.1111/cas.15733,P08581,MKN-45,degradation reporter,48.0,MKN-45,,,,A549,MKN-45
4402,10.1111/cas.15733,P08581,MKN-45,other,72.0,MKN-45,,,,A549,MKN-45
4403,10.1111/cas.15733,P08581,MKN-45,other,72.0,MKN-45,,,,A549,MKN-45
4404,10.1111/cas.15733,P08581,MKN-45,other,72.0,MKN-45,,,,A549,MKN-45
4405,10.1111/cas.15733,P08581,MKN-45,other,72.0,MKN-45,,,,A549,MKN-45
4406,10.1111/cas.15733,P08581,MKN-45,other,72.0,MKN-45,,,,A549,MKN-45
4407,10.1111/cas.15733,P08581,MKN-45,other,72.0,MKN-45,,,,A549,MKN-45
4408,10.1111/cas.15733,P08581,MKN-45,other,72.0,MKN-45,,,,A549,MKN-45
4409,10.1111/cas.15733,P08581,MKN-45,other,72.0,MKN-45,,,,A549,MKN-45
4410,10.1111/cas.15733,P08581,MKN-45,other,72.0,MKN-45,,,,A549,MKN-45
4411,10.1021/acsami.2c20312,P15559,,other,,,,,,,
4412,10.1021/acsmedchemlett.2c00446,Q02750,,,,A375; A549,Western blot; cell viability/proliferation assay,,,THP1,A375
4412,10.1021/acsmedchemlett.2c00446,P36507,,,,A375; A549,Western blot; cell viability/proliferation assay,,,HL-60,A375
4413,10.1021/acsmedchemlett.2c00446,Q02750,,,,A375; A549,Western blot; cell viability/proliferation assay,,,THP1,A375
4413,10.1021/acsmedchemlett.2c00446,P36507,,,,A375; A549,Western blot; cell viability/proliferation assay,,,HL-60,A375
4414,10.1021/acsmedchemlett.2c00446,Q02750,,,,A375; A549,Western blot; cell viability/proliferation assay,,,THP1,A375
4414,10.1021/acsmedchemlett.2c00446,P36507,,,,A375; A549,Western blot; cell viability/proliferation assay,,,HL-60,A375
4415,10.1021/acsmedchemlett.2c00446,Q02750,,,,A375; A549,Western blot; cell viability/proliferation assay,,,THP1,A375
4415,10.1021/acsmedchemlett.2c00446,P36507,,,,A375; A549,Western blot; cell viability/proliferation assay,,,HL-60,A375
4416,10.1021/acsmedchemlett.2c00446,Q02750,,,,A375; A549,Western blot; cell viability/proliferation assay,,,THP1,A375
4416,10.1021/acsmedchemlett.2c00446,P36507,,,,A375; A549,Western blot; cell viability/proliferation assay,,,HL-60,A375
4417,10.1021/acsmedchemlett.2c00446,Q02750,,,,A375; A549,Western blot; cell viability/proliferation assay,,,THP1,A375
4417,10.1021/acsmedchemlett.2c00446,P36507,,,,A375; A549,Western blot; cell viability/proliferation assay,,,HL-60,A375
4418,10.1021/acsmedchemlett.2c00446,Q02750,,,,A375; A549,Western blot; cell viability/proliferation assay,,,THP1,A375
4418,10.1021/acsmedchemlett.2c00446,P36507,,,,A375; A549,Western blot; cell viability/proliferation assay,,,HL-60,A375
4419,10.1021/acsmedchemlett.2c00446,Q02750,,,,A375; A549,Western blot; cell viability/proliferation assay,,,THP1,A375
4419,10.1021/acsmedchemlett.2c00446,P36507,,,,A375; A549,Western blot; cell viability/proliferation assay,,,HL-60,A375
4420,10.1021/acsmedchemlett.2c00446,Q02750,,,,A375; A549,Western blot; cell viability/proliferation assay,,,THP1,A375
4420,10.1021/acsmedchemlett.2c00446,P36507,,,,A375; A549,Western blot; cell viability/proliferation assay,,,HL-60,A375
4421,10.1021/acsmedchemlett.2c00446,Q02750,,,,A375; A549,Western blot; cell viability/proliferation assay,,,THP1,A375
4421,10.1021/acsmedchemlett.2c00446,P36507,,,,A375; A549,Western blot; cell viability/proliferation assay,,,HL-60,A375
4422,10.1021/acsmedchemlett.2c00446,Q02750,,,,A375; A549,Western blot; cell viability/proliferation assay,,,THP1,A375
4422,10.1021/acsmedchemlett.2c00446,P36507,,,,A375; A549,Western blot; cell viability/proliferation assay,,,HL-60,A375
4423,10.1021/acsmedchemlett.2c00446,Q02750,,,,A375; A549,Western blot; cell viability/proliferation assay,,,THP1,A375
4423,10.1021/acsmedchemlett.2c00446,P36507,,,,A375; A549,Western blot; cell viability/proliferation assay,,,HL-60,A375
4424,10.1021/acsmedchemlett.2c00446,Q02750,,,,A375; A549,Western blot; cell viability/proliferation assay,,,THP1,A375
4424,10.1021/acsmedchemlett.2c00446,P36507,,,,A375; A549,Western blot; cell viability/proliferation assay,,,HL-60,A375
4425,10.1021/acsmedchemlett.2c00446,Q02750,,,,A375; A549,Western blot; cell viability/proliferation assay,,,THP1,A375
4425,10.1021/acsmedchemlett.2c00446,P36507,,,,A375; A549,Western blot; cell viability/proliferation assay,,,HL-60,A375
4426,10.1021/acsmedchemlett.2c00446,Q02750,,,,A375; A549,Western blot; cell viability/proliferation assay,,,THP1,A375
4426,10.1021/acsmedchemlett.2c00446,P36507,,,,A375; A549,Western blot; cell viability/proliferation assay,,,HL-60,A375
4427,10.1021/acsmedchemlett.2c00446,Q02750,,,,A375; A549,Western blot; cell viability/proliferation assay,,,THP1,A375
4427,10.1021/acsmedchemlett.2c00446,P36507,,,,A375; A549,Western blot; cell viability/proliferation assay,,,HL-60,A375
4428,10.1021/acsmedchemlett.2c00446,Q02750,,,,A375; A549,Western blot; cell viability/proliferation assay,,,THP1,A375
4428,10.1021/acsmedchemlett.2c00446,P36507,,,,A375; A549,Western blot; cell viability/proliferation assay,,,HL-60,A375
4429,10.1021/acsmedchemlett.2c00446,Q02750,,,,A375; A549,Western blot; cell viability/proliferation assay,,,THP1,A375
4429,10.1021/acsmedchemlett.2c00446,P36507,,,,A375; A549,Western blot; cell viability/proliferation assay,,,HL-60,A375
4430,10.1021/acsmedchemlett.2c00446,Q02750,,,,A375; A549,Western blot; cell viability/proliferation assay,,,THP1,A375
4430,10.1021/acsmedchemlett.2c00446,P36507,,,,A375; A549,Western blot; cell viability/proliferation assay,,,HL-60,A375
4431,10.1021/acsmedchemlett.2c00446,Q02750,,,,A375; A549,Western blot; cell viability/proliferation assay,,,THP1,A375
4431,10.1021/acsmedchemlett.2c00446,P36507,,,,A375; A549,Western blot; cell viability/proliferation assay,,,HL-60,A375
4432,10.1021/acsmedchemlett.2c00446,Q02750,,,,A375; A549,Western blot; cell viability/proliferation assay,,,THP1,A375
4432,10.1021/acsmedchemlett.2c00446,P36507,,,,A375; A549,Western blot; cell viability/proliferation assay,,,HL-60,A375
4433,10.1021/acsmedchemlett.2c00446,Q02750,,,,A375; A549,Western blot; cell viability/proliferation assay,,,THP1,A375
4433,10.1021/acsmedchemlett.2c00446,P36507,,,,A375; A549,Western blot; cell viability/proliferation assay,,,HL-60,A375
4434,10.1021/acsmedchemlett.2c00446,Q02750,A549,Western blot,24.0,A375; A549,Western blot; cell viability/proliferation assay,,,THP1,A549
4434,10.1021/acsmedchemlett.2c00446,P36507,A549,Western blot,24.0,A375; A549,Western blot; cell viability/proliferation assay,,,HL-60,A549
4435,10.1021/acsmedchemlett.2c00446,Q02750,,,,A375; A549,Western blot; cell viability/proliferation assay,,,THP1,A375
4435,10.1021/acsmedchemlett.2c00446,P36507,,,,A375; A549,Western blot; cell viability/proliferation assay,,,HL-60,A375
4436,10.1021/acsmedchemlett.2c00446,Q02750,,,,A375; A549,Western blot; cell viability/proliferation assay,,,THP1,A375
4436,10.1021/acsmedchemlett.2c00446,P36507,,,,A375; A549,Western blot; cell viability/proliferation assay,,,HL-60,A375
4437,10.1021/acsmedchemlett.2c00446,Q02750,,,,A375; A549,Western blot; cell viability/proliferation assay,,,THP1,A375
4437,10.1021/acsmedchemlett.2c00446,P36507,,,,A375; A549,Western blot; cell viability/proliferation assay,,,HL-60,A375
4438,10.1021/acsmedchemlett.2c00446,Q02750,,,,A375; A549,Western blot; cell viability/proliferation assay,,,THP1,A375
4438,10.1021/acsmedchemlett.2c00446,P36507,,,,A375; A549,Western blot; cell viability/proliferation assay,,,HL-60,A375
4439,10.1021/acsmedchemlett.2c00446,Q02750,,,,A375; A549,Western blot; cell viability/proliferation assay,,,THP1,A375
4439,10.1021/acsmedchemlett.2c00446,P36507,,,,A375; A549,Western blot; cell viability/proliferation assay,,,HL-60,A375
4440,10.1021/acsmedchemlett.2c00446,Q02750,,,,A375; A549,Western blot; cell viability/proliferation assay,,,THP1,A375
4440,10.1021/acsmedchemlett.2c00446,P36507,,,,A375; A549,Western blot; cell viability/proliferation assay,,,HL-60,A375
4441,10.1021/acsmedchemlett.2c00446,Q02750,,,,A375; A549,Western blot; cell viability/proliferation assay,,,THP1,A375
4441,10.1021/acsmedchemlett.2c00446,P36507,,,,A375; A549,Western blot; cell viability/proliferation assay,,,HL-60,A375
4442,10.1016/j.ejmech.2022.115082,Q9UM73,,other,,H3122,,,,,H3122
4443,10.1016/j.ejmech.2022.115082,Q9UM73,,other,,H3122,,,,,H3122
4444,10.1016/j.ejmech.2022.115082,Q9UM73,,other,,H3122,,,,,H3122
4445,10.1016/j.ejmech.2022.115082,Q9UM73,,other,,H3122,,,,,H3122
4446,10.1016/j.ejmech.2022.115082,Q9UM73,,other,,H3122,,,,,H3122
4447,10.1016/j.ejmech.2022.115082,Q9UM73,,other,,H3122,,,,,H3122
4448,10.1016/j.ejmech.2022.115082,Q9UM73,H3122,other,24.0,H3122,,,,,H3122
4449,10.1016/j.ejmech.2022.115082,Q9UM73,,other,,H3122,,,,,H3122
4450,10.1016/j.ejmech.2022.115082,Q9UM73,,other,,H3122,,,,,H3122
4451,10.1016/j.bmc.2023.117153,P01116,,other,,,Western blot,,,A549; HCT116,
4452,10.1016/j.bmc.2023.117153,P01116,,,,,Western blot,,,A549; HCT116,
4453,10.1016/j.bmc.2023.117153,P01116,,,,,Western blot,,,A549; HCT116,
4454,10.1016/j.bmc.2023.117153,P01116,,,,,Western blot,,,A549; HCT116,
4455,10.1016/j.bmc.2023.117153,P01116,,,,,Western blot,,,A549; HCT116,
4456,10.1016/j.bmc.2023.117153,P01116,,other,,,Western blot,,,A549; HCT116,
4457,10.1016/j.bmc.2023.117153,P01116,,,,,Western blot,,,A549; HCT116,
4458,10.1016/j.bmc.2023.117153,P01116,,,,,Western blot,,,A549; HCT116,
4459,10.1016/j.bmc.2023.117153,P01116,,other,,,Western blot,,,A549; HCT116,
4460,10.1016/j.bmc.2023.117153,P01116,,other,,,Western blot,,,A549; HCT116,
4461,10.1016/j.bmc.2023.117153,P01116,,,,,Western blot,,,A549; HCT116,
4462,10.1021/acschembio.2c00797,O60885,,,,,,,,,
4463,10.1021/acschembio.2c00797,O60885,,,,,,,,,
4464,10.1021/acschembio.2c00797,O60885,,,,,,,,,
4465,10.1021/acschembio.2c00797,O60885,,,,,,,,,
4466,10.1021/acschembio.2c00797,O60885,,,,,,,,,
4467,10.1021/acschembio.2c00797,O60885,,,,,,,,,
4468,10.1021/acschembio.2c00797,O60885,,,,,,,,,
4469,10.1021/acschembio.2c00797,O60885,,,,,,,,,
4470,10.1021/acschembio.2c00797,O60885,,,,,,,,,
4471,10.1016/j.ejmech.2022.115072,P36969,HT1080,other,6.0,HT1080,,,,A549; HCT-116; HEK293T; MCF7; MDA-MB-231,HT1080
4472,10.1016/j.ejmech.2022.115072,P36969,HT1080,other,6.0,HT1080,,,,A549; HCT-116; HEK293T; MCF7; MDA-MB-231,HT1080
4473,10.1016/j.ejmech.2022.115072,P36969,HT1080,Western blot,6.0,HT1080,,,,A549; HCT-116; HEK293T; MCF7; MDA-MB-231,HT1080
4474,10.1016/j.ejmech.2022.115072,P36969,HT1080,Western blot,6.0,HT1080,,,,A549; HCT-116; HEK293T; MCF7; MDA-MB-231,HT1080
4475,10.1016/j.ejmech.2022.115072,P36969,,Western blot,,HT1080,,,,A549; HCT-116; HEK293T; MCF7; MDA-MB-231,HT1080
4476,10.1016/j.ejmech.2022.115072,P36969,HT1080,Western blot,6.0,HT1080,,,,A549; HCT-116; HEK293T; MCF7; MDA-MB-231,HT1080
4477,10.1016/j.ejmech.2022.115027,Q8TBX8,,,,,,,,HCT116; HEK293; HL-60; PC3; THP1,
4478,10.1016/j.ejmech.2022.115027,Q8TBX8,,,,,,,,HCT116; HEK293; HL-60; PC3; THP1,
4479,10.1016/j.ejmech.2022.115027,Q8TBX8,,,,,,,,HCT116; HEK293; HL-60; PC3; THP1,
4480,10.1016/j.ejmech.2022.115027,Q8TBX8,,,,,,,,HCT116; HEK293; HL-60; PC3; THP1,
4481,10.1016/j.ejmech.2022.115027,Q8TBX8,,,,,,,,HCT116; HEK293; HL-60; PC3; THP1,
4482,10.1016/j.ejmech.2022.115027,Q8TBX8,,,,,,,,HCT116; HEK293; HL-60; PC3; THP1,
4483,10.1016/j.ejmech.2022.115027,Q8TBX8,,other,,,,,,HCT116; HEK293; HL-60; PC3; THP1,
4484,10.1016/j.ejmech.2022.115027,Q8TBX8,,other,,,,,,HCT116; HEK293; HL-60; PC3; THP1,
4485,10.1016/j.ejmech.2022.115027,Q8TBX8,,other,,,,,,HCT116; HEK293; HL-60; PC3; THP1,
4486,10.1016/j.ejmech.2022.115027,Q8TBX8,,other,,,,,,HCT116; HEK293; HL-60; PC3; THP1,
4487,10.1016/j.ejmech.2022.115027,Q8TBX8,Molt4,degradation reporter,6.0,,,,,HCT116; HEK293; HL-60; PC3; THP1,Molt4
4488,10.1016/j.ejmech.2022.115027,Q8TBX8,,other,,,,,,HCT116; HEK293; HL-60; PC3; THP1,
4489,10.1016/j.ejmech.2022.115027,Q8TBX8,,other,,,,,,HCT116; HEK293; HL-60; PC3; THP1,
4490,10.1016/j.ejmech.2022.115027,Q8TBX8,,other,,,,,,HCT116; HEK293; HL-60; PC3; THP1,
4491,10.1016/j.ejmech.2022.115027,Q8TBX8,,other,,,,,,HCT116; HEK293; HL-60; PC3; THP1,
4492,10.1016/j.ejmech.2022.115027,Q8TBX8,,other,,,,,,HCT116; HEK293; HL-60; PC3; THP1,
4493,10.1016/j.ejmech.2022.115027,Q8TBX8,Molt4,Western blot,6.0,,,,,HCT116; HEK293; HL-60; PC3; THP1,Molt4
4494,10.1016/j.ejmech.2022.115027,Q8TBX8,,other,,,,,,HCT116; HEK293; HL-60; PC3; THP1,
4495,10.1016/j.ejmech.2022.115027,Q8TBX8,,other,,,,,,HCT116; HEK293; HL-60; PC3; THP1,
4496,10.1016/j.ejmech.2022.115027,Q8TBX8,,other,,,,,,HCT116; HEK293; HL-60; PC3; THP1,
4497,10.1016/j.bmc.2022.117134,O60885,MM.1S,Western blot,3.0,MM.1S; MV-4-11; MRC5,Western blot,,,,MM.1S
4498,10.1016/j.bmc.2022.117134,O60885,MM.1S,Western blot,3.0,MM.1S; MV-4-11; MRC5,Western blot,,,,MM.1S
4499,10.1016/j.bmc.2022.117134,O60885,MM.1S,Western blot,3.0,MM.1S; MV-4-11; MRC5,Western blot,,,,MM.1S
4500,10.1016/j.bmc.2022.117134,O60885,MM.1S,Western blot,3.0,MM.1S; MV-4-11; MRC5,Western blot,,,,MM.1S
4501,10.1016/j.bmc.2022.117134,O60885,MM.1S,Western blot,3.0,MM.1S; MV-4-11; MRC5,Western blot,,,,MM.1S
4502,10.1016/j.bmc.2022.117134,O60885,MM.1S,Western blot,3.0,MM.1S; MV-4-11; MRC5,Western blot,,,,MM.1S
4503,10.1016/j.bmc.2022.117134,O60885,MM.1S,Western blot,3.0,MM.1S; MV-4-11; MRC5,Western blot,,,,MM.1S
4504,10.1016/j.bmc.2022.117134,O60885,MM.1S,Western blot,3.0,MM.1S; MV-4-11; MRC5,Western blot,,,,MM.1S
4505,10.1016/j.bmc.2022.117134,O60885,MM.1S,Western blot,3.0,MM.1S; MV-4-11; MRC5,Western blot,,,,MM.1S
4506,10.1016/j.bmc.2022.117134,O60885,MM.1S,Western blot,3.0,MM.1S; MV-4-11; MRC5,Western blot,,,,MM.1S
4507,10.1021/acs.jmedchem.2c01990,P43490,A2780,Western blot,24.0,A2780,,,,,A2780
4508,10.1021/acs.jmedchem.2c01990,P43490,A2780,Western blot,24.0,A2780,,,,,A2780
4509,10.1021/acs.jmedchem.2c01990,P43490,A2780,Western blot,24.0,A2780,,,,,A2780
4510,10.1021/acs.jmedchem.2c01990,P43490,A2780,Western blot,24.0,A2780,,,,,A2780
4511,10.1021/acs.jmedchem.2c01990,P43490,A2780,Western blot,24.0,A2780,,,,,A2780
4512,10.1021/acs.jmedchem.2c01990,P43490,A2780,Western blot,24.0,A2780,,,,,A2780
4513,10.1021/acs.jmedchem.2c01990,P43490,A2780,degradation reporter,24.0,A2780,,,,,A2780
4514,10.1021/acs.jmedchem.2c01990,P43490,A2780,degradation reporter,24.0,A2780,,,,,A2780
4515,10.1021/acs.jmedchem.2c01990,P43490,A2780,degradation reporter,24.0,A2780,,,,,A2780
4516,10.1021/acs.jmedchem.2c01990,P43490,A2780,degradation reporter,24.0,A2780,,,,,A2780
4517,10.1021/acs.jmedchem.2c01990,P43490,A2780,degradation reporter,24.0,A2780,,,,,A2780
4518,10.1021/acs.jmedchem.2c01990,P43490,A2780,degradation reporter,24.0,A2780,,,,,A2780
4519,10.1021/acs.jmedchem.2c01990,P43490,A2780,degradation reporter,24.0,A2780,,,,,A2780
4520,10.1021/acs.jmedchem.2c01990,P43490,A2780,degradation reporter,24.0,A2780,,,,,A2780
4521,10.1021/acs.jmedchem.2c01990,P43490,A2780,degradation reporter,24.0,A2780,,,,,A2780
4522,10.1021/acs.jmedchem.2c01990,P43490,A2780,degradation reporter,24.0,A2780,,,,,A2780
4523,10.3390/pharmaceutics14122829,P08581,,,,T47D; MDA-MB-231; SKBR3; HCC1954; MCF7,MTT assay; Western blot,,,A549,T47D
4524,10.3390/pharmaceutics14122829,P08581,,,,T47D; MDA-MB-231; SKBR3; HCC1954; MCF7,MTT assay; Western blot,,,A549,T47D
4525,10.3390/pharmaceutics14122829,P08581,,,,T47D; MDA-MB-231; SKBR3; HCC1954; MCF7,MTT assay; Western blot,,,A549,T47D
4526,10.3390/pharmaceutics14122829,P08581,,,,T47D; MDA-MB-231; SKBR3; HCC1954; MCF7,MTT assay; Western blot,,,A549,T47D
4527,10.3390/pharmaceutics14122829,P08581,,,,T47D; MDA-MB-231; SKBR3; HCC1954; MCF7,MTT assay; Western blot,,,A549,T47D
4528,10.3390/pharmaceutics14122829,P08581,,,,T47D; MDA-MB-231; SKBR3; HCC1954; MCF7,MTT assay; Western blot,,,A549,T47D
4529,10.3390/pharmaceutics14122829,P08581,,,,T47D; MDA-MB-231; SKBR3; HCC1954; MCF7,MTT assay; Western blot,,,A549,T47D
4530,10.3390/pharmaceutics14122829,P08581,,,,T47D; MDA-MB-231; SKBR3; HCC1954; MCF7,MTT assay; Western blot,,,A549,T47D
4531,10.3390/pharmaceutics14122829,P08581,,,,T47D; MDA-MB-231; SKBR3; HCC1954; MCF7,MTT assay; Western blot,,,A549,T47D
4532,10.3390/pharmaceutics14122829,P08581,,,,T47D; MDA-MB-231; SKBR3; HCC1954; MCF7,MTT assay; Western blot,,,A549,T47D
4533,10.1016/j.bioorg.2022.106327,Q00987,,,,A549,Western blot; apoptosis assay,,,LNCaP; LnCAP; MCF7; MDA-MB-231; PC3; U2OS,A549
4534,10.1016/j.bioorg.2022.106327,Q00987,,,,A549,Western blot; apoptosis assay,,,LNCaP; LnCAP; MCF7; MDA-MB-231; PC3; U2OS,A549
4535,10.1016/j.bioorg.2022.106327,Q00987,,,,A549,Western blot; apoptosis assay,,,LNCaP; LnCAP; MCF7; MDA-MB-231; PC3; U2OS,A549
4536,10.1016/j.bioorg.2022.106327,Q00987,,,,A549,Western blot; apoptosis assay,,,LNCaP; LnCAP; MCF7; MDA-MB-231; PC3; U2OS,A549
4537,10.1016/j.bioorg.2022.106327,Q00987,,,,A549,Western blot; apoptosis assay,,,LNCaP; LnCAP; MCF7; MDA-MB-231; PC3; U2OS,A549
4538,10.1016/j.bioorg.2022.106327,Q00987,,,,A549,Western blot; apoptosis assay,,,LNCaP; LnCAP; MCF7; MDA-MB-231; PC3; U2OS,A549
4539,10.1016/j.bioorg.2022.106327,Q00987,,,,A549,Western blot; apoptosis assay,,,LNCaP; LnCAP; MCF7; MDA-MB-231; PC3; U2OS,A549
4540,10.1016/j.bioorg.2022.106327,Q00987,,,,A549,Western blot; apoptosis assay,,,LNCaP; LnCAP; MCF7; MDA-MB-231; PC3; U2OS,A549
4541,10.1016/j.bioorg.2022.106327,Q00987,,,,A549,Western blot; apoptosis assay,,,LNCaP; LnCAP; MCF7; MDA-MB-231; PC3; U2OS,A549
4542,10.1016/j.bioorg.2022.106327,Q00987,,,,A549,Western blot; apoptosis assay,,,LNCaP; LnCAP; MCF7; MDA-MB-231; PC3; U2OS,A549
4543,10.1016/j.bioorg.2022.106327,Q00987,PANC-1,other,,A549,Western blot; apoptosis assay,,,LNCaP; LnCAP; MCF7; MDA-MB-231; PC3; U2OS,PANC-1
4544,10.1016/j.bioorg.2022.106327,Q00987,HepG2,other,,A549,Western blot; apoptosis assay,,,LNCaP; LnCAP; MCF7; MDA-MB-231; PC3; U2OS,HepG2
4545,10.1016/j.bioorg.2022.106327,Q00987,A549,other,,A549,Western blot; apoptosis assay,,,LNCaP; LnCAP; MCF7; MDA-MB-231; PC3; U2OS,A549
4546,10.1016/j.ejmech.2022.115033,O14965,,,,NGP,degradation reporter,NGP,Western blot; flow cytometry; cell proliferation assay,HCT116; HeLa,NGP
4547,10.1016/j.ejmech.2022.115033,O14965,,,,NGP,degradation reporter,NGP,Western blot; flow cytometry; cell proliferation assay,HCT116; HeLa,NGP
4548,10.1016/j.ejmech.2022.115033,O14965,,,,NGP,degradation reporter,NGP,Western blot; flow cytometry; cell proliferation assay,HCT116; HeLa,NGP
4549,10.1016/j.ejmech.2022.115033,O14965,,,,NGP,degradation reporter,NGP,Western blot; flow cytometry; cell proliferation assay,HCT116; HeLa,NGP
4550,10.1016/j.ejmech.2022.115033,O14965,NGP,degradation reporter,24.0,NGP,degradation reporter,NGP,Western blot; flow cytometry; cell proliferation assay,HCT116; HeLa,NGP
4551,10.1016/j.ejmech.2022.115033,O14965,,,,NGP,degradation reporter,NGP,Western blot; flow cytometry; cell proliferation assay,HCT116; HeLa,NGP
4552,10.1016/j.ejmech.2022.115033,O14965,,,,NGP,degradation reporter,NGP,Western blot; flow cytometry; cell proliferation assay,HCT116; HeLa,NGP
4553,10.1016/j.ejmech.2022.115033,O14965,,,,NGP,degradation reporter,NGP,Western blot; flow cytometry; cell proliferation assay,HCT116; HeLa,NGP
4554,10.1016/j.ejmech.2022.115033,O14965,,,,NGP,degradation reporter,NGP,Western blot; flow cytometry; cell proliferation assay,HCT116; HeLa,NGP
4555,10.1016/j.ejmech.2022.115033,O14965,,,,NGP,degradation reporter,NGP,Western blot; flow cytometry; cell proliferation assay,HCT116; HeLa,NGP
4556,10.1039/d2md00199c,Q13547,,other,,HCT116,,,,HeLa,HCT116
4556,10.1039/d2md00199c,Q92769,,other,,HCT116,,,,HEK293; HeLa,HCT116
4556,10.1039/d2md00199c,O15379,,other,,HCT116,,,,HEK293; HL60; HeLa,HCT116
4557,10.1039/d2md00199c,Q13547,,,,HCT116,,,,HeLa,HCT116
4557,10.1039/d2md00199c,Q92769,,,,HCT116,,,,HEK293; HeLa,HCT116
4557,10.1039/d2md00199c,O15379,,,,HCT116,,,,HEK293; HL60; HeLa,HCT116
4558,10.1039/d2md00199c,Q13547,,,,HCT116,,,,HeLa,HCT116
4558,10.1039/d2md00199c,Q92769,,,,HCT116,,,,HEK293; HeLa,HCT116
4558,10.1039/d2md00199c,O15379,,,,HCT116,,,,HEK293; HL60; HeLa,HCT116
4559,10.1039/d2md00199c,Q13547,,,,HCT116,,,,HeLa,HCT116
4559,10.1039/d2md00199c,Q92769,,,,HCT116,,,,HEK293; HeLa,HCT116
4559,10.1039/d2md00199c,O15379,,,,HCT116,,,,HEK293; HL60; HeLa,HCT116
4560,10.1039/d2md00199c,Q13547,,,,HCT116,,,,HeLa,HCT116
4560,10.1039/d2md00199c,Q92769,,,,HCT116,,,,HEK293; HeLa,HCT116
4560,10.1039/d2md00199c,O15379,,,,HCT116,,,,HEK293; HL60; HeLa,HCT116
4561,10.1039/d2md00199c,Q13547,,,,HCT116,,,,HeLa,HCT116
4561,10.1039/d2md00199c,Q92769,,,,HCT116,,,,HEK293; HeLa,HCT116
4561,10.1039/d2md00199c,O15379,,,,HCT116,,,,HEK293; HL60; HeLa,HCT116
4562,10.1039/d2md00199c,Q13547,,other,,HCT116,,,,HeLa,HCT116
4562,10.1039/d2md00199c,Q92769,,other,,HCT116,,,,HEK293; HeLa,HCT116
4562,10.1039/d2md00199c,O15379,,other,,HCT116,,,,HEK293; HL60; HeLa,HCT116
4563,10.1039/d2md00199c,Q13547,,other,,HCT116,,,,HeLa,HCT116
4563,10.1039/d2md00199c,Q92769,,other,,HCT116,,,,HEK293; HeLa,HCT116
4563,10.1039/d2md00199c,O15379,,other,,HCT116,,,,HEK293; HL60; HeLa,HCT116
4564,10.1039/d2md00199c,Q13547,HCT116,degradation reporter,24.0,HCT116,,,,HeLa,HCT116
4564,10.1039/d2md00199c,Q92769,HCT116,degradation reporter,24.0,HCT116,,,,HEK293; HeLa,HCT116
4564,10.1039/d2md00199c,O15379,HCT116,degradation reporter,24.0,HCT116,,,,HEK293; HL60; HeLa,HCT116
4565,10.1039/d2md00199c,Q13547,,,,HCT116,,,,HeLa,HCT116
4565,10.1039/d2md00199c,Q92769,,,,HCT116,,,,HEK293; HeLa,HCT116
4565,10.1039/d2md00199c,O15379,,,,HCT116,,,,HEK293; HL60; HeLa,HCT116
4566,10.1039/d2md00199c,Q13547,,,,HCT116,,,,HeLa,HCT116
4566,10.1039/d2md00199c,Q92769,,,,HCT116,,,,HEK293; HeLa,HCT116
4566,10.1039/d2md00199c,O15379,,,,HCT116,,,,HEK293; HL60; HeLa,HCT116
4567,10.1021/jacs.2c10177,O60885,,,,MCF-7,,,,,MCF-7
4567,10.1021/jacs.2c10177,P25440,,,,MCF-7,,,,HL60,MCF-7
4567,10.1021/jacs.2c10177,Q15059,,,,MCF-7,,,,HL60; Jurkat,MCF-7
4568,10.1021/acs.jmedchem.2c01505,P00338,,,,pancreatic cancer cell lines (quasi-mesenchymal state); pancreatic cancer cell lines (epithelial state),Western blot; global proteomics; cell growth assay,,,MCF7; Ramos,pancreatic cancer cell lines (quasi-mesenchymal state)
4569,10.1021/acs.jmedchem.2c01505,P00338,,,,pancreatic cancer cell lines (quasi-mesenchymal state); pancreatic cancer cell lines (epithelial state),Western blot; global proteomics; cell growth assay,,,MCF7; Ramos,pancreatic cancer cell lines (quasi-mesenchymal state)
4570,10.1021/acs.jmedchem.2c01505,P00338,,,,pancreatic cancer cell lines (quasi-mesenchymal state); pancreatic cancer cell lines (epithelial state),Western blot; global proteomics; cell growth assay,,,MCF7; Ramos,pancreatic cancer cell lines (quasi-mesenchymal state)
4571,10.1021/acs.jmedchem.2c01505,P00338,,,,pancreatic cancer cell lines (quasi-mesenchymal state); pancreatic cancer cell lines (epithelial state),Western blot; global proteomics; cell growth assay,,,MCF7; Ramos,pancreatic cancer cell lines (quasi-mesenchymal state)
4572,10.1021/acs.jmedchem.2c01505,P00338,,,,pancreatic cancer cell lines (quasi-mesenchymal state); pancreatic cancer cell lines (epithelial state),Western blot; global proteomics; cell growth assay,,,MCF7; Ramos,pancreatic cancer cell lines (quasi-mesenchymal state)
4573,10.1021/acs.jmedchem.2c01505,P00338,,,,pancreatic cancer cell lines (quasi-mesenchymal state); pancreatic cancer cell lines (epithelial state),Western blot; global proteomics; cell growth assay,,,MCF7; Ramos,pancreatic cancer cell lines (quasi-mesenchymal state)
4574,10.1021/acs.jmedchem.2c01505,P00338,,,,pancreatic cancer cell lines (quasi-mesenchymal state); pancreatic cancer cell lines (epithelial state),Western blot; global proteomics; cell growth assay,,,MCF7; Ramos,pancreatic cancer cell lines (quasi-mesenchymal state)
4575,10.1021/acs.jmedchem.2c01505,P00338,,,,pancreatic cancer cell lines (quasi-mesenchymal state); pancreatic cancer cell lines (epithelial state),Western blot; global proteomics; cell growth assay,,,MCF7; Ramos,pancreatic cancer cell lines (quasi-mesenchymal state)
4576,10.1021/acs.jmedchem.2c01505,P00338,,,,pancreatic cancer cell lines (quasi-mesenchymal state); pancreatic cancer cell lines (epithelial state),Western blot; global proteomics; cell growth assay,,,MCF7; Ramos,pancreatic cancer cell lines (quasi-mesenchymal state)
4577,10.1021/acs.jmedchem.2c01505,P00338,PANC1,degradation reporter,48.0,pancreatic cancer cell lines (quasi-mesenchymal state); pancreatic cancer cell lines (epithelial state),Western blot; global proteomics; cell growth assay,,,MCF7; Ramos,PANC1
4577,10.1021/acs.jmedchem.2c01505,P07195,PANC1,degradation reporter,48.0,pancreatic cancer cell lines (quasi-mesenchymal state); pancreatic cancer cell lines (epithelial state),Western blot; global proteomics; cell growth assay,,,,PANC1
4578,10.1021/acs.jmedchem.2c01505,P00338,,,,pancreatic cancer cell lines (quasi-mesenchymal state); pancreatic cancer cell lines (epithelial state),Western blot; global proteomics; cell growth assay,,,MCF7; Ramos,pancreatic cancer cell lines (quasi-mesenchymal state)
4579,10.1021/acs.jmedchem.2c01505,P00338,,,,pancreatic cancer cell lines (quasi-mesenchymal state); pancreatic cancer cell lines (epithelial state),Western blot; global proteomics; cell growth assay,,,MCF7; Ramos,pancreatic cancer cell lines (quasi-mesenchymal state)
4580,10.1021/acs.jmedchem.2c01505,P00338,,,,pancreatic cancer cell lines (quasi-mesenchymal state); pancreatic cancer cell lines (epithelial state),Western blot; global proteomics; cell growth assay,,,MCF7; Ramos,pancreatic cancer cell lines (quasi-mesenchymal state)
4581,10.1021/acs.jmedchem.2c01505,P00338,,,,pancreatic cancer cell lines (quasi-mesenchymal state); pancreatic cancer cell lines (epithelial state),Western blot; global proteomics; cell growth assay,,,MCF7; Ramos,pancreatic cancer cell lines (quasi-mesenchymal state)
4582,10.1021/acs.jmedchem.2c01505,P00338,,,,pancreatic cancer cell lines (quasi-mesenchymal state); pancreatic cancer cell lines (epithelial state),Western blot; global proteomics; cell growth assay,,,MCF7; Ramos,pancreatic cancer cell lines (quasi-mesenchymal state)
4583,10.1021/acs.jmedchem.2c01505,P00338,,,,pancreatic cancer cell lines (quasi-mesenchymal state); pancreatic cancer cell lines (epithelial state),Western blot; global proteomics; cell growth assay,,,MCF7; Ramos,pancreatic cancer cell lines (quasi-mesenchymal state)
4584,10.1021/acs.jmedchem.2c01505,P00338,,,,pancreatic cancer cell lines (quasi-mesenchymal state); pancreatic cancer cell lines (epithelial state),Western blot; global proteomics; cell growth assay,,,MCF7; Ramos,pancreatic cancer cell lines (quasi-mesenchymal state)
4585,10.1021/acs.jmedchem.2c01505,P00338,,,,pancreatic cancer cell lines (quasi-mesenchymal state); pancreatic cancer cell lines (epithelial state),Western blot; global proteomics; cell growth assay,,,MCF7; Ramos,pancreatic cancer cell lines (quasi-mesenchymal state)
4586,10.1021/acs.jmedchem.2c01505,P00338,,,,pancreatic cancer cell lines (quasi-mesenchymal state); pancreatic cancer cell lines (epithelial state),Western blot; global proteomics; cell growth assay,,,MCF7; Ramos,pancreatic cancer cell lines (quasi-mesenchymal state)
4587,10.1021/acs.jmedchem.2c01505,P00338,,,,pancreatic cancer cell lines (quasi-mesenchymal state); pancreatic cancer cell lines (epithelial state),Western blot; global proteomics; cell growth assay,,,MCF7; Ramos,pancreatic cancer cell lines (quasi-mesenchymal state)
4588,10.1186/s13578-022-00936-x,P84022,,,,,,,,,
4589,10.1186/s13578-022-00936-x,P84022,,,,,,,,,
4590,10.1021/acsmedchemlett.2c00402,P36888,MOLM-14,degradation reporter,24.0,,,,,,MOLM-14
4591,10.1021/acsmedchemlett.2c00402,P36888,MOLM-14,degradation reporter,24.0,,,,,,MOLM-14
4592,10.1021/acsmedchemlett.2c00402,P36888,MOLM-14,degradation reporter,24.0,,,,,,MOLM-14
4593,10.1021/acsmedchemlett.2c00402,P36888,MOLM-14,degradation reporter,24.0,,,,,,MOLM-14
4594,10.1021/acsmedchemlett.2c00402,P36888,MOLM-14,degradation reporter,24.0,,,,,,MOLM-14
4595,10.1021/acsmedchemlett.2c00402,P36888,MOLM-14,degradation reporter,24.0,,,,,,MOLM-14
4596,10.1021/acsmedchemlett.2c00402,P36888,MOLM-14,degradation reporter,24.0,,,,,,MOLM-14
4597,10.1021/acsmedchemlett.2c00402,P36888,MOLM-14,degradation reporter,24.0,,,,,,MOLM-14
4598,10.1021/acsmedchemlett.2c00402,P36888,MOLM-14,degradation reporter,24.0,,,,,,MOLM-14
4599,10.1126/sciadv.abq2216,O60885,,,,,,,,,
4600,10.1021/acs.jmedchem.2c00739,Q9BY41,A549,degradation reporter,20.0,,Western blot,,,HeLa,A549
4601,10.1021/acs.jmedchem.2c00739,Q9BY41,A549,degradation reporter,20.0,,Western blot,,,HeLa,A549
4602,10.1021/acs.jmedchem.2c00739,Q9BY41,A549,Western blot,20.0,,Western blot,,,HeLa,A549
4603,10.1021/acs.jmedchem.2c00739,Q9BY41,A549,Western blot,20.0,,Western blot,,,HeLa,A549
4604,10.1021/acs.jmedchem.2c00739,Q9BY41,A549,Western blot,20.0,,Western blot,,,HeLa,A549
4605,10.1021/acs.jmedchem.2c00739,Q9BY41,A549,Western blot,20.0,,Western blot,,,HeLa,A549
4606,10.1021/acs.jmedchem.2c00739,Q9BY41,A549,Western blot,20.0,,Western blot,,,HeLa,A549
4607,10.1021/acs.jmedchem.2c00739,Q9BY41,A549,Western blot,20.0,,Western blot,,,HeLa,A549
4608,10.1021/acs.jmedchem.2c00739,Q9BY41,A549,Western blot,20.0,,Western blot,,,HeLa,A549
4609,10.1021/acs.jmedchem.2c00739,Q9BY41,A549,Western blot,20.0,,Western blot,,,HeLa,A549
4610,10.1021/acs.jmedchem.2c00739,Q9BY41,A549,Western blot,20.0,,Western blot,,,HeLa,A549
4611,10.1021/acs.jmedchem.2c00739,Q9BY41,A549,Western blot,20.0,,Western blot,,,HeLa,A549
4612,10.1021/acs.jmedchem.2c00739,Q9BY41,A549,degradation reporter,20.0,,Western blot,,,HeLa,A549
4613,10.1021/acs.jmedchem.2c00739,Q9BY41,A549,degradation reporter,20.0,,Western blot,,,HeLa,A549
4614,10.1021/acs.jmedchem.2c00739,Q9BY41,A549,degradation reporter,20.0,,Western blot,,,HeLa,A549
4615,10.1021/acs.jmedchem.2c00739,Q9BY41,A549,degradation reporter,20.0,,Western blot,,,HeLa,A549
4616,10.1021/acs.jmedchem.2c00739,Q9BY41,A549,degradation reporter,20.0,,Western blot,,,HeLa,A549
4617,10.1021/acs.jmedchem.2c00739,Q9BY41,A549,degradation reporter,20.0,,Western blot,,,HeLa,A549
4618,10.1172/jci.insight.160606,P40763,,other,,,,,,HEK293; HeLa; MDA-MB-231; THP1,
4619,10.1172/jci.insight.160606,P40763,,,,,,,,HEK293; HeLa; MDA-MB-231; THP1,
4620,10.1172/jci.insight.160606,P40763,,,,,,,,HEK293; HeLa; MDA-MB-231; THP1,
4621,10.1172/jci.insight.160606,P40763,,,,,,,,HEK293; HeLa; MDA-MB-231; THP1,
4622,10.1172/jci.insight.160606,P40763,,,,,,,,HEK293; HeLa; MDA-MB-231; THP1,
4623,10.1172/jci.insight.160606,P40763,,,,,,,,HEK293; HeLa; MDA-MB-231; THP1,
4624,10.1016/j.bmc.2022.117115,P09619,,other,,,,,,,
4625,10.1016/j.bmc.2022.117115,P09619,,other,,,,,,,
4626,10.1016/j.bmc.2022.117115,P09619,,other,,,,,,,
4627,10.3390/molecules27238513,P15056,A375,other,,A375; Colo205,kinase inhibition assay; cell proliferation assay,,,,A375
4628,10.3390/molecules27238513,P15056,A375,other,,A375; Colo205,kinase inhibition assay; cell proliferation assay,,,,A375
4629,10.3390/molecules27238513,P15056,A375,other,,A375; Colo205,kinase inhibition assay; cell proliferation assay,,,,A375
4630,10.3390/molecules27238513,P15056,A375,other,,A375; Colo205,kinase inhibition assay; cell proliferation assay,,,,A375
4631,10.3390/molecules27238513,P15056,A375,other,,A375; Colo205,kinase inhibition assay; cell proliferation assay,,,,A375
4632,10.3390/molecules27238513,P15056,A375,other,,A375; Colo205,kinase inhibition assay; cell proliferation assay,,,,A375
4633,10.3390/molecules27238513,P15056,A375,other,,A375; Colo205,kinase inhibition assay; cell proliferation assay,,,,A375
4634,10.3390/molecules27238513,P15056,A375,other,,A375; Colo205,kinase inhibition assay; cell proliferation assay,,,,A375
4635,10.3390/molecules27238513,P15056,A375,other,,A375; Colo205,kinase inhibition assay; cell proliferation assay,,,,A375
4636,10.3390/molecules27238513,P15056,A375,other,,A375; Colo205,kinase inhibition assay; cell proliferation assay,,,,A375
4637,10.3390/molecules27238513,P15056,A375,other,,A375; Colo205,kinase inhibition assay; cell proliferation assay,,,,A375
4638,10.1016/j.redox.2022.102552,Q14145,,,,HEK293T; BEAS-2B,,,,HEK293T; THP1,HEK293T
4639,10.1016/j.redox.2022.102552,Q14145,,,,HEK293T; BEAS-2B,,,,HEK293T; THP1,HEK293T
4640,10.1016/j.redox.2022.102552,Q14145,,,,HEK293T; BEAS-2B,,,,HEK293T; THP1,HEK293T
4641,10.1016/j.redox.2022.102552,Q14145,,,,HEK293T; BEAS-2B,,,,HEK293T; THP1,HEK293T
4642,10.1016/j.redox.2022.102552,Q14145,,,,HEK293T; BEAS-2B,,,,HEK293T; THP1,HEK293T
4643,10.1016/j.redox.2022.102552,Q14145,,,,HEK293T; BEAS-2B,,,,HEK293T; THP1,HEK293T
4644,10.1016/j.redox.2022.102552,Q14145,,,,HEK293T; BEAS-2B,,,,HEK293T; THP1,HEK293T
4645,10.1016/j.redox.2022.102552,Q14145,,,,HEK293T; BEAS-2B,,,,HEK293T; THP1,HEK293T
4646,10.1016/j.redox.2022.102552,Q14145,,,,HEK293T; BEAS-2B,,,,HEK293T; THP1,HEK293T
4647,10.1016/j.redox.2022.102552,Q14145,,,,HEK293T; BEAS-2B,,,,HEK293T; THP1,HEK293T
4648,10.1016/j.redox.2022.102552,Q14145,,,,HEK293T; BEAS-2B,,,,HEK293T; THP1,HEK293T
4649,10.1016/j.redox.2022.102552,Q14145,HEK293T,other,24.0,HEK293T; BEAS-2B,,,,HEK293T; THP1,HEK293T
4650,10.1021/acs.jmedchem.2c01659,Q9UBN7,,,,leukemia cell lines; myeloid leukemia cell lines,,HL-60,Western blot,A549; HCT116; HEK293; HeLa,HL-60
4650,10.1021/acs.jmedchem.2c01659,Q13547,,,,leukemia cell lines; myeloid leukemia cell lines,,HL-60,Western blot,HeLa,HL-60
4651,10.1021/acs.jmedchem.2c01659,Q9UBN7,,,,leukemia cell lines; myeloid leukemia cell lines,,HL-60,Western blot,A549; HCT116; HEK293; HeLa,HL-60
4651,10.1021/acs.jmedchem.2c01659,Q13547,,,,leukemia cell lines; myeloid leukemia cell lines,,HL-60,Western blot,HeLa,HL-60
4652,10.1021/acs.jmedchem.2c01659,Q9UBN7,,,,leukemia cell lines; myeloid leukemia cell lines,,HL-60,Western blot,A549; HCT116; HEK293; HeLa,HL-60
4652,10.1021/acs.jmedchem.2c01659,Q13547,,,,leukemia cell lines; myeloid leukemia cell lines,,HL-60,Western blot,HeLa,HL-60
4653,10.1021/acs.jmedchem.2c01659,Q9UBN7,,,,leukemia cell lines; myeloid leukemia cell lines,,HL-60,Western blot,A549; HCT116; HEK293; HeLa,HL-60
4653,10.1021/acs.jmedchem.2c01659,Q13547,,,,leukemia cell lines; myeloid leukemia cell lines,,HL-60,Western blot,HeLa,HL-60
4655,10.1021/acs.jmedchem.2c01659,Q9UBN7,,,,leukemia cell lines; myeloid leukemia cell lines,,HL-60,Western blot,A549; HCT116; HEK293; HeLa,HL-60
4655,10.1021/acs.jmedchem.2c01659,Q13547,,,,leukemia cell lines; myeloid leukemia cell lines,,HL-60,Western blot,HeLa,HL-60
4656,10.1021/acs.jmedchem.2c01659,Q9UBN7,,,,leukemia cell lines; myeloid leukemia cell lines,,HL-60,Western blot,A549; HCT116; HEK293; HeLa,HL-60
4656,10.1021/acs.jmedchem.2c01659,Q13547,,,,leukemia cell lines; myeloid leukemia cell lines,,HL-60,Western blot,HeLa,HL-60
4657,10.1021/acs.jmedchem.2c01659,Q9UBN7,,,,leukemia cell lines; myeloid leukemia cell lines,,HL-60,Western blot,A549; HCT116; HEK293; HeLa,HL-60
4657,10.1021/acs.jmedchem.2c01659,Q13547,,,,leukemia cell lines; myeloid leukemia cell lines,,HL-60,Western blot,HeLa,HL-60
4658,10.1021/acs.jmedchem.2c01659,Q9UBN7,,,,leukemia cell lines; myeloid leukemia cell lines,,HL-60,Western blot,A549; HCT116; HEK293; HeLa,HL-60
4658,10.1021/acs.jmedchem.2c01659,Q13547,,,,leukemia cell lines; myeloid leukemia cell lines,,HL-60,Western blot,HeLa,HL-60
4659,10.1021/acs.jmedchem.2c01659,Q9UBN7,,other,,leukemia cell lines; myeloid leukemia cell lines,,HL-60,Western blot,A549; HCT116; HEK293; HeLa,HL-60
4659,10.1021/acs.jmedchem.2c01659,Q13547,,other,,leukemia cell lines; myeloid leukemia cell lines,,HL-60,Western blot,HeLa,HL-60
4660,10.1021/acs.jmedchem.2c01300,Q07889,SW620,degradation reporter,6.0,,Western blot,,,HeLa,SW620
4661,10.1021/acs.jmedchem.2c01300,Q07889,SW620,degradation reporter,6.0,,Western blot,,,HeLa,SW620
4662,10.1021/acs.jmedchem.2c01300,Q07889,SW620,degradation reporter,6.0,,Western blot,,,HeLa,SW620
4663,10.1021/acs.jmedchem.2c01300,Q07889,SW620,degradation reporter,6.0,,Western blot,,,HeLa,SW620
4664,10.1021/acs.jmedchem.2c01300,Q07889,SW620,degradation reporter,6.0,,Western blot,,,HeLa,SW620
4665,10.1021/acs.jmedchem.2c01300,Q07889,SW620,degradation reporter,6.0,,Western blot,,,HeLa,SW620
4666,10.1021/acs.jmedchem.2c01300,Q07889,SW620,degradation reporter,6.0,,Western blot,,,HeLa,SW620
4667,10.1021/acs.jmedchem.2c01300,Q07889,SW620,degradation reporter,6.0,,Western blot,,,HeLa,SW620
4668,10.1021/acs.jmedchem.2c01300,Q07889,SW620,degradation reporter,6.0,,Western blot,,,HeLa,SW620
4669,10.1021/acs.jmedchem.2c01300,Q07889,SW620,degradation reporter,6.0,,Western blot,,,HeLa,SW620
4670,10.1021/acs.jmedchem.2c01300,Q07889,SW620,degradation reporter,6.0,,Western blot,,,HeLa,SW620
4671,10.1021/acs.jmedchem.2c01300,Q07889,SW620,degradation reporter,6.0,,Western blot,,,HeLa,SW620
4672,10.1021/acs.jmedchem.2c01300,Q07889,SW620,degradation reporter,6.0,,Western blot,,,HeLa,SW620
4673,10.1021/acs.jmedchem.2c01300,Q07889,SW620,degradation reporter,6.0,,Western blot,,,HeLa,SW620
4674,10.1021/acs.jmedchem.2c01300,Q07889,SW620,degradation reporter,6.0,,Western blot,,,HeLa,SW620
4675,10.1021/jacs.2c09255,P11802,,,,,,,,HCT116; HeLa,
4675,10.1021/jacs.2c09255,Q00534,,,,,,,,HCT116; HL-60; HL60,
4676,10.1021/jacs.2c09255,P11802,,,,,,,,HCT116; HeLa,
4676,10.1021/jacs.2c09255,Q00534,,,,,,,,HCT116; HL-60; HL60,
4677,10.1021/jacs.2c09255,P11802,,,,,,,,HCT116; HeLa,
4677,10.1021/jacs.2c09255,Q00534,,,,,,,,HCT116; HL-60; HL60,
4678,10.1021/jacs.2c09255,P11802,,,,,,,,HCT116; HeLa,
4678,10.1021/jacs.2c09255,Q00534,,,,,,,,HCT116; HL-60; HL60,
4679,10.1021/jacs.2c09255,P11802,Calu-1,degradation reporter,8.0,,,,,HCT116; HeLa,Calu-1
4679,10.1021/jacs.2c09255,Q00534,Calu-1,degradation reporter,8.0,,,,,HCT116; HL-60; HL60,Calu-1
4680,10.1021/jacs.2c09255,P11802,,,,,,,,HCT116; HeLa,
4680,10.1021/jacs.2c09255,Q00534,,,,,,,,HCT116; HL-60; HL60,
4681,10.1021/jacs.2c09255,P11802,,,,,,,,HCT116; HeLa,
4681,10.1021/jacs.2c09255,Q00534,,,,,,,,HCT116; HL-60; HL60,
4682,10.1021/jacs.2c09255,P11802,,,,,,,,HCT116; HeLa,
4682,10.1021/jacs.2c09255,Q00534,,,,,,,,HCT116; HL-60; HL60,
4683,10.1021/jacs.2c09255,P11802,,,,,,,,HCT116; HeLa,
4683,10.1021/jacs.2c09255,Q00534,,,,,,,,HCT116; HL-60; HL60,
4684,10.1021/acs.jmedchem.2c01243,P43490,A2780,other,,A2780,fluorescence; degradation reporter,,,,A2780
4685,10.1021/acs.jmedchem.2c01243,P43490,A2780,other,,A2780,fluorescence; degradation reporter,,,,A2780
4686,10.1021/acs.jmedchem.2c01243,P43490,A2780,other,,A2780,fluorescence; degradation reporter,,,,A2780
4687,10.1021/acs.jmedchem.2c01243,P43490,A2780,degradation reporter,24.0,A2780,fluorescence; degradation reporter,,,,A2780
4688,10.1021/acs.jmedchem.2c01243,P43490,A2780,other,,A2780,fluorescence; degradation reporter,,,,A2780
4689,10.1021/acs.jmedchem.2c01243,P43490,A2780,other,,A2780,fluorescence; degradation reporter,,,,A2780
4690,10.1021/acs.jmedchem.2c01243,P43490,A2780,other,,A2780,fluorescence; degradation reporter,,,,A2780
4691,10.1021/acs.jmedchem.2c01243,P43490,A2780,other,,A2780,fluorescence; degradation reporter,,,,A2780
4692,10.1021/acs.jmedchem.2c01243,P43490,A2780,other,,A2780,fluorescence; degradation reporter,,,,A2780
4693,10.1021/acs.jmedchem.2c01243,P43490,A2780,other,,A2780,fluorescence; degradation reporter,,,,A2780
4694,10.7150/thno.75421,Q07817,NIH-3T3,degradation reporter,24.0,human articular chondrocytes; human fetal osteoblastic cells,fluorescence polarization; HTRF; Western blot; immunoprecipitation; dual luciferase reporter assay; qPCR; immunofluorescence staining; PET-CT; histopathology,,,Jurkat,NIH-3T3
4695,10.1248/cpb.c22-00576,P42345,,other,,MCF-7,Western blot,,,HCT116; HEK293; HeLa; MDA-MB-361,MCF-7
4696,10.1248/cpb.c22-00576,P42345,,other,,MCF-7,Western blot,,,HCT116; HEK293; HeLa; MDA-MB-361,MCF-7
4697,10.1248/cpb.c22-00576,P42345,,other,,MCF-7,Western blot,,,HCT116; HEK293; HeLa; MDA-MB-361,MCF-7
4698,10.1021/acs.jmedchem.2c00756,Q13153,,other,,,,,,,
4698,10.1021/acs.jmedchem.2c00756,Q13177,,other,,,,,,HL-60,
4698,10.1021/acs.jmedchem.2c00756,O96013,,other,,,,,,,
4699,10.1021/acs.jmedchem.2c00756,Q13153,,other,,,,,,,
4699,10.1021/acs.jmedchem.2c00756,Q13177,,other,,,,,,HL-60,
4699,10.1021/acs.jmedchem.2c00756,O96013,,other,,,,,,,
4700,10.1021/acs.jmedchem.2c00756,Q13153,,,,,,,,,
4700,10.1021/acs.jmedchem.2c00756,Q13177,,,,,,,,HL-60,
4700,10.1021/acs.jmedchem.2c00756,O96013,,,,,,,,,
4701,10.1021/acs.jmedchem.2c00756,Q13153,,,,,,,,,
4701,10.1021/acs.jmedchem.2c00756,Q13177,,,,,,,,HL-60,
4701,10.1021/acs.jmedchem.2c00756,O96013,,,,,,,,,
4702,10.1021/acs.jmedchem.2c00756,Q13153,,,,,,,,,
4702,10.1021/acs.jmedchem.2c00756,Q13177,,,,,,,,HL-60,
4702,10.1021/acs.jmedchem.2c00756,O96013,,,,,,,,,
4703,10.1021/acs.jmedchem.2c00756,Q13153,,,,,,,,,
4703,10.1021/acs.jmedchem.2c00756,Q13177,,,,,,,,HL-60,
4703,10.1021/acs.jmedchem.2c00756,O96013,,,,,,,,,
4704,10.1021/acs.jmedchem.2c00756,Q13153,,,,,,,,,
4704,10.1021/acs.jmedchem.2c00756,Q13177,,,,,,,,HL-60,
4704,10.1021/acs.jmedchem.2c00756,O96013,,,,,,,,,
4705,10.1021/acs.jmedchem.2c00756,Q13153,,,,,,,,,
4705,10.1021/acs.jmedchem.2c00756,Q13177,,,,,,,,HL-60,
4705,10.1021/acs.jmedchem.2c00756,O96013,,,,,,,,,
4706,10.1021/acs.jmedchem.2c00756,Q13153,,,,,,,,,
4706,10.1021/acs.jmedchem.2c00756,Q13177,,,,,,,,HL-60,
4706,10.1021/acs.jmedchem.2c00756,O96013,,,,,,,,,
4707,10.1021/acs.jmedchem.2c00756,Q13153,,,,,,,,,
4707,10.1021/acs.jmedchem.2c00756,Q13177,,,,,,,,HL-60,
4707,10.1021/acs.jmedchem.2c00756,O96013,,,,,,,,,
4708,10.1021/acs.jmedchem.2c00756,Q13153,,,,,,,,,
4708,10.1021/acs.jmedchem.2c00756,Q13177,,,,,,,,HL-60,
4708,10.1021/acs.jmedchem.2c00756,O96013,,,,,,,,,
4709,10.1021/acs.jmedchem.2c00756,Q13153,,,,,,,,,
4709,10.1021/acs.jmedchem.2c00756,Q13177,,,,,,,,HL-60,
4709,10.1021/acs.jmedchem.2c00756,O96013,,,,,,,,,
4710,10.1021/acs.jmedchem.2c00756,Q13153,,other,,,,,,,
4710,10.1021/acs.jmedchem.2c00756,Q13177,,other,,,,,,HL-60,
4710,10.1021/acs.jmedchem.2c00756,O96013,,other,,,,,,,
4711,10.1016/j.bmcl.2022.129083,P29597,,,,Jurkat,Western blot,,,,Jurkat
4712,10.1016/j.bmcl.2022.129083,P29597,,,,Jurkat,Western blot,,,,Jurkat
4713,10.1016/j.bmcl.2022.129083,P29597,,,,Jurkat,Western blot,,,,Jurkat
4714,10.1016/j.bmcl.2022.129083,P29597,,,,Jurkat,Western blot,,,,Jurkat
4715,10.1016/j.bmcl.2022.129083,P29597,Jurkat,Western blot,24.0,Jurkat,Western blot,,,,Jurkat
4716,10.1016/j.bmcl.2022.129083,P29597,,,,Jurkat,Western blot,,,,Jurkat
4717,10.1016/j.bmcl.2022.129083,P29597,,,,Jurkat,Western blot,,,,Jurkat
4718,10.1016/j.bmcl.2022.129083,P29597,Jurkat,Western blot,24.0,Jurkat,Western blot,,,,Jurkat
4718,10.1016/j.bmcl.2022.129083,P23458,Jurkat,Western blot,24.0,Jurkat,Western blot,,,HL-60; HL60,Jurkat
4719,10.1016/j.bmcl.2022.129083,P29597,Jurkat,Western blot,24.0,Jurkat,Western blot,,,,Jurkat
4719,10.1016/j.bmcl.2022.129083,P23458,Jurkat,Western blot,24.0,Jurkat,Western blot,,,HL-60; HL60,Jurkat
4720,10.1021/acs.jmedchem.2c00771,P14902,U87,Western blot,24.0,human glioblastoma (GBM) cells,Western blot,,,HEK293; HeLa,U87
4721,10.1021/acs.jmedchem.2c00771,P14902,U87,Western blot,24.0,human glioblastoma (GBM) cells,Western blot,,,HEK293; HeLa,U87
4722,10.1021/acs.jmedchem.2c00771,P14902,U87,Western blot,24.0,human glioblastoma (GBM) cells,Western blot,,,HEK293; HeLa,U87
4723,10.1021/acs.jmedchem.2c00771,P14902,U87,Western blot,24.0,human glioblastoma (GBM) cells,Western blot,,,HEK293; HeLa,U87
4724,10.1021/acs.jmedchem.2c00771,P14902,U87,degradation reporter,24.0,human glioblastoma (GBM) cells,Western blot,,,HEK293; HeLa,U87
4725,10.1021/acs.jmedchem.2c00771,P14902,U87,degradation reporter,24.0,human glioblastoma (GBM) cells,Western blot,,,HEK293; HeLa,U87
4726,10.1021/acs.jmedchem.2c00771,P14902,U87,degradation reporter,24.0,human glioblastoma (GBM) cells,Western blot,,,HEK293; HeLa,U87
4727,10.1021/acs.jmedchem.2c00771,P14902,U87,degradation reporter,24.0,human glioblastoma (GBM) cells,Western blot,,,HEK293; HeLa,U87
4728,10.1021/acs.jmedchem.2c00771,P14902,U87,degradation reporter,24.0,human glioblastoma (GBM) cells,Western blot,,,HEK293; HeLa,U87
4729,10.1021/acs.jmedchem.2c00771,P14902,U87,degradation reporter,24.0,human glioblastoma (GBM) cells,Western blot,,,HEK293; HeLa,U87
4730,10.1021/acs.jmedchem.2c00771,P14902,U87,degradation reporter,24.0,human glioblastoma (GBM) cells,Western blot,,,HEK293; HeLa,U87
4731,10.1021/acs.jmedchem.2c00771,P14902,U87,degradation reporter,24.0,human glioblastoma (GBM) cells,Western blot,,,HEK293; HeLa,U87
4732,10.1021/acs.jmedchem.2c00771,P14902,U87,degradation reporter,24.0,human glioblastoma (GBM) cells,Western blot,,,HEK293; HeLa,U87
4733,10.1021/acs.jmedchem.2c00771,P14902,U87,degradation reporter,24.0,human glioblastoma (GBM) cells,Western blot,,,HEK293; HeLa,U87
4734,10.1021/acs.jmedchem.2c00771,P14902,U87,Western blot,24.0,human glioblastoma (GBM) cells,Western blot,,,HEK293; HeLa,U87
4735,10.1021/acs.jmedchem.2c00771,P14902,U87,Western blot,24.0,human glioblastoma (GBM) cells,Western blot,,,HEK293; HeLa,U87
4736,10.1021/acs.jmedchem.2c00771,P14902,U87,Western blot,24.0,human glioblastoma (GBM) cells,Western blot,,,HEK293; HeLa,U87
4737,10.1021/acs.jmedchem.2c00771,P14902,U87,Western blot,24.0,human glioblastoma (GBM) cells,Western blot,,,HEK293; HeLa,U87
4738,10.1021/acs.jmedchem.2c00771,P14902,U87,Western blot,24.0,human glioblastoma (GBM) cells,Western blot,,,HEK293; HeLa,U87
4739,10.1021/acs.jmedchem.2c00771,P14902,U87,Western blot,24.0,human glioblastoma (GBM) cells,Western blot,,,HEK293; HeLa,U87
4740,10.1021/acs.jmedchem.2c00771,P14902,U87,Western blot,24.0,human glioblastoma (GBM) cells,Western blot,,,HEK293; HeLa,U87
4741,10.1021/acs.jmedchem.2c00771,P14902,U87,Western blot,24.0,human glioblastoma (GBM) cells,Western blot,,,HEK293; HeLa,U87
4742,10.1021/acs.jmedchem.2c00771,P14902,U87,Western blot,24.0,human glioblastoma (GBM) cells,Western blot,,,HEK293; HeLa,U87
4743,10.1021/acs.jmedchem.2c00771,P14902,U87,Western blot,24.0,human glioblastoma (GBM) cells,Western blot,,,HEK293; HeLa,U87
4744,10.1021/acs.jmedchem.2c00771,P14902,U87,Western blot,24.0,human glioblastoma (GBM) cells,Western blot,,,HEK293; HeLa,U87
4745,10.1021/acs.jmedchem.2c00771,P14902,U87,Western blot,24.0,human glioblastoma (GBM) cells,Western blot,,,HEK293; HeLa,U87
4746,10.1021/acs.jmedchem.2c00771,P14902,U87,Western blot,24.0,human glioblastoma (GBM) cells,Western blot,,,HEK293; HeLa,U87
4747,10.1021/acs.jmedchem.2c00771,P14902,U87,Western blot,24.0,human glioblastoma (GBM) cells,Western blot,,,HEK293; HeLa,U87
4748,10.1021/acs.jmedchem.2c00771,P14902,U87,Western blot,24.0,human glioblastoma (GBM) cells,Western blot,,,HEK293; HeLa,U87
4749,10.1021/acs.jmedchem.2c00771,P14902,U87,Western blot,24.0,human glioblastoma (GBM) cells,Western blot,,,HEK293; HeLa,U87
4750,10.1021/acs.jmedchem.2c00771,P14902,U87,Western blot,24.0,human glioblastoma (GBM) cells,Western blot,,,HEK293; HeLa,U87
4751,10.1021/acs.jmedchem.2c00771,P14902,U87,Western blot,24.0,human glioblastoma (GBM) cells,Western blot,,,HEK293; HeLa,U87
4752,10.1021/acs.jmedchem.2c00771,P14902,U87,Western blot,24.0,human glioblastoma (GBM) cells,Western blot,,,HEK293; HeLa,U87
4753,10.1021/acs.jmedchem.2c00771,P14902,U87,Western blot,24.0,human glioblastoma (GBM) cells,Western blot,,,HEK293; HeLa,U87
4754,10.1021/acs.jmedchem.2c00771,P14902,U87,Western blot,24.0,human glioblastoma (GBM) cells,Western blot,,,HEK293; HeLa,U87
4755,10.1021/acs.jmedchem.2c00771,P14902,U87,Western blot,24.0,human glioblastoma (GBM) cells,Western blot,,,HEK293; HeLa,U87
4756,10.1021/acs.jmedchem.2c00771,P14902,U87,Western blot,24.0,human glioblastoma (GBM) cells,Western blot,,,HEK293; HeLa,U87
4757,10.1021/acs.jmedchem.2c00771,P14902,U87,Western blot,24.0,human glioblastoma (GBM) cells,Western blot,,,HEK293; HeLa,U87
4758,10.1021/acs.jmedchem.2c00771,P14902,U87,Western blot,24.0,human glioblastoma (GBM) cells,Western blot,,,HEK293; HeLa,U87
4759,10.1021/acs.jmedchem.2c00771,P14902,U87,Western blot,24.0,human glioblastoma (GBM) cells,Western blot,,,HEK293; HeLa,U87
4760,10.1021/acs.jmedchem.2c00771,P14902,U87,Western blot,24.0,human glioblastoma (GBM) cells,Western blot,,,HEK293; HeLa,U87
4761,10.1021/acs.jmedchem.2c00771,P14902,U87,Western blot,24.0,human glioblastoma (GBM) cells,Western blot,,,HEK293; HeLa,U87
4762,10.1021/acs.jmedchem.2c00771,P14902,U87,Western blot,24.0,human glioblastoma (GBM) cells,Western blot,,,HEK293; HeLa,U87
4763,10.1021/acs.jmedchem.2c00771,P14902,U87,Western blot,24.0,human glioblastoma (GBM) cells,Western blot,,,HEK293; HeLa,U87
4764,10.1021/acs.jmedchem.2c00771,P14902,U87,Western blot,24.0,human glioblastoma (GBM) cells,Western blot,,,HEK293; HeLa,U87
4765,10.1021/acs.jmedchem.2c00771,P14902,U87,Western blot,24.0,human glioblastoma (GBM) cells,Western blot,,,HEK293; HeLa,U87
4766,10.1021/acs.jmedchem.2c00771,P14902,U87,Western blot,24.0,human glioblastoma (GBM) cells,Western blot,,,HEK293; HeLa,U87
4767,10.1021/acs.jmedchem.2c00771,P14902,U87,Western blot,24.0,human glioblastoma (GBM) cells,Western blot,,,HEK293; HeLa,U87
4768,10.1021/acs.jmedchem.2c00771,P14902,U87,Western blot,24.0,human glioblastoma (GBM) cells,Western blot,,,HEK293; HeLa,U87
4769,10.1021/acs.jmedchem.2c00771,P14902,U87,Western blot,24.0,human glioblastoma (GBM) cells,Western blot,,,HEK293; HeLa,U87
4770,10.1021/acs.jmedchem.2c00771,P14902,U87,Western blot,24.0,human glioblastoma (GBM) cells,Western blot,,,HEK293; HeLa,U87
4771,10.1021/acs.jmedchem.2c00771,P14902,U87,Western blot,24.0,human glioblastoma (GBM) cells,Western blot,,,HEK293; HeLa,U87
4772,10.1021/acs.jmedchem.2c00771,P14902,U87,Western blot,24.0,human glioblastoma (GBM) cells,Western blot,,,HEK293; HeLa,U87
4773,10.1021/acs.jmedchem.2c00771,P14902,U87,Western blot,24.0,human glioblastoma (GBM) cells,Western blot,,,HEK293; HeLa,U87
4774,10.1021/acs.jmedchem.2c00771,P14902,U87,Western blot,24.0,human glioblastoma (GBM) cells,Western blot,,,HEK293; HeLa,U87
4775,10.1021/acs.jmedchem.2c00771,P14902,U87,Western blot,24.0,human glioblastoma (GBM) cells,Western blot,,,HEK293; HeLa,U87
4776,10.1021/acs.jmedchem.2c00771,P14902,U87,Western blot,24.0,human glioblastoma (GBM) cells,Western blot,,,HEK293; HeLa,U87
4777,10.1021/acs.jmedchem.2c00771,P14902,U87,Western blot,24.0,human glioblastoma (GBM) cells,Western blot,,,HEK293; HeLa,U87
4778,10.1021/acs.jmedchem.2c00771,P14902,U87,Western blot,24.0,human glioblastoma (GBM) cells,Western blot,,,HEK293; HeLa,U87
4779,10.1021/acs.jmedchem.2c00771,P14902,U87,Western blot,24.0,human glioblastoma (GBM) cells,Western blot,,,HEK293; HeLa,U87
4780,10.1021/acs.jmedchem.2c00771,P14902,U87,Western blot,24.0,human glioblastoma (GBM) cells,Western blot,,,HEK293; HeLa,U87
4781,10.1021/acs.jmedchem.2c00771,P14902,U87,Western blot,24.0,human glioblastoma (GBM) cells,Western blot,,,HEK293; HeLa,U87
4782,10.1021/acs.jmedchem.2c00771,P14902,U87,Western blot,24.0,human glioblastoma (GBM) cells,Western blot,,,HEK293; HeLa,U87
4783,10.1021/acs.jmedchem.2c00771,P14902,U87,Western blot,24.0,human glioblastoma (GBM) cells,Western blot,,,HEK293; HeLa,U87
4784,10.1021/acs.jmedchem.2c00771,P14902,U87,Western blot,24.0,human glioblastoma (GBM) cells,Western blot,,,HEK293; HeLa,U87
4785,10.1021/acs.jmedchem.2c00771,P14902,U87,Western blot,24.0,human glioblastoma (GBM) cells,Western blot,,,HEK293; HeLa,U87
4786,10.1021/acs.jmedchem.2c00771,P14902,U87,Western blot,24.0,human glioblastoma (GBM) cells,Western blot,,,HEK293; HeLa,U87
4787,10.1021/acs.jmedchem.2c00771,P14902,U87,Western blot,24.0,human glioblastoma (GBM) cells,Western blot,,,HEK293; HeLa,U87
4788,10.1021/acs.jmedchem.2c00771,P14902,U87,Western blot,24.0,human glioblastoma (GBM) cells,Western blot,,,HEK293; HeLa,U87
4789,10.1021/acs.jmedchem.2c00771,P14902,U87,Western blot,24.0,human glioblastoma (GBM) cells,Western blot,,,HEK293; HeLa,U87
4790,10.1021/acs.jmedchem.2c00771,P14902,U87,Western blot,24.0,human glioblastoma (GBM) cells,Western blot,,,HEK293; HeLa,U87
4791,10.1021/acs.jmedchem.2c00771,P14902,U87,Western blot,24.0,human glioblastoma (GBM) cells,Western blot,,,HEK293; HeLa,U87
4792,10.1021/acs.jmedchem.2c00771,P14902,U87,Western blot,24.0,human glioblastoma (GBM) cells,Western blot,,,HEK293; HeLa,U87
4793,10.1021/acs.jmedchem.2c00771,P14902,U87,Western blot,24.0,human glioblastoma (GBM) cells,Western blot,,,HEK293; HeLa,U87
4794,10.1021/acs.jmedchem.2c00771,P14902,U87,Western blot,24.0,human glioblastoma (GBM) cells,Western blot,,,HEK293; HeLa,U87
4795,10.1021/acs.jmedchem.2c00771,P14902,U87,Western blot,24.0,human glioblastoma (GBM) cells,Western blot,,,HEK293; HeLa,U87
4796,10.1021/acs.jmedchem.2c00771,P14902,U87,Western blot,24.0,human glioblastoma (GBM) cells,Western blot,,,HEK293; HeLa,U87
4797,10.1021/acs.jmedchem.2c00771,P14902,U87,Western blot,24.0,human glioblastoma (GBM) cells,Western blot,,,HEK293; HeLa,U87
4798,10.1021/acs.jmedchem.2c00771,P14902,U87,Western blot,24.0,human glioblastoma (GBM) cells,Western blot,,,HEK293; HeLa,U87
4799,10.1021/acs.jmedchem.2c00771,P14902,U87,Western blot,24.0,human glioblastoma (GBM) cells,Western blot,,,HEK293; HeLa,U87
4800,10.1021/acs.jmedchem.2c00771,P14902,U87,Western blot,24.0,human glioblastoma (GBM) cells,Western blot,,,HEK293; HeLa,U87
4801,10.1021/acs.jmedchem.2c00771,P14902,U87,Western blot,24.0,human glioblastoma (GBM) cells,Western blot,,,HEK293; HeLa,U87
4802,10.1021/acs.jmedchem.2c00771,P14902,U87,Western blot,24.0,human glioblastoma (GBM) cells,Western blot,,,HEK293; HeLa,U87
4803,10.1021/acs.jmedchem.2c00771,P14902,U87,Western blot,24.0,human glioblastoma (GBM) cells,Western blot,,,HEK293; HeLa,U87
4804,10.1021/acs.jmedchem.2c00771,P14902,U87,Western blot,24.0,human glioblastoma (GBM) cells,Western blot,,,HEK293; HeLa,U87
4805,10.1021/acs.jmedchem.2c00771,P14902,U87,Western blot,24.0,human glioblastoma (GBM) cells,Western blot,,,HEK293; HeLa,U87
4806,10.1021/acs.jmedchem.2c00771,P14902,U87,Western blot,24.0,human glioblastoma (GBM) cells,Western blot,,,HEK293; HeLa,U87
4807,10.1021/acs.jmedchem.2c00771,P14902,U87,Western blot,24.0,human glioblastoma (GBM) cells,Western blot,,,HEK293; HeLa,U87
4808,10.1021/acs.jmedchem.2c00771,P14902,U87,Western blot,24.0,human glioblastoma (GBM) cells,Western blot,,,HEK293; HeLa,U87
4809,10.1021/acs.jmedchem.2c00771,P14902,U87,Western blot,24.0,human glioblastoma (GBM) cells,Western blot,,,HEK293; HeLa,U87
4810,10.1021/acs.jmedchem.2c00771,P14902,U87,Western blot,24.0,human glioblastoma (GBM) cells,Western blot,,,HEK293; HeLa,U87
4811,10.1021/acs.jmedchem.2c00771,P14902,U87,Western blot,24.0,human glioblastoma (GBM) cells,Western blot,,,HEK293; HeLa,U87
4812,10.1021/acs.jmedchem.2c00771,P14902,U87,Western blot,24.0,human glioblastoma (GBM) cells,Western blot,,,HEK293; HeLa,U87
4813,10.1021/acs.jmedchem.2c00771,P14902,U87,Western blot,24.0,human glioblastoma (GBM) cells,Western blot,,,HEK293; HeLa,U87
4814,10.1021/acs.jmedchem.2c00771,P14902,U87,degradation reporter,24.0,human glioblastoma (GBM) cells,Western blot,,,HEK293; HeLa,U87
4815,10.1021/acs.jmedchem.2c00771,P14902,U87,degradation reporter,24.0,human glioblastoma (GBM) cells,Western blot,,,HEK293; HeLa,U87
4816,10.1021/acs.jmedchem.2c00771,P14902,U87,degradation reporter,24.0,human glioblastoma (GBM) cells,Western blot,,,HEK293; HeLa,U87
4817,10.1021/acs.jmedchem.2c00771,P14902,U87,degradation reporter,24.0,human glioblastoma (GBM) cells,Western blot,,,HEK293; HeLa,U87
4818,10.1021/acs.jmedchem.2c00771,P14902,U87,degradation reporter,24.0,human glioblastoma (GBM) cells,Western blot,,,HEK293; HeLa,U87
4819,10.1021/acs.jmedchem.2c00771,P14902,U87,degradation reporter,24.0,human glioblastoma (GBM) cells,Western blot,,,HEK293; HeLa,U87
4820,10.1021/acs.jmedchem.2c00771,P14902,U87,degradation reporter,24.0,human glioblastoma (GBM) cells,Western blot,,,HEK293; HeLa,U87
4821,10.1021/acs.jmedchem.2c00771,P14902,U87,degradation reporter,24.0,human glioblastoma (GBM) cells,Western blot,,,HEK293; HeLa,U87
4822,10.1016/j.ejmech.2022.114910,P98170,MCF-7,degradation reporter,,,,,,MDA-MB-231,MCF-7
4822,10.1016/j.ejmech.2022.114910,Q13490,MCF-7,degradation reporter,,,,,,MCF7; MDA-MB-231; THP1,MCF-7
4822,10.1016/j.ejmech.2022.114910,Q13489,MCF-7,degradation reporter,,,,,,A549; MCF7; MDA-MB-231; MOLT4,MCF-7
4823,10.1016/j.ejmech.2022.114910,P98170,MCF-7,degradation reporter,,,,,,MDA-MB-231,MCF-7
4823,10.1016/j.ejmech.2022.114910,Q13490,MCF-7,degradation reporter,,,,,,MCF7; MDA-MB-231; THP1,MCF-7
4823,10.1016/j.ejmech.2022.114910,Q13489,MCF-7,degradation reporter,,,,,,A549; MCF7; MDA-MB-231; MOLT4,MCF-7
4824,10.1016/j.ejmech.2022.114910,P98170,MCF-7,degradation reporter,,,,,,MDA-MB-231,MCF-7
4824,10.1016/j.ejmech.2022.114910,Q13490,MCF-7,degradation reporter,,,,,,MCF7; MDA-MB-231; THP1,MCF-7
4824,10.1016/j.ejmech.2022.114910,Q13489,MCF-7,degradation reporter,,,,,,A549; MCF7; MDA-MB-231; MOLT4,MCF-7
4825,10.1016/j.ejmech.2022.114910,P98170,MCF-7,degradation reporter,,,,,,MDA-MB-231,MCF-7
4825,10.1016/j.ejmech.2022.114910,Q13490,MCF-7,degradation reporter,,,,,,MCF7; MDA-MB-231; THP1,MCF-7
4825,10.1016/j.ejmech.2022.114910,Q13489,MCF-7,degradation reporter,,,,,,A549; MCF7; MDA-MB-231; MOLT4,MCF-7
4826,10.1016/j.ejmech.2022.114910,P98170,MCF-7,degradation reporter,,,,,,MDA-MB-231,MCF-7
4826,10.1016/j.ejmech.2022.114910,Q13490,MCF-7,degradation reporter,,,,,,MCF7; MDA-MB-231; THP1,MCF-7
4826,10.1016/j.ejmech.2022.114910,Q13489,MCF-7,degradation reporter,,,,,,A549; MCF7; MDA-MB-231; MOLT4,MCF-7
4827,10.1016/j.ejmech.2022.114910,P98170,MCF-7,degradation reporter,,,,,,MDA-MB-231,MCF-7
4827,10.1016/j.ejmech.2022.114910,Q13490,MCF-7,degradation reporter,,,,,,MCF7; MDA-MB-231; THP1,MCF-7
4827,10.1016/j.ejmech.2022.114910,Q13489,MCF-7,degradation reporter,,,,,,A549; MCF7; MDA-MB-231; MOLT4,MCF-7
4828,10.1016/j.ejmech.2022.114910,P98170,MCF-7,degradation reporter,,,,,,MDA-MB-231,MCF-7
4828,10.1016/j.ejmech.2022.114910,Q13490,MCF-7,degradation reporter,,,,,,MCF7; MDA-MB-231; THP1,MCF-7
4828,10.1016/j.ejmech.2022.114910,Q13489,MCF-7,degradation reporter,,,,,,A549; MCF7; MDA-MB-231; MOLT4,MCF-7
4829,10.1016/j.ejmech.2022.114910,P98170,MCF-7,degradation reporter,,,,,,MDA-MB-231,MCF-7
4829,10.1016/j.ejmech.2022.114910,Q13490,MCF-7,degradation reporter,,,,,,MCF7; MDA-MB-231; THP1,MCF-7
4829,10.1016/j.ejmech.2022.114910,Q13489,MCF-7,degradation reporter,,,,,,A549; MCF7; MDA-MB-231; MOLT4,MCF-7
4830,10.1016/j.ejmech.2022.114910,P98170,MCF-7,degradation reporter,,,,,,MDA-MB-231,MCF-7
4830,10.1016/j.ejmech.2022.114910,Q13490,MCF-7,degradation reporter,,,,,,MCF7; MDA-MB-231; THP1,MCF-7
4830,10.1016/j.ejmech.2022.114910,Q13489,MCF-7,degradation reporter,,,,,,A549; MCF7; MDA-MB-231; MOLT4,MCF-7
4831,10.1016/j.ejmech.2022.114910,P98170,MCF-7,degradation reporter,,,,,,MDA-MB-231,MCF-7
4831,10.1016/j.ejmech.2022.114910,Q13490,MCF-7,degradation reporter,,,,,,MCF7; MDA-MB-231; THP1,MCF-7
4831,10.1016/j.ejmech.2022.114910,Q13489,MCF-7,degradation reporter,,,,,,A549; MCF7; MDA-MB-231; MOLT4,MCF-7
4832,10.1016/j.ejmech.2022.114910,P98170,MCF-7,other,,,,,,MDA-MB-231,MCF-7
4832,10.1016/j.ejmech.2022.114910,Q13490,MCF-7,other,,,,,,MCF7; MDA-MB-231; THP1,MCF-7
4832,10.1016/j.ejmech.2022.114910,Q13489,MCF-7,other,,,,,,A549; MCF7; MDA-MB-231; MOLT4,MCF-7
4833,10.1016/j.apsb.2022.07.007,Q9ULX9,,,,MCF-7,Western blot,,,,MCF-7
4834,10.1016/j.apsb.2022.07.007,Q9ULX9,RAW264.7,other,,MCF-7,Western blot,,,,RAW264.7
4835,10.1016/j.apsb.2022.07.007,Q9ULX9,,,,MCF-7,Western blot,,,,MCF-7
4836,10.1182/blood.2022016934,Q06187,,TR-FRET,,primary CLL cells; patient-derived xenografts,Western blot; BCR-mediated signaling inhibition; transcriptional programs; chemokine secretion; flow cytometry,,,HL-60; K562; Ramos,primary CLL cells
4836,10.1182/blood.2022016934,Q06187,,TR-FRET,,primary CLL cells; patient-derived xenografts,Western blot; BCR-mediated signaling inhibition; transcriptional programs; chemokine secretion; flow cytometry,,,HL-60; K562; Ramos,primary CLL cells
4836,10.1182/blood.2022016934,Q06187,,TR-FRET,,primary CLL cells; patient-derived xenografts,Western blot; BCR-mediated signaling inhibition; transcriptional programs; chemokine secretion; flow cytometry,,,HL-60; K562; Ramos,primary CLL cells
4837,10.1038/s41467-022-34562-5,P51531,SW1573,other,22.0,,growth inhibition assay; ubiquitin mapping; proteome profiling,,,A549; U2OS,SW1573
4837,10.1038/s41467-022-34562-5,P51532,SW1573,other,22.0,,growth inhibition assay; ubiquitin mapping; proteome profiling,,,HEK293; HL-60; U2OS,SW1573
4837,10.1021/acs.jmedchem.3c01781,P51531,SW1573,other,22.0,SW1573; H1944; Calu6; HCC2302,Western blot; qPCR,,,A549; U2OS,SW1573
4837,10.1021/acs.jmedchem.3c01781,P51532,SW1573,other,22.0,SW1573; H1944; Calu6; HCC2302,Western blot; qPCR,,,HEK293; HL-60; U2OS,SW1573
4838,10.1155/2022/4056398,nan,K562,other,,imatinib-resistant chronic myeloid leukemia cell lines,,,,,K562
4839,10.1155/2022/4056398,nan,K562,other,,imatinib-resistant chronic myeloid leukemia cell lines,,,,,K562
4840,10.1155/2022/4056398,nan,K562,other,,imatinib-resistant chronic myeloid leukemia cell lines,,,,,K562
4841,10.1155/2022/4056398,nan,K562,other,,imatinib-resistant chronic myeloid leukemia cell lines,,,,,K562
4842,10.1016/j.bmcl.2022.129041,P36888,,,,HL-60; K562,Western blot,,,,HL-60
4843,10.1016/j.bmcl.2022.129041,P36888,,,,HL-60; K562,Western blot,,,,HL-60
4844,10.1016/j.bmcl.2022.129041,P36888,,,,HL-60; K562,Western blot,,,,HL-60
4845,10.1016/j.bmcl.2022.129041,P36888,,,,HL-60; K562,Western blot,,,,HL-60
4846,10.1016/j.bmcl.2022.129041,P36888,HL-60,other,,HL-60; K562,Western blot,,,,HL-60
4847,10.1016/j.bmcl.2022.129041,P36888,K562,other,,HL-60; K562,Western blot,,,,K562
4848,10.1016/j.bmcl.2022.129041,P36888,,,,HL-60; K562,Western blot,,,,HL-60
4849,10.1016/j.bmcl.2022.129041,P36888,,,,HL-60; K562,Western blot,,,,HL-60
4850,10.1016/j.bmcl.2022.129041,P36888,,,,HL-60; K562,Western blot,,,,HL-60
4851,10.1016/j.bmcl.2022.129041,P36888,,,,HL-60; K562,Western blot,,,,HL-60
4852,10.1016/j.bmcl.2022.129041,P36888,,,,HL-60; K562,Western blot,,,,HL-60
4853,10.1016/j.bmcl.2022.129041,P36888,A498,other,,HL-60; K562,Western blot,,,,A498
4854,10.1101/gad.349717.122,O60885,,,,,,,,,
4854,10.1101/gad.349717.122,O60885,,,,,,,,,
4854,10.1101/gad.349717.122,P25440,,,,,,,,HL60,
4854,10.1101/gad.349717.122,P25440,,,,,,,,HL60,
4854,10.1101/gad.349717.122,Q15059,,,,,,,,HL60; Jurkat,
4854,10.1101/gad.349717.122,Q15059,,,,,,,,HL60; Jurkat,
4855,10.1101/gad.349717.122,O60885,,,,,,,,,
4855,10.1101/gad.349717.122,O60885,,,,,,,,,
4855,10.1101/gad.349717.122,P25440,,,,,,,,HL60,
4855,10.1101/gad.349717.122,P25440,,,,,,,,HL60,
4855,10.1101/gad.349717.122,Q15059,,,,,,,,HL60; Jurkat,
4855,10.1101/gad.349717.122,Q15059,,,,,,,,HL60; Jurkat,
4856,10.1101/gad.349717.122,O60885,,,,,,,,,
4856,10.1101/gad.349717.122,O60885,,,,,,,,,
4856,10.1101/gad.349717.122,P25440,,,,,,,,HL60,
4856,10.1101/gad.349717.122,P25440,,,,,,,,HL60,
4856,10.1101/gad.349717.122,Q15059,,,,,,,,HL60; Jurkat,
4856,10.1101/gad.349717.122,Q15059,,,,,,,,HL60; Jurkat,
4857,10.1101/gad.349717.122,O60885,,,,,,,,,
4857,10.1101/gad.349717.122,O60885,,,,,,,,,
4857,10.1101/gad.349717.122,P25440,,,,,,,,HL60,
4857,10.1101/gad.349717.122,P25440,,,,,,,,HL60,
4857,10.1101/gad.349717.122,Q15059,,,,,,,,HL60; Jurkat,
4857,10.1101/gad.349717.122,Q15059,,,,,,,,HL60; Jurkat,
4858,10.1101/gad.349717.122,O60885,,,,,,,,,
4858,10.1101/gad.349717.122,O60885,,,,,,,,,
4858,10.1101/gad.349717.122,P25440,,,,,,,,HL60,
4858,10.1101/gad.349717.122,P25440,,,,,,,,HL60,
4858,10.1101/gad.349717.122,Q15059,,,,,,,,HL60; Jurkat,
4858,10.1101/gad.349717.122,Q15059,,,,,,,,HL60; Jurkat,
4859,10.1101/gad.349717.122,O60885,,,,,,,,,
4859,10.1101/gad.349717.122,O60885,,,,,,,,,
4859,10.1101/gad.349717.122,P25440,,,,,,,,HL60,
4859,10.1101/gad.349717.122,P25440,,,,,,,,HL60,
4859,10.1101/gad.349717.122,Q15059,,,,,,,,HL60; Jurkat,
4859,10.1101/gad.349717.122,Q15059,,,,,,,,HL60; Jurkat,
4860,10.1101/gad.349717.122,O60885,,,,,,,,,
4860,10.1101/gad.349717.122,O60885,,,,,,,,,
4860,10.1101/gad.349717.122,P25440,,,,,,,,HL60,
4860,10.1101/gad.349717.122,P25440,,,,,,,,HL60,
4860,10.1101/gad.349717.122,Q15059,,,,,,,,HL60; Jurkat,
4860,10.1101/gad.349717.122,Q15059,,,,,,,,HL60; Jurkat,
4861,10.1101/gad.349717.122,O60885,,,,,,,,,
4861,10.1101/gad.349717.122,O60885,,,,,,,,,
4861,10.1101/gad.349717.122,P25440,,,,,,,,HL60,
4861,10.1101/gad.349717.122,P25440,,,,,,,,HL60,
4861,10.1101/gad.349717.122,Q15059,,,,,,,,HL60; Jurkat,
4861,10.1101/gad.349717.122,Q15059,,,,,,,,HL60; Jurkat,
4862,10.1101/gad.349717.122,O60885,,,,,,,,,
4862,10.1101/gad.349717.122,O60885,,,,,,,,,
4862,10.1101/gad.349717.122,P25440,,,,,,,,HL60,
4862,10.1101/gad.349717.122,P25440,,,,,,,,HL60,
4862,10.1101/gad.349717.122,Q15059,,,,,,,,HL60; Jurkat,
4862,10.1101/gad.349717.122,Q15059,,,,,,,,HL60; Jurkat,
4863,10.1021/acs.jmedchem.2c01218,O60885,,,,,,,,,
4864,10.1021/acs.jmedchem.2c01218,O60885,,,,,,,,,
4865,10.1021/acs.jmedchem.2c01218,O60885,,,,,,,,,
4866,10.1021/acs.jmedchem.2c01218,O60885,,,,,,,,,
4867,10.1021/acs.jmedchem.2c01218,O60885,,,,,,,,,
4868,10.1021/acs.jmedchem.2c01218,O60885,MDA-MB-231,Western blot,8.0,,,,,,MDA-MB-231
4869,10.1021/acs.jmedchem.2c01218,O60885,MDA-MB-231,Western blot,8.0,,,,,,MDA-MB-231
4870,10.1021/acs.jmedchem.2c01218,O60885,MDA-MB-231,Western blot,8.0,,,,,,MDA-MB-231
4871,10.1021/acs.jmedchem.2c01218,O60885,,,,,,,,,
4872,10.1021/acs.jmedchem.2c01218,O60885,,,,,,,,,
4873,10.1021/acs.jmedchem.2c01218,O60885,MDA-MB-231,Western blot,8.0,,,,,,MDA-MB-231
4874,10.1021/acs.jmedchem.2c01218,O60885,MDA-MB-231,Western blot,8.0,,,,,,MDA-MB-231
4875,10.1021/acs.jmedchem.2c01218,O60885,MDA-MB-231,Western blot,8.0,,,,,,MDA-MB-231
4876,10.1021/acs.jmedchem.2c01218,O60885,,,,,,,,,
4877,10.1021/acs.jmedchem.2c01218,O60885,,,,,,,,,
4878,10.1021/acs.jmedchem.2c01218,O60885,MDA-MB-231,Western blot,8.0,,,,,,MDA-MB-231
4879,10.1021/acs.jmedchem.2c01218,O60885,,,,,,,,,
4880,10.1021/acs.jmedchem.2c01218,O60885,,,,,,,,,
4881,10.1021/acs.jmedchem.2c01218,O60885,,,,,,,,,
4882,10.1016/j.chembiol.2022.10.007,P43490,Jurkat,Western blot,24.0,hematological tumor cells,,,,,Jurkat
4883,10.1016/j.chembiol.2022.10.007,P43490,Jurkat,Western blot,24.0,hematological tumor cells,,,,,Jurkat
4884,10.1016/j.chembiol.2022.10.007,P43490,Jurkat,Western blot,24.0,hematological tumor cells,,,,,Jurkat
4885,10.1016/j.chembiol.2022.10.007,P43490,Jurkat,other,24.0,hematological tumor cells,,,,,Jurkat
4886,10.1016/j.chembiol.2022.10.007,P43490,Jurkat,other,24.0,hematological tumor cells,,,,,Jurkat
4887,10.1016/j.chembiol.2022.10.007,P43490,Jurkat,other,24.0,hematological tumor cells,,,,,Jurkat
4888,10.1016/j.chembiol.2022.10.007,P43490,Jurkat,other,24.0,hematological tumor cells,,,,,Jurkat
4889,10.1016/j.chembiol.2022.10.007,P43490,Jurkat,other,24.0,hematological tumor cells,,,,,Jurkat
4890,10.1016/j.chembiol.2022.10.007,P43490,Jurkat,other,24.0,hematological tumor cells,,,,,Jurkat
4891,10.1016/j.chembiol.2022.10.007,P43490,Jurkat,other,24.0,hematological tumor cells,,,,,Jurkat
4892,10.1016/j.chembiol.2022.10.007,P43490,Jurkat,other,24.0,hematological tumor cells,,,,,Jurkat
4893,10.1016/j.chembiol.2022.10.007,P43490,Jurkat,other,24.0,hematological tumor cells,,,,,Jurkat
4894,10.1038/s41375-022-01735-6,Q00987,,,,WT TP53 leukemia cell lines,Western blot; cell viability; apoptosis; cell-cycle arrest,,,LNCaP; LnCAP; MCF7; MDA-MB-231; PC3; U2OS,WT TP53 leukemia cell lines
4895,10.1038/s41375-022-01735-6,Q00987,,,,WT TP53 leukemia cell lines,Western blot; cell viability; apoptosis; cell-cycle arrest,,,LNCaP; LnCAP; MCF7; MDA-MB-231; PC3; U2OS,WT TP53 leukemia cell lines
4896,10.1038/s41375-022-01735-6,Q00987,,,,WT TP53 leukemia cell lines,Western blot; cell viability; apoptosis; cell-cycle arrest,,,LNCaP; LnCAP; MCF7; MDA-MB-231; PC3; U2OS,WT TP53 leukemia cell lines
4897,10.1038/s41375-022-01735-6,Q00987,MOLM-13,other,,WT TP53 leukemia cell lines,Western blot; cell viability; apoptosis; cell-cycle arrest,,,LNCaP; LnCAP; MCF7; MDA-MB-231; PC3; U2OS,MOLM-13
4898,10.1038/s41375-022-01735-6,Q00987,,,,WT TP53 leukemia cell lines,Western blot; cell viability; apoptosis; cell-cycle arrest,,,LNCaP; LnCAP; MCF7; MDA-MB-231; PC3; U2OS,WT TP53 leukemia cell lines
4899,10.1038/s41375-022-01735-6,Q00987,,,,WT TP53 leukemia cell lines,Western blot; cell viability; apoptosis; cell-cycle arrest,,,LNCaP; LnCAP; MCF7; MDA-MB-231; PC3; U2OS,WT TP53 leukemia cell lines
4900,10.1038/s41375-022-01735-6,Q00987,,,,WT TP53 leukemia cell lines,Western blot; cell viability; apoptosis; cell-cycle arrest,,,LNCaP; LnCAP; MCF7; MDA-MB-231; PC3; U2OS,WT TP53 leukemia cell lines
4901,10.1038/s41375-022-01735-6,Q00987,,,,WT TP53 leukemia cell lines,Western blot; cell viability; apoptosis; cell-cycle arrest,,,LNCaP; LnCAP; MCF7; MDA-MB-231; PC3; U2OS,WT TP53 leukemia cell lines
4902,10.1038/s41375-022-01735-6,Q00987,,,,WT TP53 leukemia cell lines,Western blot; cell viability; apoptosis; cell-cycle arrest,,,LNCaP; LnCAP; MCF7; MDA-MB-231; PC3; U2OS,WT TP53 leukemia cell lines
4903,10.1038/s41375-022-01735-6,Q00987,,,,WT TP53 leukemia cell lines,Western blot; cell viability; apoptosis; cell-cycle arrest,,,LNCaP; LnCAP; MCF7; MDA-MB-231; PC3; U2OS,WT TP53 leukemia cell lines
4904,10.1016/j.bcp.2022.115329,P09874,MDA-MB-453,other,,p53-positive breast cancer cells,Western blot; degradation reporter,,,,MDA-MB-453
4905,10.1016/j.ejmech.2022.114810,nan,K562,degradation reporter,,K562,degradation reporter,,,,K562
4906,10.1016/j.ejmech.2022.114810,nan,K562,degradation reporter,,K562,degradation reporter,,,,K562
4907,10.1016/j.ejmech.2022.114810,nan,K562,degradation reporter,,K562,degradation reporter,,,,K562
4908,10.1016/j.ejmech.2022.114810,nan,K562,degradation reporter,,K562,degradation reporter,,,,K562
4909,10.1016/j.ejmech.2022.114810,nan,K562,degradation reporter,,K562,degradation reporter,,,,K562
4910,10.1016/j.ejmech.2022.114810,nan,K562,degradation reporter,,K562,degradation reporter,,,,K562
4911,10.1016/j.ejmech.2022.114810,nan,K562,degradation reporter,,K562,degradation reporter,,,,K562
4912,10.1016/j.ejmech.2022.114810,nan,K562,degradation reporter,,K562,degradation reporter,,,,K562
4913,10.1016/j.ejmech.2022.114810,nan,K562,degradation reporter,,K562,degradation reporter,,,,K562
4914,10.1016/j.ejmech.2022.114810,nan,K562,degradation reporter,,K562,degradation reporter,,,,K562
4915,10.1016/j.ejmech.2022.114810,nan,K562,degradation reporter,,K562,degradation reporter,,,,K562
4916,10.1016/j.ejmech.2022.114810,nan,K562,degradation reporter,,K562,degradation reporter,,,,K562
4917,10.1016/j.ejmech.2022.114810,nan,K562,degradation reporter,,K562,degradation reporter,,,,K562
4918,10.1016/j.ejmech.2022.114810,nan,K562,degradation reporter,,K562,degradation reporter,,,,K562
4919,10.1016/j.ejmech.2022.114810,nan,K562,degradation reporter,,K562,degradation reporter,,,,K562
4920,10.1016/j.ejmech.2022.114810,nan,K562,degradation reporter,,K562,degradation reporter,,,,K562
4921,10.1016/j.ejmech.2022.114810,nan,K562,degradation reporter,,K562,degradation reporter,,,,K562
4922,10.1016/j.ejmech.2022.114810,nan,K562,degradation reporter,,K562,degradation reporter,,,,K562
4923,10.1016/j.ejmech.2022.114810,nan,K562,degradation reporter,,K562,degradation reporter,,,,K562
4924,10.1016/j.ejmech.2022.114810,nan,K562,Western blot,,K562,degradation reporter,,,,K562
4925,10.1016/j.ejmech.2022.114810,nan,K562,Western blot,,K562,degradation reporter,,,,K562
4926,10.1016/j.ejmech.2022.114810,nan,K562,Western blot,,K562,degradation reporter,,,,K562
4927,10.1016/j.ejmech.2022.114810,nan,K562,Western blot,,K562,degradation reporter,,,,K562
4928,10.1016/j.ejmech.2022.114810,nan,K562,Western blot,,K562,degradation reporter,,,,K562
4929,10.1016/j.ejmech.2022.114810,nan,K562,Western blot,,K562,degradation reporter,,,,K562
4930,10.1016/j.ejmech.2022.114810,nan,K562,Western blot,,K562,degradation reporter,,,,K562
4931,10.1016/j.ejmech.2022.114810,nan,K562,Western blot,,K562,degradation reporter,,,,K562
4932,10.1016/j.ejmech.2022.114810,nan,K562,Western blot,,K562,degradation reporter,,,,K562
4933,10.1016/j.ejmech.2022.114810,nan,K562,Western blot,,K562,degradation reporter,,,,K562
4934,10.1016/j.ejmech.2022.114810,nan,,,,K562,degradation reporter,,,,K562
4934,10.1016/j.ejmech.2022.114810,nan,,,,K562,degradation reporter,,,,K562
4934,10.1016/j.ejmech.2022.114810,nan,,,,K562,degradation reporter,,,,K562
4934,10.1016/j.ejmech.2022.114810,nan,,,,K562,degradation reporter,,,,K562
4934,10.1016/j.ejmech.2022.114810,nan,,,,K562,degradation reporter,,,,K562
4934,10.1016/j.ejmech.2022.114810,nan,,,,K562,degradation reporter,,,,K562
4934,10.1016/j.ejmech.2022.114810,nan,,,,K562,degradation reporter,,,,K562
4934,10.1016/j.ejmech.2022.114810,nan,,,,K562,degradation reporter,,,,K562
4934,10.1016/j.ejmech.2022.114810,nan,,,,K562,degradation reporter,,,,K562
4934,10.1016/j.ejmech.2022.114810,nan,,,,K562,degradation reporter,,,,K562
4934,10.1016/j.ejmech.2022.114810,nan,,,,K562,degradation reporter,,,,K562
4935,10.1016/j.ejmech.2022.114810,nan,K562,Western blot,,K562,degradation reporter,,,,K562
4936,10.1016/j.ejmech.2022.114810,nan,K562,Western blot,,K562,degradation reporter,,,,K562
4937,10.1016/j.ejmech.2022.114810,nan,K562,Western blot,,K562,degradation reporter,,,,K562
4938,10.1080/14756366.2022.2135510,Q13155,A549,Western blot,24.0,,,,,A549,A549
4939,10.1080/14756366.2022.2135510,Q13155,A549,Western blot,24.0,,,,,A549,A549
4940,10.1080/14756366.2022.2135510,Q13155,A549,Western blot,24.0,,,,,A549,A549
4941,10.1080/14756366.2022.2135510,Q13155,A549,Western blot,24.0,,,,,A549,A549
4942,10.1080/14756366.2022.2135510,Q13155,A549,Western blot,24.0,,,,,A549,A549
4943,10.1080/14756366.2022.2135510,Q13155,A549,Western blot,24.0,,,,,A549,A549
4944,10.1080/14756366.2022.2135510,Q13155,A549,degradation reporter,24.0,,,,,A549,A549
4945,10.1080/14756366.2022.2135510,Q13155,A549,degradation reporter,24.0,,,,,A549,A549
4946,10.1080/14756366.2022.2135510,Q13155,A549,degradation reporter,24.0,,,,,A549,A549
4947,10.1080/14756366.2022.2135510,Q13155,A549,degradation reporter,24.0,,,,,A549,A549
4948,10.1080/14756366.2022.2135510,Q13155,A549,degradation reporter,24.0,,,,,A549,A549
4949,10.1080/14756366.2022.2135510,Q13155,A549,degradation reporter,24.0,,,,,A549,A549
4950,10.1080/14756366.2022.2135510,Q13155,A549,degradation reporter,24.0,,,,,A549,A549
4951,10.1080/14756366.2022.2135510,Q13155,A549,degradation reporter,24.0,,,,,A549,A549
4952,10.1080/14756366.2022.2135510,Q13155,A549,degradation reporter,24.0,,,,,A549,A549
4953,10.1080/14756366.2022.2135510,Q13155,A549,degradation reporter,24.0,,,,,A549,A549
4954,10.1080/14756366.2022.2135510,Q13155,A549,degradation reporter,24.0,,,,,A549,A549
4955,10.1080/14756366.2022.2135510,Q13155,A549,degradation reporter,24.0,,,,,A549,A549
4956,10.1080/14756366.2022.2135510,Q13155,A549,degradation reporter,24.0,,,,,A549,A549
4957,10.1080/14756366.2022.2135510,Q13155,A549,degradation reporter,24.0,,,,,A549,A549
4958,10.1080/14756366.2022.2135510,Q13155,A549,degradation reporter,24.0,,,,,A549,A549
4959,10.1080/14756366.2022.2135510,Q13155,A549,degradation reporter,24.0,,,,,A549,A549
4960,10.1080/14756366.2022.2135510,Q13155,A549,degradation reporter,24.0,,,,,A549,A549
4961,10.1080/14756366.2022.2135510,Q13155,A549,degradation reporter,24.0,,,,,A549,A549
4962,10.1080/14756366.2022.2135510,Q13155,A549,degradation reporter,24.0,,,,,A549,A549
4963,10.1080/14756366.2022.2135510,Q13155,A549,degradation reporter,24.0,,,,,A549,A549
4964,10.1080/14756366.2022.2135510,Q13155,A549,degradation reporter,24.0,,,,,A549,A549
4965,10.1080/14756366.2022.2135510,Q13155,A549,degradation reporter,24.0,,,,,A549,A549
4966,10.1080/14756366.2022.2135510,Q13155,A549,degradation reporter,24.0,,,,,A549,A549
4967,10.1080/14756366.2022.2135510,Q13155,A549,degradation reporter,24.0,,,,,A549,A549
4968,10.1080/14756366.2022.2135510,Q13155,A549,degradation reporter,24.0,,,,,A549,A549
4969,10.1080/14756366.2022.2135510,Q13155,A549,degradation reporter,24.0,,,,,A549,A549
4970,10.1182/bloodadvances.2022008121,Q06187,,,,diffuse large B-cell lymphoma cell line; TMD-8,degradation reporter,,,HL-60; K562; Ramos,diffuse large B-cell lymphoma cell line
4970,10.1182/bloodadvances.2022008121,Q06187,,,,diffuse large B-cell lymphoma cell line; TMD-8,degradation reporter,,,HL-60; K562; Ramos,diffuse large B-cell lymphoma cell line
4970,10.1182/bloodadvances.2022008121,Q06187,,,,diffuse large B-cell lymphoma cell line; TMD-8,degradation reporter,,,HL-60; K562; Ramos,diffuse large B-cell lymphoma cell line
4970,10.1182/bloodadvances.2022008121,Q06187,,,,diffuse large B-cell lymphoma cell line; TMD-8,degradation reporter,,,HL-60; K562; Ramos,diffuse large B-cell lymphoma cell line
4970,10.1182/bloodadvances.2022008121,Q06187,,,,diffuse large B-cell lymphoma cell line; TMD-8,degradation reporter,,,HL-60; K562; Ramos,diffuse large B-cell lymphoma cell line
4970,10.1182/bloodadvances.2022008121,Q06187,,,,diffuse large B-cell lymphoma cell line; TMD-8,degradation reporter,,,HL-60; K562; Ramos,diffuse large B-cell lymphoma cell line
4970,10.1182/bloodadvances.2022008121,Q06187,,,,diffuse large B-cell lymphoma cell line; TMD-8,degradation reporter,,,HL-60; K562; Ramos,diffuse large B-cell lymphoma cell line
4970,10.1182/bloodadvances.2022008121,Q06187,,,,diffuse large B-cell lymphoma cell line; TMD-8,degradation reporter,,,HL-60; K562; Ramos,diffuse large B-cell lymphoma cell line
4971,10.1021/acsmedchemlett.2c00300,O60885,,TR-FRET,,,,,,,
4971,10.1021/acsmedchemlett.2c00300,O60885,,TR-FRET,,,,,,,
4971,10.1021/acsmedchemlett.2c00300,O60885,,TR-FRET,,,,,,,
4972,10.1038/s41586-022-05333-5,O60885,,,,,ubiquitination; degradation,,,,
4973,10.1038/s41586-022-05333-5,O60885,,,,,ubiquitination; degradation,,,,
4974,10.1038/s41586-022-05333-5,O60885,,,,,ubiquitination; degradation,,,,
4975,10.1038/s41586-022-05333-5,O60885,,,,,ubiquitination; degradation,,,,
4976,10.1038/s41586-022-05333-5,O60885,,,,,ubiquitination; degradation,,,,
4977,10.1038/s41586-022-05333-5,O60885,,,,,ubiquitination; degradation,,,,
4978,10.1038/s41586-022-05333-5,O60885,,,,,ubiquitination; degradation,,,,
4979,10.1038/s41586-022-05333-5,O60885,,,,,ubiquitination; degradation,,,,
4980,10.1038/s41586-022-05333-5,O60885,,,,,ubiquitination; degradation,,,,
4981,10.1038/s41586-022-05333-5,O60885,,,,,ubiquitination; degradation,,,,
4982,10.1038/s41586-022-05333-5,O60885,,,,,ubiquitination; degradation,,,,
4983,10.1038/s41586-022-05333-5,O60885,,,,,ubiquitination; degradation,,,,
4984,10.1038/s41586-022-05333-5,O60885,,,,,ubiquitination; degradation,,,,
4985,10.1038/s41586-022-05333-5,O60885,,,,,ubiquitination; degradation,,,,
4986,10.1038/s41586-022-05333-5,O60885,,,,,ubiquitination; degradation,,,,
4987,10.1038/s41586-022-05333-5,O60885,,,,,ubiquitination; degradation,,,,
4988,10.1038/s41586-022-05333-5,O60885,,,,,ubiquitination; degradation,,,,
4989,10.1038/s41586-022-05333-5,O60885,,,,,ubiquitination; degradation,,,,
4990,10.1038/s41586-022-05333-5,O60885,,,,,ubiquitination; degradation,,,,
4991,10.1038/s41586-022-05333-5,O60885,,,,,ubiquitination; degradation,,,,
4992,10.1038/s41586-022-05333-5,O60885,,,,,ubiquitination; degradation,,,,
4993,10.1016/j.ejmech.2022.114821,P35968,HGC-27,degradation reporter,24.0,HGC-27; HUVEC; HEK293T; GES-1,Western blot; colony formation assay; migration assay; invasion assay; cell cycle analysis; apoptosis assay; qPCR,,,,HGC-27
4994,10.1016/j.ejmech.2022.114821,P35968,HGC-27,degradation reporter,24.0,HGC-27; HUVEC; HEK293T; GES-1,Western blot; colony formation assay; migration assay; invasion assay; cell cycle analysis; apoptosis assay; qPCR,,,,HGC-27
4995,10.1016/j.ejmech.2022.114821,P35968,HGC-27,degradation reporter,24.0,HGC-27; HUVEC; HEK293T; GES-1,Western blot; colony formation assay; migration assay; invasion assay; cell cycle analysis; apoptosis assay; qPCR,,,,HGC-27
4996,10.1016/j.ejmech.2022.114821,P35968,HGC-27,degradation reporter,24.0,HGC-27; HUVEC; HEK293T; GES-1,Western blot; colony formation assay; migration assay; invasion assay; cell cycle analysis; apoptosis assay; qPCR,,,,HGC-27
4997,10.1016/j.ejmech.2022.114821,P35968,HGC-27,degradation reporter,24.0,HGC-27; HUVEC; HEK293T; GES-1,Western blot; colony formation assay; migration assay; invasion assay; cell cycle analysis; apoptosis assay; qPCR,,,,HGC-27
4998,10.1016/j.ejmech.2022.114821,P35968,HGC-27,degradation reporter,24.0,HGC-27; HUVEC; HEK293T; GES-1,Western blot; colony formation assay; migration assay; invasion assay; cell cycle analysis; apoptosis assay; qPCR,,,,HGC-27
4999,10.1016/j.ejmech.2022.114821,P35968,HGC-27,degradation reporter,24.0,HGC-27; HUVEC; HEK293T; GES-1,Western blot; colony formation assay; migration assay; invasion assay; cell cycle analysis; apoptosis assay; qPCR,,,,HGC-27
5000,10.1016/j.ejmech.2022.114821,P35968,HGC-27,degradation reporter,24.0,HGC-27; HUVEC; HEK293T; GES-1,Western blot; colony formation assay; migration assay; invasion assay; cell cycle analysis; apoptosis assay; qPCR,,,,HGC-27
5001,10.1016/j.ejmech.2022.114821,P35968,HGC-27,degradation reporter,24.0,HGC-27; HUVEC; HEK293T; GES-1,Western blot; colony formation assay; migration assay; invasion assay; cell cycle analysis; apoptosis assay; qPCR,,,,HGC-27
5002,10.1016/j.ejmech.2022.114821,P35968,HGC-27,degradation reporter,24.0,HGC-27; HUVEC; HEK293T; GES-1,Western blot; colony formation assay; migration assay; invasion assay; cell cycle analysis; apoptosis assay; qPCR,,,,HGC-27
5003,10.1016/j.ejmech.2022.114821,P35968,HGC-27,degradation reporter,24.0,HGC-27; HUVEC; HEK293T; GES-1,Western blot; colony formation assay; migration assay; invasion assay; cell cycle analysis; apoptosis assay; qPCR,,,,HGC-27
5004,10.1016/j.ejmech.2022.114821,P35968,HGC-27,degradation reporter,24.0,HGC-27; HUVEC; HEK293T; GES-1,Western blot; colony formation assay; migration assay; invasion assay; cell cycle analysis; apoptosis assay; qPCR,,,,HGC-27
5005,10.1016/j.ejmech.2022.114821,P35968,HGC-27,degradation reporter,24.0,HGC-27; HUVEC; HEK293T; GES-1,Western blot; colony formation assay; migration assay; invasion assay; cell cycle analysis; apoptosis assay; qPCR,,,,HGC-27
5006,10.1016/j.ejmech.2022.114821,P35968,HGC-27,degradation reporter,24.0,HGC-27; HUVEC; HEK293T; GES-1,Western blot; colony formation assay; migration assay; invasion assay; cell cycle analysis; apoptosis assay; qPCR,,,,HGC-27
5007,10.1016/j.ejmech.2022.114821,P35968,HGC-27,degradation reporter,24.0,HGC-27; HUVEC; HEK293T; GES-1,Western blot; colony formation assay; migration assay; invasion assay; cell cycle analysis; apoptosis assay; qPCR,,,,HGC-27
5008,10.1016/j.ejmech.2022.114821,P35968,HGC-27,degradation reporter,24.0,HGC-27; HUVEC; HEK293T; GES-1,Western blot; colony formation assay; migration assay; invasion assay; cell cycle analysis; apoptosis assay; qPCR,,,,HGC-27
5009,10.1016/j.ejmech.2022.114821,P35968,HGC-27,degradation reporter,24.0,HGC-27; HUVEC; HEK293T; GES-1,Western blot; colony formation assay; migration assay; invasion assay; cell cycle analysis; apoptosis assay; qPCR,,,,HGC-27
5010,10.1016/j.ejmech.2022.114821,P35968,HGC-27,degradation reporter,24.0,HGC-27; HUVEC; HEK293T; GES-1,Western blot; colony formation assay; migration assay; invasion assay; cell cycle analysis; apoptosis assay; qPCR,,,,HGC-27
5011,10.1016/j.ejmech.2022.114821,P35968,HGC-27,degradation reporter,24.0,HGC-27; HUVEC; HEK293T; GES-1,Western blot; colony formation assay; migration assay; invasion assay; cell cycle analysis; apoptosis assay; qPCR,,,,HGC-27
5012,10.1016/j.ejmech.2022.114821,P35968,HGC-27,degradation reporter,24.0,HGC-27; HUVEC; HEK293T; GES-1,Western blot; colony formation assay; migration assay; invasion assay; cell cycle analysis; apoptosis assay; qPCR,,,,HGC-27
5013,10.1016/j.ejmech.2022.114821,P35968,HGC-27,Western blot,24.0,HGC-27; HUVEC; HEK293T; GES-1,Western blot; colony formation assay; migration assay; invasion assay; cell cycle analysis; apoptosis assay; qPCR,,,,HGC-27
5014,10.1016/j.ejmech.2022.114821,P35968,HGC-27,Western blot,24.0,HGC-27; HUVEC; HEK293T; GES-1,Western blot; colony formation assay; migration assay; invasion assay; cell cycle analysis; apoptosis assay; qPCR,,,,HGC-27
5015,10.1016/j.ejmech.2022.114821,P35968,HGC-27,Western blot,24.0,HGC-27; HUVEC; HEK293T; GES-1,Western blot; colony formation assay; migration assay; invasion assay; cell cycle analysis; apoptosis assay; qPCR,,,,HGC-27
5016,10.1016/j.ejmech.2022.114821,P35968,HGC-27,Western blot,24.0,HGC-27; HUVEC; HEK293T; GES-1,Western blot; colony formation assay; migration assay; invasion assay; cell cycle analysis; apoptosis assay; qPCR,,,,HGC-27
5017,10.1016/j.ejmech.2022.114830,Q9BV86,HCT116,Western blot,24.0,HCT116; HT29,Western blot; proteomics,,,HCT-116; HCT116; HEK293,HCT116
5018,10.1016/j.ejmech.2022.114830,Q9BV86,HCT116,Western blot,24.0,HCT116; HT29,Western blot; proteomics,,,HCT-116; HCT116; HEK293,HCT116
5019,10.1016/j.ejmech.2022.114830,Q9BV86,HCT116,Western blot,24.0,HCT116; HT29,Western blot; proteomics,,,HCT-116; HCT116; HEK293,HCT116
5020,10.1016/j.chembiol.2022.09.004,Q13164,MOLT4,Western blot,5.0,multiple cancer cell lines; primary endothelial cells,,,,HEK293; HL-60; HeLa,MOLT4
5021,10.1016/j.chembiol.2022.09.004,Q13164,MOLT4,Western blot,5.0,multiple cancer cell lines; primary endothelial cells,,,,HEK293; HL-60; HeLa,MOLT4
5022,10.1016/j.chembiol.2022.09.004,Q13164,MOLT4,Western blot,5.0,multiple cancer cell lines; primary endothelial cells,,,,HEK293; HL-60; HeLa,MOLT4
5023,10.1038/s41467-022-33430-6,P51531,RKO,degradation reporter,18.0,,degradation assay,,,A549; U2OS,RKO
5023,10.1038/s41467-022-33430-6,P51532,RKO,degradation reporter,18.0,,degradation assay,,,HEK293; HL-60; U2OS,RKO
5024,10.1038/s41467-022-33430-6,P51531,RKO,degradation reporter,18.0,,degradation assay,,,A549; U2OS,RKO
5024,10.1038/s41467-022-33430-6,P51532,RKO,degradation reporter,18.0,,degradation assay,,,HEK293; HL-60; U2OS,RKO
5025,10.1038/s41467-022-33430-6,P51531,RKO,degradation reporter,18.0,,degradation assay,,,A549; U2OS,RKO
5025,10.1038/s41467-022-33430-6,P51532,RKO,degradation reporter,18.0,,degradation assay,,,HEK293; HL-60; U2OS,RKO
5026,10.1038/s41467-022-33430-6,P51531,RKO,degradation reporter,18.0,,degradation assay,,,A549; U2OS,RKO
5026,10.1038/s41467-022-33430-6,P51532,RKO,degradation reporter,18.0,,degradation assay,,,HEK293; HL-60; U2OS,RKO
5027,10.1038/s41467-022-33430-6,P51531,RKO,degradation reporter,18.0,,degradation assay,,,A549; U2OS,RKO
5027,10.1038/s41467-022-33430-6,P51532,RKO,degradation reporter,18.0,,degradation assay,,,HEK293; HL-60; U2OS,RKO
5028,10.1038/s41467-022-33430-6,P51531,RKO,degradation reporter,18.0,,degradation assay,,,A549; U2OS,RKO
5028,10.1038/s41467-022-33430-6,P51532,RKO,degradation reporter,18.0,,degradation assay,,,HEK293; HL-60; U2OS,RKO
5029,10.1038/s41467-022-33430-6,P51531,RKO,degradation reporter,18.0,,degradation assay,,,A549; U2OS,RKO
5029,10.1038/s41467-022-33430-6,P51532,RKO,degradation reporter,18.0,,degradation assay,,,HEK293; HL-60; U2OS,RKO
5030,10.1021/acs.jmedchem.2c01454,P31749,,,,,,,,,
5030,10.1021/acs.jmedchem.2c01454,P31751,,,,,,,,,
5030,10.1021/acs.jmedchem.2c01454,Q9Y243,,,,,,,,HEK293T,
5031,10.1021/acs.jmedchem.2c01454,P31749,,,,,,,,,
5031,10.1021/acs.jmedchem.2c01454,P31751,,,,,,,,,
5031,10.1021/acs.jmedchem.2c01454,Q9Y243,,,,,,,,HEK293T,
5032,10.1021/acs.jmedchem.2c01454,P31749,,,,,,,,,
5032,10.1021/acs.jmedchem.2c01454,P31751,,,,,,,,,
5032,10.1021/acs.jmedchem.2c01454,Q9Y243,,,,,,,,HEK293T,
5033,10.1021/acs.jmedchem.2c01454,P31749,,,,,,,,,
5033,10.1021/acs.jmedchem.2c01454,P31751,,,,,,,,,
5033,10.1021/acs.jmedchem.2c01454,Q9Y243,,,,,,,,HEK293T,
5034,10.1021/acs.jmedchem.2c01454,P31749,,,,,,,,,
5034,10.1021/acs.jmedchem.2c01454,P31751,,,,,,,,,
5034,10.1021/acs.jmedchem.2c01454,Q9Y243,,,,,,,,HEK293T,
5035,10.1021/acs.jmedchem.2c01454,P31749,,,,,,,,,
5035,10.1021/acs.jmedchem.2c01454,P31751,,,,,,,,,
5035,10.1021/acs.jmedchem.2c01454,Q9Y243,,,,,,,,HEK293T,
5036,10.1021/acs.jmedchem.2c01454,P31749,,,,,,,,,
5036,10.1021/acs.jmedchem.2c01454,P31751,,,,,,,,,
5036,10.1021/acs.jmedchem.2c01454,Q9Y243,,,,,,,,HEK293T,
5037,10.1021/acs.jmedchem.2c01454,P31749,,,,,,,,,
5037,10.1021/acs.jmedchem.2c01454,P31751,,,,,,,,,
5037,10.1021/acs.jmedchem.2c01454,Q9Y243,,,,,,,,HEK293T,
5038,10.1021/acs.jmedchem.2c01454,P31749,,,,,,,,,
5038,10.1021/acs.jmedchem.2c01454,P31751,,,,,,,,,
5038,10.1021/acs.jmedchem.2c01454,Q9Y243,,,,,,,,HEK293T,
5039,10.1021/acs.jmedchem.2c01454,P31749,,,,,,,,,
5039,10.1021/acs.jmedchem.2c01454,P31751,,,,,,,,,
5039,10.1021/acs.jmedchem.2c01454,Q9Y243,,,,,,,,HEK293T,
5040,10.1021/acs.jmedchem.2c01454,P31749,,,,,,,,,
5040,10.1021/acs.jmedchem.2c01454,P31751,,,,,,,,,
5040,10.1021/acs.jmedchem.2c01454,Q9Y243,,,,,,,,HEK293T,
5041,10.1021/acs.jmedchem.2c01454,P31749,,,,,,,,,
5041,10.1021/acs.jmedchem.2c01454,P31751,,,,,,,,,
5041,10.1021/acs.jmedchem.2c01454,Q9Y243,,,,,,,,HEK293T,
5042,10.1021/acs.jmedchem.2c01454,P31749,,,,,,,,,
5042,10.1021/acs.jmedchem.2c01454,P31751,,,,,,,,,
5042,10.1021/acs.jmedchem.2c01454,Q9Y243,,,,,,,,HEK293T,
5043,10.1021/acs.jmedchem.2c01454,P31749,,,,,,,,,
5043,10.1021/acs.jmedchem.2c01454,P31751,,,,,,,,,
5043,10.1021/acs.jmedchem.2c01454,Q9Y243,,,,,,,,HEK293T,
5044,10.1021/acs.jmedchem.2c01454,P31749,,,,,,,,,
5044,10.1021/acs.jmedchem.2c01454,P31751,,,,,,,,,
5044,10.1021/acs.jmedchem.2c01454,Q9Y243,,,,,,,,HEK293T,
5045,10.1021/acs.jmedchem.2c01454,P31749,,,,,,,,,
5045,10.1021/acs.jmedchem.2c01454,P31751,,,,,,,,,
5045,10.1021/acs.jmedchem.2c01454,Q9Y243,,,,,,,,HEK293T,
5046,10.1021/acs.jmedchem.2c01454,P31749,,,,,,,,,
5046,10.1021/acs.jmedchem.2c01454,P31751,,,,,,,,,
5046,10.1021/acs.jmedchem.2c01454,Q9Y243,,,,,,,,HEK293T,
5047,10.1021/acs.jmedchem.2c01454,P31749,,,,,,,,,
5047,10.1021/acs.jmedchem.2c01454,P31751,,,,,,,,,
5047,10.1021/acs.jmedchem.2c01454,Q9Y243,,,,,,,,HEK293T,
5048,10.1021/acs.jmedchem.2c01454,P31749,,,,,,,,,
5048,10.1021/acs.jmedchem.2c01454,P31751,,,,,,,,,
5048,10.1021/acs.jmedchem.2c01454,Q9Y243,,,,,,,,HEK293T,
5049,10.1021/acs.jmedchem.2c01454,P31749,,,,,,,,,
5049,10.1021/acs.jmedchem.2c01454,P31751,,,,,,,,,
5049,10.1021/acs.jmedchem.2c01454,Q9Y243,,,,,,,,HEK293T,
5050,10.1021/acs.jmedchem.2c01454,P31749,,,,,,,,,
5050,10.1021/acs.jmedchem.2c01454,P31751,,,,,,,,,
5050,10.1021/acs.jmedchem.2c01454,Q9Y243,,,,,,,,HEK293T,
5051,10.1021/acs.jmedchem.2c01454,P31749,,,,,,,,,
5051,10.1021/acs.jmedchem.2c01454,P31751,,,,,,,,,
5051,10.1021/acs.jmedchem.2c01454,Q9Y243,,,,,,,,HEK293T,
5052,10.1021/acs.jmedchem.2c01454,P31749,,,,,,,,,
5052,10.1021/acs.jmedchem.2c01454,P31751,,,,,,,,,
5052,10.1021/acs.jmedchem.2c01454,Q9Y243,,,,,,,,HEK293T,
5053,10.1021/acs.jmedchem.2c01454,P31749,,,,,,,,,
5053,10.1021/acs.jmedchem.2c01454,P31751,,,,,,,,,
5053,10.1021/acs.jmedchem.2c01454,Q9Y243,,,,,,,,HEK293T,
5054,10.1021/acs.jmedchem.2c01454,P31749,,,,,,,,,
5054,10.1021/acs.jmedchem.2c01454,P31751,,,,,,,,,
5054,10.1021/acs.jmedchem.2c01454,Q9Y243,,,,,,,,HEK293T,
5055,10.1021/acs.jmedchem.2c01454,P31749,,,,,,,,,
5055,10.1021/acs.jmedchem.2c01454,P31751,,,,,,,,,
5055,10.1021/acs.jmedchem.2c01454,Q9Y243,,,,,,,,HEK293T,
5056,10.1021/acs.jmedchem.2c01454,P31749,,,,,,,,,
5056,10.1021/acs.jmedchem.2c01454,P31751,,,,,,,,,
5056,10.1021/acs.jmedchem.2c01454,Q9Y243,,,,,,,,HEK293T,
5057,10.1021/acs.jmedchem.2c01454,P31749,,,,,,,,,
5057,10.1021/acs.jmedchem.2c01454,P31751,,,,,,,,,
5057,10.1021/acs.jmedchem.2c01454,Q9Y243,,,,,,,,HEK293T,
5058,10.1021/acs.jmedchem.2c01454,P31749,,,,,,,,,
5058,10.1021/acs.jmedchem.2c01454,P31751,,,,,,,,,
5058,10.1021/acs.jmedchem.2c01454,Q9Y243,,,,,,,,HEK293T,
5059,10.1021/acs.jmedchem.2c01454,P31749,,,,,,,,,
5059,10.1021/acs.jmedchem.2c01454,P31751,,,,,,,,,
5059,10.1021/acs.jmedchem.2c01454,Q9Y243,,,,,,,,HEK293T,
5060,10.1021/acs.jmedchem.2c01454,P31749,,,,,,,,,
5060,10.1021/acs.jmedchem.2c01454,P31751,,,,,,,,,
5060,10.1021/acs.jmedchem.2c01454,Q9Y243,,,,,,,,HEK293T,
5061,10.1021/acs.jmedchem.2c01454,P31749,,,,,,,,,
5061,10.1021/acs.jmedchem.2c01454,P31751,,,,,,,,,
5061,10.1021/acs.jmedchem.2c01454,Q9Y243,,,,,,,,HEK293T,
5062,10.1021/acs.jmedchem.2c01454,P31749,,,,,,,,,
5062,10.1021/acs.jmedchem.2c01454,P31751,,,,,,,,,
5062,10.1021/acs.jmedchem.2c01454,Q9Y243,,,,,,,,HEK293T,
5063,10.1021/acs.jmedchem.2c01454,P31749,,,,,,,,,
5063,10.1021/acs.jmedchem.2c01454,P31751,,,,,,,,,
5063,10.1021/acs.jmedchem.2c01454,Q9Y243,,,,,,,,HEK293T,
5064,10.1021/acs.jmedchem.2c01454,P31749,,,,,,,,,
5064,10.1021/acs.jmedchem.2c01454,P31751,,,,,,,,,
5064,10.1021/acs.jmedchem.2c01454,Q9Y243,,,,,,,,HEK293T,
5065,10.1021/acs.jmedchem.2c01454,P31749,,,,,,,,,
5065,10.1021/acs.jmedchem.2c01454,P31751,,,,,,,,,
5065,10.1021/acs.jmedchem.2c01454,Q9Y243,,,,,,,,HEK293T,
5066,10.1021/acs.jmedchem.2c01454,P31749,,,,,,,,,
5066,10.1021/acs.jmedchem.2c01454,P31751,,,,,,,,,
5066,10.1021/acs.jmedchem.2c01454,Q9Y243,,,,,,,,HEK293T,
5067,10.1021/acs.jmedchem.2c01454,P31749,,,,,,,,,
5067,10.1021/acs.jmedchem.2c01454,P31751,,,,,,,,,
5067,10.1021/acs.jmedchem.2c01454,Q9Y243,,,,,,,,HEK293T,
5068,10.1021/acs.jmedchem.2c01454,P31749,,,,,,,,,
5068,10.1021/acs.jmedchem.2c01454,P31751,,,,,,,,,
5068,10.1021/acs.jmedchem.2c01454,Q9Y243,,,,,,,,HEK293T,
5069,10.1021/acs.jmedchem.2c01454,P31749,,,,,,,,,
5069,10.1021/acs.jmedchem.2c01454,P31751,,,,,,,,,
5069,10.1021/acs.jmedchem.2c01454,Q9Y243,,,,,,,,HEK293T,
5070,10.1021/acs.jmedchem.2c01454,P31749,,,,,,,,,
5070,10.1021/acs.jmedchem.2c01454,P31751,,,,,,,,,
5070,10.1021/acs.jmedchem.2c01454,Q9Y243,,,,,,,,HEK293T,
5071,10.1021/acs.jmedchem.2c01454,P31749,,,,,,,,,
5071,10.1021/acs.jmedchem.2c01454,P31751,,,,,,,,,
5071,10.1021/acs.jmedchem.2c01454,Q9Y243,,,,,,,,HEK293T,
5072,10.1021/acs.jmedchem.2c01454,P31749,,,,,,,,,
5072,10.1021/acs.jmedchem.2c01454,P31751,,,,,,,,,
5072,10.1021/acs.jmedchem.2c01454,Q9Y243,,,,,,,,HEK293T,
5073,10.1021/acs.jmedchem.2c01454,P31749,,,,,,,,,
5073,10.1021/acs.jmedchem.2c01454,P31751,,,,,,,,,
5073,10.1021/acs.jmedchem.2c01454,Q9Y243,,,,,,,,HEK293T,
5074,10.1021/acs.jmedchem.2c01454,P31749,,,,,,,,,
5074,10.1021/acs.jmedchem.2c01454,P31751,,,,,,,,,
5074,10.1021/acs.jmedchem.2c01454,Q9Y243,,,,,,,,HEK293T,
5075,10.1021/acs.jmedchem.2c01454,P31749,,,,,,,,,
5075,10.1021/acs.jmedchem.2c01454,P31751,,,,,,,,,
5075,10.1021/acs.jmedchem.2c01454,Q9Y243,,,,,,,,HEK293T,
5076,10.1021/acs.jmedchem.2c01454,P31749,,,,,,,,,
5076,10.1021/acs.jmedchem.2c01454,P31751,,,,,,,,,
5076,10.1021/acs.jmedchem.2c01454,Q9Y243,,,,,,,,HEK293T,
5077,10.1021/acs.jmedchem.2c01454,P31749,,,,,,,,,
5077,10.1021/acs.jmedchem.2c01454,P31751,,,,,,,,,
5077,10.1021/acs.jmedchem.2c01454,Q9Y243,,,,,,,,HEK293T,
5078,10.1021/acs.jmedchem.2c01454,P31749,,,,,,,,,
5078,10.1021/acs.jmedchem.2c01454,P31751,,,,,,,,,
5078,10.1021/acs.jmedchem.2c01454,Q9Y243,,,,,,,,HEK293T,
5079,10.1021/acs.jmedchem.2c01454,P31749,,,,,,,,,
5079,10.1021/acs.jmedchem.2c01454,P31751,,,,,,,,,
5079,10.1021/acs.jmedchem.2c01454,Q9Y243,,,,,,,,HEK293T,
5080,10.1021/acs.jmedchem.2c01454,P31749,,,,,,,,,
5080,10.1021/acs.jmedchem.2c01454,P31751,,,,,,,,,
5080,10.1021/acs.jmedchem.2c01454,Q9Y243,,,,,,,,HEK293T,
5081,10.1021/acs.jmedchem.2c01454,P31749,,,,,,,,,
5081,10.1021/acs.jmedchem.2c01454,P31751,,,,,,,,,
5081,10.1021/acs.jmedchem.2c01454,Q9Y243,,,,,,,,HEK293T,
5082,10.1021/acs.jmedchem.2c01454,P31749,,,,,,,,,
5082,10.1021/acs.jmedchem.2c01454,P31751,,,,,,,,,
5082,10.1021/acs.jmedchem.2c01454,Q9Y243,,,,,,,,HEK293T,
5083,10.1021/acs.jmedchem.2c01454,P31749,,,,,,,,,
5083,10.1021/acs.jmedchem.2c01454,P31751,,,,,,,,,
5083,10.1021/acs.jmedchem.2c01454,Q9Y243,,,,,,,,HEK293T,
5084,10.1021/acs.jmedchem.2c01454,P31749,,,,,,,,,
5084,10.1021/acs.jmedchem.2c01454,P31751,,,,,,,,,
5084,10.1021/acs.jmedchem.2c01454,Q9Y243,,,,,,,,HEK293T,
5085,10.1021/acs.jmedchem.2c01454,P31749,,,,,,,,,
5085,10.1021/acs.jmedchem.2c01454,P31751,,,,,,,,,
5085,10.1021/acs.jmedchem.2c01454,Q9Y243,,,,,,,,HEK293T,
5086,10.1021/acs.jmedchem.2c01454,P31749,,,,,,,,,
5086,10.1021/acs.jmedchem.2c01454,P31751,,,,,,,,,
5086,10.1021/acs.jmedchem.2c01454,Q9Y243,,,,,,,,HEK293T,
5087,10.1021/acs.jmedchem.2c01454,P31749,,,,,,,,,
5087,10.1021/acs.jmedchem.2c01454,P31751,,,,,,,,,
5087,10.1021/acs.jmedchem.2c01454,Q9Y243,,,,,,,,HEK293T,
5088,10.1021/acs.jmedchem.2c01454,P31749,,,,,,,,,
5088,10.1021/acs.jmedchem.2c01454,P31751,,,,,,,,,
5088,10.1021/acs.jmedchem.2c01454,Q9Y243,,,,,,,,HEK293T,
5089,10.1021/acs.jmedchem.2c01454,P31749,,other,,,,,,,
5089,10.1021/acs.jmedchem.2c01454,P31751,,other,,,,,,,
5089,10.1021/acs.jmedchem.2c01454,Q9Y243,,other,,,,,,HEK293T,
5090,10.1016/j.ejmech.2022.114792,P36888,RS4-11,other,,FLT3-ITD bearing AML cells,Western blot; apoptosis assay; cell cycle analysis; qPCR,,,,RS4-11
5090,10.1016/j.ejmech.2022.114792,P36888,RS4-11,other,,FLT3-ITD bearing AML cells,Western blot; apoptosis assay; cell cycle analysis; qPCR,,,,RS4-11
5090,10.1016/j.ejmech.2022.114792,P50750,RS4-11,other,,FLT3-ITD bearing AML cells,Western blot; apoptosis assay; cell cycle analysis; qPCR,,,HCT116; HL-60; HL60; MCF7,RS4-11
5091,10.1016/j.jbc.2022.102555,Q06187,,,,DLBCL,phospho-tyrosine proteomics; in vitro assays,,,HL-60; K562; Ramos,DLBCL
5091,10.1016/j.jbc.2022.102555,Q06187,,,,DLBCL,phospho-tyrosine proteomics; in vitro assays,,,HL-60; K562; Ramos,DLBCL
5092,10.1016/j.ejmech.2022.114786,P30291,MV4-11,other,,MV-4-11,Western blot,,,,MV4-11
5093,10.1016/j.ejmech.2022.114786,P30291,,,,MV-4-11,Western blot,,,,MV-4-11
5094,10.1016/j.ejmech.2022.114786,P30291,,,,MV-4-11,Western blot,,,,MV-4-11
5095,10.1016/j.ejmech.2022.114786,P30291,,,,MV-4-11,Western blot,,,,MV-4-11
5096,10.1016/j.ejmech.2022.114786,P30291,,,,MV-4-11,Western blot,,,,MV-4-11
5097,10.1016/j.ejmech.2022.114786,P30291,,,,MV-4-11,Western blot,,,,MV-4-11
5098,10.1016/j.ejmech.2022.114786,P30291,,,,MV-4-11,Western blot,,,,MV-4-11
5099,10.1016/j.ejmech.2022.114786,P30291,,,,MV-4-11,Western blot,,,,MV-4-11
5100,10.1016/j.ejmech.2022.114786,P30291,,,,MV-4-11,Western blot,,,,MV-4-11
5101,10.1016/j.ejmech.2022.114786,P30291,,,,MV-4-11,Western blot,,,,MV-4-11
5102,10.1016/j.ejmech.2022.114786,P30291,,,,MV-4-11,Western blot,,,,MV-4-11
5103,10.1016/j.ejmech.2022.114786,P30291,MV-4-11,other,,MV-4-11,Western blot,,,,MV-4-11
5104,10.1016/j.ejmech.2022.114786,P30291,SUM149PT,other,,MV-4-11,Western blot,,,,SUM149PT
5105,10.1016/j.ejmech.2022.114786,P30291,A498,other,,MV-4-11,Western blot,,,,A498
5106,10.1016/j.ejmech.2022.114786,P30291,MV-4-11,other,,MV-4-11,Western blot,,,,MV-4-11
5107,10.1016/j.ejmech.2022.114786,P30291,SUM149PT,other,,MV-4-11,Western blot,,,,SUM149PT
5108,10.1016/j.ejmech.2022.114786,P30291,A498,other,,MV-4-11,Western blot,,,,A498
5109,10.1021/jacs.2c08964,P62942,,,,human cells,degradation,,,,human cells
5110,10.1021/jacs.2c08964,P62942,,,,human cells,degradation,,,,human cells
5111,10.1021/jacs.2c08964,O60885,,,,human cells,degradation,,,,human cells
5112,10.1016/j.ejmech.2022.114770,P03372,,,,MCF-7,,,,HeLa; MCF-7,MCF-7
5113,10.1016/j.ejmech.2022.114770,P03372,,,,MCF-7,,,,HeLa; MCF-7,MCF-7
5114,10.1016/j.ejmech.2022.114770,P03372,MCF-7,degradation reporter,24.0,MCF-7,,,,HeLa; MCF-7,MCF-7
5115,10.1016/j.ejmech.2022.114770,P03372,,,,MCF-7,,,,HeLa; MCF-7,MCF-7
5116,10.1016/j.ejmech.2022.114770,P03372,MCF-7,degradation reporter,24.0,MCF-7,,,,HeLa; MCF-7,MCF-7
5117,10.1016/j.ejmech.2022.114770,P03372,MCF-7,degradation reporter,24.0,MCF-7,,,,HeLa; MCF-7,MCF-7
5118,10.1016/j.ejmech.2022.114770,P03372,,,,MCF-7,,,,HeLa; MCF-7,MCF-7
5119,10.1016/j.ejmech.2022.114770,P03372,,,,MCF-7,,,,HeLa; MCF-7,MCF-7
5120,10.1016/j.ejmech.2022.114770,P03372,,,,MCF-7,,,,HeLa; MCF-7,MCF-7
5121,10.1021/acs.jmedchem.2c01149,P56524,Jurkat E6-1,degradation reporter,24.0,HD mouse model-derived cortical neurons,Western blot,,,HEK293; HeLa,Jurkat E6-1
5122,10.1021/acs.jmedchem.2c01149,P56524,Jurkat E6-1,degradation reporter,24.0,HD mouse model-derived cortical neurons,Western blot,,,HEK293; HeLa,Jurkat E6-1
5123,10.1021/acs.jmedchem.2c01149,P56524,Jurkat E6-1,degradation reporter,24.0,HD mouse model-derived cortical neurons,Western blot,,,HEK293; HeLa,Jurkat E6-1
5124,10.1021/acs.jmedchem.2c01149,P56524,Jurkat E6-1,degradation reporter,24.0,HD mouse model-derived cortical neurons,Western blot,,,HEK293; HeLa,Jurkat E6-1
5125,10.1021/acs.jmedchem.2c01149,P56524,Jurkat E6-1,degradation reporter,24.0,HD mouse model-derived cortical neurons,Western blot,,,HEK293; HeLa,Jurkat E6-1
5126,10.1021/acs.jmedchem.2c01149,P56524,Jurkat E6-1,degradation reporter,24.0,HD mouse model-derived cortical neurons,Western blot,,,HEK293; HeLa,Jurkat E6-1
5127,10.1016/j.bmcl.2022.128982,P11362,,,,,protein degradation,,,,
5128,10.1016/j.bmcl.2022.128982,P11362,,,,,protein degradation,,,,
5129,10.1016/j.bmcl.2022.128982,P11362,,,,,protein degradation,,,,
5130,10.1016/j.bmcl.2022.128982,P11362,,,,,protein degradation,,,,
5131,10.1016/j.bmcl.2022.128982,P11362,,,,,protein degradation,,,,
5132,10.1016/j.bmcl.2022.128982,P11362,,,,,protein degradation,,,,
5133,10.1016/j.bmcl.2022.128982,P11362,,,,,protein degradation,,,,
5134,10.1016/j.bmcl.2022.128982,P11362,,,,,protein degradation,,,,
5135,10.1016/j.bmcl.2022.128982,P11362,,,,,protein degradation,,,,
5136,10.1016/j.bmcl.2022.128982,P11362,,,,,protein degradation,,,,
5137,10.1016/j.bmcl.2022.128982,P11362,,,,,protein degradation,,,,
5138,10.1016/j.bmcl.2022.128982,P11362,,,,,protein degradation,,,,
5139,10.1016/j.bmcl.2022.128982,P11362,,,,,protein degradation,,,,
5140,10.1016/j.bmcl.2022.128982,P11362,,,,,protein degradation,,,,
5141,10.1016/j.bmcl.2022.128982,P11362,,,,,protein degradation,,,,
5142,10.1016/j.bmcl.2022.128982,P11362,,,,,protein degradation,,,,
5143,10.1016/j.bmcl.2022.128982,P11362,,,,,protein degradation,,,,
5144,10.1016/j.bmcl.2022.128982,P11362,,,,,protein degradation,,,,
5145,10.1016/j.bmcl.2022.128982,P11362,,,,,protein degradation,,,,
5146,10.1016/j.bmcl.2022.128982,P11362,,,,,protein degradation,,,,
5147,10.1016/j.bmcl.2022.128982,P11362,,,,,protein degradation,,,,
5148,10.1016/j.bmcl.2022.128982,P11362,,,,,protein degradation,,,,
5149,10.1016/j.bmcl.2022.128982,P11362,,,,,protein degradation,,,,
5150,10.1016/j.bmcl.2022.128982,P11362,,,,,protein degradation,,,,
5151,10.1016/j.bmcl.2022.128982,P11362,,,,,protein degradation,,,,
5152,10.1016/j.bmcl.2022.128982,P11362,DMS114,other,,,protein degradation,,,,DMS114
5153,10.1016/j.bmcl.2022.128982,P11362,,,,,protein degradation,,,,
5154,10.1016/j.bmcl.2022.128982,P11362,,,,,protein degradation,,,,
5155,10.1016/j.bmcl.2022.128982,P11362,,,,,protein degradation,,,,
5156,10.1016/j.bmcl.2022.128982,P11362,,,,,protein degradation,,,,
5157,10.1016/j.bmcl.2022.128982,P11362,,,,,protein degradation,,,,
5158,10.1016/j.chembiol.2022.08.004,P62942,,,,,,,,,
5159,10.1016/j.chembiol.2022.08.003,O60885,MM.1S,degradation reporter,16.0,,,,,,MM.1S
5160,10.1016/j.chembiol.2022.08.003,O60885,,,,,,,,,
5161,10.1016/j.chembiol.2022.08.003,O60885,,,,,,,,,
5162,10.1016/j.chembiol.2022.08.003,O60885,,,,,,,,,
5163,10.1016/j.chembiol.2022.08.003,O60885,,,,,,,,,
5164,10.1016/j.chembiol.2022.08.003,O60885,,,,,,,,,
5165,10.1016/j.chembiol.2022.08.003,O60885,,,,,,,,,
5166,10.1016/j.chembiol.2022.08.003,Q06187,Mino,degradation reporter,8.0,,,,,HL-60; K562; Ramos,Mino
5167,10.1016/j.chembiol.2022.08.003,Q06187,Mino,degradation reporter,8.0,,,,,HL-60; K562; Ramos,Mino
5168,10.1016/j.chembiol.2022.08.003,Q06187,Mino,degradation reporter,8.0,,,,,HL-60; K562; Ramos,Mino
5169,10.1016/j.chembiol.2022.08.003,Q06187,Mino,degradation reporter,8.0,,,,,HL-60; K562; Ramos,Mino
5170,10.1016/j.chembiol.2022.08.003,Q06187,Mino,degradation reporter,8.0,,,,,HL-60; K562; Ramos,Mino
5171,10.1016/j.chembiol.2022.08.003,Q14145,MM.1S,degradation reporter,4.0,,,,,HEK293T; THP1,MM.1S
5172,10.1016/j.chembiol.2022.08.003,Q14145,MM.1S,degradation reporter,4.0,,,,,HEK293T; THP1,MM.1S
5173,10.1039/d2cc03092f,O60885,,,,,,,,,
5173,10.1039/d2cc03092f,P25440,,,,,,,,HL60,
5174,10.1039/d2cc03092f,Q05397,,,,,,,,MCF7; MDA-MB-231; MDA-MB-468; PC3,
5174,10.1039/d2cc03092f,O14965,,,,,,,,HCT116; HeLa,
5175,10.3389/fphar.2022.944455,P40763,HGC27,other,,MKN1,,,,HEK293; HeLa; MDA-MB-231; THP1,HGC27
5176,10.3389/fphar.2022.944455,P40763,MGC803,other,,MKN1,,,,HEK293; HeLa; MDA-MB-231; THP1,MGC803
5177,10.3389/fphar.2022.944455,P40763,AZ521,other,,MKN1,,,,HEK293; HeLa; MDA-MB-231; THP1,AZ521
5178,10.3389/fphar.2022.944455,P40763,HGC27,other,,MKN1,,,,HEK293; HeLa; MDA-MB-231; THP1,HGC27
5179,10.3389/fphar.2022.944455,P40763,MGC803,other,,MKN1,,,,HEK293; HeLa; MDA-MB-231; THP1,MGC803
5180,10.3389/fphar.2022.944455,P40763,AZ521,other,,MKN1,,,,HEK293; HeLa; MDA-MB-231; THP1,AZ521
5181,10.3389/fphar.2022.944455,P40763,HGC27,,,MKN1,,,,HEK293; HeLa; MDA-MB-231; THP1,HGC27
5182,10.3389/fphar.2022.944455,P40763,MGC803,,,MKN1,,,,HEK293; HeLa; MDA-MB-231; THP1,MGC803
5183,10.1021/acschembio.2c00439,P11802,,,,,,,,HCT116; HeLa,
5183,10.1021/acschembio.2c00439,Q00534,,,,,,,,HCT116; HL-60; HL60,
5184,10.1021/acschembio.2c00439,P11802,,,,,,,,HCT116; HeLa,
5184,10.1021/acschembio.2c00439,Q00534,,,,,,,,HCT116; HL-60; HL60,
5185,10.1021/acschembio.2c00439,P11802,,,,,,,,HCT116; HeLa,
5185,10.1021/acschembio.2c00439,Q00534,,,,,,,,HCT116; HL-60; HL60,
5186,10.1021/acschembio.2c00439,P11802,,,,,,,,HCT116; HeLa,
5186,10.1021/acschembio.2c00439,Q00534,,,,,,,,HCT116; HL-60; HL60,
5187,10.1021/acschembio.2c00439,P11802,,,,,,,,HCT116; HeLa,
5187,10.1021/acschembio.2c00439,Q00534,,,,,,,,HCT116; HL-60; HL60,
5188,10.1021/acschembio.2c00439,P11802,,,,,,,,HCT116; HeLa,
5188,10.1021/acschembio.2c00439,Q00534,,,,,,,,HCT116; HL-60; HL60,
5189,10.1021/acschembio.2c00439,P11802,,,,,,,,HCT116; HeLa,
5189,10.1021/acschembio.2c00439,Q00534,,,,,,,,HCT116; HL-60; HL60,
5190,10.1021/acschembio.2c00439,P11802,Jurkat,degradation reporter,4.0,,,,,HCT116; HeLa,Jurkat
5190,10.1021/acschembio.2c00439,Q00534,Jurkat,degradation reporter,4.0,,,,,HCT116; HL-60; HL60,Jurkat
5191,10.1021/jacs.2c05499,Q5S007,,,,multiple cell lines,degradation reporter,,,HL-60,multiple cell lines
5191,10.1021/jacs.2c05499,Q5S007,,,,multiple cell lines,degradation reporter,,,HL-60,multiple cell lines
5192,10.1021/jacs.2c05499,Q5S007,,,,multiple cell lines,degradation reporter,,,HL-60,multiple cell lines
5192,10.1021/jacs.2c05499,Q5S007,,,,multiple cell lines,degradation reporter,,,HL-60,multiple cell lines
5193,10.1021/jacs.2c05499,Q5S007,,,,multiple cell lines,degradation reporter,,,HL-60,multiple cell lines
5193,10.1021/jacs.2c05499,Q5S007,,,,multiple cell lines,degradation reporter,,,HL-60,multiple cell lines
5194,10.1021/jacs.2c05499,Q5S007,,,,multiple cell lines,degradation reporter,,,HL-60,multiple cell lines
5194,10.1021/jacs.2c05499,Q5S007,,,,multiple cell lines,degradation reporter,,,HL-60,multiple cell lines
5195,10.1021/jacs.2c05499,Q5S007,MEF,degradation reporter,24.0,multiple cell lines,degradation reporter,,,HL-60,MEF
5195,10.1021/jacs.2c05499,Q5S007,MEF,degradation reporter,24.0,multiple cell lines,degradation reporter,,,HL-60,MEF
5196,10.1021/jacs.2c05499,Q5S007,,,,multiple cell lines,degradation reporter,,,HL-60,multiple cell lines
5196,10.1021/jacs.2c05499,Q5S007,,,,multiple cell lines,degradation reporter,,,HL-60,multiple cell lines
5197,10.1021/jacs.2c05499,Q5S007,,,,multiple cell lines,degradation reporter,,,HL-60,multiple cell lines
5197,10.1021/jacs.2c05499,Q5S007,,,,multiple cell lines,degradation reporter,,,HL-60,multiple cell lines
5198,10.1021/jacs.2c05499,Q5S007,,,,multiple cell lines,degradation reporter,,,HL-60,multiple cell lines
5198,10.1021/jacs.2c05499,Q5S007,,,,multiple cell lines,degradation reporter,,,HL-60,multiple cell lines
5199,10.1021/jacs.2c05499,Q5S007,,,,multiple cell lines,degradation reporter,,,HL-60,multiple cell lines
5199,10.1021/jacs.2c05499,Q5S007,,,,multiple cell lines,degradation reporter,,,HL-60,multiple cell lines
5200,10.1021/jacs.2c05499,Q5S007,,,,multiple cell lines,degradation reporter,,,HL-60,multiple cell lines
5200,10.1021/jacs.2c05499,Q5S007,,,,multiple cell lines,degradation reporter,,,HL-60,multiple cell lines
5201,10.1021/jacs.2c05499,Q5S007,,,,multiple cell lines,degradation reporter,,,HL-60,multiple cell lines
5201,10.1021/jacs.2c05499,Q5S007,,,,multiple cell lines,degradation reporter,,,HL-60,multiple cell lines
5202,10.1021/jacs.2c05499,Q5S007,,,,multiple cell lines,degradation reporter,,,HL-60,multiple cell lines
5202,10.1021/jacs.2c05499,Q5S007,,,,multiple cell lines,degradation reporter,,,HL-60,multiple cell lines
5203,10.1021/jacs.2c05499,Q5S007,,,,multiple cell lines,degradation reporter,,,HL-60,multiple cell lines
5203,10.1021/jacs.2c05499,Q5S007,,,,multiple cell lines,degradation reporter,,,HL-60,multiple cell lines
5204,10.1021/jacs.2c05499,Q5S007,,,,multiple cell lines,degradation reporter,,,HL-60,multiple cell lines
5204,10.1021/jacs.2c05499,Q5S007,,,,multiple cell lines,degradation reporter,,,HL-60,multiple cell lines
5205,10.1021/jacs.2c05499,Q5S007,,,,multiple cell lines,degradation reporter,,,HL-60,multiple cell lines
5205,10.1021/jacs.2c05499,Q5S007,,,,multiple cell lines,degradation reporter,,,HL-60,multiple cell lines
5206,10.1021/jacs.2c05499,Q5S007,,,,multiple cell lines,degradation reporter,,,HL-60,multiple cell lines
5206,10.1021/jacs.2c05499,Q5S007,,,,multiple cell lines,degradation reporter,,,HL-60,multiple cell lines
5207,10.1021/jacs.2c05499,Q5S007,,,,multiple cell lines,degradation reporter,,,HL-60,multiple cell lines
5207,10.1021/jacs.2c05499,Q5S007,,,,multiple cell lines,degradation reporter,,,HL-60,multiple cell lines
5208,10.1021/jacs.2c05499,Q5S007,,,,multiple cell lines,degradation reporter,,,HL-60,multiple cell lines
5208,10.1021/jacs.2c05499,Q5S007,,,,multiple cell lines,degradation reporter,,,HL-60,multiple cell lines
5209,10.1021/jacs.2c05499,Q5S007,,,,multiple cell lines,degradation reporter,,,HL-60,multiple cell lines
5209,10.1021/jacs.2c05499,Q5S007,,,,multiple cell lines,degradation reporter,,,HL-60,multiple cell lines
5210,10.1021/jacs.2c05499,Q5S007,,,,multiple cell lines,degradation reporter,,,HL-60,multiple cell lines
5210,10.1021/jacs.2c05499,Q5S007,,,,multiple cell lines,degradation reporter,,,HL-60,multiple cell lines
5211,10.1021/jacs.2c05499,Q5S007,,,,multiple cell lines,degradation reporter,,,HL-60,multiple cell lines
5211,10.1021/jacs.2c05499,Q5S007,,,,multiple cell lines,degradation reporter,,,HL-60,multiple cell lines
5212,10.1021/jacs.2c05499,Q5S007,,,,multiple cell lines,degradation reporter,,,HL-60,multiple cell lines
5212,10.1021/jacs.2c05499,Q5S007,,,,multiple cell lines,degradation reporter,,,HL-60,multiple cell lines
5213,10.1021/jacs.2c05499,Q5S007,,,,multiple cell lines,degradation reporter,,,HL-60,multiple cell lines
5213,10.1021/jacs.2c05499,Q5S007,,,,multiple cell lines,degradation reporter,,,HL-60,multiple cell lines
5214,10.1021/jacs.2c05499,Q5S007,,,,multiple cell lines,degradation reporter,,,HL-60,multiple cell lines
5214,10.1021/jacs.2c05499,Q5S007,,,,multiple cell lines,degradation reporter,,,HL-60,multiple cell lines
5215,10.1021/jacs.2c05499,Q5S007,MEF,Western blot,4.0,multiple cell lines,degradation reporter,,,HL-60,MEF
5215,10.1021/jacs.2c05499,Q5S007,MEF,Western blot,4.0,multiple cell lines,degradation reporter,,,HL-60,MEF
5216,10.1021/jacs.2c05499,Q5S007,MEF,Western blot,4.0,multiple cell lines,degradation reporter,,,HL-60,MEF
5216,10.1021/jacs.2c05499,Q5S007,MEF,Western blot,4.0,multiple cell lines,degradation reporter,,,HL-60,MEF
5217,10.1021/jacs.2c05499,Q5S007,,,,multiple cell lines,degradation reporter,,,HL-60,multiple cell lines
5217,10.1021/jacs.2c05499,Q5S007,,,,multiple cell lines,degradation reporter,,,HL-60,multiple cell lines
5218,10.1021/jacs.2c05499,Q5S007,,,,multiple cell lines,degradation reporter,,,HL-60,multiple cell lines
5218,10.1021/jacs.2c05499,Q5S007,,,,multiple cell lines,degradation reporter,,,HL-60,multiple cell lines
5219,10.1021/jacs.2c05499,Q5S007,,,,multiple cell lines,degradation reporter,,,HL-60,multiple cell lines
5219,10.1021/jacs.2c05499,Q5S007,,,,multiple cell lines,degradation reporter,,,HL-60,multiple cell lines
5220,10.1021/jacs.2c05499,Q5S007,,,,multiple cell lines,degradation reporter,,,HL-60,multiple cell lines
5220,10.1021/jacs.2c05499,Q5S007,,,,multiple cell lines,degradation reporter,,,HL-60,multiple cell lines
5221,10.1080/14756366.2022.2100886,Q05397,,other,,A549,Western blot,,,MCF7; MDA-MB-231; MDA-MB-468; PC3,A549
5222,10.1080/14756366.2022.2100886,Q05397,,,,A549,Western blot,,,MCF7; MDA-MB-231; MDA-MB-468; PC3,A549
5223,10.1080/14756366.2022.2100886,Q05397,,,,A549,Western blot,,,MCF7; MDA-MB-231; MDA-MB-468; PC3,A549
5224,10.1080/14756366.2022.2100886,Q05397,,,,A549,Western blot,,,MCF7; MDA-MB-231; MDA-MB-468; PC3,A549
5225,10.1080/14756366.2022.2100886,Q05397,,,,A549,Western blot,,,MCF7; MDA-MB-231; MDA-MB-468; PC3,A549
5226,10.1080/14756366.2022.2100886,Q05397,,other,,A549,Western blot,,,MCF7; MDA-MB-231; MDA-MB-468; PC3,A549
5227,10.1080/14756366.2022.2100886,Q05397,,,,A549,Western blot,,,MCF7; MDA-MB-231; MDA-MB-468; PC3,A549
5228,10.1080/14756366.2022.2100886,Q05397,,,,A549,Western blot,,,MCF7; MDA-MB-231; MDA-MB-468; PC3,A549
5229,10.1080/14756366.2022.2100886,Q05397,,,,A549,Western blot,,,MCF7; MDA-MB-231; MDA-MB-468; PC3,A549
5230,10.1080/14756366.2022.2100886,Q05397,,,,A549,Western blot,,,MCF7; MDA-MB-231; MDA-MB-468; PC3,A549
5231,10.1080/14756366.2022.2100886,Q05397,,,,A549,Western blot,,,MCF7; MDA-MB-231; MDA-MB-468; PC3,A549
5232,10.1080/14756366.2022.2100886,Q05397,,,,A549,Western blot,,,MCF7; MDA-MB-231; MDA-MB-468; PC3,A549
5233,10.1080/14756366.2022.2100886,Q05397,,other,,A549,Western blot,,,MCF7; MDA-MB-231; MDA-MB-468; PC3,A549
5234,10.1080/14756366.2022.2100886,Q05397,,,,A549,Western blot,,,MCF7; MDA-MB-231; MDA-MB-468; PC3,A549
5235,10.1080/14756366.2022.2100886,Q05397,,,,A549,Western blot,,,MCF7; MDA-MB-231; MDA-MB-468; PC3,A549
5236,10.1021/acs.biochem.2c00288,Q13547,,,,HCT116,Western blot; RNA sequencing,,,HeLa,HCT116
5236,10.1021/acs.biochem.2c00288,Q92769,,,,HCT116,Western blot; RNA sequencing,,,HEK293; HeLa,HCT116
5236,10.1021/acs.biochem.2c00288,O15379,,,,HCT116,Western blot; RNA sequencing,,,HEK293; HL60; HeLa,HCT116
5237,10.1021/acs.biochem.2c00288,Q13547,,,,HCT116,Western blot; RNA sequencing,,,HeLa,HCT116
5237,10.1021/acs.biochem.2c00288,Q92769,,,,HCT116,Western blot; RNA sequencing,,,HEK293; HeLa,HCT116
5237,10.1021/acs.biochem.2c00288,O15379,,,,HCT116,Western blot; RNA sequencing,,,HEK293; HL60; HeLa,HCT116
5238,10.1021/acs.jmedchem.2c00384,Q9NYV4,MDA-MB-231,Western blot,15.0,MDA-MB-231; MFM223,Western blot; proteomic profiling; proliferation assay,,,,MDA-MB-231
5238,10.1021/acs.jmedchem.2c00384,Q14004,MDA-MB-231,Western blot,15.0,MDA-MB-231; MFM223,Western blot; proteomic profiling; proliferation assay,,,HEK293; HL-60; HL60,MDA-MB-231
5239,10.1021/acs.jmedchem.2c00384,Q9NYV4,MDA-MB-231,degradation reporter,15.0,MDA-MB-231; MFM223,Western blot; proteomic profiling; proliferation assay,,,,MDA-MB-231
5239,10.1021/acs.jmedchem.2c00384,Q14004,MDA-MB-231,degradation reporter,15.0,MDA-MB-231; MFM223,Western blot; proteomic profiling; proliferation assay,,,HEK293; HL-60; HL60,MDA-MB-231
5240,10.1021/acs.jmedchem.2c00384,Q9NYV4,MDA-MB-231,degradation reporter,15.0,MDA-MB-231; MFM223,Western blot; proteomic profiling; proliferation assay,,,,MDA-MB-231
5240,10.1021/acs.jmedchem.2c00384,Q14004,MDA-MB-231,degradation reporter,15.0,MDA-MB-231; MFM223,Western blot; proteomic profiling; proliferation assay,,,HEK293; HL-60; HL60,MDA-MB-231
5241,10.1021/acs.jmedchem.2c00384,Q9NYV4,MDA-MB-231,degradation reporter,15.0,MDA-MB-231; MFM223,Western blot; proteomic profiling; proliferation assay,,,,MDA-MB-231
5241,10.1021/acs.jmedchem.2c00384,Q14004,MDA-MB-231,degradation reporter,15.0,MDA-MB-231; MFM223,Western blot; proteomic profiling; proliferation assay,,,HEK293; HL-60; HL60,MDA-MB-231
5242,10.1021/acs.jmedchem.2c00384,Q9NYV4,MDA-MB-231,degradation reporter,15.0,MDA-MB-231; MFM223,Western blot; proteomic profiling; proliferation assay,,,,MDA-MB-231
5242,10.1021/acs.jmedchem.2c00384,Q14004,MDA-MB-231,degradation reporter,15.0,MDA-MB-231; MFM223,Western blot; proteomic profiling; proliferation assay,,,HEK293; HL-60; HL60,MDA-MB-231
5243,10.1021/acs.jmedchem.2c00384,Q9NYV4,MDA-MB-231,degradation reporter,15.0,MDA-MB-231; MFM223,Western blot; proteomic profiling; proliferation assay,,,,MDA-MB-231
5243,10.1021/acs.jmedchem.2c00384,Q14004,MDA-MB-231,degradation reporter,15.0,MDA-MB-231; MFM223,Western blot; proteomic profiling; proliferation assay,,,HEK293; HL-60; HL60,MDA-MB-231
5244,10.1021/acs.jmedchem.2c00384,Q9NYV4,MDA-MB-231,degradation reporter,15.0,MDA-MB-231; MFM223,Western blot; proteomic profiling; proliferation assay,,,,MDA-MB-231
5244,10.1021/acs.jmedchem.2c00384,Q14004,MDA-MB-231,degradation reporter,15.0,MDA-MB-231; MFM223,Western blot; proteomic profiling; proliferation assay,,,HEK293; HL-60; HL60,MDA-MB-231
5245,10.1021/acs.jmedchem.2c00384,Q9NYV4,MDA-MB-231,degradation reporter,15.0,MDA-MB-231; MFM223,Western blot; proteomic profiling; proliferation assay,,,,MDA-MB-231
5245,10.1021/acs.jmedchem.2c00384,Q14004,MDA-MB-231,degradation reporter,15.0,MDA-MB-231; MFM223,Western blot; proteomic profiling; proliferation assay,,,HEK293; HL-60; HL60,MDA-MB-231
5246,10.1021/acs.jmedchem.2c00384,Q9NYV4,MDA-MB-231,degradation reporter,15.0,MDA-MB-231; MFM223,Western blot; proteomic profiling; proliferation assay,,,,MDA-MB-231
5246,10.1021/acs.jmedchem.2c00384,Q14004,MDA-MB-231,degradation reporter,15.0,MDA-MB-231; MFM223,Western blot; proteomic profiling; proliferation assay,,,HEK293; HL-60; HL60,MDA-MB-231
5247,10.1021/acs.jmedchem.2c00384,Q9NYV4,MDA-MB-231,degradation reporter,15.0,MDA-MB-231; MFM223,Western blot; proteomic profiling; proliferation assay,,,,MDA-MB-231
5247,10.1021/acs.jmedchem.2c00384,Q14004,MDA-MB-231,degradation reporter,15.0,MDA-MB-231; MFM223,Western blot; proteomic profiling; proliferation assay,,,HEK293; HL-60; HL60,MDA-MB-231
5248,10.1021/acs.jmedchem.2c00384,Q9NYV4,MDA-MB-231,degradation reporter,15.0,MDA-MB-231; MFM223,Western blot; proteomic profiling; proliferation assay,,,,MDA-MB-231
5248,10.1021/acs.jmedchem.2c00384,Q14004,MDA-MB-231,degradation reporter,15.0,MDA-MB-231; MFM223,Western blot; proteomic profiling; proliferation assay,,,HEK293; HL-60; HL60,MDA-MB-231
5249,10.1021/acs.jmedchem.2c00384,Q9NYV4,MDA-MB-231,degradation reporter,15.0,MDA-MB-231; MFM223,Western blot; proteomic profiling; proliferation assay,,,,MDA-MB-231
5249,10.1021/acs.jmedchem.2c00384,Q14004,MDA-MB-231,degradation reporter,15.0,MDA-MB-231; MFM223,Western blot; proteomic profiling; proliferation assay,,,HEK293; HL-60; HL60,MDA-MB-231
5250,10.1021/acs.jmedchem.2c00384,Q9NYV4,MDA-MB-231,degradation reporter,15.0,MDA-MB-231; MFM223,Western blot; proteomic profiling; proliferation assay,,,,MDA-MB-231
5250,10.1021/acs.jmedchem.2c00384,Q14004,MDA-MB-231,degradation reporter,15.0,MDA-MB-231; MFM223,Western blot; proteomic profiling; proliferation assay,,,HEK293; HL-60; HL60,MDA-MB-231
5251,10.1021/acs.jmedchem.2c00384,Q9NYV4,MDA-MB-231,degradation reporter,15.0,MDA-MB-231; MFM223,Western blot; proteomic profiling; proliferation assay,,,,MDA-MB-231
5251,10.1021/acs.jmedchem.2c00384,Q14004,MDA-MB-231,degradation reporter,15.0,MDA-MB-231; MFM223,Western blot; proteomic profiling; proliferation assay,,,HEK293; HL-60; HL60,MDA-MB-231
5252,10.1021/acs.jmedchem.2c00384,Q9NYV4,MDA-MB-231,degradation reporter,15.0,MDA-MB-231; MFM223,Western blot; proteomic profiling; proliferation assay,,,,MDA-MB-231
5252,10.1021/acs.jmedchem.2c00384,Q14004,MDA-MB-231,degradation reporter,15.0,MDA-MB-231; MFM223,Western blot; proteomic profiling; proliferation assay,,,HEK293; HL-60; HL60,MDA-MB-231
5253,10.1021/acs.jmedchem.2c00384,Q9NYV4,MDA-MB-231,degradation reporter,15.0,MDA-MB-231; MFM223,Western blot; proteomic profiling; proliferation assay,,,,MDA-MB-231
5253,10.1021/acs.jmedchem.2c00384,Q14004,MDA-MB-231,degradation reporter,15.0,MDA-MB-231; MFM223,Western blot; proteomic profiling; proliferation assay,,,HEK293; HL-60; HL60,MDA-MB-231
5254,10.1021/acs.jmedchem.2c00384,Q9NYV4,MDA-MB-231,degradation reporter,15.0,MDA-MB-231; MFM223,Western blot; proteomic profiling; proliferation assay,,,,MDA-MB-231
5254,10.1021/acs.jmedchem.2c00384,Q14004,MDA-MB-231,degradation reporter,15.0,MDA-MB-231; MFM223,Western blot; proteomic profiling; proliferation assay,,,HEK293; HL-60; HL60,MDA-MB-231
5255,10.1021/acs.jmedchem.2c00384,Q9NYV4,MDA-MB-231,degradation reporter,15.0,MDA-MB-231; MFM223,Western blot; proteomic profiling; proliferation assay,,,,MDA-MB-231
5255,10.1021/acs.jmedchem.2c00384,Q14004,MDA-MB-231,degradation reporter,15.0,MDA-MB-231; MFM223,Western blot; proteomic profiling; proliferation assay,,,HEK293; HL-60; HL60,MDA-MB-231
5256,10.1021/acs.jmedchem.2c00384,Q9NYV4,MDA-MB-231,degradation reporter,15.0,MDA-MB-231; MFM223,Western blot; proteomic profiling; proliferation assay,,,,MDA-MB-231
5256,10.1021/acs.jmedchem.2c00384,Q14004,MDA-MB-231,degradation reporter,15.0,MDA-MB-231; MFM223,Western blot; proteomic profiling; proliferation assay,,,HEK293; HL-60; HL60,MDA-MB-231
5257,10.1021/acs.jmedchem.2c00384,Q9NYV4,MDA-MB-231,degradation reporter,15.0,MDA-MB-231; MFM223,Western blot; proteomic profiling; proliferation assay,,,,MDA-MB-231
5257,10.1021/acs.jmedchem.2c00384,Q14004,MDA-MB-231,degradation reporter,15.0,MDA-MB-231; MFM223,Western blot; proteomic profiling; proliferation assay,,,HEK293; HL-60; HL60,MDA-MB-231
5258,10.1021/acs.jmedchem.2c00384,Q9NYV4,MDA-MB-231,degradation reporter,15.0,MDA-MB-231; MFM223,Western blot; proteomic profiling; proliferation assay,,,,MDA-MB-231
5258,10.1021/acs.jmedchem.2c00384,Q14004,MDA-MB-231,degradation reporter,15.0,MDA-MB-231; MFM223,Western blot; proteomic profiling; proliferation assay,,,HEK293; HL-60; HL60,MDA-MB-231
5259,10.1021/acs.jmedchem.2c00384,Q9NYV4,MDA-MB-231,degradation reporter,15.0,MDA-MB-231; MFM223,Western blot; proteomic profiling; proliferation assay,,,,MDA-MB-231
5259,10.1021/acs.jmedchem.2c00384,Q14004,MDA-MB-231,degradation reporter,15.0,MDA-MB-231; MFM223,Western blot; proteomic profiling; proliferation assay,,,HEK293; HL-60; HL60,MDA-MB-231
5260,10.1021/acs.jmedchem.2c00384,Q9NYV4,MDA-MB-231,degradation reporter,15.0,MDA-MB-231; MFM223,Western blot; proteomic profiling; proliferation assay,,,,MDA-MB-231
5260,10.1021/acs.jmedchem.2c00384,Q14004,MDA-MB-231,degradation reporter,15.0,MDA-MB-231; MFM223,Western blot; proteomic profiling; proliferation assay,,,HEK293; HL-60; HL60,MDA-MB-231
5261,10.1021/acs.jmedchem.2c00384,Q9NYV4,MDA-MB-231,degradation reporter,15.0,MDA-MB-231; MFM223,Western blot; proteomic profiling; proliferation assay,,,,MDA-MB-231
5261,10.1021/acs.jmedchem.2c00384,Q14004,MDA-MB-231,degradation reporter,15.0,MDA-MB-231; MFM223,Western blot; proteomic profiling; proliferation assay,,,HEK293; HL-60; HL60,MDA-MB-231
5262,10.1021/acs.jmedchem.2c00384,Q9NYV4,MDA-MB-231,degradation reporter,15.0,MDA-MB-231; MFM223,Western blot; proteomic profiling; proliferation assay,,,,MDA-MB-231
5262,10.1021/acs.jmedchem.2c00384,Q14004,MDA-MB-231,degradation reporter,15.0,MDA-MB-231; MFM223,Western blot; proteomic profiling; proliferation assay,,,HEK293; HL-60; HL60,MDA-MB-231
5263,10.1021/acs.jmedchem.2c00384,Q9NYV4,MDA-MB-231,degradation reporter,15.0,MDA-MB-231; MFM223,Western blot; proteomic profiling; proliferation assay,,,,MDA-MB-231
5263,10.1021/acs.jmedchem.2c00384,Q14004,MDA-MB-231,degradation reporter,15.0,MDA-MB-231; MFM223,Western blot; proteomic profiling; proliferation assay,,,HEK293; HL-60; HL60,MDA-MB-231
5264,10.1002/anie.202206277,P36969,HT-1080,degradation reporter,,,Western blot,,,A549; HCT-116; HEK293T; MCF7; MDA-MB-231,HT-1080
5265,10.1002/anie.202206277,P36969,,,,,Western blot,,,A549; HCT-116; HEK293T; MCF7; MDA-MB-231,
5266,10.1021/acs.jmedchem.2c00807,O96028,,,,,,,,,
5267,10.1021/acs.jmedchem.2c00807,O96028,,,,,,,,,
5268,10.1021/acs.jmedchem.2c00807,O96028,,,,,,,,,
5269,10.1021/acs.jmedchem.2c00807,O96028,,,,,,,,,
5270,10.1021/acs.jmedchem.2c00807,O96028,,,,,,,,,
5271,10.1021/acs.jmedchem.2c00807,O96028,,,,,,,,,
5272,10.1021/acs.jmedchem.2c00807,O96028,,,,,,,,,
5273,10.1021/acs.jmedchem.2c00807,O96028,,,,,,,,,
5274,10.1021/acs.jmedchem.2c00807,O96028,HEK293FT,degradation reporter,48.0,,,,,,HEK293FT
5275,10.1021/acs.jmedchem.2c00807,O96028,,,,,,,,,
5276,10.1021/acs.jmedchem.2c00807,O96028,,,,,,,,,
5277,10.3390/ijms23147535,Q9BY41,,other,,neuroblastoma cells,cell proliferation assay,,,HeLa,neuroblastoma cells
5278,10.3390/ijms23147535,Q9BY41,,other,,neuroblastoma cells,cell proliferation assay,,,HeLa,neuroblastoma cells
5279,10.3390/ijms23147535,Q9BY41,,other,,neuroblastoma cells,cell proliferation assay,,,HeLa,neuroblastoma cells
5280,10.3390/ijms23147535,Q9BY41,,other,,neuroblastoma cells,cell proliferation assay,,,HeLa,neuroblastoma cells
5281,10.3390/ijms23147535,Q9BY41,,other,,neuroblastoma cells,cell proliferation assay,,,HeLa,neuroblastoma cells
5282,10.3390/ijms23147535,Q9BY41,,other,,neuroblastoma cells,cell proliferation assay,,,HeLa,neuroblastoma cells
5283,10.3390/ijms23147535,Q9BY41,,other,,neuroblastoma cells,cell proliferation assay,,,HeLa,neuroblastoma cells
5284,10.3390/ijms23147535,Q9BY41,,other,,neuroblastoma cells,cell proliferation assay,,,HeLa,neuroblastoma cells
5285,10.3390/ijms23147535,Q9BY41,,other,,neuroblastoma cells,cell proliferation assay,,,HeLa,neuroblastoma cells
5286,10.3390/ijms23147535,Q9BY41,,other,,neuroblastoma cells,cell proliferation assay,,,HeLa,neuroblastoma cells
5287,10.3390/ijms23147535,Q9BY41,,other,,neuroblastoma cells,cell proliferation assay,,,HeLa,neuroblastoma cells
5288,10.3390/ijms23147535,Q9BY41,,other,,neuroblastoma cells,cell proliferation assay,,,HeLa,neuroblastoma cells
5289,10.1016/j.jsbmb.2022.106154,P03372,MCF-7,other,24.0,MCF-7,degradation reporter,,,HeLa; MCF-7,MCF-7
5290,10.1016/j.jsbmb.2022.106154,P03372,MCF-7,other,24.0,MCF-7,degradation reporter,,,HeLa; MCF-7,MCF-7
5291,10.1016/j.jsbmb.2022.106154,P03372,MCF-7,other,24.0,MCF-7,degradation reporter,,,HeLa; MCF-7,MCF-7
5292,10.1016/j.jsbmb.2022.106154,P03372,MCF-7,other,24.0,MCF-7,degradation reporter,,,HeLa; MCF-7,MCF-7
5293,10.1016/j.jsbmb.2022.106154,P03372,MCF-7,other,24.0,MCF-7,degradation reporter,,,HeLa; MCF-7,MCF-7
5294,10.1021/acsptsci.2c00100,Q15910,,,,TNBC cells; primary patient TNBC cells,cell growth/proliferation,,,HeLa; LNCaP; PC3,TNBC cells
5295,10.1021/acsptsci.2c00100,Q15910,,,,TNBC cells; primary patient TNBC cells,cell growth/proliferation,,,HeLa; LNCaP; PC3,TNBC cells
5296,10.1021/acsptsci.2c00100,Q15910,,,,TNBC cells; primary patient TNBC cells,cell growth/proliferation,,,HeLa; LNCaP; PC3,TNBC cells
5297,10.1021/acsptsci.2c00100,Q15910,,,,TNBC cells; primary patient TNBC cells,cell growth/proliferation,,,HeLa; LNCaP; PC3,TNBC cells
5298,10.1021/acsptsci.2c00100,Q15910,,,,TNBC cells; primary patient TNBC cells,cell growth/proliferation,,,HeLa; LNCaP; PC3,TNBC cells
5299,10.1021/acsptsci.2c00100,Q15910,,,,TNBC cells; primary patient TNBC cells,cell growth/proliferation,,,HeLa; LNCaP; PC3,TNBC cells
5300,10.1021/acsptsci.2c00100,Q15910,,,,TNBC cells; primary patient TNBC cells,cell growth/proliferation,,,HeLa; LNCaP; PC3,TNBC cells
5301,10.1021/acsptsci.2c00100,Q15910,,,,TNBC cells; primary patient TNBC cells,cell growth/proliferation,,,HeLa; LNCaP; PC3,TNBC cells
5302,10.1021/acsptsci.2c00100,Q15910,,,,TNBC cells; primary patient TNBC cells,cell growth/proliferation,,,HeLa; LNCaP; PC3,TNBC cells
5303,10.1021/acsptsci.2c00100,Q15910,,,,TNBC cells; primary patient TNBC cells,cell growth/proliferation,,,HeLa; LNCaP; PC3,TNBC cells
5304,10.1021/acsptsci.2c00100,Q15910,,,,TNBC cells; primary patient TNBC cells,cell growth/proliferation,,,HeLa; LNCaP; PC3,TNBC cells
5305,10.1021/acsptsci.2c00100,Q15910,,,,TNBC cells; primary patient TNBC cells,cell growth/proliferation,,,HeLa; LNCaP; PC3,TNBC cells
5306,10.1021/acsptsci.2c00100,Q15910,,,,TNBC cells; primary patient TNBC cells,cell growth/proliferation,,,HeLa; LNCaP; PC3,TNBC cells
5307,10.1021/acsptsci.2c00100,Q15910,,,,TNBC cells; primary patient TNBC cells,cell growth/proliferation,,,HeLa; LNCaP; PC3,TNBC cells
5308,10.1021/acsptsci.2c00100,Q15910,MDA-MB-453,other,48.0,TNBC cells; primary patient TNBC cells,cell growth/proliferation,,,HeLa; LNCaP; PC3,MDA-MB-453
5309,10.1016/j.bmc.2022.116912,P09874,MDA-MB-231,other,24.0,,,,,,MDA-MB-231
5310,10.1016/j.bmc.2022.116912,P09874,,,,,,,,,
5311,10.1016/j.bmc.2022.116912,P09874,,,,,,,,,
5312,10.1016/j.bmc.2022.116912,P09874,,,,,,,,,
5313,10.1016/j.bmc.2022.116912,P09874,,,,,,,,,
5314,10.1016/j.bmc.2022.116912,P09874,,,,,,,,,
5315,10.1016/j.bmc.2022.116912,P09874,,,,,,,,,
5316,10.1002/cbic.202200275,P40337,HeLa,degradation reporter,12.0,,,,,HEK293; HEK293T; HeLa; THP-1,HeLa
5317,10.1002/cbic.202200275,O60885,,,,,,,,,
5318,10.1016/j.bmc.2022.116908,P09874,,,,,,,,,
5319,10.1016/j.bmc.2022.116908,P09874,,,,,,,,,
5320,10.1016/j.bmc.2022.116908,P09874,,,,,,,,,
5321,10.1016/j.bmc.2022.116908,P09874,,,,,,,,,
5322,10.1016/j.bmc.2022.116908,P09874,,,,,,,,,
5323,10.1016/j.bmc.2022.116908,P09874,,,,,,,,,
5324,10.1016/j.bmc.2022.116908,P09874,,,,,,,,,
5325,10.1016/j.bmc.2022.116908,P09874,,,,,,,,,
5326,10.1016/j.bmc.2022.116908,P09874,,,,,,,,,
5327,10.1016/j.bmc.2022.116908,P09874,,,,,,,,,
5328,10.1016/j.bmc.2022.116908,P09874,,,,,,,,,
5329,10.1016/j.bmc.2022.116908,P09874,,,,,,,,,
5330,10.1016/j.bmc.2022.116908,P09874,,,,,,,,,
5331,10.1016/j.bmc.2022.116908,P09874,,,,,,,,,
5332,10.1016/j.bmc.2022.116908,P09874,MDA-MB-436,other,,,,,,,MDA-MB-436
5333,10.1016/j.bmc.2022.116908,P09874,Capan-1,other,,,,,,,Capan-1
5334,10.1016/j.bmc.2022.116908,P09874,MDA-MB-468,other,,,,,,,MDA-MB-468
5335,10.1016/j.bmc.2022.116908,P09874,MDA-MB-436,other,,,,,,,MDA-MB-436
5336,10.1016/j.bmc.2022.116908,P09874,Capan-1,other,,,,,,,Capan-1
5337,10.1016/j.bmc.2022.116908,P09874,MDA-MB-468,other,,,,,,,MDA-MB-468
5338,10.1016/j.bmc.2022.116908,P09874,MDA-MB-436,other,,,,,,,MDA-MB-436
5339,10.1016/j.bmc.2022.116908,P09874,Capan-1,other,,,,,,,Capan-1
5340,10.1016/j.bmc.2022.116908,P09874,MDA-MB-231,degradation reporter,24.0,,,,,,MDA-MB-231
5341,10.1016/j.bmc.2022.116908,P09874,MDA-MB-436,other,,,,,,,MDA-MB-436
5342,10.1016/j.bmc.2022.116908,P09874,Capan-1,other,,,,,,,Capan-1
5343,10.1016/j.bmc.2022.116908,P09874,MDA-MB-468,other,,,,,,,MDA-MB-468
5344,10.1016/j.bmc.2022.116908,P09874,,,,,,,,,
5345,10.1016/j.bmc.2022.116908,P09874,,,,,,,,,
5346,10.1016/j.bmc.2022.116908,P09874,,,,,,,,,
5347,10.1016/j.bmcl.2022.128870,P10275,PC-3,other,,PC-3; LNCaP; 22Rv1; DU145,Western blot,,,MCF-7; PC-3; PC3,PC-3
5348,10.1016/j.bmcl.2022.128870,P10275,LNCaP,other,,PC-3; LNCaP; 22Rv1; DU145,Western blot,,,MCF-7; PC-3; PC3,LNCaP
5349,10.1039/d2cc02094g,Q93009,MM.1S,degradation reporter,24.0,,,,,HCT116; HEK293T; MCF7; U2OS,MM.1S
5350,10.1039/d2cc02094g,Q93009,MM.1S,degradation reporter,24.0,,,,,HCT116; HEK293T; MCF7; U2OS,MM.1S
5351,10.1039/d2cc02094g,Q93009,MM.1S,degradation reporter,24.0,,,,,HCT116; HEK293T; MCF7; U2OS,MM.1S
5352,10.1039/d2cc02094g,Q93009,MM.1S,degradation reporter,24.0,,,,,HCT116; HEK293T; MCF7; U2OS,MM.1S
5353,10.1039/d2cc02094g,Q93009,MM.1S,degradation reporter,24.0,,,,,HCT116; HEK293T; MCF7; U2OS,MM.1S
5354,10.1039/d2cc02094g,Q93009,MM.1S,degradation reporter,24.0,,,,,HCT116; HEK293T; MCF7; U2OS,MM.1S
5355,10.1039/d2cc02094g,Q93009,MM.1S,degradation reporter,24.0,,,,,HCT116; HEK293T; MCF7; U2OS,MM.1S
5356,10.1039/d2cc02094g,Q93009,MM.1S,degradation reporter,24.0,,,,,HCT116; HEK293T; MCF7; U2OS,MM.1S
5357,10.1039/d2cc02094g,Q93009,MM.1S,degradation reporter,24.0,,,,,HCT116; HEK293T; MCF7; U2OS,MM.1S
5358,10.1039/d2cc02094g,Q93009,MM.1S,degradation reporter,24.0,,,,,HCT116; HEK293T; MCF7; U2OS,MM.1S
5359,10.1039/d2cc02094g,Q93009,MM.1S,degradation reporter,24.0,,,,,HCT116; HEK293T; MCF7; U2OS,MM.1S
5360,10.1039/d2cc02094g,Q93009,MM.1S,degradation reporter,24.0,,,,,HCT116; HEK293T; MCF7; U2OS,MM.1S
5361,10.1039/d2cc02094g,Q93009,MM.1S,degradation reporter,24.0,,,,,HCT116; HEK293T; MCF7; U2OS,MM.1S
5362,10.1039/d2cc02094g,Q93009,MM.1S,degradation reporter,24.0,,,,,HCT116; HEK293T; MCF7; U2OS,MM.1S
5363,10.1039/d2cc02094g,Q93009,MM.1S,degradation reporter,24.0,,,,,HCT116; HEK293T; MCF7; U2OS,MM.1S
5363,10.1039/d2cc02094g,Q93009,MM.1S,degradation reporter,24.0,,,,,HCT116; HEK293T; MCF7; U2OS,MM.1S
5364,10.1039/d2cc02094g,Q93009,MM.1S,degradation reporter,24.0,,,,,HCT116; HEK293T; MCF7; U2OS,MM.1S
5365,10.1039/d2md00064d,P15056,,,,,,,,,
5366,10.1039/d2md00064d,P15056,,,,,,,,,
5367,10.1039/d2md00064d,P15056,,,,,,,,,
5368,10.1039/d2md00064d,P15056,,,,,,,,,
5369,10.1039/d2md00064d,P15056,,,,,,,,,
5369,10.1039/d2md00064d,P15056,,,,,,,,,
5370,10.1039/d2md00064d,P15056,,,,,,,,,
5371,10.1039/d2md00064d,P15056,,,,,,,,,
5372,10.1016/j.ejmech.2022,Q9BY41,HCT-116,degradation reporter,,,,,,HeLa,HCT-116
5373,10.1016/j.ejmech.2022,Q9BY41,HCT-116,degradation reporter,,,,,,HeLa,HCT-116
5374,10.1016/j.ejmech.2022,Q9BY41,HCT-116,degradation reporter,,,,,,HeLa,HCT-116
5375,10.1016/j.ejmech.2022,Q9BY41,HCT-116,degradation reporter,,,,,,HeLa,HCT-116
5376,10.1016/j.ejmech.2022,Q9BY41,HCT-116,degradation reporter,,,,,,HeLa,HCT-116
5377,10.1016/j.ejmech.2022,Q9BY41,HCT-116,degradation reporter,,,,,,HeLa,HCT-116
5378,10.1016/j.ejmech.2022,Q9BY41,HCT-116,degradation reporter,,,,,,HeLa,HCT-116
5379,10.1016/j.ejmech.2022,Q9BY41,HCT-116,degradation reporter,,,,,,HeLa,HCT-116
5380,10.1016/j.ejmech.2022,Q9BY41,HCT-116,degradation reporter,,,,,,HeLa,HCT-116
5381,10.1016/j.ejmech.2022,Q9BY41,HCT-116,degradation reporter,,,,,,HeLa,HCT-116
5382,10.1016/j.ejmech.2022,Q9BY41,HCT-116,degradation reporter,,,,,,HeLa,HCT-116
5383,10.1016/j.ejmech.2022,Q9BY41,HCT-116,degradation reporter,,,,,,HeLa,HCT-116
5384,10.1016/j.ejmech.2022,Q9BY41,HCT-116,degradation reporter,,,,,,HeLa,HCT-116
5385,10.1016/j.ejmech.2022,Q9BY41,HCT-116,degradation reporter,,,,,,HeLa,HCT-116
5386,10.1016/j.ejmech.2022,Q9BY41,HCT-116,degradation reporter,,,,,,HeLa,HCT-116
5387,10.1016/j.ejmech.2022,Q9BY41,HCT-116,degradation reporter,,,,,,HeLa,HCT-116
5388,10.1016/j.ejmech.2022,Q9BY41,HCT-116,degradation reporter,,,,,,HeLa,HCT-116
5389,10.1016/j.ejmech.2022,Q9BY41,HCT-116,degradation reporter,,,,,,HeLa,HCT-116
5390,10.1016/j.ejmech.2022,Q9BY41,HCT-116,degradation reporter,,,,,,HeLa,HCT-116
5391,10.1016/j.ejmech.2022,Q9BY41,HCT-116,degradation reporter,,,,,,HeLa,HCT-116
5392,10.1016/j.ejmech.2022,Q9BY41,HCT-116,degradation reporter,,,,,,HeLa,HCT-116
5393,10.1016/j.ejmech.2022,Q9BY41,HCT-116,degradation reporter,,,,,,HeLa,HCT-116
5394,10.1016/j.ejmech.2022,Q9BY41,HCT-116,degradation reporter,10.0,,,,,HeLa,HCT-116
5394,10.1016/j.ejmech.2022,Q9UBN7,HCT-116,degradation reporter,10.0,,,,,A549; HCT116; HEK293; HeLa,HCT-116
5395,10.1016/j.ejmech.2022,Q9BY41,HCT-116,degradation reporter,,,,,,HeLa,HCT-116
5396,10.1016/j.ejmech.2022,Q9BY41,HCT-116,degradation reporter,,,,,,HeLa,HCT-116
5397,10.1016/j.ejmech.2022,Q9BY41,HCT-116,degradation reporter,,,,,,HeLa,HCT-116
5398,10.1016/j.ejmech.2022,Q9BY41,HCT-116,degradation reporter,,,,,,HeLa,HCT-116
5399,10.1016/j.ejmech.2022,Q9BY41,HCT-116,degradation reporter,,,,,,HeLa,HCT-116
5400,10.1016/j.ejmech.2022,Q9BY41,HCT-116,degradation reporter,,,,,,HeLa,HCT-116
5401,10.1016/j.ejmech.2022,Q9BY41,HCT-116,degradation reporter,,,,,,HeLa,HCT-116
5402,10.1016/j.ejmech.2022,Q9BY41,HCT-116,degradation reporter,10.0,,,,,HeLa,HCT-116
5403,10.1016/j.ejmech.2022,Q9BY41,HCT-116,degradation reporter,,,,,,HeLa,HCT-116
5404,10.1016/j.ejmech.2022,Q9BY41,HCT-116,degradation reporter,,,,,,HeLa,HCT-116
5405,10.1016/j.ejmech.2022,Q9BY41,HCT-116,degradation reporter,,,,,,HeLa,HCT-116
5406,10.1016/j.ejmech.2022,Q9BY41,HCT-116,degradation reporter,10.0,,,,,HeLa,HCT-116
5407,10.1016/j.apsb.2021.12.017,P43490,,,,,,,,,
5408,10.1016/j.apsb.2021.12.017,P43490,,,,,,,,,
5409,10.1016/j.apsb.2021.12.017,P43490,,,,,,,,,
5410,10.1016/j.apsb.2021.12.017,P43490,,,,,,,,,
5411,10.1016/j.apsb.2021.12.017,P43490,,,,,,,,,
5412,10.1016/j.apsb.2021.12.017,P43490,,,,,,,,,
5413,10.1016/j.apsb.2021.12.017,P43490,,other,,,,,,,
5414,10.1016/j.apsb.2021.12.017,P43490,,,,,,,,,
5415,10.1016/j.apsb.2021.12.017,P43490,,,,,,,,,
5416,10.1016/j.apsb.2021.12.017,P43490,,,,,,,,,
5417,10.1016/j.apsb.2021.12.017,P43490,,,,,,,,,
5418,10.1016/j.apsb.2021.12.017,P43490,,,,,,,,,
5419,10.1016/j.apsb.2021.12.017,P43490,,,,,,,,,
5420,10.1016/j.apsb.2021.12.017,P43490,,,,,,,,,
5421,10.1016/j.apsb.2021.12.017,P43490,,,,,,,,,
5422,10.1016/j.apsb.2021.12.017,P43490,,,,,,,,,
5423,10.1016/j.apsb.2021.12.017,P43490,,,,,,,,,
5424,10.1016/j.apsb.2021.12.017,P43490,,,,,,,,,
5425,10.1016/j.apsb.2021.12.017,P43490,,,,,,,,,
5426,10.1021/acschembio.2c00145,Q96C86,MOLM-14,degradation reporter,24.0,AML cell lines,,,,,MOLM-14
5427,10.1016/j.ejmech.2022.114528,Q9BZ95,NCI-H1703,degradation reporter,,NCI-H1703; A549,Western blot; RNA sequencing; immunohistochemistry; cell growth inhibition; apoptosis; cell cycle analysis,,,A549; MOLM-13; U2OS,NCI-H1703
5428,10.1016/j.ejmech.2022.114528,Q9BZ95,NCI-H1703,degradation reporter,,NCI-H1703; A549,Western blot; RNA sequencing; immunohistochemistry; cell growth inhibition; apoptosis; cell cycle analysis,,,A549; MOLM-13; U2OS,NCI-H1703
5429,10.1016/j.ejmech.2022.114528,Q9BZ95,NCI-H1703,degradation reporter,,NCI-H1703; A549,Western blot; RNA sequencing; immunohistochemistry; cell growth inhibition; apoptosis; cell cycle analysis,,,A549; MOLM-13; U2OS,NCI-H1703
5430,10.1016/j.ejmech.2022.114528,Q9BZ95,NCI-H1703,degradation reporter,,NCI-H1703; A549,Western blot; RNA sequencing; immunohistochemistry; cell growth inhibition; apoptosis; cell cycle analysis,,,A549; MOLM-13; U2OS,NCI-H1703
5431,10.1016/j.ejmech.2022.114528,Q9BZ95,NCI-H1703,degradation reporter,,NCI-H1703; A549,Western blot; RNA sequencing; immunohistochemistry; cell growth inhibition; apoptosis; cell cycle analysis,,,A549; MOLM-13; U2OS,NCI-H1703
5432,10.1016/j.ejmech.2022.114528,Q9BZ95,NCI-H1703,degradation reporter,,NCI-H1703; A549,Western blot; RNA sequencing; immunohistochemistry; cell growth inhibition; apoptosis; cell cycle analysis,,,A549; MOLM-13; U2OS,NCI-H1703
5433,10.1016/j.ejmech.2022.114528,Q9BZ95,NCI-H1703,degradation reporter,72.0,NCI-H1703; A549,Western blot; RNA sequencing; immunohistochemistry; cell growth inhibition; apoptosis; cell cycle analysis,,,A549; MOLM-13; U2OS,NCI-H1703
5434,10.1016/j.ejmech.2022.114528,Q9BZ95,NCI-H1703,degradation reporter,,NCI-H1703; A549,Western blot; RNA sequencing; immunohistochemistry; cell growth inhibition; apoptosis; cell cycle analysis,,,A549; MOLM-13; U2OS,NCI-H1703
5435,10.1016/j.ejmech.2022.114528,Q9BZ95,NCI-H1703,degradation reporter,,NCI-H1703; A549,Western blot; RNA sequencing; immunohistochemistry; cell growth inhibition; apoptosis; cell cycle analysis,,,A549; MOLM-13; U2OS,NCI-H1703
5436,10.1016/j.ejmech.2022.114528,Q9BZ95,NCI-H1703,degradation reporter,,NCI-H1703; A549,Western blot; RNA sequencing; immunohistochemistry; cell growth inhibition; apoptosis; cell cycle analysis,,,A549; MOLM-13; U2OS,NCI-H1703
5437,10.1016/j.ejmech.2022.114528,Q9BZ95,NCI-H1703,degradation reporter,,NCI-H1703; A549,Western blot; RNA sequencing; immunohistochemistry; cell growth inhibition; apoptosis; cell cycle analysis,,,A549; MOLM-13; U2OS,NCI-H1703
5438,10.1016/j.ejmech.2022.114528,Q9BZ95,NCI-H1703,degradation reporter,,NCI-H1703; A549,Western blot; RNA sequencing; immunohistochemistry; cell growth inhibition; apoptosis; cell cycle analysis,,,A549; MOLM-13; U2OS,NCI-H1703
5439,10.1016/j.ejmech.2022.114528,Q9BZ95,NCI-H1703,degradation reporter,,NCI-H1703; A549,Western blot; RNA sequencing; immunohistochemistry; cell growth inhibition; apoptosis; cell cycle analysis,,,A549; MOLM-13; U2OS,NCI-H1703
5440,10.1016/j.ejmech.2022.114528,Q9BZ95,NCI-H1703,degradation reporter,,NCI-H1703; A549,Western blot; RNA sequencing; immunohistochemistry; cell growth inhibition; apoptosis; cell cycle analysis,,,A549; MOLM-13; U2OS,NCI-H1703
5441,10.1016/j.ejmech.2022.114528,Q9BZ95,NCI-H1703,degradation reporter,,NCI-H1703; A549,Western blot; RNA sequencing; immunohistochemistry; cell growth inhibition; apoptosis; cell cycle analysis,,,A549; MOLM-13; U2OS,NCI-H1703
5442,10.1016/j.ejmech.2022.114528,Q9BZ95,NCI-H1703,degradation reporter,,NCI-H1703; A549,Western blot; RNA sequencing; immunohistochemistry; cell growth inhibition; apoptosis; cell cycle analysis,,,A549; MOLM-13; U2OS,NCI-H1703
5443,10.1016/j.ejmech.2022.114528,Q9BZ95,NCI-H1703,degradation reporter,,NCI-H1703; A549,Western blot; RNA sequencing; immunohistochemistry; cell growth inhibition; apoptosis; cell cycle analysis,,,A549; MOLM-13; U2OS,NCI-H1703
5444,10.1016/j.ejmech.2022.114528,Q9BZ95,NCI-H1703,degradation reporter,,NCI-H1703; A549,Western blot; RNA sequencing; immunohistochemistry; cell growth inhibition; apoptosis; cell cycle analysis,,,A549; MOLM-13; U2OS,NCI-H1703
5445,10.1016/j.ejmech.2022.114528,Q9BZ95,NCI-H1703,degradation reporter,,NCI-H1703; A549,Western blot; RNA sequencing; immunohistochemistry; cell growth inhibition; apoptosis; cell cycle analysis,,,A549; MOLM-13; U2OS,NCI-H1703
5446,10.1016/j.ejmech.2022.114528,Q9BZ95,NCI-H1703,degradation reporter,,NCI-H1703; A549,Western blot; RNA sequencing; immunohistochemistry; cell growth inhibition; apoptosis; cell cycle analysis,,,A549; MOLM-13; U2OS,NCI-H1703
5447,10.1016/j.ejmech.2022.114528,Q9BZ95,NCI-H1703,degradation reporter,,NCI-H1703; A549,Western blot; RNA sequencing; immunohistochemistry; cell growth inhibition; apoptosis; cell cycle analysis,,,A549; MOLM-13; U2OS,NCI-H1703
5448,10.1016/j.ejmech.2022.114528,Q9BZ95,NCI-H1703,degradation reporter,,NCI-H1703; A549,Western blot; RNA sequencing; immunohistochemistry; cell growth inhibition; apoptosis; cell cycle analysis,,,A549; MOLM-13; U2OS,NCI-H1703
5449,10.1016/j.ejmech.2022.114528,Q9BZ95,NCI-H1703,degradation reporter,,NCI-H1703; A549,Western blot; RNA sequencing; immunohistochemistry; cell growth inhibition; apoptosis; cell cycle analysis,,,A549; MOLM-13; U2OS,NCI-H1703
5450,10.1016/j.ejmech.2022.114528,Q9BZ95,NCI-H1703,degradation reporter,,NCI-H1703; A549,Western blot; RNA sequencing; immunohistochemistry; cell growth inhibition; apoptosis; cell cycle analysis,,,A549; MOLM-13; U2OS,NCI-H1703
5451,10.1016/j.ejmech.2022.114528,Q9BZ95,NCI-H1703,degradation reporter,,NCI-H1703; A549,Western blot; RNA sequencing; immunohistochemistry; cell growth inhibition; apoptosis; cell cycle analysis,,,A549; MOLM-13; U2OS,NCI-H1703
5452,10.1016/j.ejmech.2022.114528,Q9BZ95,NCI-H1703,degradation reporter,,NCI-H1703; A549,Western blot; RNA sequencing; immunohistochemistry; cell growth inhibition; apoptosis; cell cycle analysis,,,A549; MOLM-13; U2OS,NCI-H1703
5453,10.1002/anie.202204395,Q93009,RS4;11,degradation reporter,24.0,,,,,HCT116; HEK293T; MCF7; U2OS,RS4;11
5454,10.1002/anie.202204395,Q93009,,,,,,,,HCT116; HEK293T; MCF7; U2OS,
5455,10.1002/anie.202204395,Q93009,,,,,,,,HCT116; HEK293T; MCF7; U2OS,
5456,10.1002/anie.202204395,Q93009,,,,,,,,HCT116; HEK293T; MCF7; U2OS,
5457,10.1002/anie.202204395,Q93009,,,,,,,,HCT116; HEK293T; MCF7; U2OS,
5458,10.1002/anie.202204395,Q93009,,,,,,,,HCT116; HEK293T; MCF7; U2OS,
5459,10.1002/anie.202204395,Q93009,,,,,,,,HCT116; HEK293T; MCF7; U2OS,
5460,10.1016/j.ejmech.2022.114509,P00533,NCI-H1975,degradation reporter,72.0,NCI-H1975; A549; H1299,cell proliferation assay; degradation assay; apoptosis assay; cell cycle assay; Western blot,,,,NCI-H1975
5461,10.1016/j.ejmech.2022.114509,P00533,NCI-H1975,degradation reporter,72.0,NCI-H1975; A549; H1299,cell proliferation assay; degradation assay; apoptosis assay; cell cycle assay; Western blot,,,,NCI-H1975
5462,10.1016/j.ejmech.2022.114509,P00533,,,,NCI-H1975; A549; H1299,cell proliferation assay; degradation assay; apoptosis assay; cell cycle assay; Western blot,,,,NCI-H1975
5463,10.1016/j.ejmech.2022.114509,P00533,H1975,other,,NCI-H1975; A549; H1299,cell proliferation assay; degradation assay; apoptosis assay; cell cycle assay; Western blot,,,,H1975
5464,10.1016/j.ejmech.2022.114509,P00533,HCC827,other,,NCI-H1975; A549; H1299,cell proliferation assay; degradation assay; apoptosis assay; cell cycle assay; Western blot,,,,HCC827
5465,10.1016/j.ejmech.2022.114509,P00533,A549,other,,NCI-H1975; A549; H1299,cell proliferation assay; degradation assay; apoptosis assay; cell cycle assay; Western blot,,,,A549
5466,10.1016/j.ejmech.2022.114509,P00533,H1975,other,,NCI-H1975; A549; H1299,cell proliferation assay; degradation assay; apoptosis assay; cell cycle assay; Western blot,,,,H1975
5467,10.1016/j.ejmech.2022.114509,P00533,HCC827,other,,NCI-H1975; A549; H1299,cell proliferation assay; degradation assay; apoptosis assay; cell cycle assay; Western blot,,,,HCC827
5468,10.1021/acs.jmedchem.2c00345,P00533,HCC827,other,,,Western blot,,,,HCC827
5469,10.1021/acs.jmedchem.2c00345,P00533,HCC827,other,,,Western blot,,,,HCC827
5470,10.1021/acs.jmedchem.2c00345,P00533,HCC827,other,,,Western blot,,,,HCC827
5471,10.1021/acs.jmedchem.2c00345,P00533,HCC827,other,,,Western blot,,,,HCC827
5472,10.1021/acs.jmedchem.2c00345,P00533,HCC827,other,,,Western blot,,,,HCC827
5473,10.1021/acs.jmedchem.2c00345,P00533,HCC-827,other,,,Western blot,,,,HCC-827
5474,10.1021/acs.jmedchem.2c00345,P00533,HCC-827,other,,,Western blot,,,,HCC-827
5475,10.1021/acs.jmedchem.2c00345,P00533,HCC-827,other,,,Western blot,,,,HCC-827
5476,10.1021/acs.jmedchem.2c00345,P00533,HCC-827,other,,,Western blot,,,,HCC-827
5477,10.1021/acs.jmedchem.2c00345,P00533,HCC-827,other,,,Western blot,,,,HCC-827
5478,10.1021/acs.jmedchem.2c00345,P00533,HCC-827,degradation reporter,16.0,,Western blot,,,,HCC-827
5479,10.1021/acs.jmedchem.2c00345,P00533,,,,,Western blot,,,,
5480,10.1021/acs.jmedchem.2c00345,P00533,,,,,Western blot,,,,
5481,10.1021/acs.jmedchem.2c00345,P00533,,,,,Western blot,,,,
5482,10.1021/acs.jmedchem.2c00345,P00533,HCC-827,other,,,Western blot,,,,HCC-827
5483,10.1021/acs.jmedchem.2c00345,P00533,,,,,Western blot,,,,
5484,10.1021/acs.jmedchem.2c00345,P00533,,,,,Western blot,,,,
5485,10.1021/acs.jmedchem.2c00345,P00533,,,,,Western blot,,,,
5486,10.1021/acs.jmedchem.2c00345,P00533,,,,,Western blot,,,,
5487,10.1021/acs.jmedchem.2c00345,P00533,,,,,Western blot,,,,
5488,10.1021/acs.jmedchem.2c00345,P00533,,,,,Western blot,,,,
5489,10.1021/acs.jmedchem.2c00345,P00533,,,,,Western blot,,,,
5490,10.1021/acs.jmedchem.2c00345,P00533,,,,,Western blot,,,,
5491,10.1021/acs.jmedchem.2c00345,P00533,,,,,Western blot,,,,
5492,10.1021/acs.jmedchem.2c00345,P00533,,,,,Western blot,,,,
5493,10.1021/acs.jmedchem.2c00345,P00533,,,,,Western blot,,,,
5494,10.1021/acs.jmedchem.2c00345,P00533,,,,,Western blot,,,,
5495,10.1021/acs.jmedchem.2c00345,P00533,,,,,Western blot,,,,
5496,10.1021/acs.jmedchem.2c00345,P00533,,,,,Western blot,,,,
5497,10.1021/acs.jmedchem.2c00345,P00533,,,,,Western blot,,,,
5498,10.1021/acs.jmedchem.2c00345,P00533,,,,,Western blot,,,,
5499,10.1021/acs.jmedchem.2c00345,P00533,,,,,Western blot,,,,
5500,10.1021/acs.jmedchem.2c00345,P00533,,,,,Western blot,,,,
5501,10.1021/acs.jmedchem.2c00345,P00533,,,,,Western blot,,,,
5502,10.1021/acs.jmedchem.2c00345,P00533,,,,,Western blot,,,,
5503,10.1021/acs.jmedchem.2c00345,P00533,,,,,Western blot,,,,
5504,10.1021/acs.jmedchem.2c00345,P00533,,,,,Western blot,,,,
5505,10.1021/acs.jmedchem.2c00345,P00533,,,,,Western blot,,,,
5506,10.1021/acs.jmedchem.2c00345,P00533,,,,,Western blot,,,,
5507,10.1021/acs.jmedchem.2c00345,P00533,,,,,Western blot,,,,
5508,10.1021/acs.jmedchem.2c00345,P00533,,,,,Western blot,,,,
5509,10.1021/acs.jmedchem.2c00345,P00533,,,,,Western blot,,,,
5510,10.1021/acs.jmedchem.2c00345,P00533,,,,,Western blot,,,,
5511,10.1021/acs.jmedchem.2c00345,P00533,,,,,Western blot,,,,
5512,10.1021/acs.jmedchem.2c00345,P00533,,,,,Western blot,,,,
5513,10.1021/acs.jmedchem.2c00345,P00533,,,,,Western blot,,,,
5514,10.1021/acs.jmedchem.2c00345,P00533,,,,,Western blot,,,,
5515,10.1021/acs.jmedchem.2c00345,P00533,,,,,Western blot,,,,
5516,10.1021/acs.jmedchem.2c00345,P00533,,,,,Western blot,,,,
5517,10.1021/acs.jmedchem.2c00345,P00533,,,,,Western blot,,,,
5518,10.1021/acs.jmedchem.2c00345,P00533,HCC-827,other,,,Western blot,,,,HCC-827
5519,10.1021/acs.jmedchem.2c00345,P00533,HCC-827,degradation reporter,16.0,,Western blot,,,,HCC-827
5520,10.1021/acs.jmedchem.2c00345,P00533,,,,,Western blot,,,,
5521,10.1021/acs.jmedchem.2c00345,P00533,,,,,Western blot,,,,
5522,10.1021/acs.jmedchem.2c00345,P00533,,,,,Western blot,,,,
5523,10.1021/acs.jmedchem.2c00345,P00533,,,,,Western blot,,,,
5524,10.1021/acs.jmedchem.2c00345,P00533,,,,,Western blot,,,,
5525,10.1021/acs.jmedchem.2c00345,P00533,,,,,Western blot,,,,
5526,10.1021/acs.jmedchem.2c00345,P00533,,,,,Western blot,,,,
5527,10.1021/acs.jmedchem.2c00345,P00533,,,,,Western blot,,,,
5528,10.1021/acs.jmedchem.2c00345,P00533,,,,,Western blot,,,,
5529,10.1021/acs.jmedchem.2c00345,P00533,,,,,Western blot,,,,
5530,10.1021/acs.jmedchem.2c00345,P00533,,,,,Western blot,,,,
5531,10.1021/acs.jmedchem.2c00345,P00533,,,,,Western blot,,,,
5532,10.1021/acs.jmedchem.2c00324,Q06187,,other,,,,,,HL-60; K562; Ramos,
5533,10.1021/acs.jmedchem.2c00324,Q06187,,,,,,,,HL-60; K562; Ramos,
5534,10.1021/acs.jmedchem.2c00324,Q06187,,,,,,,,HL-60; K562; Ramos,
5535,10.1021/acs.jmedchem.2c00324,Q06187,,,,,,,,HL-60; K562; Ramos,
5536,10.1021/acs.jmedchem.2c00324,Q06187,,,,,,,,HL-60; K562; Ramos,
5537,10.1021/acs.jmedchem.2c00324,Q06187,,,,,,,,HL-60; K562; Ramos,
5538,10.1021/acs.jmedchem.2c00324,Q06187,,,,,,,,HL-60; K562; Ramos,
5539,10.1021/acs.jmedchem.2c00324,Q06187,Jeko-1,other,,,,,,HL-60; K562; Ramos,Jeko-1
5540,10.1021/acs.jmedchem.2c00324,Q06187,,,,,,,,HL-60; K562; Ramos,
5541,10.1021/acs.jmedchem.2c00324,Q06187,,,,,,,,HL-60; K562; Ramos,
5542,10.1021/acs.jmedchem.2c00324,Q06187,Jeko-1,other,,,,,,HL-60; K562; Ramos,Jeko-1
5543,10.1021/acs.jmedchem.2c00324,Q06187,,,,,,,,HL-60; K562; Ramos,
5544,10.1021/acs.jmedchem.2c00324,Q06187,,,,,,,,HL-60; K562; Ramos,
5545,10.1021/acs.jmedchem.2c00324,Q06187,Jeko-1,other,,,,,,HL-60; K562; Ramos,Jeko-1
5546,10.1021/acs.jmedchem.2c00324,Q06187,Mino,degradation reporter,24.0,,,,,HL-60; K562; Ramos,Mino
5547,10.1002/advs.202104823,O14965,,,,acute myeloid leukemia (AML) cells,,,,HCT116; HeLa,acute myeloid leukemia (AML) cells
5548,10.1002/advs.202104823,O14965,,,,acute myeloid leukemia (AML) cells,,,,HCT116; HeLa,acute myeloid leukemia (AML) cells
5549,10.1002/advs.202104823,O14965,,,,acute myeloid leukemia (AML) cells,,,,HCT116; HeLa,acute myeloid leukemia (AML) cells
5550,10.1002/advs.202104823,O14965,,,,acute myeloid leukemia (AML) cells,,,,HCT116; HeLa,acute myeloid leukemia (AML) cells
5551,10.1002/advs.202104823,O14965,,,,acute myeloid leukemia (AML) cells,,,,HCT116; HeLa,acute myeloid leukemia (AML) cells
5552,10.1002/advs.202104823,O14965,,,,acute myeloid leukemia (AML) cells,,,,HCT116; HeLa,acute myeloid leukemia (AML) cells
5553,10.1002/advs.202104823,O14965,,,,acute myeloid leukemia (AML) cells,,,,HCT116; HeLa,acute myeloid leukemia (AML) cells
5554,10.1002/advs.202104823,O14965,,,,acute myeloid leukemia (AML) cells,,,,HCT116; HeLa,acute myeloid leukemia (AML) cells
5555,10.1002/advs.202104823,O14965,KG1A,other,,acute myeloid leukemia (AML) cells,,,,HCT116; HeLa,KG1A
5556,10.1002/advs.202104823,O14965,KG1A,other,,acute myeloid leukemia (AML) cells,,,,HCT116; HeLa,KG1A
5557,10.1002/advs.202104823,O14965,KG1A,other,,acute myeloid leukemia (AML) cells,,,,HCT116; HeLa,KG1A
5558,10.1016/j.ejmech.2022.114459,P31749,,,,,,,,,
5559,10.1016/j.ejmech.2022.114459,P31749,,,,,,,,,
5560,10.1016/j.ejmech.2022.114459,P31749,,,,,,,,,
5561,10.1016/j.ejmech.2022.114459,P31749,,,,,,,,,
5562,10.1016/j.ejmech.2022.114459,P31749,,,,,,,,,
5563,10.1016/j.ejmech.2022.114459,P31749,,,,,,,,,
5564,10.1016/j.ejmech.2022.114459,P31749,,,,,,,,,
5564,10.1016/j.ejmech.2022.114459,P31751,,,,,,,,,
5564,10.1016/j.ejmech.2022.114459,Q9Y243,,,,,,,,HEK293T,
5565,10.1016/j.ejmech.2022.114459,P31749,,,,,,,,,
5566,10.1016/j.ejmech.2022.114459,P31749,,,,,,,,,
5567,10.1016/j.ejmech.2022.114462,Q15910,MDA-MB-231,other,,MDA-MB-231; MDA-MB-468,,,,HeLa; LNCaP; PC3,MDA-MB-231
5568,10.1016/j.ejmech.2022.114462,Q15910,MDA-MB-231,other,,MDA-MB-231; MDA-MB-468,,,,HeLa; LNCaP; PC3,MDA-MB-231
5569,10.1016/j.ejmech.2022.114462,Q15910,MDA-MB-231,other,,MDA-MB-231; MDA-MB-468,,,,HeLa; LNCaP; PC3,MDA-MB-231
5570,10.1016/j.ejmech.2022.114462,Q15910,MDA-MB-231,other,,MDA-MB-231; MDA-MB-468,,,,HeLa; LNCaP; PC3,MDA-MB-231
5571,10.1016/j.ejmech.2022.114462,Q15910,MDA-MB-231,other,,MDA-MB-231; MDA-MB-468,,,,HeLa; LNCaP; PC3,MDA-MB-231
5572,10.1016/j.ejmech.2022.114462,Q15910,MDA-MB-231,other,,MDA-MB-231; MDA-MB-468,,,,HeLa; LNCaP; PC3,MDA-MB-231
5573,10.1016/j.ejmech.2022.114462,Q15910,MDA-MB-231,other,,MDA-MB-231; MDA-MB-468,,,,HeLa; LNCaP; PC3,MDA-MB-231
5574,10.1016/j.ejmech.2022.114462,Q15910,MDA-MB-231,other,,MDA-MB-231; MDA-MB-468,,,,HeLa; LNCaP; PC3,MDA-MB-231
5575,10.1016/j.ejmech.2022.114462,Q15910,MDA-MB-231,other,,MDA-MB-231; MDA-MB-468,,,,HeLa; LNCaP; PC3,MDA-MB-231
5576,10.1016/j.ejmech.2022.114462,Q15910,MDA-MB-231,other,,MDA-MB-231; MDA-MB-468,,,,HeLa; LNCaP; PC3,MDA-MB-231
5577,10.1016/j.ejmech.2022.114462,Q15910,MDA-MB-231,other,,MDA-MB-231; MDA-MB-468,,,,HeLa; LNCaP; PC3,MDA-MB-231
5578,10.1016/j.ejmech.2022.114462,Q15910,MDA-MB-231,other,,MDA-MB-231; MDA-MB-468,,,,HeLa; LNCaP; PC3,MDA-MB-231
5579,10.1016/j.ejmech.2022.114462,Q15910,MDA-MB-231,other,,MDA-MB-231; MDA-MB-468,,,,HeLa; LNCaP; PC3,MDA-MB-231
5580,10.1016/j.ejmech.2022.114462,Q15910,MDA-MB-231,other,,MDA-MB-231; MDA-MB-468,,,,HeLa; LNCaP; PC3,MDA-MB-231
5581,10.1016/j.ejmech.2022.114462,Q15910,MDA-MB-231,other,,MDA-MB-231; MDA-MB-468,,,,HeLa; LNCaP; PC3,MDA-MB-231
5582,10.1016/j.ejmech.2022.114462,Q15910,MDA-MB-231,other,,MDA-MB-231; MDA-MB-468,,,,HeLa; LNCaP; PC3,MDA-MB-231
5583,10.1016/j.ejmech.2022.114462,Q15910,MDA-MB-231,other,,MDA-MB-231; MDA-MB-468,,,,HeLa; LNCaP; PC3,MDA-MB-231
5584,10.1016/j.ejmech.2022.114462,Q15910,MDA-MB-231,other,,MDA-MB-231; MDA-MB-468,,,,HeLa; LNCaP; PC3,MDA-MB-231
5585,10.1016/j.ejmech.2022.114462,Q15910,MDA-MB-231,other,,MDA-MB-231; MDA-MB-468,,,,HeLa; LNCaP; PC3,MDA-MB-231
5586,10.1016/j.ejmech.2022.114462,Q15910,MDA-MB-231,other,,MDA-MB-231; MDA-MB-468,,,,HeLa; LNCaP; PC3,MDA-MB-231
5587,10.1016/j.ejmech.2022.114462,Q15910,MDA-MB-231,other,,MDA-MB-231; MDA-MB-468,,,,HeLa; LNCaP; PC3,MDA-MB-231
5588,10.1016/j.ejmech.2022.114462,Q15910,MDA-MB-231,other,,MDA-MB-231; MDA-MB-468,,,,HeLa; LNCaP; PC3,MDA-MB-231
5589,10.1016/j.ejmech.2022.114462,Q15910,MDA-MB-231,other,,MDA-MB-231; MDA-MB-468,,,,HeLa; LNCaP; PC3,MDA-MB-231
5590,10.1016/j.ejmech.2022.114462,Q15910,MDA-MB-231,other,,MDA-MB-231; MDA-MB-468,,,,HeLa; LNCaP; PC3,MDA-MB-231
5591,10.1016/j.ejmech.2022.114462,Q15910,MDA-MB-231,other,,MDA-MB-231; MDA-MB-468,,,,HeLa; LNCaP; PC3,MDA-MB-231
5592,10.1016/j.ejmech.2022.114462,Q15910,MDA-MB-231,other,,MDA-MB-231; MDA-MB-468,,,,HeLa; LNCaP; PC3,MDA-MB-231
5593,10.1016/j.ejmech.2022.114462,Q15910,MDA-MB-231,other,,MDA-MB-231; MDA-MB-468,,,,HeLa; LNCaP; PC3,MDA-MB-231
5594,10.1016/j.ejmech.2022.114462,Q15910,MDA-MB-231,other,,MDA-MB-231; MDA-MB-468,,,,HeLa; LNCaP; PC3,MDA-MB-231
5595,10.1016/j.ejmech.2022.114455,P00533,H1975,other,,PC-9; H1975; A549,Western blot,,,,H1975
5595,10.1016/j.ejmech.2022.114455,P00533,H1975,other,,PC-9; H1975; A549,Western blot,,,,H1975
5595,10.1016/j.ejmech.2022.114455,P00533,H1975,other,,PC-9; H1975; A549,Western blot,,,,H1975
5596,10.1016/j.ejmech.2022.114455,P00533,H1975,other,,PC-9; H1975; A549,Western blot,,,,H1975
5596,10.1016/j.ejmech.2022.114455,P00533,H1975,other,,PC-9; H1975; A549,Western blot,,,,H1975
5596,10.1016/j.ejmech.2022.114455,P00533,H1975,other,,PC-9; H1975; A549,Western blot,,,,H1975
5597,10.1016/j.ejmech.2022.114455,P00533,H1975,other,,PC-9; H1975; A549,Western blot,,,,H1975
5597,10.1016/j.ejmech.2022.114455,P00533,H1975,other,,PC-9; H1975; A549,Western blot,,,,H1975
5597,10.1016/j.ejmech.2022.114455,P00533,H1975,other,,PC-9; H1975; A549,Western blot,,,,H1975
5598,10.1016/j.ejmech.2022.114455,P00533,H1975,other,,PC-9; H1975; A549,Western blot,,,,H1975
5598,10.1016/j.ejmech.2022.114455,P00533,H1975,other,,PC-9; H1975; A549,Western blot,,,,H1975
5598,10.1016/j.ejmech.2022.114455,P00533,H1975,other,,PC-9; H1975; A549,Western blot,,,,H1975
5599,10.1016/j.ejmech.2022.114455,P00533,H1975,other,,PC-9; H1975; A549,Western blot,,,,H1975
5599,10.1016/j.ejmech.2022.114455,P00533,H1975,other,,PC-9; H1975; A549,Western blot,,,,H1975
5599,10.1016/j.ejmech.2022.114455,P00533,H1975,other,,PC-9; H1975; A549,Western blot,,,,H1975
5600,10.1016/j.ejmech.2022.114455,P00533,H1975,other,,PC-9; H1975; A549,Western blot,,,,H1975
5600,10.1016/j.ejmech.2022.114455,P00533,H1975,other,,PC-9; H1975; A549,Western blot,,,,H1975
5600,10.1016/j.ejmech.2022.114455,P00533,H1975,other,,PC-9; H1975; A549,Western blot,,,,H1975
5601,10.1016/j.ejmech.2022.114455,P00533,H1975,other,,PC-9; H1975; A549,Western blot,,,,H1975
5601,10.1016/j.ejmech.2022.114455,P00533,H1975,other,,PC-9; H1975; A549,Western blot,,,,H1975
5601,10.1016/j.ejmech.2022.114455,P00533,H1975,other,,PC-9; H1975; A549,Western blot,,,,H1975
5602,10.1016/j.ejmech.2022.114455,P00533,H1975,other,,PC-9; H1975; A549,Western blot,,,,H1975
5602,10.1016/j.ejmech.2022.114455,P00533,H1975,other,,PC-9; H1975; A549,Western blot,,,,H1975
5602,10.1016/j.ejmech.2022.114455,P00533,H1975,other,,PC-9; H1975; A549,Western blot,,,,H1975
5603,10.1016/j.ejmech.2022.114455,P00533,H1975,other,,PC-9; H1975; A549,Western blot,,,,H1975
5603,10.1016/j.ejmech.2022.114455,P00533,H1975,other,,PC-9; H1975; A549,Western blot,,,,H1975
5603,10.1016/j.ejmech.2022.114455,P00533,H1975,other,,PC-9; H1975; A549,Western blot,,,,H1975
5604,10.1016/j.ejmech.2022.114455,P00533,H1975,other,,PC-9; H1975; A549,Western blot,,,,H1975
5604,10.1016/j.ejmech.2022.114455,P00533,H1975,other,,PC-9; H1975; A549,Western blot,,,,H1975
5604,10.1016/j.ejmech.2022.114455,P00533,H1975,other,,PC-9; H1975; A549,Western blot,,,,H1975
5605,10.1016/j.ejmech.2022.114455,P00533,H1975,other,,PC-9; H1975; A549,Western blot,,,,H1975
5605,10.1016/j.ejmech.2022.114455,P00533,H1975,other,,PC-9; H1975; A549,Western blot,,,,H1975
5605,10.1016/j.ejmech.2022.114455,P00533,H1975,other,,PC-9; H1975; A549,Western blot,,,,H1975
5606,10.1016/j.ejmech.2022.114455,P00533,H1975,other,,PC-9; H1975; A549,Western blot,,,,H1975
5606,10.1016/j.ejmech.2022.114455,P00533,H1975,other,,PC-9; H1975; A549,Western blot,,,,H1975
5606,10.1016/j.ejmech.2022.114455,P00533,H1975,other,,PC-9; H1975; A549,Western blot,,,,H1975
5607,10.1016/j.ejmech.2022.114455,P00533,H1975,other,,PC-9; H1975; A549,Western blot,,,,H1975
5607,10.1016/j.ejmech.2022.114455,P00533,H1975,other,,PC-9; H1975; A549,Western blot,,,,H1975
5607,10.1016/j.ejmech.2022.114455,P00533,H1975,other,,PC-9; H1975; A549,Western blot,,,,H1975
5608,10.1016/j.ejmech.2022.114455,P00533,H1975,other,,PC-9; H1975; A549,Western blot,,,,H1975
5608,10.1016/j.ejmech.2022.114455,P00533,H1975,other,,PC-9; H1975; A549,Western blot,,,,H1975
5608,10.1016/j.ejmech.2022.114455,P00533,H1975,other,,PC-9; H1975; A549,Western blot,,,,H1975
5609,10.1016/j.ejmech.2022.114455,P00533,H1975,other,,PC-9; H1975; A549,Western blot,,,,H1975
5609,10.1016/j.ejmech.2022.114455,P00533,H1975,other,,PC-9; H1975; A549,Western blot,,,,H1975
5609,10.1016/j.ejmech.2022.114455,P00533,H1975,other,,PC-9; H1975; A549,Western blot,,,,H1975
5610,10.1016/j.ejmech.2022.114455,P00533,H1975,other,,PC-9; H1975; A549,Western blot,,,,H1975
5610,10.1016/j.ejmech.2022.114455,P00533,H1975,other,,PC-9; H1975; A549,Western blot,,,,H1975
5610,10.1016/j.ejmech.2022.114455,P00533,H1975,other,,PC-9; H1975; A549,Western blot,,,,H1975
5611,10.1016/j.ejmech.2022.114455,P00533,H1975,other,,PC-9; H1975; A549,Western blot,,,,H1975
5611,10.1016/j.ejmech.2022.114455,P00533,H1975,other,,PC-9; H1975; A549,Western blot,,,,H1975
5611,10.1016/j.ejmech.2022.114455,P00533,H1975,other,,PC-9; H1975; A549,Western blot,,,,H1975
5612,10.1016/j.ejmech.2022.114455,P00533,H1975,other,,PC-9; H1975; A549,Western blot,,,,H1975
5612,10.1016/j.ejmech.2022.114455,P00533,H1975,other,,PC-9; H1975; A549,Western blot,,,,H1975
5612,10.1016/j.ejmech.2022.114455,P00533,H1975,other,,PC-9; H1975; A549,Western blot,,,,H1975
5613,10.1016/j.ejmech.2022.114455,P00533,H1975,other,,PC-9; H1975; A549,Western blot,,,,H1975
5613,10.1016/j.ejmech.2022.114455,P00533,H1975,other,,PC-9; H1975; A549,Western blot,,,,H1975
5613,10.1016/j.ejmech.2022.114455,P00533,H1975,other,,PC-9; H1975; A549,Western blot,,,,H1975
5614,10.1016/j.ejmech.2022.114455,P00533,H1975,other,,PC-9; H1975; A549,Western blot,,,,H1975
5614,10.1016/j.ejmech.2022.114455,P00533,H1975,other,,PC-9; H1975; A549,Western blot,,,,H1975
5614,10.1016/j.ejmech.2022.114455,P00533,H1975,other,,PC-9; H1975; A549,Western blot,,,,H1975
5615,10.1016/j.ejmech.2022.114455,P00533,H1975,other,,PC-9; H1975; A549,Western blot,,,,H1975
5615,10.1016/j.ejmech.2022.114455,P00533,H1975,other,,PC-9; H1975; A549,Western blot,,,,H1975
5615,10.1016/j.ejmech.2022.114455,P00533,H1975,other,,PC-9; H1975; A549,Western blot,,,,H1975
5616,10.1016/j.ejmech.2022.114455,P00533,H1975,other,,PC-9; H1975; A549,Western blot,,,,H1975
5616,10.1016/j.ejmech.2022.114455,P00533,H1975,other,,PC-9; H1975; A549,Western blot,,,,H1975
5616,10.1016/j.ejmech.2022.114455,P00533,H1975,other,,PC-9; H1975; A549,Western blot,,,,H1975
5617,10.1016/j.ejmech.2022.114455,P00533,H1975,other,,PC-9; H1975; A549,Western blot,,,,H1975
5617,10.1016/j.ejmech.2022.114455,P00533,H1975,other,,PC-9; H1975; A549,Western blot,,,,H1975
5617,10.1016/j.ejmech.2022.114455,P00533,H1975,other,,PC-9; H1975; A549,Western blot,,,,H1975
5618,10.1016/j.ejmech.2022.114455,P00533,H1975,other,,PC-9; H1975; A549,Western blot,,,,H1975
5618,10.1016/j.ejmech.2022.114455,P00533,H1975,other,,PC-9; H1975; A549,Western blot,,,,H1975
5618,10.1016/j.ejmech.2022.114455,P00533,H1975,other,,PC-9; H1975; A549,Western blot,,,,H1975
5619,10.1021/acs.jmedchem.1c02013,P03436,,,,,,,,,
5620,10.1021/acs.jmedchem.1c02013,P03436,,,,,,,,,
5621,10.1021/acs.jmedchem.1c02013,P03436,,,,,,,,,
5622,10.1021/acs.jmedchem.1c02013,P03436,,,,,,,,,
5623,10.1021/acs.jmedchem.1c02013,P03436,,,,,,,,,
5624,10.1021/acs.jmedchem.1c02013,P03436,HEK293T,other,10.0,,,,,,HEK293T
5625,10.1021/acs.jmedchem.1c02013,P03436,,,,,,,,,
5626,10.1021/acs.jmedchem.1c02013,P03436,,,,,,,,,
5627,10.1021/acs.jmedchem.1c02013,P03436,,,,,,,,,
5628,10.1111/cas.15401,P15056,,,,,Western blot; cell proliferation assay,,,,
5629,10.1111/cas.15401,P15056,,,,,Western blot; cell proliferation assay,,,,
5630,10.1111/cas.15401,P15056,,,,,Western blot; cell proliferation assay,,,,
5631,10.1111/cas.15401,P15056,,,,,Western blot; cell proliferation assay,,,,
5632,10.1111/cas.15401,P15056,,,,,Western blot; cell proliferation assay,,,,
5633,10.1111/cas.15401,P15056,,,,,Western blot; cell proliferation assay,,,,
5634,10.1038/s41388-022-02340-8,P61964,MV4;11,degradation reporter,18.0,,transcriptomic profiling; H3K4me2 measurement,,,HeLa,MV4;11
5635,10.1158/1535-7163.MCT-21-0835,P00533,Ba/F3,other,,Ba/F3,,,,,Ba/F3
5635,10.1158/1535-7163.MCT-21-0835,P00533,Ba/F3,other,,Ba/F3,,,,,Ba/F3
5636,10.1016/j.ejmech.2022.114373,Q05397,A549,degradation reporter,,A549,Western blot,,,MCF7; MDA-MB-231; MDA-MB-468; PC3,A549
5637,10.1016/j.ejmech.2022.114373,Q05397,A549,degradation reporter,,A549,Western blot,,,MCF7; MDA-MB-231; MDA-MB-468; PC3,A549
5638,10.1016/j.ejmech.2022.114373,Q05397,A549,degradation reporter,,A549,Western blot,,,MCF7; MDA-MB-231; MDA-MB-468; PC3,A549
5639,10.1016/j.ejmech.2022.114373,Q05397,A549,degradation reporter,,A549,Western blot,,,MCF7; MDA-MB-231; MDA-MB-468; PC3,A549
5640,10.1016/j.ejmech.2022.114373,Q05397,A549,degradation reporter,,A549,Western blot,,,MCF7; MDA-MB-231; MDA-MB-468; PC3,A549
5641,10.1016/j.ejmech.2022.114373,Q05397,A549,degradation reporter,,A549,Western blot,,,MCF7; MDA-MB-231; MDA-MB-468; PC3,A549
5642,10.1016/j.ejmech.2022.114373,Q05397,A549,degradation reporter,,A549,Western blot,,,MCF7; MDA-MB-231; MDA-MB-468; PC3,A549
5643,10.1016/j.ejmech.2022.114373,Q05397,A549,degradation reporter,,A549,Western blot,,,MCF7; MDA-MB-231; MDA-MB-468; PC3,A549
5644,10.1016/j.ejmech.2022.114373,Q05397,A549,degradation reporter,,A549,Western blot,,,MCF7; MDA-MB-231; MDA-MB-468; PC3,A549
5645,10.1016/j.ejmech.2022.114373,Q05397,A549,degradation reporter,,A549,Western blot,,,MCF7; MDA-MB-231; MDA-MB-468; PC3,A549
5646,10.1016/j.ejmech.2022.114373,Q05397,A549,degradation reporter,,A549,Western blot,,,MCF7; MDA-MB-231; MDA-MB-468; PC3,A549
5647,10.1016/j.ejmech.2022.114373,Q05397,A549,degradation reporter,,A549,Western blot,,,MCF7; MDA-MB-231; MDA-MB-468; PC3,A549
5648,10.1016/j.ejmech.2022.114373,Q05397,A549,degradation reporter,,A549,Western blot,,,MCF7; MDA-MB-231; MDA-MB-468; PC3,A549
5649,10.1016/j.ejmech.2022.114373,Q05397,A549,degradation reporter,,A549,Western blot,,,MCF7; MDA-MB-231; MDA-MB-468; PC3,A549
5650,10.1016/j.ejmech.2022.114373,Q05397,A549,degradation reporter,,A549,Western blot,,,MCF7; MDA-MB-231; MDA-MB-468; PC3,A549
5651,10.1016/j.ejmech.2022.114373,Q05397,A549,degradation reporter,,A549,Western blot,,,MCF7; MDA-MB-231; MDA-MB-468; PC3,A549
5652,10.1016/j.ejmech.2022.114373,Q05397,A549,degradation reporter,,A549,Western blot,,,MCF7; MDA-MB-231; MDA-MB-468; PC3,A549
5653,10.1016/j.ejmech.2022.114373,Q05397,A549,other,,A549,Western blot,,,MCF7; MDA-MB-231; MDA-MB-468; PC3,A549
5654,10.1016/j.ejmech.2022.114373,Q05397,A549,other,,A549,Western blot,,,MCF7; MDA-MB-231; MDA-MB-468; PC3,A549
5655,10.1080/14756366.2022.2062338,P00533,,,,MCF-7; HepG-2; HCT-116; A549,HTRF; Western blot,,,,MCF-7
5655,10.1080/14756366.2022.2062338,P00533,,,,MCF-7; HepG-2; HCT-116; A549,HTRF; Western blot,,,,MCF-7
5656,10.1080/14756366.2022.2062338,P00533,,,,MCF-7; HepG-2; HCT-116; A549,HTRF; Western blot,,,,MCF-7
5656,10.1080/14756366.2022.2062338,P00533,,,,MCF-7; HepG-2; HCT-116; A549,HTRF; Western blot,,,,MCF-7
5657,10.1080/14756366.2022.2062338,P00533,,,,MCF-7; HepG-2; HCT-116; A549,HTRF; Western blot,,,,MCF-7
5657,10.1080/14756366.2022.2062338,P00533,,,,MCF-7; HepG-2; HCT-116; A549,HTRF; Western blot,,,,MCF-7
5658,10.1080/14756366.2022.2062338,P00533,,,,MCF-7; HepG-2; HCT-116; A549,HTRF; Western blot,,,,MCF-7
5658,10.1080/14756366.2022.2062338,P00533,,,,MCF-7; HepG-2; HCT-116; A549,HTRF; Western blot,,,,MCF-7
5659,10.1080/14756366.2022.2062338,P00533,,other,,MCF-7; HepG-2; HCT-116; A549,HTRF; Western blot,,,,MCF-7
5659,10.1080/14756366.2022.2062338,P00533,,other,,MCF-7; HepG-2; HCT-116; A549,HTRF; Western blot,,,,MCF-7
5660,10.1080/14756366.2022.2062338,P00533,,other,,MCF-7; HepG-2; HCT-116; A549,HTRF; Western blot,,,,MCF-7
5660,10.1080/14756366.2022.2062338,P00533,,other,,MCF-7; HepG-2; HCT-116; A549,HTRF; Western blot,,,,MCF-7
5661,10.1080/14756366.2022.2062338,P00533,,other,,MCF-7; HepG-2; HCT-116; A549,HTRF; Western blot,,,,MCF-7
5661,10.1080/14756366.2022.2062338,P00533,,other,,MCF-7; HepG-2; HCT-116; A549,HTRF; Western blot,,,,MCF-7
5662,10.1021/acs.jmedchem.1c01948,Q86WV6,,,,,,,,THP1,
5663,10.1021/acs.jmedchem.1c01948,Q86WV6,,,,,,,,THP1,
5664,10.1021/acs.jmedchem.1c01948,Q86WV6,,,,,,,,THP1,
5665,10.1021/acs.jmedchem.1c01948,Q86WV6,,,,,,,,THP1,
5666,10.1021/acs.jmedchem.1c01948,Q86WV6,,,,,,,,THP1,
5667,10.1021/acs.jmedchem.1c01948,Q86WV6,,,,,,,,THP1,
5668,10.1021/acs.jmedchem.1c01948,Q86WV6,,,,,,,,THP1,
5669,10.1021/acs.jmedchem.1c01948,Q86WV6,,,,,,,,THP1,
5670,10.1021/acs.jmedchem.1c01948,Q86WV6,,,,,,,,THP1,
5671,10.1021/acs.jmedchem.1c01948,Q86WV6,,,,,,,,THP1,
5672,10.1021/acs.jmedchem.1c01948,Q86WV6,,,,,,,,THP1,
5673,10.1021/acs.jmedchem.1c01948,Q86WV6,,,,,,,,THP1,
5674,10.1021/acs.jmedchem.1c01948,Q86WV6,,,,,,,,THP1,
5675,10.1021/acs.jmedchem.1c01948,Q86WV6,,,,,,,,THP1,
5676,10.1021/acs.jmedchem.1c01948,Q86WV6,,,,,,,,THP1,
5677,10.1021/acs.jmedchem.1c01948,Q86WV6,,,,,,,,THP1,
5678,10.1021/acs.jmedchem.1c01948,Q86WV6,,,,,,,,THP1,
5679,10.1021/acs.jmedchem.1c01948,Q86WV6,,,,,,,,THP1,
5680,10.1021/acs.jmedchem.1c01948,Q86WV6,,,,,,,,THP1,
5681,10.1021/acs.jmedchem.1c01948,Q86WV6,,,,,,,,THP1,
5682,10.1021/acs.jmedchem.1c01948,Q86WV6,THP-1,Western blot,48.0,,,,,THP1,THP-1
5683,10.1021/acs.jmedchem.1c01948,Q86WV6,THP-1,Western blot,48.0,,,,,THP1,THP-1
5684,10.1021/acs.jmedchem.1c01948,Q86WV6,THP-1,Western blot,48.0,,,,,THP1,THP-1
5685,10.1021/acs.jmedchem.1c01948,Q86WV6,,,,,,,,THP1,
5686,10.1016/j.ejmech.2022.114321,Q9UGN5,MDA-MB-436,other,,MDA-MB-231,,,,Jurkat,MDA-MB-436
5687,10.1016/j.ejmech.2022.114321,Q9UGN5,MDA-MB-436,other,,MDA-MB-231,,,,Jurkat,MDA-MB-436
5688,10.1016/j.ejmech.2022.114321,Q9UGN5,Capan-1,other,,MDA-MB-231,,,,Jurkat,Capan-1
5689,10.1016/j.ejmech.2022.114321,Q9UGN5,MDA-MB-468,other,,MDA-MB-231,,,,Jurkat,MDA-MB-468
5690,10.1016/j.ejmech.2022.114321,Q9UGN5,MDA-MB-436,other,,MDA-MB-231,,,,Jurkat,MDA-MB-436
5691,10.1016/j.ejmech.2022.114321,Q9UGN5,Capan-1,other,,MDA-MB-231,,,,Jurkat,Capan-1
5692,10.1016/j.ejmech.2022.114321,Q9UGN5,MDA-MB-468,other,,MDA-MB-231,,,,Jurkat,MDA-MB-468
5693,10.1016/j.ejmech.2022.114321,Q9UGN5,MDA-MB-436,other,,MDA-MB-231,,,,Jurkat,MDA-MB-436
5694,10.1016/j.ejmech.2022.114321,Q9UGN5,Capan-1,other,,MDA-MB-231,,,,Jurkat,Capan-1
5695,10.1016/j.ejmech.2022.114321,Q9UGN5,MDA-MB-468,other,,MDA-MB-231,,,,Jurkat,MDA-MB-468
5696,10.1016/j.ejmech.2022.114321,Q9UGN5,MDA-MB-436,other,,MDA-MB-231,,,,Jurkat,MDA-MB-436
5697,10.1016/j.ejmech.2022.114321,Q9UGN5,MDA-MB-436,other,,MDA-MB-231,,,,Jurkat,MDA-MB-436
5698,10.1016/j.ejmech.2022.114321,Q9UGN5,Capan-1,other,,MDA-MB-231,,,,Jurkat,Capan-1
5699,10.1016/j.ejmech.2022.114321,Q9UGN5,MDA-MB-468,other,,MDA-MB-231,,,,Jurkat,MDA-MB-468
5700,10.1016/j.ejmech.2022.114321,Q9UGN5,MDA-MB-436,other,,MDA-MB-231,,,,Jurkat,MDA-MB-436
5701,10.1016/j.ejmech.2022.114321,Q9UGN5,Capan-1,other,,MDA-MB-231,,,,Jurkat,Capan-1
5702,10.1016/j.ejmech.2022.114321,Q9UGN5,MDA-MB-468,other,,MDA-MB-231,,,,Jurkat,MDA-MB-468
5703,10.1016/j.ejmech.2022.114321,Q9UGN5,MDA-MB-436,other,,MDA-MB-231,,,,Jurkat,MDA-MB-436
5704,10.1016/j.ejmech.2022.114321,Q9UGN5,Capan-1,other,,MDA-MB-231,,,,Jurkat,Capan-1
5705,10.1016/j.ejmech.2022.114321,Q9UGN5,MDA-MB-468,other,,MDA-MB-231,,,,Jurkat,MDA-MB-468
5706,10.1016/j.ejmech.2022.114321,Q9UGN5,MDA-MB-436,other,,MDA-MB-231,,,,Jurkat,MDA-MB-436
5707,10.1016/j.ejmech.2022.114321,Q9UGN5,,,,MDA-MB-231,,,,Jurkat,MDA-MB-231
5708,10.1016/j.ejmech.2022.114321,Q9UGN5,,,,MDA-MB-231,,,,Jurkat,MDA-MB-231
5709,10.1016/j.ejmech.2022.114321,Q9UGN5,,,,MDA-MB-231,,,,Jurkat,MDA-MB-231
5710,10.1016/j.ejmech.2022.114321,Q9UGN5,,,,MDA-MB-231,,,,Jurkat,MDA-MB-231
5711,10.1016/j.ejmech.2022.114321,Q9UGN5,,,,MDA-MB-231,,,,Jurkat,MDA-MB-231
5712,10.1016/j.ejmech.2022.114321,Q9UGN5,MDA-MB-231,degradation reporter,24.0,MDA-MB-231,,,,Jurkat,MDA-MB-231
5713,10.1016/j.ejmech.2022.114321,Q9UGN5,,,,MDA-MB-231,,,,Jurkat,MDA-MB-231
5714,10.1186/s13045-022-01258-8,Q03111,MV4;11,degradation reporter,24.0,,,,,HEK293T; HeLa; MOLM-13; MOLM13; MV4-11,MV4;11
5715,10.1186/s13045-022-01258-8,Q03111,MV4;11,degradation reporter,24.0,,,,,HEK293T; HeLa; MOLM-13; MOLM13; MV4-11,MV4;11
5716,10.1186/s13045-022-01258-8,Q03111,MV4;11,degradation reporter,24.0,,,,,HEK293T; HeLa; MOLM-13; MOLM13; MV4-11,MV4;11
5717,10.1016/j.ejmech.2023.115857,P01116,NCI-H358,other,,MIA PaCa-2,degradation assay; cell viability,,,A549; HCT116,NCI-H358
5718,10.1016/j.ejmech.2023.115857,P01116,MIA PaCa-2,other,,MIA PaCa-2,degradation assay; cell viability,,,A549; HCT116,MIA PaCa-2
5719,10.1016/j.ejmech.2023.115857,P01116,ASPC-1,other,,MIA PaCa-2,degradation assay; cell viability,,,A549; HCT116,ASPC-1
5720,10.1016/j.ejmech.2023.115857,P01116,NCI-H358,other,72.0,MIA PaCa-2,degradation assay; cell viability,,,A549; HCT116,NCI-H358
5721,10.1016/j.ejmech.2023.115857,P01116,MIA PaCa-2,other,,MIA PaCa-2,degradation assay; cell viability,,,A549; HCT116,MIA PaCa-2
5722,10.1016/j.ejmech.2023.115857,P01116,NCI-H358,other,,MIA PaCa-2,degradation assay; cell viability,,,A549; HCT116,NCI-H358
5723,10.1016/j.ejmech.2023.115857,P01116,MIA PaCa-2,other,,MIA PaCa-2,degradation assay; cell viability,,,A549; HCT116,MIA PaCa-2
5724,10.1016/j.ejmech.2023.115857,P01116,ASPC-1,other,,MIA PaCa-2,degradation assay; cell viability,,,A549; HCT116,ASPC-1
5725,10.1016/j.ejmech.2023.115857,P01116,,other,,MIA PaCa-2,degradation assay; cell viability,,,A549; HCT116,MIA PaCa-2
5726,10.1016/j.ejmech.2023.115857,P01116,,other,,MIA PaCa-2,degradation assay; cell viability,,,A549; HCT116,MIA PaCa-2
5727,10.1016/j.ejmech.2023.115857,P01116,,,,MIA PaCa-2,degradation assay; cell viability,,,A549; HCT116,MIA PaCa-2
5728,10.1016/j.ejmech.2023.115857,P01116,,,,MIA PaCa-2,degradation assay; cell viability,,,A549; HCT116,MIA PaCa-2
5729,10.1016/j.ejmech.2023.115857,P01116,,,,MIA PaCa-2,degradation assay; cell viability,,,A549; HCT116,MIA PaCa-2
5730,10.1016/j.ejmech.2023.115857,P01116,NCI-H358,Western blot,72.0,MIA PaCa-2,degradation assay; cell viability,,,A549; HCT116,NCI-H358
5731,10.1016/j.ejmech.2023.115857,P01116,,,,MIA PaCa-2,degradation assay; cell viability,,,A549; HCT116,MIA PaCa-2
5732,10.1016/j.ejmech.2023.115857,P01116,,,,MIA PaCa-2,degradation assay; cell viability,,,A549; HCT116,MIA PaCa-2
5733,10.1016/j.ejmech.2023.115857,P01116,,,,MIA PaCa-2,degradation assay; cell viability,,,A549; HCT116,MIA PaCa-2
5734,10.1016/j.ejmech.2023.115857,P01116,,,,MIA PaCa-2,degradation assay; cell viability,,,A549; HCT116,MIA PaCa-2
5735,10.1016/j.ejmech.2023.115857,P01116,,,,MIA PaCa-2,degradation assay; cell viability,,,A549; HCT116,MIA PaCa-2
5736,10.1016/j.chembiol.2023.09.014,P00374,,,,,,,,,
5737,10.1016/j.chembiol.2023.09.014,P00374,,,,,,,,,
5738,10.1016/j.chembiol.2023.09.014,P00374,,,,,,,,,
5739,10.1016/j.chembiol.2023.09.014,P00374,,,,,,,,,
5740,10.1016/j.chembiol.2023.09.014,P00374,,,,,,,,,
5741,10.1021/jacsau.3c00228,P50395,ASPC-1,Western blot,24.0,,,,,,ASPC-1
5742,10.1016/j.ejps.2023.106624,P14625,4T1,degradation reporter,24.0,4T1,Western blot,,,HEK293; HEK293T; HeLa; MDA-MB-231,4T1
5742,10.1016/j.ejps.2023.106624,P06493,4T1,degradation reporter,24.0,4T1,Western blot,,,,4T1
5742,10.1016/j.ejps.2023.106624,P11802,4T1,degradation reporter,24.0,4T1,Western blot,,,HCT116; HeLa,4T1
5743,10.1016/j.ejps.2023.106624,P14625,,,,4T1,Western blot,,,HEK293; HEK293T; HeLa; MDA-MB-231,4T1
5743,10.1016/j.ejps.2023.106624,P06493,,,,4T1,Western blot,,,,4T1
5743,10.1016/j.ejps.2023.106624,P11802,,,,4T1,Western blot,,,HCT116; HeLa,4T1
5744,10.1016/j.ejps.2023.106624,P14625,,,,4T1,Western blot,,,HEK293; HEK293T; HeLa; MDA-MB-231,4T1
5744,10.1016/j.ejps.2023.106624,P06493,,,,4T1,Western blot,,,,4T1
5744,10.1016/j.ejps.2023.106624,P11802,,,,4T1,Western blot,,,HCT116; HeLa,4T1
5745,10.1016/j.ejps.2023.106624,P14625,,,,4T1,Western blot,,,HEK293; HEK293T; HeLa; MDA-MB-231,4T1
5745,10.1016/j.ejps.2023.106624,P06493,,,,4T1,Western blot,,,,4T1
5745,10.1016/j.ejps.2023.106624,P11802,,,,4T1,Western blot,,,HCT116; HeLa,4T1
5746,10.1021/acs.jmedchem.3c00851,O60885,,,,,,,,,
5747,10.1021/acs.jmedchem.3c00851,O60885,,,,,,,,,
5748,10.1021/acs.jmedchem.3c00851,O60885,,,,,,,,,
5749,10.1021/acs.jmedchem.3c00851,O60885,,,,,,,,,
5750,10.1021/acs.jmedchem.3c00851,O60885,,,,,,,,,
5751,10.1021/acs.jmedchem.3c00851,O60885,,,,,,,,,
5752,10.1021/acs.jmedchem.3c00851,O60885,,,,,,,,,
5753,10.1021/acs.jmedchem.3c00851,O60885,MOLT4,degradation reporter,24.0,,,,,,MOLT4
5754,10.1021/acs.jmedchem.3c00851,O60885,,,,,,,,,
5755,10.1021/acs.jmedchem.3c00851,O60885,,,,,,,,,
5756,10.1021/acs.jmedchem.3c00851,O60885,MOLT4,degradation reporter,24.0,,,,,,MOLT4
5757,10.1021/acs.jmedchem.3c00851,O60885,,,,,,,,,
5758,10.1021/acs.jmedchem.3c00851,Q9UBN7,,,,,,,,A549; HCT116; HEK293; HeLa,
5759,10.1021/acs.jmedchem.3c00851,Q9UBN7,,,,,,,,A549; HCT116; HEK293; HeLa,
5760,10.1016/j.jare.2023.10.014,Q9GZR2,HCT116,,,,,,,,HCT116
5761,10.1016/j.jare.2023.10.014,Q9GZR2,A549,,,,,,,,A549
5762,10.1016/j.jare.2023.10.014,Q9GZR2,MCF-7,,,,,,,,MCF-7
5763,10.1016/j.jare.2023.10.014,Q9GZR2,HCT116,,,,,,,,HCT116
5764,10.1016/j.jare.2023.10.014,Q9GZR2,A549,,,,,,,,A549
5765,10.1039/d3cb00103b,O60885,,,,,,,,,
5766,10.1016/j.bioorg.2023.106952,P09874,MDA-MB-231,degradation reporter,24.0,MDA-MB-231,,,,,MDA-MB-231
5767,10.1016/j.bioorg.2023.106952,P09874,MDA-MB-231,degradation reporter,24.0,MDA-MB-231,,,,,MDA-MB-231
5768,10.1016/j.bioorg.2023.106952,P09874,MDA-MB-231,degradation reporter,24.0,MDA-MB-231,,,,,MDA-MB-231
5769,10.1016/j.bioorg.2023.106952,P09874,MDA-MB-231,degradation reporter,24.0,MDA-MB-231,,,,,MDA-MB-231
5770,10.1016/j.bioorg.2023.106952,P09874,MDA-MB-231,degradation reporter,24.0,MDA-MB-231,,,,,MDA-MB-231
5771,10.1016/j.bioorg.2023.106952,P09874,MDA-MB-231,degradation reporter,24.0,MDA-MB-231,,,,,MDA-MB-231
5772,10.1016/j.bioorg.2023.106952,P09874,MDA-MB-231,degradation reporter,24.0,MDA-MB-231,,,,,MDA-MB-231
5773,10.1016/j.bioorg.2023.106952,P09874,MDA-MB-231,degradation reporter,24.0,MDA-MB-231,,,,,MDA-MB-231
5774,10.1016/j.bioorg.2023.106952,P09874,MDA-MB-231,degradation reporter,24.0,MDA-MB-231,,,,,MDA-MB-231
5775,10.1016/j.bioorg.2023.106952,P09874,MDA-MB-231,degradation reporter,24.0,MDA-MB-231,,,,,MDA-MB-231
5776,10.1016/j.bioorg.2023.106952,P09874,MDA-MB-231,degradation reporter,24.0,MDA-MB-231,,,,,MDA-MB-231
5777,10.1016/j.bioorg.2023.106952,P09874,MDA-MB-231,degradation reporter,24.0,MDA-MB-231,,,,,MDA-MB-231
5778,10.1016/j.bioorg.2023.106952,P09874,MDA-MB-231,degradation reporter,24.0,MDA-MB-231,,,,,MDA-MB-231
5779,10.1016/j.bioorg.2023.106952,P09874,MDA-MB-231,degradation reporter,24.0,MDA-MB-231,,,,,MDA-MB-231
5780,10.1016/j.bioorg.2023.106952,P09874,MDA-MB-231,degradation reporter,24.0,MDA-MB-231,,,,,MDA-MB-231
5781,10.1016/j.bioorg.2023.106952,P09874,MDA-MB-231,degradation reporter,24.0,MDA-MB-231,,,,,MDA-MB-231
5782,10.1016/j.bioorg.2023.106952,P09874,MDA-MB-231,degradation reporter,24.0,MDA-MB-231,,,,,MDA-MB-231
5783,10.1016/j.bioorg.2023.106952,P09874,MDA-MB-231,degradation reporter,24.0,MDA-MB-231,,,,,MDA-MB-231
5784,10.1016/j.bioorg.2023.106952,P09874,MDA-MB-231,degradation reporter,24.0,MDA-MB-231,,,,,MDA-MB-231
5785,10.1016/j.bioorg.2023.106952,P09874,MDA-MB-231,degradation reporter,24.0,MDA-MB-231,,,,,MDA-MB-231
5786,10.1016/j.bioorg.2023.106952,P09874,MDA-MB-231,degradation reporter,24.0,MDA-MB-231,,,,,MDA-MB-231
5787,10.1016/j.bioorg.2023.106952,P09874,MDA-MB-231,degradation reporter,24.0,MDA-MB-231,,,,,MDA-MB-231
5788,10.1016/j.bioorg.2023.106952,P09874,MDA-MB-231,degradation reporter,24.0,MDA-MB-231,,,,,MDA-MB-231
5789,10.1021/acs.jmedchem.3c01348,P17706,Jurkat,degradation reporter,,B16F10,,,,,Jurkat
5790,10.1021/acs.jmedchem.3c01348,P17706,Jurkat,degradation reporter,,B16F10,,,,,Jurkat
5791,10.1021/acs.jmedchem.3c01348,P17706,Jurkat,degradation reporter,,B16F10,,,,,Jurkat
5792,10.1021/acs.jmedchem.3c01348,P17706,Jurkat,degradation reporter,,B16F10,,,,,Jurkat
5793,10.1021/acs.jmedchem.3c01348,P17706,Jurkat,degradation reporter,,B16F10,,,,,Jurkat
5794,10.1021/acs.jmedchem.3c01348,P17706,Jurkat,degradation reporter,,B16F10,,,,,Jurkat
5794,10.1021/acs.jmedchem.3c01348,P18031,Jurkat,degradation reporter,,B16F10,,,,,Jurkat
5795,10.1021/acs.jmedchem.3c01348,P17706,Jurkat,degradation reporter,,B16F10,,,,,Jurkat
5795,10.1021/acs.jmedchem.3c01348,P18031,Jurkat,degradation reporter,,B16F10,,,,,Jurkat
5796,10.1021/acs.jmedchem.3c01348,P17706,Jurkat,degradation reporter,,B16F10,,,,,Jurkat
5796,10.1021/acs.jmedchem.3c01348,P18031,Jurkat,degradation reporter,,B16F10,,,,,Jurkat
5797,10.1021/acs.jmedchem.3c01348,P17706,Jurkat,degradation reporter,,B16F10,,,,,Jurkat
5798,10.1021/acs.jmedchem.3c01348,P17706,Jurkat,degradation reporter,,B16F10,,,,,Jurkat
5798,10.1021/acs.jmedchem.3c01348,P18031,Jurkat,degradation reporter,,B16F10,,,,,Jurkat
5799,10.1021/acs.jmedchem.3c01348,P17706,Jurkat,degradation reporter,,B16F10,,,,,Jurkat
5800,10.1021/acs.jmedchem.3c01348,P17706,Jurkat,degradation reporter,,B16F10,,,,,Jurkat
5801,10.1021/acs.jmedchem.3c01348,P17706,Jurkat,degradation reporter,,B16F10,,,,,Jurkat
5802,10.1021/acs.jmedchem.3c01348,P17706,,,,B16F10,,,,,B16F10
5803,10.1021/acs.jmedchem.3c01348,P17706,,,,B16F10,,,,,B16F10
5804,10.1021/acs.jmedchem.3c01348,P17706,,,,B16F10,,,,,B16F10
5805,10.1016/j.bmc.2023.117537,O75030,,,,B16-F10,Western blot,,,,B16-F10
5806,10.1016/j.bmc.2023.117537,O75030,,,,B16-F10,Western blot,,,,B16-F10
5807,10.1016/j.bmc.2023.117537,O75030,,,,B16-F10,Western blot,,,,B16-F10
5808,10.1016/j.bmc.2023.117537,O75030,,,,B16-F10,Western blot,,,,B16-F10
5809,10.1016/j.bmc.2023.117537,O75030,,,,B16-F10,Western blot,,,,B16-F10
5810,10.1016/j.bmc.2023.117537,O75030,,,,B16-F10,Western blot,,,,B16-F10
5811,10.1016/j.bmc.2023.117537,O75030,,,,B16-F10,Western blot,,,,B16-F10
5812,10.3390/ijms242216290,P27361,,,,HCT116,Western blot,,,Jurkat; MDA-MB-231; PC3,HCT116
5812,10.3390/ijms242216290,P28482,,,,HCT116,Western blot,,,Jurkat; PC3,HCT116
5813,10.3390/ijms242216290,P27361,,,,HCT116,Western blot,,,Jurkat; MDA-MB-231; PC3,HCT116
5813,10.3390/ijms242216290,P28482,,,,HCT116,Western blot,,,Jurkat; PC3,HCT116
5814,10.3390/ijms242216290,P27361,,,,HCT116,Western blot,,,Jurkat; MDA-MB-231; PC3,HCT116
5814,10.3390/ijms242216290,P28482,,,,HCT116,Western blot,,,Jurkat; PC3,HCT116
5815,10.3390/ijms242216290,P27361,,,,HCT116,Western blot,,,Jurkat; MDA-MB-231; PC3,HCT116
5815,10.3390/ijms242216290,P28482,,,,HCT116,Western blot,,,Jurkat; PC3,HCT116
5816,10.3390/ijms242216290,P27361,,,,HCT116,Western blot,,,Jurkat; MDA-MB-231; PC3,HCT116
5816,10.3390/ijms242216290,P28482,,,,HCT116,Western blot,,,Jurkat; PC3,HCT116
5817,10.3390/ijms242216290,P27361,,,,HCT116,Western blot,,,Jurkat; MDA-MB-231; PC3,HCT116
5817,10.3390/ijms242216290,P28482,,,,HCT116,Western blot,,,Jurkat; PC3,HCT116
5818,10.3390/ijms242216290,P27361,,,,HCT116,Western blot,,,Jurkat; MDA-MB-231; PC3,HCT116
5818,10.3390/ijms242216290,P28482,,,,HCT116,Western blot,,,Jurkat; PC3,HCT116
5819,10.3390/ijms242216290,P27361,,,,HCT116,Western blot,,,Jurkat; MDA-MB-231; PC3,HCT116
5819,10.3390/ijms242216290,P28482,,,,HCT116,Western blot,,,Jurkat; PC3,HCT116
5820,10.3390/ijms242216290,P27361,,,,HCT116,Western blot,,,Jurkat; MDA-MB-231; PC3,HCT116
5820,10.3390/ijms242216290,P28482,,,,HCT116,Western blot,,,Jurkat; PC3,HCT116
5821,10.3390/ijms242216290,P27361,,,,HCT116,Western blot,,,Jurkat; MDA-MB-231; PC3,HCT116
5821,10.3390/ijms242216290,P28482,,,,HCT116,Western blot,,,Jurkat; PC3,HCT116
5822,10.3390/ijms242216290,P27361,,,,HCT116,Western blot,,,Jurkat; MDA-MB-231; PC3,HCT116
5822,10.3390/ijms242216290,P28482,,,,HCT116,Western blot,,,Jurkat; PC3,HCT116
5823,10.3390/ijms242216290,P27361,,,,HCT116,Western blot,,,Jurkat; MDA-MB-231; PC3,HCT116
5823,10.3390/ijms242216290,P28482,,,,HCT116,Western blot,,,Jurkat; PC3,HCT116
5824,10.3390/ijms242216290,P27361,,,,HCT116,Western blot,,,Jurkat; MDA-MB-231; PC3,HCT116
5824,10.3390/ijms242216290,P28482,,,,HCT116,Western blot,,,Jurkat; PC3,HCT116
5825,10.3390/ijms242216290,P27361,,,,HCT116,Western blot,,,Jurkat; MDA-MB-231; PC3,HCT116
5825,10.3390/ijms242216290,P28482,,,,HCT116,Western blot,,,Jurkat; PC3,HCT116
5826,10.3390/ijms242216290,P27361,,,,HCT116,Western blot,,,Jurkat; MDA-MB-231; PC3,HCT116
5826,10.3390/ijms242216290,P28482,,,,HCT116,Western blot,,,Jurkat; PC3,HCT116
5827,10.3390/ijms242216290,P27361,,,,HCT116,Western blot,,,Jurkat; MDA-MB-231; PC3,HCT116
5827,10.3390/ijms242216290,P28482,,,,HCT116,Western blot,,,Jurkat; PC3,HCT116
5828,10.3390/ijms242216290,P27361,,,,HCT116,Western blot,,,Jurkat; MDA-MB-231; PC3,HCT116
5828,10.3390/ijms242216290,P28482,,,,HCT116,Western blot,,,Jurkat; PC3,HCT116
5829,10.3390/ijms242216290,P27361,,,,HCT116,Western blot,,,Jurkat; MDA-MB-231; PC3,HCT116
5829,10.3390/ijms242216290,P28482,,,,HCT116,Western blot,,,Jurkat; PC3,HCT116
5830,10.3390/ijms242216290,P27361,,,,HCT116,Western blot,,,Jurkat; MDA-MB-231; PC3,HCT116
5830,10.3390/ijms242216290,P28482,,,,HCT116,Western blot,,,Jurkat; PC3,HCT116
5831,10.3390/ijms242216290,P27361,,,,HCT116,Western blot,,,Jurkat; MDA-MB-231; PC3,HCT116
5831,10.3390/ijms242216290,P28482,,,,HCT116,Western blot,,,Jurkat; PC3,HCT116
5832,10.3390/ijms242216290,P27361,,,,HCT116,Western blot,,,Jurkat; MDA-MB-231; PC3,HCT116
5832,10.3390/ijms242216290,P28482,,,,HCT116,Western blot,,,Jurkat; PC3,HCT116
5833,10.3390/ijms242216290,P27361,,,,HCT116,Western blot,,,Jurkat; MDA-MB-231; PC3,HCT116
5833,10.3390/ijms242216290,P28482,,,,HCT116,Western blot,,,Jurkat; PC3,HCT116
5834,10.3390/ijms242216290,P27361,,,,HCT116,Western blot,,,Jurkat; MDA-MB-231; PC3,HCT116
5834,10.3390/ijms242216290,P28482,,,,HCT116,Western blot,,,Jurkat; PC3,HCT116
5835,10.3390/ijms242216290,P27361,,,,HCT116,Western blot,,,Jurkat; MDA-MB-231; PC3,HCT116
5835,10.3390/ijms242216290,P28482,,,,HCT116,Western blot,,,Jurkat; PC3,HCT116
5836,10.3390/ijms242216290,P27361,,,,HCT116,Western blot,,,Jurkat; MDA-MB-231; PC3,HCT116
5836,10.3390/ijms242216290,P28482,,,,HCT116,Western blot,,,Jurkat; PC3,HCT116
5837,10.3390/ijms242216290,P27361,,,,HCT116,Western blot,,,Jurkat; MDA-MB-231; PC3,HCT116
5837,10.3390/ijms242216290,P28482,,,,HCT116,Western blot,,,Jurkat; PC3,HCT116
5838,10.1016/j.ejmech.2023.115974,P36888,MV4-11,degradation reporter,24.0,MV4-11,degradation reporter,,,,MV4-11
5839,10.1016/j.ejmech.2023.115974,P36888,MV4-11,degradation reporter,24.0,MV4-11,degradation reporter,,,,MV4-11
5840,10.1016/j.ejmech.2023.115974,P36888,MV4-11,degradation reporter,24.0,MV4-11,degradation reporter,,,,MV4-11
5841,10.1016/j.ejmech.2023.115974,P36888,MV4-11,degradation reporter,24.0,MV4-11,degradation reporter,,,,MV4-11
5842,10.1016/j.ejmech.2023.115974,P36888,MV4-11,degradation reporter,24.0,MV4-11,degradation reporter,,,,MV4-11
5843,10.1016/j.ejmech.2023.115974,P36888,MV4-11,degradation reporter,24.0,MV4-11,degradation reporter,,,,MV4-11
5844,10.1016/j.ejmech.2023.115974,P36888,MV4-11,degradation reporter,24.0,MV4-11,degradation reporter,,,,MV4-11
5845,10.1016/j.ejmech.2023.115974,P36888,MV4-11,degradation reporter,24.0,MV4-11,degradation reporter,,,,MV4-11
5846,10.1016/j.ejmech.2023.115974,P36888,MV4-11,degradation reporter,24.0,MV4-11,degradation reporter,,,,MV4-11
5847,10.1016/j.ejmech.2023.115974,P36888,MV4-11,degradation reporter,24.0,MV4-11,degradation reporter,,,,MV4-11
5848,10.1016/j.ejmech.2023.115974,P36888,MV4-11,degradation reporter,24.0,MV4-11,degradation reporter,,,,MV4-11
5849,10.1016/j.ejmech.2023.115974,P36888,MV4-11,degradation reporter,24.0,MV4-11,degradation reporter,,,,MV4-11
5850,10.1016/j.ejmech.2023.115974,P36888,MV4-11,degradation reporter,24.0,MV4-11,degradation reporter,,,,MV4-11
5851,10.1016/j.ejmech.2023.115974,P36888,MV4-11,degradation reporter,24.0,MV4-11,degradation reporter,,,,MV4-11
5852,10.1016/j.ejmech.2023.115974,P36888,MV4-11,degradation reporter,24.0,MV4-11,degradation reporter,,,,MV4-11
5853,10.1016/j.ejmech.2023.115974,P36888,MV4-11,degradation reporter,24.0,MV4-11,degradation reporter,,,,MV4-11
5854,10.1016/j.ejmech.2023.115974,P36888,MV4-11,degradation reporter,24.0,MV4-11,degradation reporter,,,,MV4-11
5855,10.1016/j.ejmech.2023.115974,P36888,MV4-11,degradation reporter,24.0,MV4-11,degradation reporter,,,,MV4-11
5856,10.1016/j.ejmech.2023.115974,P36888,MV4-11,degradation reporter,24.0,MV4-11,degradation reporter,,,,MV4-11
5857,10.1016/j.ejmech.2023.115974,P36888,MV4-11,degradation reporter,24.0,MV4-11,degradation reporter,,,,MV4-11
5858,10.1016/j.ejmech.2023.115974,P36888,MV4-11,degradation reporter,24.0,MV4-11,degradation reporter,,,,MV4-11
5859,10.1016/j.ejmech.2023.115974,P36888,MV4-11,degradation reporter,24.0,MV4-11,degradation reporter,,,,MV4-11
5860,10.1016/j.ejmech.2023.115974,P36888,MV4-11,degradation reporter,24.0,MV4-11,degradation reporter,,,,MV4-11
5861,10.1016/j.ejmech.2023.115974,P36888,MV4-11,degradation reporter,24.0,MV4-11,degradation reporter,,,,MV4-11
5862,10.1016/j.bmc.2023.117526,P03372,,,,,,,,HeLa; MCF-7,
5863,10.1016/j.bmc.2023.117526,P03372,,,,,,,,HeLa; MCF-7,
5864,10.1021/acs.jmedchem.3c01137,Q8N5S9,HEK293T,degradation reporter,24.0,,,,,,HEK293T
5864,10.1021/acs.jmedchem.3c01137,Q96RR4,HEK293T,degradation reporter,24.0,,,,,HL-60,HEK293T
5865,10.1021/acs.jmedchem.3c01137,Q8N5S9,HEK293T,degradation reporter,24.0,,,,,,HEK293T
5865,10.1021/acs.jmedchem.3c01137,Q96RR4,HEK293T,degradation reporter,24.0,,,,,HL-60,HEK293T
5866,10.1021/acs.jmedchem.3c01137,Q8N5S9,HEK293T,degradation reporter,24.0,,,,,,HEK293T
5866,10.1021/acs.jmedchem.3c01137,Q96RR4,HEK293T,degradation reporter,24.0,,,,,HL-60,HEK293T
5867,10.1021/acs.jmedchem.3c01137,Q8N5S9,HEK293T,degradation reporter,24.0,,,,,,HEK293T
5867,10.1021/acs.jmedchem.3c01137,Q96RR4,HEK293T,degradation reporter,24.0,,,,,HL-60,HEK293T
5868,10.1021/acs.jmedchem.3c01137,Q8N5S9,HEK293T,degradation reporter,24.0,,,,,,HEK293T
5868,10.1021/acs.jmedchem.3c01137,Q96RR4,HEK293T,degradation reporter,24.0,,,,,HL-60,HEK293T
5869,10.1021/acs.jmedchem.3c01137,Q8N5S9,HEK293T,degradation reporter,24.0,,,,,,HEK293T
5869,10.1021/acs.jmedchem.3c01137,Q96RR4,HEK293T,degradation reporter,24.0,,,,,HL-60,HEK293T
5870,10.1021/acs.jmedchem.3c01137,Q8N5S9,HEK293T,degradation reporter,24.0,,,,,,HEK293T
5870,10.1021/acs.jmedchem.3c01137,Q96RR4,HEK293T,degradation reporter,24.0,,,,,HL-60,HEK293T
5871,10.1016/j.chembiol.2023.10.023,P11309,,,,prostate cancer cell line models,Western blot; apoptosis assay,,,HEK293T,prostate cancer cell line models
5872,10.1016/j.chembiol.2023.10.023,P11309,,,,prostate cancer cell line models,Western blot; apoptosis assay,,,HEK293T,prostate cancer cell line models
5873,10.1016/j.chembiol.2023.10.023,P11309,,,,prostate cancer cell line models,Western blot; apoptosis assay,,,HEK293T,prostate cancer cell line models
5874,10.1016/j.chembiol.2023.10.023,P11309,,,,prostate cancer cell line models,Western blot; apoptosis assay,,,HEK293T,prostate cancer cell line models
5875,10.1016/j.chembiol.2023.10.023,P11309,,,,prostate cancer cell line models,Western blot; apoptosis assay,,,HEK293T,prostate cancer cell line models
5876,10.1016/j.chembiol.2023.10.023,P11309,,,,prostate cancer cell line models,Western blot; apoptosis assay,,,HEK293T,prostate cancer cell line models
5877,10.1021/acs.jmedchem.3c01521,P61964,,,,PDAC cells,proliferation assay,,,HeLa,PDAC cells
5878,10.1021/acs.jmedchem.3c01521,P61964,,,,PDAC cells,proliferation assay,,,HeLa,PDAC cells
5879,10.1021/acs.jmedchem.3c01521,P61964,,,,PDAC cells,proliferation assay,,,HeLa,PDAC cells
5880,10.1021/acs.jmedchem.3c01521,P61964,,,,PDAC cells,proliferation assay,,,HeLa,PDAC cells
5881,10.1021/acs.jmedchem.3c01521,P61964,,,,PDAC cells,proliferation assay,,,HeLa,PDAC cells
5882,10.1021/acs.jmedchem.3c01521,P61964,,,,PDAC cells,proliferation assay,,,HeLa,PDAC cells
5883,10.1021/acs.jmedchem.3c01521,P61964,,,,PDAC cells,proliferation assay,,,HeLa,PDAC cells
5884,10.1021/acs.jmedchem.3c01521,P61964,,,,PDAC cells,proliferation assay,,,HeLa,PDAC cells
5885,10.1021/acs.jmedchem.3c01521,P61964,,,,PDAC cells,proliferation assay,,,HeLa,PDAC cells
5886,10.1021/acs.jmedchem.3c01521,P61964,,,,PDAC cells,proliferation assay,,,HeLa,PDAC cells
5887,10.1021/acs.jmedchem.3c01521,P61964,,,,PDAC cells,proliferation assay,,,HeLa,PDAC cells
5888,10.1021/acs.jmedchem.3c01521,P61964,,,,PDAC cells,proliferation assay,,,HeLa,PDAC cells
5889,10.1021/acs.jmedchem.3c01521,P61964,,,,PDAC cells,proliferation assay,,,HeLa,PDAC cells
5890,10.1021/acs.jmedchem.3c01521,P61964,,,,PDAC cells,proliferation assay,,,HeLa,PDAC cells
5891,10.1021/acs.jmedchem.3c01521,P61964,,,,PDAC cells,proliferation assay,,,HeLa,PDAC cells
5892,10.1021/acs.jmedchem.3c01521,P61964,,,,PDAC cells,proliferation assay,,,HeLa,PDAC cells
5893,10.1021/acs.jmedchem.3c01521,P61964,,,,PDAC cells,proliferation assay,,,HeLa,PDAC cells
5894,10.1021/acs.jmedchem.3c01521,P61964,,,,PDAC cells,proliferation assay,,,HeLa,PDAC cells
5895,10.1021/acs.jmedchem.3c01521,P61964,,,,PDAC cells,proliferation assay,,,HeLa,PDAC cells
5896,10.1021/acs.jmedchem.3c01521,P61964,,,,PDAC cells,proliferation assay,,,HeLa,PDAC cells
5897,10.1039/d3sc04541b,P17706,HEK293,degradation reporter,16.0,B16 melanoma cells; Jurkat cells; CAR-T cells; KB tumor cells,phosphorylation analysis; Western blot,,,,HEK293
5897,10.1039/d3sc04541b,P18031,HEK293,degradation reporter,16.0,B16 melanoma cells; Jurkat cells; CAR-T cells; KB tumor cells,phosphorylation analysis; Western blot,,,,HEK293
5898,10.1039/d3sc04541b,P17706,HEK293,degradation reporter,16.0,B16 melanoma cells; Jurkat cells; CAR-T cells; KB tumor cells,phosphorylation analysis; Western blot,,,,HEK293
5898,10.1039/d3sc04541b,P18031,HEK293,degradation reporter,16.0,B16 melanoma cells; Jurkat cells; CAR-T cells; KB tumor cells,phosphorylation analysis; Western blot,,,,HEK293
5899,10.1039/d3sc04541b,P17706,HEK293,degradation reporter,16.0,B16 melanoma cells; Jurkat cells; CAR-T cells; KB tumor cells,phosphorylation analysis; Western blot,,,,HEK293
5899,10.1039/d3sc04541b,P18031,HEK293,degradation reporter,16.0,B16 melanoma cells; Jurkat cells; CAR-T cells; KB tumor cells,phosphorylation analysis; Western blot,,,,HEK293
5900,10.1039/d3sc04541b,P17706,HEK293,degradation reporter,16.0,B16 melanoma cells; Jurkat cells; CAR-T cells; KB tumor cells,phosphorylation analysis; Western blot,,,,HEK293
5900,10.1039/d3sc04541b,P18031,HEK293,degradation reporter,16.0,B16 melanoma cells; Jurkat cells; CAR-T cells; KB tumor cells,phosphorylation analysis; Western blot,,,,HEK293
5901,10.1039/d3sc04541b,P17706,HEK293,degradation reporter,16.0,B16 melanoma cells; Jurkat cells; CAR-T cells; KB tumor cells,phosphorylation analysis; Western blot,,,,HEK293
5901,10.1039/d3sc04541b,P18031,HEK293,degradation reporter,16.0,B16 melanoma cells; Jurkat cells; CAR-T cells; KB tumor cells,phosphorylation analysis; Western blot,,,,HEK293
5902,10.1039/d3sc04541b,P17706,HEK293,degradation reporter,16.0,B16 melanoma cells; Jurkat cells; CAR-T cells; KB tumor cells,phosphorylation analysis; Western blot,,,,HEK293
5902,10.1039/d3sc04541b,P18031,HEK293,degradation reporter,16.0,B16 melanoma cells; Jurkat cells; CAR-T cells; KB tumor cells,phosphorylation analysis; Western blot,,,,HEK293
5903,10.1039/d3sc04541b,P17706,HEK293,degradation reporter,16.0,B16 melanoma cells; Jurkat cells; CAR-T cells; KB tumor cells,phosphorylation analysis; Western blot,,,,HEK293
5903,10.1039/d3sc04541b,P18031,HEK293,degradation reporter,16.0,B16 melanoma cells; Jurkat cells; CAR-T cells; KB tumor cells,phosphorylation analysis; Western blot,,,,HEK293
5904,10.1039/d3sc04541b,P17706,HEK293,degradation reporter,16.0,B16 melanoma cells; Jurkat cells; CAR-T cells; KB tumor cells,phosphorylation analysis; Western blot,,,,HEK293
5904,10.1039/d3sc04541b,P18031,HEK293,degradation reporter,16.0,B16 melanoma cells; Jurkat cells; CAR-T cells; KB tumor cells,phosphorylation analysis; Western blot,,,,HEK293
5905,10.1039/d3sc04541b,P17706,HEK293,degradation reporter,16.0,B16 melanoma cells; Jurkat cells; CAR-T cells; KB tumor cells,phosphorylation analysis; Western blot,,,,HEK293
5905,10.1039/d3sc04541b,P18031,HEK293,degradation reporter,16.0,B16 melanoma cells; Jurkat cells; CAR-T cells; KB tumor cells,phosphorylation analysis; Western blot,,,,HEK293
5906,10.1039/d3sc04541b,P17706,HEK293,degradation reporter,16.0,B16 melanoma cells; Jurkat cells; CAR-T cells; KB tumor cells,phosphorylation analysis; Western blot,,,,HEK293
5906,10.1039/d3sc04541b,P18031,HEK293,degradation reporter,16.0,B16 melanoma cells; Jurkat cells; CAR-T cells; KB tumor cells,phosphorylation analysis; Western blot,,,,HEK293
5907,10.1039/d3sc04541b,P17706,HEK293,degradation reporter,16.0,B16 melanoma cells; Jurkat cells; CAR-T cells; KB tumor cells,phosphorylation analysis; Western blot,,,,HEK293
5907,10.1039/d3sc04541b,P18031,HEK293,degradation reporter,16.0,B16 melanoma cells; Jurkat cells; CAR-T cells; KB tumor cells,phosphorylation analysis; Western blot,,,,HEK293
5908,10.1039/d3sc04541b,P17706,HEK293,degradation reporter,16.0,B16 melanoma cells; Jurkat cells; CAR-T cells; KB tumor cells,phosphorylation analysis; Western blot,,,,HEK293
5908,10.1039/d3sc04541b,P18031,HEK293,degradation reporter,16.0,B16 melanoma cells; Jurkat cells; CAR-T cells; KB tumor cells,phosphorylation analysis; Western blot,,,,HEK293
5909,10.1039/d3sc04541b,P17706,HEK293,degradation reporter,16.0,B16 melanoma cells; Jurkat cells; CAR-T cells; KB tumor cells,phosphorylation analysis; Western blot,,,,HEK293
5909,10.1039/d3sc04541b,P18031,HEK293,degradation reporter,16.0,B16 melanoma cells; Jurkat cells; CAR-T cells; KB tumor cells,phosphorylation analysis; Western blot,,,,HEK293
5910,10.1039/d3sc04064j,P37268,,other,,,Western blot; proteomics; lipidomics,,,Jurkat,
5911,10.1039/d3sc04064j,P37268,,other,,,Western blot; proteomics; lipidomics,,,Jurkat,
5912,10.1039/d3sc04064j,P37268,,other,,,Western blot; proteomics; lipidomics,,,Jurkat,
5913,10.1039/d3sc04064j,P37268,,other,,,Western blot; proteomics; lipidomics,,,Jurkat,
5914,10.1039/d3sc04064j,P37268,,other,,,Western blot; proteomics; lipidomics,,,Jurkat,
5915,10.1039/d3sc04064j,P37268,,other,,,Western blot; proteomics; lipidomics,,,Jurkat,
5916,10.1039/d3sc04064j,P37268,,other,,,Western blot; proteomics; lipidomics,,,Jurkat,
5917,10.1039/d3sc04064j,P37268,,other,,,Western blot; proteomics; lipidomics,,,Jurkat,
5918,10.1039/d3sc04064j,P37268,,,,,Western blot; proteomics; lipidomics,,,Jurkat,
5919,10.1039/d3sc04064j,P37268,,,,,Western blot; proteomics; lipidomics,,,Jurkat,
5920,10.1039/d3sc04064j,P37268,,,,,Western blot; proteomics; lipidomics,,,Jurkat,
5921,10.1039/d3sc04064j,P37268,,,,,Western blot; proteomics; lipidomics,,,Jurkat,
5922,10.1039/d3sc04064j,P37268,,,,,Western blot; proteomics; lipidomics,,,Jurkat,
5923,10.1039/d3sc04064j,P37268,,other,,,Western blot; proteomics; lipidomics,,,Jurkat,
5924,10.1039/d3sc04064j,P37268,,,,,Western blot; proteomics; lipidomics,,,Jurkat,
5925,10.1039/d3sc04064j,P37268,,,,,Western blot; proteomics; lipidomics,,,Jurkat,
5926,10.1039/d3sc04064j,P37268,,,,,Western blot; proteomics; lipidomics,,,Jurkat,
5927,10.1038/s41467-023-44031-2,P04150,,,,primary-neuron cultures,,,,A549,primary-neuron cultures
5928,10.1038/s41467-023-44031-2,P04150,,,,primary-neuron cultures,,,,A549,primary-neuron cultures
5929,10.1038/s41467-023-44031-2,P04150,,,,primary-neuron cultures,,,,A549,primary-neuron cultures
5930,10.1038/s41467-023-44031-2,P04150,,,,primary-neuron cultures,,,,A549,primary-neuron cultures
5931,10.1016/j.bioorg.2023.107016,Q92918,Jurkat,other,,,,,,HL-60; HL60; HeLa,Jurkat
5932,10.1016/j.bioorg.2023.107016,Q92918,Jurkat,other,,,,,,HL-60; HL60; HeLa,Jurkat
5933,10.1016/j.bioorg.2023.107016,Q92918,Jurkat,other,,,,,,HL-60; HL60; HeLa,Jurkat
5934,10.1016/j.bioorg.2023.107016,Q92918,Jurkat,other,24.0,,,,,HL-60; HL60; HeLa,Jurkat
5935,10.1016/j.bioorg.2023.107016,Q92918,Jurkat,other,24.0,,,,,HL-60; HL60; HeLa,Jurkat
5936,10.1016/j.bioorg.2023.107016,Q92918,Jurkat,other,,,,,,HL-60; HL60; HeLa,Jurkat
5937,10.1016/j.bioorg.2023.107016,Q92918,Jurkat,other,24.0,,,,,HL-60; HL60; HeLa,Jurkat
5938,10.1016/j.bioorg.2023.107016,Q92918,Jurkat,other,,,,,,HL-60; HL60; HeLa,Jurkat
5939,10.1016/j.bioorg.2023.107016,Q92918,Jurkat,other,24.0,,,,,HL-60; HL60; HeLa,Jurkat
5940,10.1016/j.bioorg.2023.107016,Q92918,Jurkat,other,,,,,,HL-60; HL60; HeLa,Jurkat
5941,10.1016/j.bioorg.2023.107016,Q92918,Jurkat,other,,,,,,HL-60; HL60; HeLa,Jurkat
5942,10.1021/acs.jmedchem.3c01613,O60885,HEK293,TR-FRET,4.0,,,,,,HEK293
5943,10.1021/acs.jmedchem.3c01613,O60885,HEK293,TR-FRET,4.0,,,,,,HEK293
5944,10.1021/acs.jmedchem.3c01613,O60885,HEK293,TR-FRET,4.0,,,,,,HEK293
5945,10.1021/acs.jmedchem.3c01613,O60885,HEK293,TR-FRET,4.0,,,,,,HEK293
5946,10.1021/acs.jmedchem.3c01613,O60885,HEK293,TR-FRET,4.0,,,,,,HEK293
5947,10.1021/acs.jmedchem.3c01613,O60885,HEK293,TR-FRET,4.0,,,,,,HEK293
5948,10.1021/acs.jmedchem.3c01613,O60885,HEK293,TR-FRET,4.0,,,,,,HEK293
5949,10.1021/acs.jmedchem.3c01613,O60885,HEK293,TR-FRET,4.0,,,,,,HEK293
5950,10.1021/acs.jmedchem.3c01613,O60885,HEK293,TR-FRET,4.0,,,,,,HEK293
5951,10.1021/acs.jmedchem.3c01613,O60885,HEK293,TR-FRET,4.0,,,,,,HEK293
5952,10.1021/acs.jmedchem.3c01613,O60885,HEK293,TR-FRET,4.0,,,,,,HEK293
5953,10.1021/acs.jmedchem.3c01613,O60885,HEK293,TR-FRET,4.0,,,,,,HEK293
5954,10.1021/acs.jmedchem.3c01613,O60885,HEK293,TR-FRET,4.0,,,,,,HEK293
5955,10.1021/acs.jmedchem.3c01613,O60885,HEK293,TR-FRET,4.0,,,,,,HEK293
5956,10.1021/acs.jmedchem.3c01613,O60885,HEK293,TR-FRET,4.0,,,,,,HEK293
5957,10.1021/acs.jmedchem.3c01493,P53350,,,,HeLa; NSCLC; H1975,cell cycle analysis; apoptosis assay,,,,HeLa
5958,10.1021/acs.jmedchem.3c01493,P53350,HeLa,other,,HeLa; NSCLC; H1975,cell cycle analysis; apoptosis assay,,,,HeLa
5959,10.1038/s41557-023-01379-8,Q9UM73,,,,,proteomics; target engagement,,,,
5960,10.1038/s41557-023-01379-8,Q9UM73,,,,,proteomics; target engagement,,,,
5961,10.1038/s41557-023-01379-8,Q9UM73,,,,,proteomics; target engagement,,,,
5962,10.1038/s41557-023-01379-8,Q9UM73,,,,,proteomics; target engagement,,,,
5963,10.1038/s41557-023-01379-8,Q9UM73,,,,,proteomics; target engagement,,,,
5964,10.1038/s41557-023-01379-8,Q9UM73,,,,,proteomics; target engagement,,,,
5965,10.1038/s41557-023-01379-8,Q9UM73,,,,,proteomics; target engagement,,,,
5966,10.1038/s41557-023-01379-8,Q9UM73,,,,,proteomics; target engagement,,,,
5967,10.1038/s41557-023-01379-8,Q9UM73,,,,,proteomics; target engagement,,,,
5968,10.1038/s41557-023-01379-8,Q9UM73,,,,,proteomics; target engagement,,,,
5969,10.1038/s41557-023-01379-8,Q9UM73,,,,,proteomics; target engagement,,,,
5970,10.1038/s41557-023-01379-8,Q9UM73,,,,,proteomics; target engagement,,,,
5971,10.1021/acschembio.3c00548,nan,KCL-22,other,18.0,,,,,,KCL-22
5971,10.1021/acschembio.3c00548,nan,KCL-22,other,18.0,,,,,,KCL-22
5972,10.1021/acschembio.3c00548,nan,KCL-22,other,18.0,,,,,,KCL-22
5972,10.1021/acschembio.3c00548,nan,KCL-22,other,18.0,,,,,,KCL-22
5973,10.1021/acschembio.3c00548,nan,KCL-22,degradation reporter,18.0,,,,,,KCL-22
5973,10.1021/acschembio.3c00548,nan,KCL-22,degradation reporter,18.0,,,,,,KCL-22
5974,10.1021/acschembio.3c00548,nan,KCL-22,degradation reporter,18.0,,,,,,KCL-22
5974,10.1021/acschembio.3c00548,nan,KCL-22,degradation reporter,18.0,,,,,,KCL-22
5975,10.1021/acschembio.3c00548,nan,CAL-148,degradation reporter,18.0,,,,,,CAL-148
5976,10.1016/j.ejmech.2023.116067,nan,,,,A549; A549/Taxol,,,,,A549
5976,10.1016/j.ejmech.2023.116067,P07437,,,,A549; A549/Taxol,,,,HEK293; Hela; K562; MCF7,A549
5976,10.1016/j.ejmech.2023.116067,nan,,,,A549; A549/Taxol,,,,,A549
5977,10.1016/j.ejmech.2023.116067,nan,,,,A549; A549/Taxol,,,,,A549
5977,10.1016/j.ejmech.2023.116067,P07437,,,,A549; A549/Taxol,,,,HEK293; Hela; K562; MCF7,A549
5977,10.1016/j.ejmech.2023.116067,nan,,,,A549; A549/Taxol,,,,,A549
5978,10.1016/j.ejmech.2023.116067,nan,,,,A549; A549/Taxol,,,,,A549
5978,10.1016/j.ejmech.2023.116067,P07437,,,,A549; A549/Taxol,,,,HEK293; Hela; K562; MCF7,A549
5978,10.1016/j.ejmech.2023.116067,nan,,,,A549; A549/Taxol,,,,,A549
5979,10.1016/j.ejmech.2023.116067,nan,,,,A549; A549/Taxol,,,,,A549
5979,10.1016/j.ejmech.2023.116067,P07437,,,,A549; A549/Taxol,,,,HEK293; Hela; K562; MCF7,A549
5979,10.1016/j.ejmech.2023.116067,nan,,,,A549; A549/Taxol,,,,,A549
5980,10.1016/j.ejmech.2023.116067,nan,,,,A549; A549/Taxol,,,,,A549
5980,10.1016/j.ejmech.2023.116067,P07437,,,,A549; A549/Taxol,,,,HEK293; Hela; K562; MCF7,A549
5980,10.1016/j.ejmech.2023.116067,nan,,,,A549; A549/Taxol,,,,,A549
5981,10.1016/j.ejmech.2023.116067,nan,,,,A549; A549/Taxol,,,,,A549
5981,10.1016/j.ejmech.2023.116067,P07437,,,,A549; A549/Taxol,,,,HEK293; Hela; K562; MCF7,A549
5981,10.1016/j.ejmech.2023.116067,nan,,,,A549; A549/Taxol,,,,,A549
5982,10.1016/j.ejmech.2023.116067,nan,,,,A549; A549/Taxol,,,,,A549
5982,10.1016/j.ejmech.2023.116067,P07437,,,,A549; A549/Taxol,,,,HEK293; Hela; K562; MCF7,A549
5982,10.1016/j.ejmech.2023.116067,nan,,,,A549; A549/Taxol,,,,,A549
5983,10.1016/j.ejmech.2023.116067,nan,,,,A549; A549/Taxol,,,,,A549
5983,10.1016/j.ejmech.2023.116067,P07437,,,,A549; A549/Taxol,,,,HEK293; Hela; K562; MCF7,A549
5983,10.1016/j.ejmech.2023.116067,nan,,,,A549; A549/Taxol,,,,,A549
5984,10.1016/j.ejmech.2023.116067,nan,,,,A549; A549/Taxol,,,,,A549
5984,10.1016/j.ejmech.2023.116067,P07437,,,,A549; A549/Taxol,,,,HEK293; Hela; K562; MCF7,A549
5984,10.1016/j.ejmech.2023.116067,nan,,,,A549; A549/Taxol,,,,,A549
5985,10.1016/j.ejmech.2023.116067,nan,,,,A549; A549/Taxol,,,,,A549
5985,10.1016/j.ejmech.2023.116067,P07437,,,,A549; A549/Taxol,,,,HEK293; Hela; K562; MCF7,A549
5985,10.1016/j.ejmech.2023.116067,nan,,,,A549; A549/Taxol,,,,,A549
5986,10.1016/j.ejmech.2023.116067,nan,,,,A549; A549/Taxol,,,,,A549
5986,10.1016/j.ejmech.2023.116067,P07437,,,,A549; A549/Taxol,,,,HEK293; Hela; K562; MCF7,A549
5986,10.1016/j.ejmech.2023.116067,nan,,,,A549; A549/Taxol,,,,,A549
5987,10.1016/j.ejmech.2023.116067,nan,,,,A549; A549/Taxol,,,,,A549
5987,10.1016/j.ejmech.2023.116067,P07437,,,,A549; A549/Taxol,,,,HEK293; Hela; K562; MCF7,A549
5987,10.1016/j.ejmech.2023.116067,nan,,,,A549; A549/Taxol,,,,,A549
5988,10.1016/j.ejmech.2023.116067,nan,A549,degradation reporter,48.0,A549; A549/Taxol,,,,,A549
5988,10.1016/j.ejmech.2023.116067,P07437,A549,degradation reporter,48.0,A549; A549/Taxol,,,,HEK293; Hela; K562; MCF7,A549
5988,10.1016/j.ejmech.2023.116067,nan,A549,degradation reporter,48.0,A549; A549/Taxol,,,,,A549
5989,10.1016/j.ejmech.2023.116067,nan,A549,degradation reporter,48.0,A549; A549/Taxol,,,,,A549
5989,10.1016/j.ejmech.2023.116067,P07437,A549,degradation reporter,48.0,A549; A549/Taxol,,,,HEK293; Hela; K562; MCF7,A549
5989,10.1016/j.ejmech.2023.116067,nan,A549,degradation reporter,48.0,A549; A549/Taxol,,,,,A549
5990,10.1016/j.ejmech.2023.116067,nan,A549,degradation reporter,48.0,A549; A549/Taxol,,,,,A549
5990,10.1016/j.ejmech.2023.116067,P07437,A549,degradation reporter,48.0,A549; A549/Taxol,,,,HEK293; Hela; K562; MCF7,A549
5990,10.1016/j.ejmech.2023.116067,nan,A549,degradation reporter,48.0,A549; A549/Taxol,,,,,A549
5991,10.1016/j.ejmech.2023.116067,nan,,,,A549; A549/Taxol,,,,,A549
5991,10.1016/j.ejmech.2023.116067,P07437,,,,A549; A549/Taxol,,,,HEK293; Hela; K562; MCF7,A549
5991,10.1016/j.ejmech.2023.116067,nan,,,,A549; A549/Taxol,,,,,A549
5992,10.1016/j.ejmech.2023.116067,nan,,,,A549; A549/Taxol,,,,,A549
5992,10.1016/j.ejmech.2023.116067,P07437,,,,A549; A549/Taxol,,,,HEK293; Hela; K562; MCF7,A549
5992,10.1016/j.ejmech.2023.116067,nan,,,,A549; A549/Taxol,,,,,A549
5993,10.1038/s41467-023-44237-4,Q9H8M2,HEK293,degradation reporter,2.0,,,,,HEK293; U2OS,HEK293
5993,10.1038/s41467-023-44237-4,Q9NPI1,HEK293,degradation reporter,2.0,,,,,HEK293; HEK293T; HL-60; U2OS,HEK293
5994,10.1038/s41467-023-44237-4,Q06187,,,,,,,,HL-60; K562; Ramos,
5995,10.1038/s41467-023-44237-4,Q06187,,,,,,,,HL-60; K562; Ramos,
5996,10.1038/s41467-023-44237-4,Q06187,,,,,,,,HL-60; K562; Ramos,
5997,10.1038/s41467-023-44237-4,Q06187,,,,,,,,HL-60; K562; Ramos,
5998,10.1038/s41594-023-01146-w,O60885,,,,,,,,,
5999,10.1038/s41594-023-01146-w,O60885,,,,,,,,,
6000,10.1038/s41594-023-01146-w,O60885,,,,,,,,,
6001,10.1039/d3sc04629j,P42336,,,,,,,,HeLa; MCF7; PC3,
6002,10.1039/d3sc04629j,P42336,,,,,,,,HeLa; MCF7; PC3,
6003,10.1039/d3sc04629j,P42336,,,,,,,,HeLa; MCF7; PC3,
6004,10.1039/d3sc04629j,P42336,,,,,,,,HeLa; MCF7; PC3,
6005,10.1039/d3sc04629j,P42336,,,,,,,,HeLa; MCF7; PC3,
6006,10.1039/d3sc04629j,P42336,,,,,,,,HeLa; MCF7; PC3,
6007,10.1039/d3sc04629j,P42336,,,,,,,,HeLa; MCF7; PC3,
6008,10.1039/d3sc04629j,P42336,,,,,,,,HeLa; MCF7; PC3,
6008,10.1039/d3sc04629j,P42338,,,,,,,,,
6009,10.1039/d3sc04629j,P42336,,,,,,,,HeLa; MCF7; PC3,
6010,10.1039/d3sc04629j,P42336,,,,,,,,HeLa; MCF7; PC3,
6011,10.1039/d3sc04629j,P42336,,,,,,,,HeLa; MCF7; PC3,
6012,10.1039/d3sc04629j,P42336,,,,,,,,HeLa; MCF7; PC3,
6013,10.1021/acs.jmedchem.3c01781,P51531,SW1573,degradation reporter,22.0,SW1573; H1944; Calu6; HCC2302,Western blot; qPCR,,,A549; U2OS,SW1573
6013,10.1021/acs.jmedchem.3c01781,P51532,SW1573,degradation reporter,22.0,SW1573; H1944; Calu6; HCC2302,Western blot; qPCR,,,HEK293; HL-60; U2OS,SW1573
6014,10.1021/acs.jmedchem.3c01781,P51531,SW1573,degradation reporter,22.0,SW1573; H1944; Calu6; HCC2302,Western blot; qPCR,,,A549; U2OS,SW1573
6014,10.1021/acs.jmedchem.3c01781,P51532,SW1573,degradation reporter,22.0,SW1573; H1944; Calu6; HCC2302,Western blot; qPCR,,,HEK293; HL-60; U2OS,SW1573
6015,10.1021/acs.jmedchem.3c01781,P51531,SW1573,degradation reporter,22.0,SW1573; H1944; Calu6; HCC2302,Western blot; qPCR,,,A549; U2OS,SW1573
6015,10.1021/acs.jmedchem.3c01781,P51532,SW1573,degradation reporter,22.0,SW1573; H1944; Calu6; HCC2302,Western blot; qPCR,,,HEK293; HL-60; U2OS,SW1573
6016,10.1021/acs.jmedchem.3c01781,P51531,SW1573,degradation reporter,22.0,SW1573; H1944; Calu6; HCC2302,Western blot; qPCR,,,A549; U2OS,SW1573
6016,10.1021/acs.jmedchem.3c01781,P51532,SW1573,degradation reporter,22.0,SW1573; H1944; Calu6; HCC2302,Western blot; qPCR,,,HEK293; HL-60; U2OS,SW1573
6017,10.1021/acs.jmedchem.3c01781,P51531,SW1573,degradation reporter,22.0,SW1573; H1944; Calu6; HCC2302,Western blot; qPCR,,,A549; U2OS,SW1573
6017,10.1021/acs.jmedchem.3c01781,P51532,SW1573,degradation reporter,22.0,SW1573; H1944; Calu6; HCC2302,Western blot; qPCR,,,HEK293; HL-60; U2OS,SW1573
6018,10.1021/acs.jmedchem.3c01781,P51531,SW1573,degradation reporter,22.0,SW1573; H1944; Calu6; HCC2302,Western blot; qPCR,,,A549; U2OS,SW1573
6018,10.1021/acs.jmedchem.3c01781,P51532,SW1573,degradation reporter,22.0,SW1573; H1944; Calu6; HCC2302,Western blot; qPCR,,,HEK293; HL-60; U2OS,SW1573
6019,10.1021/acs.jmedchem.3c01781,P51531,SW1573,degradation reporter,22.0,SW1573; H1944; Calu6; HCC2302,Western blot; qPCR,,,A549; U2OS,SW1573
6019,10.1021/acs.jmedchem.3c01781,P51532,SW1573,degradation reporter,22.0,SW1573; H1944; Calu6; HCC2302,Western blot; qPCR,,,HEK293; HL-60; U2OS,SW1573
6020,10.1021/acs.jmedchem.3c01781,P51531,SW1573,degradation reporter,22.0,SW1573; H1944; Calu6; HCC2302,Western blot; qPCR,,,A549; U2OS,SW1573
6020,10.1021/acs.jmedchem.3c01781,P51532,SW1573,degradation reporter,22.0,SW1573; H1944; Calu6; HCC2302,Western blot; qPCR,,,HEK293; HL-60; U2OS,SW1573
6021,10.1021/acs.jmedchem.3c01781,P51531,SW1573,degradation reporter,22.0,SW1573; H1944; Calu6; HCC2302,Western blot; qPCR,,,A549; U2OS,SW1573
6021,10.1021/acs.jmedchem.3c01781,P51532,SW1573,degradation reporter,22.0,SW1573; H1944; Calu6; HCC2302,Western blot; qPCR,,,HEK293; HL-60; U2OS,SW1573
6022,10.1021/acs.jmedchem.3c01781,P51531,SW1573,degradation reporter,22.0,SW1573; H1944; Calu6; HCC2302,Western blot; qPCR,,,A549; U2OS,SW1573
6022,10.1021/acs.jmedchem.3c01781,P51532,SW1573,degradation reporter,22.0,SW1573; H1944; Calu6; HCC2302,Western blot; qPCR,,,HEK293; HL-60; U2OS,SW1573
6023,10.1021/acs.jmedchem.3c01781,P51531,SW1573,degradation reporter,22.0,SW1573; H1944; Calu6; HCC2302,Western blot; qPCR,,,A549; U2OS,SW1573
6023,10.1021/acs.jmedchem.3c01781,P51532,SW1573,degradation reporter,22.0,SW1573; H1944; Calu6; HCC2302,Western blot; qPCR,,,HEK293; HL-60; U2OS,SW1573
6024,10.1021/acs.jmedchem.3c01781,P51531,SW1573,degradation reporter,22.0,SW1573; H1944; Calu6; HCC2302,Western blot; qPCR,,,A549; U2OS,SW1573
6024,10.1021/acs.jmedchem.3c01781,P51532,SW1573,degradation reporter,22.0,SW1573; H1944; Calu6; HCC2302,Western blot; qPCR,,,HEK293; HL-60; U2OS,SW1573
6025,10.1021/acs.jmedchem.3c01781,P51531,SW1573,degradation reporter,22.0,SW1573; H1944; Calu6; HCC2302,Western blot; qPCR,,,A549; U2OS,SW1573
6025,10.1021/acs.jmedchem.3c01781,P51532,SW1573,degradation reporter,22.0,SW1573; H1944; Calu6; HCC2302,Western blot; qPCR,,,HEK293; HL-60; U2OS,SW1573
6026,10.1016/j.bioorg.2023.107078,Q15910,MDA-MB-231,other,,MDA-MB-231; Pfeiffer,Western blot,,,HeLa; LNCaP; PC3,MDA-MB-231
6027,10.1016/j.bioorg.2023.107078,Q15910,MDA-MB-231,other,,MDA-MB-231; Pfeiffer,Western blot,,,HeLa; LNCaP; PC3,MDA-MB-231
6028,10.1016/j.bioorg.2023.107078,Q15910,MDA-MB-231,other,,MDA-MB-231; Pfeiffer,Western blot,,,HeLa; LNCaP; PC3,MDA-MB-231
6029,10.1016/j.bioorg.2023.107078,Q15910,MDA-MB-231,other,,MDA-MB-231; Pfeiffer,Western blot,,,HeLa; LNCaP; PC3,MDA-MB-231
6030,10.1016/j.bioorg.2023.107078,Q15910,MDA-MB-231,other,,MDA-MB-231; Pfeiffer,Western blot,,,HeLa; LNCaP; PC3,MDA-MB-231
6031,10.1016/j.bioorg.2023.107078,Q15910,MDA-MB-231,other,,MDA-MB-231; Pfeiffer,Western blot,,,HeLa; LNCaP; PC3,MDA-MB-231
6032,10.1016/j.bioorg.2023.107078,Q15910,MDA-MB-231,other,,MDA-MB-231; Pfeiffer,Western blot,,,HeLa; LNCaP; PC3,MDA-MB-231
6033,10.1016/j.bioorg.2023.107078,Q15910,MDA-MB-231,other,,MDA-MB-231; Pfeiffer,Western blot,,,HeLa; LNCaP; PC3,MDA-MB-231
6034,10.1016/j.ejmech.2023.116110,P36969,HT1080,other,48.0,HT1080,,,,A549; HCT-116; HEK293T; MCF7; MDA-MB-231,HT1080
6035,10.1002/cbic.202300736,O75608,Raji,mass spectrometry,4.0,,Western blot; activity-based protein profiling,,,HEK293T,Raji
6036,10.1002/cbic.202300736,O75608,Raji,mass spectrometry,4.0,,Western blot; activity-based protein profiling,,,HEK293T,Raji
6037,10.1002/cbic.202300736,O75608,Raji,mass spectrometry,4.0,,Western blot; activity-based protein profiling,,,HEK293T,Raji
6038,10.1002/cbic.202300736,O75608,Raji,mass spectrometry,4.0,,Western blot; activity-based protein profiling,,,HEK293T,Raji
6039,10.1002/cbic.202300736,O75608,Raji,mass spectrometry,4.0,,Western blot; activity-based protein profiling,,,HEK293T,Raji
6040,10.1002/cbic.202300736,O75608,Raji,degradation reporter,4.0,,Western blot; activity-based protein profiling,,,HEK293T,Raji
6041,10.1002/cbic.202300736,O75608,Raji,degradation reporter,4.0,,Western blot; activity-based protein profiling,,,HEK293T,Raji
6042,10.1002/cbic.202300736,O75608,Raji,degradation reporter,4.0,,Western blot; activity-based protein profiling,,,HEK293T,Raji
6043,10.1002/cbic.202300736,O75608,Raji,degradation reporter,4.0,,Western blot; activity-based protein profiling,,,HEK293T,Raji
6044,10.1002/cbic.202300736,O75608,Raji,degradation reporter,4.0,,Western blot; activity-based protein profiling,,,HEK293T,Raji
6045,10.1002/cbic.202300736,O75608,Raji,degradation reporter,4.0,,Western blot; activity-based protein profiling,,,HEK293T,Raji
6046,10.1002/cbic.202300736,O75608,Raji,degradation reporter,4.0,,Western blot; activity-based protein profiling,,,HEK293T,Raji
6047,10.1002/cbic.202300736,O75608,Raji,degradation reporter,4.0,,Western blot; activity-based protein profiling,,,HEK293T,Raji
6048,10.1002/cbic.202300736,O75608,Raji,degradation reporter,4.0,,Western blot; activity-based protein profiling,,,HEK293T,Raji
6049,10.1002/cbic.202300736,O75608,Raji,degradation reporter,4.0,,Western blot; activity-based protein profiling,,,HEK293T,Raji
6050,10.1002/cbic.202300736,O75608,Raji,mass spectrometry,4.0,,Western blot; activity-based protein profiling,,,HEK293T,Raji
6051,10.1002/cbic.202300736,O75608,Raji,mass spectrometry,4.0,,Western blot; activity-based protein profiling,,,HEK293T,Raji
6052,10.1021/acs.jmedchem.3c01622,P01116,AsPC-1,other,24.0,AsPC-1,Western blot,,,A549; HCT116,AsPC-1
6053,10.1021/acs.jmedchem.3c01622,P01116,AsPC-1,other,24.0,AsPC-1,Western blot,,,A549; HCT116,AsPC-1
6054,10.1021/acs.jmedchem.3c01622,P01116,AsPC-1,other,24.0,AsPC-1,Western blot,,,A549; HCT116,AsPC-1
6055,10.1021/acs.jmedchem.3c01622,P01116,AsPC-1,other,24.0,AsPC-1,Western blot,,,A549; HCT116,AsPC-1
6056,10.1021/acs.jmedchem.3c01622,P01116,AsPC-1,other,24.0,AsPC-1,Western blot,,,A549; HCT116,AsPC-1
6057,10.1021/acs.jmedchem.3c01622,P01116,AsPC-1,other,24.0,AsPC-1,Western blot,,,A549; HCT116,AsPC-1
6058,10.1021/acs.jmedchem.3c01622,P01116,AsPC-1,other,24.0,AsPC-1,Western blot,,,A549; HCT116,AsPC-1
6059,10.1021/acs.jmedchem.3c01622,P01116,AsPC-1,other,24.0,AsPC-1,Western blot,,,A549; HCT116,AsPC-1
6060,10.1021/acs.jmedchem.3c01622,P01116,AsPC-1,degradation reporter,24.0,AsPC-1,Western blot,,,A549; HCT116,AsPC-1
6061,10.1021/acs.jmedchem.3c01622,P01116,AsPC-1,degradation reporter,24.0,AsPC-1,Western blot,,,A549; HCT116,AsPC-1
6062,10.1021/acs.jmedchem.3c01622,P01116,AsPC-1,degradation reporter,24.0,AsPC-1,Western blot,,,A549; HCT116,AsPC-1
6063,10.1021/acs.jmedchem.3c01622,P01116,,,,AsPC-1,Western blot,,,A549; HCT116,AsPC-1
6064,10.1021/acs.jmedchem.3c01622,P01116,AsPC-1,degradation reporter,24.0,AsPC-1,Western blot,,,A549; HCT116,AsPC-1
6065,10.1021/acs.jmedchem.3c01622,P01116,AsPC-1,degradation reporter,24.0,AsPC-1,Western blot,,,A549; HCT116,AsPC-1
6066,10.1021/acs.jmedchem.3c01622,P01116,AsPC-1,degradation reporter,24.0,AsPC-1,Western blot,,,A549; HCT116,AsPC-1
6067,10.1021/acs.jmedchem.3c01622,P01116,AsPC-1,degradation reporter,24.0,AsPC-1,Western blot,,,A549; HCT116,AsPC-1
6068,10.1021/acs.jmedchem.3c01622,P01116,AsPC-1,degradation reporter,24.0,AsPC-1,Western blot,,,A549; HCT116,AsPC-1
6069,10.1021/acs.jmedchem.3c02135,Q07889,H358,other,,NCI-H358,Western blot,,,HeLa,H358
6070,10.1021/acs.jmedchem.3c02135,Q07889,H358,degradation reporter,6.0,NCI-H358,Western blot,,,HeLa,H358
6071,10.1021/acs.jmedchem.3c02135,Q07889,H358,other,,NCI-H358,Western blot,,,HeLa,H358
6072,10.1021/acs.jmedchem.3c02135,Q07889,H358,degradation reporter,6.0,NCI-H358,Western blot,,,HeLa,H358
6073,10.1021/acs.jmedchem.3c02135,Q07889,H358,other,,NCI-H358,Western blot,,,HeLa,H358
6074,10.1021/acs.jmedchem.3c02135,Q07889,H358,other,,NCI-H358,Western blot,,,HeLa,H358
6075,10.1021/acs.jmedchem.3c02135,Q07889,H358,other,,NCI-H358,Western blot,,,HeLa,H358
6076,10.1021/acs.jmedchem.3c02135,Q07889,H358,other,,NCI-H358,Western blot,,,HeLa,H358
6077,10.1021/acs.jmedchem.3c02135,Q07889,H358,other,,NCI-H358,Western blot,,,HeLa,H358
6078,10.1021/acs.jmedchem.3c02135,Q07889,H358,other,,NCI-H358,Western blot,,,HeLa,H358
6079,10.1021/acs.jmedchem.3c02135,Q07889,H358,other,,NCI-H358,Western blot,,,HeLa,H358
6080,10.1021/acs.jmedchem.3c02135,Q07889,H358,other,,NCI-H358,Western blot,,,HeLa,H358
6081,10.1021/acs.jmedchem.3c02135,Q07889,H358,Western blot,6.0,NCI-H358,Western blot,,,HeLa,H358
6082,10.1021/acs.jmedchem.3c02135,Q07889,H358,Western blot,6.0,NCI-H358,Western blot,,,HeLa,H358
6083,10.1021/acs.jmedchem.3c02135,Q07889,H358,other,,NCI-H358,Western blot,,,HeLa,H358
6084,10.1021/acs.jmedchem.3c02135,Q07889,H358,other,,NCI-H358,Western blot,,,HeLa,H358
6085,10.1021/acs.jmedchem.3c02135,Q07889,H358,other,,NCI-H358,Western blot,,,HeLa,H358
6086,10.1021/acs.jmedchem.3c02135,Q07889,H358,other,,NCI-H358,Western blot,,,HeLa,H358
6087,10.1021/acs.jmedchem.3c02135,Q07889,H358,Western blot,6.0,NCI-H358,Western blot,,,HeLa,H358
6088,10.1021/acs.jmedchem.3c02135,Q07889,H358,other,,NCI-H358,Western blot,,,HeLa,H358
6089,10.1021/acs.jmedchem.3c02135,Q07889,H358,other,,NCI-H358,Western blot,,,HeLa,H358
6090,10.1021/acs.jmedchem.3c02135,Q07889,H358,Western blot,6.0,NCI-H358,Western blot,,,HeLa,H358
6091,10.1021/acs.jmedchem.3c02135,Q07889,H358,other,,NCI-H358,Western blot,,,HeLa,H358
6092,10.1021/acs.jmedchem.3c02135,Q07889,H358,degradation reporter,6.0,NCI-H358,Western blot,,,HeLa,H358
6093,10.1021/acs.jmedchem.3c02135,Q07889,H358,degradation reporter,6.0,NCI-H358,Western blot,,,HeLa,H358
6094,10.1021/acs.jmedchem.3c02135,Q07889,H358,degradation reporter,6.0,NCI-H358,Western blot,,,HeLa,H358
6095,10.1021/acs.jmedchem.3c02135,Q07889,H358,other,,NCI-H358,Western blot,,,HeLa,H358
6096,10.1021/acs.jmedchem.3c02135,Q07889,H358,other,,NCI-H358,Western blot,,,HeLa,H358
6097,10.1021/acs.jmedchem.3c02135,Q07889,H358,other,,NCI-H358,Western blot,,,HeLa,H358
6098,10.1021/acs.jmedchem.3c02135,Q07889,H358,other,,NCI-H358,Western blot,,,HeLa,H358
6099,10.1021/acs.jmedchem.3c02135,Q07889,H358,other,,NCI-H358,Western blot,,,HeLa,H358
6100,10.1021/acs.jmedchem.3c02135,Q07889,H358,other,,NCI-H358,Western blot,,,HeLa,H358
6101,10.1021/acs.jmedchem.3c02135,Q07889,H358,other,,NCI-H358,Western blot,,,HeLa,H358
6102,10.1021/acs.jmedchem.3c02135,Q07889,H358,other,,NCI-H358,Western blot,,,HeLa,H358
6103,10.1021/acs.jmedchem.3c02135,Q07889,H358,other,,NCI-H358,Western blot,,,HeLa,H358
6104,10.1021/acs.jmedchem.3c02135,Q07889,H358,other,,NCI-H358,Western blot,,,HeLa,H358
6105,10.1021/acs.jmedchem.3c02135,Q07889,H358,other,,NCI-H358,Western blot,,,HeLa,H358
6106,10.1021/acs.jmedchem.3c00912,Q9Y2I7,VCaP,degradation reporter,24.0,VCaP,Western blot,,,HEK293; HEK293T; HL-60; HeLa; Jurkat; MDA-MB-231; THP-1; U2OS,VCaP
6107,10.1021/acs.jmedchem.3c00912,Q9Y2I7,VCaP,degradation reporter,24.0,VCaP,Western blot,,,HEK293; HEK293T; HL-60; HeLa; Jurkat; MDA-MB-231; THP-1; U2OS,VCaP
6108,10.1021/acs.jmedchem.3c00912,Q9Y2I7,VCaP,degradation reporter,24.0,VCaP,Western blot,,,HEK293; HEK293T; HL-60; HeLa; Jurkat; MDA-MB-231; THP-1; U2OS,VCaP
6109,10.1021/acs.jmedchem.3c00912,Q9Y2I7,VCaP,degradation reporter,24.0,VCaP,Western blot,,,HEK293; HEK293T; HL-60; HeLa; Jurkat; MDA-MB-231; THP-1; U2OS,VCaP
6110,10.1021/acs.jmedchem.3c00912,Q9Y2I7,VCaP,degradation reporter,24.0,VCaP,Western blot,,,HEK293; HEK293T; HL-60; HeLa; Jurkat; MDA-MB-231; THP-1; U2OS,VCaP
6111,10.1016/j.bmc.2023.117352,P36969,MGC803,other,24.0,,degradation reporter; cytotoxicity assay; lipid peroxides accumulation,,,A549; HCT-116; HEK293T; MCF7; MDA-MB-231,MGC803
6112,nan,Q9H8M2,,,,,,,,HEK293; U2OS,
6113,nan,Q9H8M2,,,,,,,,HEK293; U2OS,
6114,nan,Q9H8M2,,,,,,,,HEK293; U2OS,
6115,nan,Q9H8M2,,,,,,,,HEK293; U2OS,
