trial_number,auroc,seed,head_type,mol_encoder,prot_encoder,warhead_transfer,fragment_mode,e3_onehot,rdkit_desc,admet_features,normalize,ternary_attention,attn_dropout,attn_lr,mlp_batch_size,mlp_dropout,mlp_hidden,mlp_layers,mlp_lr,rf_max_depth,rf_min_samples_leaf,rf_n_estimators,xgb_eta,xgb_max_depth,xgb_n_rounds,xgb_subsample
705,0.7637965202949599,0,mlp,molformer,esm2_3B,False,linker_only,True,True,False,True,True,,,64.0,0.4973343189152132,128.0,1.0,0.0007494678692270079,,,,,,,
545,0.7569463573118733,0,xgboost,chemberta,esm2_150M,False,all_fragments,True,True,False,True,True,,,,,,,,,,,0.01737598063225606,9.0,300.0,0.7409984514471215
679,0.7551719117998219,0,xgboost,morgan_2048_r2,prot_t5_xl,False,none,False,True,False,True,True,,,,,,,,,,,0.017749495406143234,10.0,300.0,0.7430875797230596
888,0.7524553551975852,0,xgboost,chemberta,none,False,none,True,True,False,True,True,,,,,,,,,,,0.01787756387623758,10.0,200.0,0.5262567879754045
939,0.7474450936744622,0,xgboost,chemberta,none,False,none,True,True,False,True,True,,,,,,,,,,,0.020292121078326605,10.0,200.0,0.5505973182442653
876,0.7442773457074718,0,xgboost,chemberta,none,False,none,True,True,False,True,True,,,,,,,,,,,0.018058939534427648,10.0,200.0,0.5381639587437471
445,0.7440443737589153,0,rf,chemberta,esm2_3B,True,linker_only,False,True,False,True,True,,,,,,,,15,5.0,200.0,,,,
917,0.7427092602361902,0,xgboost,chemberta,none,False,none,True,True,False,True,True,,,,,,,,,,,0.024449653180732563,10.0,200.0,0.5150206336479973
861,0.7414351694597792,0,xgboost,chemberta,none,False,none,True,True,False,True,True,,,,,,,,,,,0.01839243280692311,10.0,200.0,0.5549555672934122
954,0.741034116252935,0,xgboost,chemberta,none,False,none,True,True,False,True,True,,,,,,,,,,,0.017093319853614748,10.0,200.0,0.5396497811606047
848,0.7407776109774709,0,xgboost,chemberta,none,False,none,True,True,False,True,True,,,,,,,,,,,0.010279719029829703,10.0,200.0,0.5998040096695951
947,0.7400625606364929,0,xgboost,chemberta,none,False,none,True,True,False,True,True,,,,,,,,,,,0.024779721178849124,10.0,200.0,0.5063920885365227
879,0.7394285690599038,0,xgboost,chemberta,none,False,none,True,True,False,True,True,,,,,,,,,,,0.020526358991570688,10.0,200.0,0.5010814435318155
890,0.7382647330962716,0,xgboost,chemberta,none,False,none,True,True,False,True,True,,,,,,,,,,,0.01912730881488949,10.0,200.0,0.5132809544264542
976,0.7377634826472527,0,xgboost,chemberta,none,False,none,True,True,False,True,True,,,,,,,,,,,0.01873975064993108,10.0,200.0,0.5314277924381466
868,0.7371182887819859,0,xgboost,chemberta,none,False,none,True,True,False,True,True,,,,,,,,,,,0.01966802876759395,10.0,200.0,0.533845103359124
774,0.7358110781945861,0,xgboost,morgan_1024_r2,esm2_150M,False,none,True,True,False,True,True,,,,,,,,,,,0.2520425123509484,10.0,300.0,0.6942548861398241
840,0.7356522965299834,0,xgboost,chemberta,none,False,none,True,True,False,True,True,,,,,,,,,,,0.015730441968038328,10.0,200.0,0.6230484488618325
836,0.7345479932812415,0,xgboost,chemberta,none,False,none,True,True,False,True,True,,,,,,,,,,,0.01122854881320634,10.0,200.0,0.581746028869684
871,0.7341789022496011,0,xgboost,chemberta,none,False,none,True,True,False,True,True,,,,,,,,,,,0.020386861087535044,10.0,200.0,0.536086145440289
886,0.732911240415152,0,xgboost,chemberta,none,False,none,True,True,False,True,True,,,,,,,,,,,0.01762493761408674,10.0,200.0,0.5174400689774161
899,0.7328463308883365,0,xgboost,chemberta,none,False,none,True,True,False,True,True,,,,,,,,,,,0.018638318093814023,10.0,200.0,0.5478109962968655
916,0.7325709349682257,0,xgboost,chemberta,none,False,none,True,True,False,True,True,,,,,,,,,,,0.024300992505036777,10.0,200.0,0.5549520465532753
816,0.7325366987347267,0,xgboost,chemberta,none,False,none,True,True,False,True,True,,,,,,,,,,,0.01374427701739855,10.0,200.0,0.599407384313615
961,0.7322219129529678,0,xgboost,chemberta,none,False,none,True,True,False,True,True,,,,,,,,,,,0.01657318122367109,10.0,200.0,0.5245914672062061
842,0.7319530641147194,0,xgboost,chemberta,none,False,none,True,True,False,True,True,,,,,,,,,,,0.016161122934421027,10.0,200.0,0.626917946192251
477,0.7315618104426667,0,attention,morgan_1024_r2,prostt5,True,linker_only,True,False,True,True,True,0.11179055202312843,0.0008165143661772275,,,,,,,,,,,,
964,0.7305030760536345,0,xgboost,chemberta,none,False,none,True,True,False,True,True,,,,,,,,,,,0.018439234233794552,10.0,200.0,0.541946992150985
926,0.7299457744784837,0,xgboost,chemberta,none,False,none,True,True,False,True,True,,,,,,,,,,,0.023464679008913646,10.0,200.0,0.5211072736803968
198,0.7297846638547153,0,xgboost,chemberta,none,False,none,False,False,False,True,False,,,,,,,,,,,0.041789763823056686,10.0,300.0,0.6938070403371137
985,0.7294504357179922,0,xgboost,chemberta,none,False,none,True,True,False,True,True,,,,,,,,,,,0.016698756892455455,10.0,200.0,0.500344129964925
846,0.728378911400453,0,xgboost,chemberta,none,False,none,True,True,False,True,True,,,,,,,,,,,0.011267545802562912,10.0,200.0,0.6040035330997174
862,0.7276016131659588,0,xgboost,chemberta,none,False,none,True,True,False,True,True,,,,,,,,,,,0.0184452967254244,10.0,200.0,0.6110532503857192
758,0.7271563856736634,0,xgboost,morgan_1024_r2,esm2_150M,False,none,True,True,False,True,True,,,,,,,,,,,0.2322202454346544,10.0,300.0,0.697767416313682
974,0.7268737359836842,0,xgboost,chemberta,none,False,none,True,True,False,True,True,,,,,,,,,,,0.020919320678901857,10.0,200.0,0.5484846098173781
948,0.7266371793042442,0,xgboost,chemberta,none,False,none,True,True,False,True,True,,,,,,,,,,,0.025373584039866007,10.0,200.0,0.5023509371734928
922,0.7266117459737733,0,xgboost,chemberta,none,False,none,True,True,False,True,True,,,,,,,,,,,0.019404082340492932,10.0,200.0,0.5000125670788174
952,0.7264008335948856,0,xgboost,chemberta,none,False,none,True,True,False,True,True,,,,,,,,,,,0.021016392775108587,10.0,200.0,0.5015720979892607
864,0.725991160838655,0,xgboost,chemberta,none,False,none,True,True,False,True,True,,,,,,,,,,,0.020133248950657434,10.0,200.0,0.5553573939575891
872,0.7259563393942645,0,xgboost,chemberta,none,False,none,True,True,False,True,True,,,,,,,,,,,0.01967886744048603,10.0,200.0,0.5372584131622619
835,0.7259082208023103,0,xgboost,chemberta,none,False,none,True,True,False,True,True,,,,,,,,,,,0.014456433729226177,10.0,200.0,0.5736590681083246
989,0.7251474932906921,0,xgboost,chemberta,none,False,none,True,True,False,True,True,,,,,,,,,,,0.019495881418486898,10.0,200.0,0.5170862432279989
812,0.7251380347698392,0,xgboost,chemberta,none,False,none,True,True,False,True,True,,,,,,,,,,,0.015187847638944258,10.0,200.0,0.5749363288174062
951,0.7246810915256643,0,xgboost,chemberta,none,False,none,True,True,False,True,True,,,,,,,,,,,0.023580049681018126,10.0,200.0,0.5308530326126328
891,0.7238918081472943,0,xgboost,chemberta,none,False,none,True,True,False,True,True,,,,,,,,,,,0.021507296500434477,10.0,200.0,0.5156730790974638
833,0.7233383238902713,0,xgboost,chemberta,none,False,none,True,True,False,True,True,,,,,,,,,,,0.014379811261155959,10.0,200.0,0.6074235164949178
203,0.7230065461139717,0,xgboost,chemberta,ankh_large,False,none,True,True,True,False,True,,,,,,,,,,,0.028314731926647838,10.0,100.0,0.573783254321286
811,0.7229662933814957,0,xgboost,chemberta,none,False,none,True,True,False,True,True,,,,,,,,,,,0.015069949551302272,10.0,200.0,0.5733373334871316
898,0.7226863077165305,0,xgboost,chemberta,none,False,none,True,True,False,True,True,,,,,,,,,,,0.021939290547131136,10.0,200.0,0.5339191256586607
902,0.722546958214156,0,xgboost,chemberta,none,False,none,True,True,False,True,True,,,,,,,,,,,0.02105021870567775,10.0,200.0,0.5174527797604914
920,0.7225256771191145,0,xgboost,chemberta,none,False,none,True,True,False,True,True,,,,,,,,,,,0.023687957400790577,10.0,200.0,0.509007994142945
927,0.722520071751774,0,xgboost,chemberta,none,False,none,True,True,False,True,True,,,,,,,,,,,0.025527106667977768,10.0,200.0,0.515589936586323
933,0.7220388038091536,0,xgboost,chemberta,none,False,none,True,True,False,True,True,,,,,,,,,,,0.011257838832749693,10.0,200.0,0.5385689407848969
821,0.721767270283316,0,xgboost,chemberta,none,False,none,True,True,False,True,True,,,,,,,,,,,0.010926304071608597,10.0,200.0,0.6098291424702953
958,0.7216233363055454,0,xgboost,chemberta,none,False,none,True,True,False,True,True,,,,,,,,,,,0.01555624177259406,10.0,200.0,0.5489573824743135
907,0.721363043819882,0,xgboost,chemberta,none,False,none,True,True,False,True,True,,,,,,,,,,,0.02309567910643244,10.0,200.0,0.5266231233345958
956,0.7212744139849347,0,xgboost,chemberta,none,False,none,True,True,False,True,True,,,,,,,,,,,0.017262704562348914,10.0,200.0,0.5568623273993223
265,0.720755152851459,0,xgboost,morgan_1024_r2,prostt5,False,none,False,False,False,True,True,,,,,,,,,,,0.29979007430051763,8.0,200.0,0.9189009414899719
831,0.720463572280391,0,xgboost,chemberta,none,False,none,True,True,False,True,True,,,,,,,,,,,0.015423084935446892,10.0,200.0,0.5765279399322301
807,0.7198649115811943,0,xgboost,chemberta,none,False,none,True,True,False,True,True,,,,,,,,,,,0.01526099346598892,10.0,200.0,0.6520309421847279
697,0.719768626360835,0,rf,morgan_2048_r2,esm2_3B,True,none,True,True,False,True,False,,,,,,,,none,4.0,500.0,,,,
973,0.71965347133486,0,xgboost,chemberta,none,False,none,True,True,False,True,True,,,,,,,,,,,0.017350529420337258,10.0,200.0,0.5396829622192962
599,0.7191493496784689,0,mlp,morgan_2048_r2,esm2_8M,False,linker_only,False,False,False,True,False,,,32.0,0.11526385342907103,128.0,2.0,0.00040090029306678296,,,,,,,
873,0.7190275299933505,0,xgboost,chemberta,none,False,none,True,True,False,True,True,,,,,,,,,,,0.020141298511247012,10.0,200.0,0.5343845524530149
901,0.7188889757093311,0,xgboost,chemberta,none,False,none,True,True,False,True,True,,,,,,,,,,,0.017330340881528808,10.0,200.0,0.5463994508476775
817,0.7186933332725756,0,xgboost,chemberta,none,False,none,True,True,False,True,True,,,,,,,,,,,0.012555409174625004,10.0,200.0,0.5862295815425071
895,0.7180895935504154,0,xgboost,chemberta,none,False,none,True,True,False,True,True,,,,,,,,,,,0.022889087876904995,10.0,200.0,0.5129732314107642
397,0.7179956319109541,0,xgboost,maccs_167,none,True,none,True,True,True,False,True,,,,,,,,,,,0.024440799552568823,10.0,100.0,0.6929825051774429
921,0.7179206126068983,0,xgboost,chemberta,none,False,none,True,True,False,True,True,,,,,,,,,,,0.022070926855585905,10.0,200.0,0.518752673558691
602,0.7177793783493079,0,xgboost,morgan_1024_r2,esm2_150M,False,linker_only,True,False,False,False,True,,,,,,,,,,,0.10122605770500084,10.0,200.0,0.7880579474874825
955,0.7176410856367218,0,xgboost,chemberta,none,False,none,True,True,False,True,True,,,,,,,,,,,0.015624064774315282,10.0,200.0,0.5426018697168113
935,0.7174528091157117,0,xgboost,chemberta,none,False,none,True,True,False,True,True,,,,,,,,,,,0.010032450352568013,10.0,200.0,0.5250951718267308
837,0.7169501375904522,0,xgboost,chemberta,none,False,none,True,True,False,True,True,,,,,,,,,,,0.014194780069888753,10.0,200.0,0.5802561499159122
883,0.7164467810163502,0,xgboost,chemberta,none,False,none,True,True,False,True,True,,,,,,,,,,,0.018433488208820042,10.0,200.0,0.5352369188816639
941,0.7159339316823358,0,xgboost,chemberta,none,False,none,True,True,False,True,True,,,,,,,,,,,0.02404140095225113,10.0,200.0,0.5604411011865449
967,0.7158690286245196,0,xgboost,chemberta,none,False,none,True,True,False,True,True,,,,,,,,,,,0.016392887240515134,10.0,200.0,0.5527354725432603
918,0.7156198774240907,0,xgboost,chemberta,none,False,none,True,True,False,True,True,,,,,,,,,,,0.02583213790057468,10.0,200.0,0.5116519629562654
815,0.7154607114507918,0,xgboost,chemberta,none,False,none,True,True,False,True,True,,,,,,,,,,,0.012588037940633096,10.0,200.0,0.5900041459485195
903,0.7152384678846,0,xgboost,chemberta,none,False,none,True,True,False,True,True,,,,,,,,,,,0.01624648912213929,10.0,200.0,0.5101287870438603
853,0.7149777554757318,0,xgboost,chemberta,none,False,none,True,True,False,True,True,,,,,,,,,,,0.01063090449588491,10.0,200.0,0.6062600846298313
771,0.7149189797875352,0,xgboost,morgan_1024_r2,esm2_150M,False,none,True,True,False,True,True,,,,,,,,,,,0.2681652320918694,9.0,300.0,0.6844421976815245
924,0.7149049931832371,0,xgboost,chemberta,none,False,none,True,True,False,True,True,,,,,,,,,,,0.015906720670110352,10.0,200.0,0.6236075241277041
977,0.714787819876916,0,xgboost,chemberta,none,False,none,True,True,False,True,True,,,,,,,,,,,0.019442390996584714,10.0,200.0,0.5327202047318911
975,0.7147467089948836,0,xgboost,chemberta,none,False,none,True,True,False,True,True,,,,,,,,,,,0.016743773968154182,10.0,200.0,0.5149631567268653
808,0.714410428119591,0,xgboost,chemberta,none,False,none,True,True,False,True,True,,,,,,,,,,,0.017501057603230997,10.0,200.0,0.5919766232579969
820,0.7142368861434479,0,xgboost,chemberta,none,False,none,True,True,False,True,True,,,,,,,,,,,0.012505108157054521,10.0,200.0,0.5943045935792028
813,0.7142235529232311,0,xgboost,chemberta,none,False,none,True,True,False,True,True,,,,,,,,,,,0.013242289636644408,10.0,200.0,0.5904637447096094
931,0.7140927024157905,0,xgboost,chemberta,none,False,none,True,True,False,True,True,,,,,,,,,,,0.021987089610117375,10.0,200.0,0.5112771823876984
878,0.7140182246085249,0,xgboost,chemberta,none,False,none,True,True,False,True,True,,,,,,,,,,,0.018270321134535784,10.0,200.0,0.5248317427449914
399,0.713985256693969,0,rf,chemberta,prot_t5_xl,False,none,True,True,False,True,False,,,,,,,,10,10.0,500.0,,,,
995,0.7139385281435293,0,xgboost,chemberta,none,False,none,True,True,False,True,True,,,,,,,,,,,0.017089045547878785,10.0,200.0,0.5350784824741811
900,0.7135500046379392,0,xgboost,chemberta,none,False,none,True,True,False,True,True,,,,,,,,,,,0.018555612258621304,10.0,200.0,0.55157132967168
988,0.7134593567061595,0,xgboost,chemberta,none,False,none,True,True,False,True,True,,,,,,,,,,,0.02258508200035906,10.0,200.0,0.555093154657848
14,0.7134523373315819,0,xgboost,morgan_1024_r2,none,False,none,True,True,True,False,False,,,,,,,,,,,0.20622111099806797,10.0,100.0,0.8822809871788543
647,0.7134151130939888,0,rf,chemberta,esm2_650M,True,none,False,True,True,True,True,,,,,,,,none,8.0,500.0,,,,
208,0.7126171436641257,0,rf,maccs_167,esm2_150M,False,warhead_only,False,True,False,True,False,,,,,,,,15,4.0,200.0,,,,
121,0.7125054638710308,0,mlp,morgan_1024_r2,esm2_8M,True,all_fragments,True,True,True,True,True,,,64.0,0.2912367868011884,256.0,3.0,0.0014329162953153152,,,,,,,
892,0.7124435444921596,0,xgboost,chemberta,none,False,none,True,True,False,True,True,,,,,,,,,,,0.018785548724352157,10.0,200.0,0.5011963843289864
990,0.7120838330620228,0,xgboost,chemberta,none,False,none,True,True,False,True,True,,,,,,,,,,,0.029913575091025945,10.0,200.0,0.5866742680045969
906,0.7118836407475164,0,xgboost,chemberta,none,False,none,True,True,False,True,True,,,,,,,,,,,0.019204232593499584,10.0,200.0,0.5455907215884315
830,0.7117471977261324,0,xgboost,chemberta,none,False,none,True,True,False,True,True,,,,,,,,,,,0.012492977466567134,10.0,200.0,0.6136750299136234
934,0.7113491933116664,0,xgboost,chemberta,none,False,none,True,True,False,True,True,,,,,,,,,,,0.0266126401972513,10.0,200.0,0.5188621397808348
897,0.7110069194886687,0,xgboost,chemberta,none,False,none,True,True,False,True,True,,,,,,,,,,,0.01726348841265631,10.0,200.0,0.5001814430502902
809,0.7107930481111556,0,xgboost,chemberta,none,False,none,True,True,False,True,True,,,,,,,,,,,0.015037688719162737,10.0,200.0,0.6578192924778721
923,0.7107156641874823,0,xgboost,chemberta,none,False,none,True,True,False,True,True,,,,,,,,,,,0.01747808122637976,10.0,200.0,0.5282700434894236
751,0.7103105416423326,0,xgboost,morgan_1024_r2,esm2_150M,False,none,True,True,False,True,True,,,,,,,,,,,0.01743831551876751,10.0,300.0,0.7218700110949134
984,0.7101224514242499,0,xgboost,chemberta,none,False,none,True,True,False,True,True,,,,,,,,,,,0.020399276395963152,10.0,200.0,0.5424717182141271
64,0.7098539066388008,0,rf,morgan_1024_r2,esm2_150M,False,none,True,True,False,False,False,,,,,,,,15,2.0,200.0,,,,
874,0.7097596780411554,0,xgboost,chemberta,none,False,none,True,True,False,True,True,,,,,,,,,,,0.022092511287102937,10.0,200.0,0.5253412679394012
682,0.7095792388396978,0,rf,rdkit_200,none,True,none,False,False,True,False,True,,,,,,,,10,3.0,500.0,,,,
910,0.7094246611095095,0,xgboost,chemberta,none,False,none,True,True,False,True,True,,,,,,,,,,,0.017890916082673822,10.0,200.0,0.5543796231500011
814,0.7093408368197361,0,xgboost,chemberta,none,False,none,True,True,False,True,True,,,,,,,,,,,0.0132706222316023,10.0,200.0,0.5722197779821251
391,0.709261276950363,0,attention,morgan_1024_r2,none,False,linker_only,False,False,False,False,True,0.2237493504121345,0.00030952420136583117,,,,,,,,,,,,
936,0.7091652245684763,0,xgboost,chemberta,none,False,none,True,True,False,True,True,,,,,,,,,,,0.02226707570877948,10.0,200.0,0.5462025386587692
39,0.7091488942774061,0,attention,morgan_2048_r2,prostt5,False,all_fragments,True,False,False,True,False,0.08159085275706035,0.00017097259693480256,,,,,,,,,,,,
925,0.7089954323780818,0,xgboost,chemberta,none,False,none,True,True,False,True,True,,,,,,,,,,,0.020342941723465426,10.0,200.0,0.5513354369553037
464,0.708777059675757,0,xgboost,morgan_2048_r2,esm2_8M,True,none,True,True,False,False,False,,,,,,,,,,,0.2986681220689833,10.0,200.0,0.8451864536524005
983,0.7087006434512889,0,xgboost,chemberta,none,False,none,True,True,False,True,True,,,,,,,,,,,0.01893928652229259,10.0,200.0,0.5169716902330759
162,0.7086669652899841,0,mlp,morgan_1024_r2,esm2_8M,False,linker_only,False,False,False,True,False,,,128.0,0.3407290507023619,64.0,2.0,0.0003021363729412303,,,,,,,
819,0.7083460807752405,0,xgboost,chemberta,none,False,none,True,True,False,True,True,,,,,,,,,,,0.01385817409555041,10.0,200.0,0.5864775910717429
896,0.7082477222229346,0,xgboost,chemberta,none,False,none,True,True,False,True,True,,,,,,,,,,,0.01940904953037201,10.0,200.0,0.5249115044557892
775,0.708101677296885,0,xgboost,morgan_1024_r2,esm2_150M,False,none,True,True,False,True,True,,,,,,,,,,,0.2019826339175175,10.0,300.0,0.7094787349654306
950,0.7080304929937055,0,xgboost,chemberta,none,False,none,True,True,False,True,True,,,,,,,,,,,0.027478084814910094,10.0,200.0,0.5212342721717931
966,0.707808003736618,0,xgboost,chemberta,none,False,none,True,True,False,True,True,,,,,,,,,,,0.017665239795220073,10.0,200.0,0.5270061838587022
905,0.707782413931158,0,xgboost,chemberta,none,False,none,True,True,False,True,True,,,,,,,,,,,0.016985500088664465,10.0,200.0,0.5168742093271149
446,0.7072620050952485,0,rf,rdkit_200,esm2_8M,True,warhead_only,False,True,True,False,True,,,,,,,,none,4.0,500.0,,,,
965,0.7071732112349663,0,xgboost,chemberta,none,False,none,True,True,False,True,True,,,,,,,,,,,0.01523404660257257,10.0,200.0,0.5172218382901353
893,0.7068392799662802,0,xgboost,chemberta,none,False,none,True,True,False,True,True,,,,,,,,,,,0.02024566414248039,10.0,200.0,0.5341156452976538
828,0.7067531124090091,0,xgboost,chemberta,none,False,none,True,True,False,True,True,,,,,,,,,,,0.010897512380680848,10.0,200.0,0.600630830648509
829,0.7066197732095392,0,xgboost,chemberta,none,False,none,True,True,False,True,True,,,,,,,,,,,0.013338993533291207,10.0,200.0,0.5588981867750634
843,0.7061979661526397,0,xgboost,chemberta,none,False,none,True,True,False,True,True,,,,,,,,,,,0.01615302502113478,10.0,200.0,0.6173934191062997
822,0.7059905075122244,0,xgboost,chemberta,none,False,none,True,True,False,True,True,,,,,,,,,,,0.010980666177866256,10.0,200.0,0.6113404350727967
857,0.7059794609942184,0,xgboost,chemberta,none,False,none,True,True,False,True,True,,,,,,,,,,,0.01751179439333512,10.0,200.0,0.6211406948696169
849,0.7058495433181665,0,xgboost,chemberta,none,False,none,True,True,False,True,True,,,,,,,,,,,0.010072143509022352,10.0,200.0,0.6008726750882654
787,0.705808406648608,0,xgboost,morgan_1024_r2,esm2_150M,False,none,True,True,False,True,True,,,,,,,,,,,0.027471888218229736,9.0,300.0,0.7027603450371619
986,0.7057394057539575,0,xgboost,chemberta,none,False,none,True,True,False,True,True,,,,,,,,,,,0.017713869798452745,10.0,200.0,0.564966167075791
913,0.7055591371586494,0,xgboost,chemberta,none,False,none,True,True,False,True,True,,,,,,,,,,,0.021214976399499177,10.0,200.0,0.5221989326036792
912,0.705519726313366,0,xgboost,chemberta,none,False,none,True,True,False,True,True,,,,,,,,,,,0.018995330959504134,10.0,200.0,0.5006347965195518
229,0.7052348925522126,0,rf,rdkit_200,none,False,none,True,True,False,True,False,,,,,,,,10,2.0,500.0,,,,
970,0.705152658322797,0,xgboost,chemberta,none,False,none,True,True,False,True,True,,,,,,,,,,,0.018335593821591938,10.0,200.0,0.5105625300584204
802,0.7051449719883337,0,xgboost,morgan_1024_r2,none,False,none,True,True,False,True,True,,,,,,,,,,,0.023877618964677154,9.0,100.0,0.7461122243339938
881,0.7051096530470768,0,xgboost,chemberta,none,False,none,True,True,False,True,True,,,,,,,,,,,0.020718968775633395,10.0,200.0,0.5429878380508243
882,0.7047594077740384,0,xgboost,chemberta,none,False,none,True,True,False,True,True,,,,,,,,,,,0.022159281220723547,10.0,200.0,0.5337483379497643
366,0.7046436677618455,0,rf,morgan_1024_r2,esm2_35M,False,all_fragments,True,True,True,False,False,,,,,,,,15,2.0,200.0,,,,
372,0.7044941151078139,0,xgboost,chemberta,none,True,none,False,False,False,False,False,,,,,,,,,,,0.07811406695605733,9.0,200.0,0.8990871174457512
754,0.7041666837488979,0,xgboost,morgan_1024_r2,esm2_150M,False,none,True,True,False,True,True,,,,,,,,,,,0.018684191792403125,10.0,300.0,0.7250641509898963
385,0.7041623666761103,0,mlp,morgan_2048_r2,prostt5,False,linker_only,False,True,False,True,False,,,128.0,0.36310793048279394,128.0,3.0,0.00016545370109915806,,,,,,,
307,0.704067283024692,0,xgboost,rdkit_200,none,True,none,True,True,False,False,True,,,,,,,,,,,0.016857539825372927,10.0,200.0,0.6317639482485352
488,0.7039953452359419,0,rf,molformer,esm2_8M,False,linker_only,True,True,True,True,True,,,,,,,,10,2.0,500.0,,,,
851,0.7037917086690809,0,xgboost,chemberta,none,False,none,True,True,False,True,True,,,,,,,,,,,0.01164988658658277,10.0,200.0,0.5444432942437925
207,0.7036634134346887,0,attention,morgan_1024_r2,ankh_large,True,all_fragments,False,False,False,False,True,0.48234280535339624,0.0005546157231607546,,,,,,,,,,,,
904,0.7035351088983719,0,xgboost,chemberta,none,False,none,True,True,False,True,True,,,,,,,,,,,0.01824387102094577,10.0,200.0,0.5280244554649486
86,0.7034229839096724,0,mlp,morgan_1024_r2,esm2_8M,False,linker_only,False,False,False,False,False,,,64.0,0.327635623661384,256.0,1.0,0.00010384803449572675,,,,,,,
929,0.7033205404296561,0,xgboost,chemberta,none,False,none,True,True,False,True,True,,,,,,,,,,,0.028242446561372907,10.0,200.0,0.5232468700675423
914,0.7032960285314048,0,xgboost,chemberta,none,False,none,True,True,False,True,True,,,,,,,,,,,0.018128748908838883,10.0,200.0,0.6384481399199621
911,0.7028359492134546,0,xgboost,chemberta,none,False,none,True,True,False,True,True,,,,,,,,,,,0.016592924443371897,10.0,200.0,0.5377513196572572
158,0.7025807245370553,0,rf,rdkit_200,esm2_3B,True,none,True,False,False,False,True,,,,,,,,10,7.0,200.0,,,,
915,0.7025022508863898,0,xgboost,chemberta,none,False,none,True,True,False,True,True,,,,,,,,,,,0.016433851341706718,10.0,200.0,0.5299394785172197
512,0.7023551996347153,0,rf,chemberta,none,True,warhead_only,True,True,True,False,False,,,,,,,,10,7.0,500.0,,,,
407,0.7023462655822735,0,xgboost,chemberta,prostt5,True,all_fragments,True,True,False,True,False,,,,,,,,,,,0.010198483345575618,8.0,200.0,0.8414610864770209
311,0.7023321584538085,0,rf,molformer,esm2_3B,True,none,False,True,True,True,True,,,,,,,,none,8.0,100.0,,,,
827,0.7019224004620755,0,xgboost,chemberta,none,False,none,True,True,False,True,True,,,,,,,,,,,0.014086154319633297,10.0,200.0,0.579901929731975
982,0.7016164012806495,0,xgboost,chemberta,none,False,none,True,True,False,True,True,,,,,,,,,,,0.021644133278872574,9.0,200.0,0.5304392599284095
586,0.7015140275191982,0,xgboost,rdkit_200,prostt5,True,none,True,True,True,True,False,,,,,,,,,,,0.060990410840419125,10.0,100.0,0.7516752060847446
600,0.7013627353122092,0,rf,chemberta,esm2_8M,False,all_fragments,True,True,True,False,False,,,,,,,,6,8.0,200.0,,,,
302,0.7012622148883243,0,attention,morgan_1024_r2,esm2_3B,True,linker_only,False,False,False,False,False,0.3349227642947846,0.00024353228813786247,,,,,,,,,,,,
850,0.7011161228173898,0,xgboost,chemberta,none,False,none,True,True,False,True,True,,,,,,,,,,,0.010815631024948756,10.0,200.0,0.6017001643352968
908,0.7008023774597224,0,xgboost,chemberta,none,False,none,True,True,False,True,True,,,,,,,,,,,0.01622184147724108,10.0,200.0,0.5423755351448925
796,0.700598464846251,0,xgboost,morgan_1024_r2,esm2_150M,False,none,True,True,False,True,True,,,,,,,,,,,0.19575229251843745,10.0,300.0,0.7241566534200019
573,0.7005227619438823,0,rf,maccs_167,esm2_650M,False,none,False,True,True,False,True,,,,,,,,10,2.0,500.0,,,,
963,0.7004808027621892,0,xgboost,chemberta,none,False,none,True,True,False,True,True,,,,,,,,,,,0.0169898371346582,10.0,200.0,0.5278575220604815
870,0.7003705652170986,0,xgboost,chemberta,none,False,none,True,True,False,True,True,,,,,,,,,,,0.019169869194902257,10.0,200.0,0.5263956197056882
340,0.7002965457516851,0,xgboost,rdkit_200,esm2_3B,False,none,False,True,False,True,False,,,,,,,,,,,0.22345801699882234,6.0,100.0,0.686240060715875
826,0.7002753149861061,0,xgboost,chemberta,none,False,none,True,True,False,True,True,,,,,,,,,,,0.010134183831323796,10.0,200.0,0.5935742881062716
998,0.7001762048995794,0,xgboost,chemberta,none,False,none,True,True,False,True,True,,,,,,,,,,,0.026278579404396922,10.0,200.0,0.5583157118254543
887,0.7001038312794899,0,xgboost,chemberta,none,False,none,True,True,False,True,True,,,,,,,,,,,0.02032738945711845,10.0,200.0,0.5041766252056907
996,0.700029012280255,0,xgboost,chemberta,none,False,none,True,True,False,True,True,,,,,,,,,,,0.020236837866645284,10.0,200.0,0.569487628007012
932,0.6998585229043067,0,xgboost,chemberta,none,False,none,True,True,False,True,True,,,,,,,,,,,0.021242838191138588,10.0,200.0,0.5609273474005717
501,0.6993643722399325,0,rf,chemberta,esm2_3B,True,none,False,True,True,True,False,,,,,,,,15,10.0,500.0,,,,
11,0.6992312056996149,0,rf,chemberta,esm2_150M,False,none,False,False,True,True,False,,,,,,,,10,2.0,500.0,,,,
825,0.6990307761807969,0,xgboost,chemberta,none,False,none,True,True,False,True,True,,,,,,,,,,,0.012685588281250201,10.0,200.0,0.5640604045177317
978,0.6989576567870468,0,xgboost,chemberta,none,False,none,True,True,False,True,True,,,,,,,,,,,0.01830140302694307,10.0,200.0,0.5582343049870085
231,0.6989352757491327,0,xgboost,chemberta,esm2_3B,True,all_fragments,True,False,False,False,False,,,,,,,,,,,0.24469082337788006,6.0,200.0,0.5648936155010214
305,0.6987783475821426,0,mlp,rdkit_200,esm2_8M,True,none,True,True,False,True,True,,,128.0,0.3284497647957087,128.0,2.0,0.00014300459336778895,,,,,,,
894,0.6986565300019669,0,xgboost,chemberta,none,False,none,True,True,False,True,True,,,,,,,,,,,0.017853372995687296,10.0,200.0,0.5236005422314145
371,0.6986111086461235,0,rf,molformer,none,True,all_fragments,True,False,True,False,False,,,,,,,,10,6.0,200.0,,,,
877,0.6982706675393436,0,xgboost,chemberta,none,False,none,True,True,False,True,True,,,,,,,,,,,0.017391525486163587,10.0,200.0,0.5380266630670096
869,0.697992044944145,0,xgboost,chemberta,none,False,none,True,True,False,True,True,,,,,,,,,,,0.020922103544203815,10.0,200.0,0.5632641464698176
949,0.6978664935139388,0,xgboost,chemberta,none,False,none,True,True,False,True,True,,,,,,,,,,,0.022391602228535853,10.0,200.0,0.5102595972605086
3,0.6977594650279647,0,mlp,morgan_2048_r2,ankh_large,False,linker_only,False,False,False,True,False,,,32.0,0.364995281212029,64.0,3.0,0.00022042424124779042,,,,,,,
884,0.6976202293302782,0,xgboost,chemberta,none,False,none,True,True,False,True,True,,,,,,,,,,,0.017143599270533657,10.0,200.0,0.5437551740214983
230,0.697457400172475,0,mlp,morgan_2048_r2,prot_t5_xl,False,none,True,False,True,True,False,,,32.0,0.41028973614821884,256.0,1.0,0.000421940244030391,,,,,,,
84,0.6974340461225708,0,xgboost,molformer,esm2_8M,False,none,True,True,False,True,True,,,,,,,,,,,0.01792810134005517,7.0,300.0,0.8972655059829329
632,0.6971304622779576,0,xgboost,morgan_1024_r2,esm2_650M,True,none,True,True,True,False,True,,,,,,,,,,,0.08802618270040463,7.0,100.0,0.5128914027413458
281,0.6968247886443794,0,xgboost,rdkit_200,esm2_8M,False,all_fragments,False,False,True,False,False,,,,,,,,,,,0.023949824387912585,8.0,300.0,0.5802041197366796
855,0.6965799849151006,0,xgboost,chemberta,none,False,none,True,True,False,True,True,,,,,,,,,,,0.013872416400950202,10.0,200.0,0.5741744293165666
944,0.6965625497497298,0,xgboost,chemberta,none,False,none,True,True,False,True,True,,,,,,,,,,,0.016442068188695487,9.0,200.0,0.5206103266198199
856,0.6964288603341333,0,xgboost,chemberta,none,False,none,True,True,False,True,True,,,,,,,,,,,0.011765423885719046,10.0,200.0,0.5667461560066956
779,0.6963034964917026,0,xgboost,morgan_1024_r2,esm2_150M,False,none,True,True,False,True,True,,,,,,,,,,,0.01941101149374595,10.0,300.0,0.7095329726217562
252,0.6962447953181551,0,attention,morgan_2048_r2,ankh_large,False,none,False,True,True,False,True,0.417649120822622,0.0014481894066186414,,,,,,,,,,,,
980,0.6961797179074345,0,xgboost,chemberta,none,False,none,True,True,False,True,True,,,,,,,,,,,0.019280088252549746,10.0,200.0,0.5087708691039742
438,0.6961695217457873,0,xgboost,chemberta,none,True,none,True,True,True,False,False,,,,,,,,,,,0.19222681619707896,10.0,100.0,0.8667170257715613
867,0.6961256901228098,0,xgboost,chemberta,none,False,none,True,True,False,True,True,,,,,,,,,,,0.01664675034847872,10.0,200.0,0.547731844849082
42,0.6960926311882709,0,attention,morgan_2048_r2,esm2_650M,True,all_fragments,True,True,False,False,True,0.006658056623233655,0.0009452117657865244,,,,,,,,,,,,
614,0.6958810475971984,0,rf,rdkit_200,none,True,none,True,True,False,False,False,,,,,,,,none,10.0,200.0,,,,
521,0.6957766715779058,0,rf,morgan_1024_r2,esm2_8M,True,warhead_only,True,False,True,False,True,,,,,,,,15,2.0,500.0,,,,
502,0.6957323164677759,0,xgboost,chemberta,esm2_3B,False,none,False,False,True,False,True,,,,,,,,,,,0.2490469652233545,7.0,300.0,0.5907494292009892
398,0.6956827687509901,0,mlp,rdkit_200,esm2_8M,False,linker_only,True,True,False,True,False,,,32.0,0.3629902193474075,256.0,3.0,0.0007769625992356724,,,,,,,
380,0.695645304372379,0,mlp,morgan_2048_r2,prostt5,False,warhead_only,True,True,True,True,True,,,64.0,0.2636703108715315,256.0,3.0,0.000423439149284446,,,,,,,
860,0.6953964556645906,0,xgboost,chemberta,none,False,none,True,True,False,True,True,,,,,,,,,,,0.010187252712835734,10.0,200.0,0.5813715480414312
25,0.6952735552508584,0,xgboost,morgan_1024_r2,none,False,warhead_only,False,True,True,False,False,,,,,,,,,,,0.16721412646338832,5.0,100.0,0.992554339668566
764,0.6950993091016608,0,xgboost,morgan_1024_r2,esm2_150M,False,none,True,True,False,True,True,,,,,,,,,,,0.2963219874737683,10.0,300.0,0.7776751420082167
270,0.6950046753694186,0,mlp,morgan_2048_r2,esm2_35M,True,all_fragments,False,True,False,True,False,,,64.0,0.2788604839774179,64.0,3.0,0.0052449309572326,,,,,,,
97,0.6948836765876215,0,xgboost,rdkit_200,prot_t5_xl,False,all_fragments,True,False,True,False,True,,,,,,,,,,,0.08359241724746798,4.0,300.0,0.9964100538988085
213,0.6948713326244567,0,xgboost,chemberta,esm2_3B,False,none,False,False,True,False,False,,,,,,,,,,,0.023316505962821994,6.0,300.0,0.5403082191176758
919,0.6948074813943559,0,xgboost,chemberta,none,False,none,True,True,False,True,True,,,,,,,,,,,0.024817322434252127,10.0,200.0,0.5389414208932243
852,0.6942120127171317,0,xgboost,chemberta,none,False,none,True,True,False,True,True,,,,,,,,,,,0.016542628405279466,10.0,200.0,0.6169476320284687
767,0.6941756235782638,0,xgboost,morgan_1024_r2,esm2_150M,False,none,True,True,False,True,True,,,,,,,,,,,0.013963926314808778,10.0,300.0,0.7670227981612258
417,0.6940590475431633,0,rf,morgan_2048_r2,esm2_150M,False,warhead_only,True,True,True,True,True,,,,,,,,none,10.0,200.0,,,,
135,0.6939566329882961,0,attention,chemberta,ankh_large,False,linker_only,False,False,True,False,True,0.23158384995286063,0.0009306583474184935,,,,,,,,,,,,
824,0.6937038774991929,0,xgboost,chemberta,none,False,none,True,True,False,True,True,,,,,,,,,,,0.012738041828785098,10.0,200.0,0.5759676128938886
957,0.6935696132195852,0,xgboost,chemberta,none,False,none,True,True,False,True,True,,,,,,,,,,,0.017408731231942698,9.0,200.0,0.5346986039506317
854,0.6934467426607629,0,xgboost,chemberta,none,False,none,True,True,False,True,True,,,,,,,,,,,0.015428936848436148,10.0,200.0,0.6308903289952651
215,0.6934417467284255,0,attention,morgan_1024_r2,esm2_3B,False,linker_only,False,True,True,True,False,0.03457569503571151,0.00013945819069931405,,,,,,,,,,,,
766,0.6934044033726161,0,xgboost,morgan_1024_r2,esm2_150M,False,none,True,True,False,True,True,,,,,,,,,,,0.021234515646293466,10.0,300.0,0.7159870326091958
486,0.6933340807807123,0,mlp,morgan_1024_r2,ankh_large,False,none,False,False,False,True,True,,,32.0,0.12210121333664337,64.0,2.0,0.0011729136854982931,,,,,,,
778,0.6930839754612497,0,xgboost,morgan_1024_r2,esm2_150M,False,none,True,True,False,True,True,,,,,,,,,,,0.25554310035754535,10.0,300.0,0.6904586190376127
165,0.6927256360913753,0,xgboost,rdkit_200,esm2_8M,True,none,True,False,False,False,True,,,,,,,,,,,0.012601781954901723,8.0,300.0,0.7875620893212969
613,0.6926568366332153,0,xgboost,rdkit_200,esm2_35M,True,all_fragments,False,False,True,False,False,,,,,,,,,,,0.01159434108276802,7.0,300.0,0.6448534612748645
187,0.6926069350956364,0,xgboost,morgan_2048_r2,none,True,linker_only,False,True,True,True,True,,,,,,,,,,,0.014279937513963167,6.0,100.0,0.5762734032901582
945,0.6925521392798706,0,xgboost,chemberta,none,False,none,True,True,False,True,True,,,,,,,,,,,0.020508618964754952,10.0,200.0,0.5643794229775209
834,0.6923579206876204,0,xgboost,chemberta,none,False,none,True,True,False,True,True,,,,,,,,,,,0.01678495443246065,10.0,200.0,0.6069507761323092
581,0.6922588196095957,0,rf,molformer,none,True,all_fragments,True,True,False,False,False,,,,,,,,none,5.0,200.0,,,,
745,0.6921779588269172,0,attention,maccs_167,prostt5,False,linker_only,False,False,True,True,True,0.0719291961272494,0.0016191601904648268,,,,,,,,,,,,
247,0.69184533103867,0,attention,morgan_2048_r2,esm2_3B,False,linker_only,True,False,False,True,False,0.06635375974260971,0.0003272571596834533,,,,,,,,,,,,
308,0.6917530268193207,0,rf,morgan_1024_r2,esm2_8M,True,linker_only,True,True,False,False,True,,,,,,,,15,7.0,200.0,,,,
845,0.6915552495702274,0,xgboost,chemberta,none,False,none,True,True,False,True,True,,,,,,,,,,,0.018259408685622754,10.0,200.0,0.6245586685860527
962,0.6914943725153307,0,xgboost,chemberta,none,False,none,True,True,False,True,True,,,,,,,,,,,0.016361499008901412,10.0,200.0,0.5170261505574771
119,0.6909246513664525,0,xgboost,morgan_1024_r2,prostt5,True,none,False,True,False,False,False,,,,,,,,,,,0.03516609040859444,7.0,100.0,0.9002033526774749
937,0.6908095002981695,0,xgboost,chemberta,none,False,none,True,True,False,True,True,,,,,,,,,,,0.01947050072586993,10.0,200.0,0.5326747462665166
551,0.6903136624021452,0,attention,morgan_2048_r2,esm2_150M,True,linker_only,False,False,True,True,True,0.26631039891710984,0.00034515212429572144,,,,,,,,,,,,
645,0.6902277395710568,0,rf,morgan_2048_r2,none,False,all_fragments,True,True,False,False,True,,,,,,,,10,9.0,500.0,,,,
314,0.6902182538673,0,rf,chemberta,esm2_8M,False,warhead_only,False,True,False,False,False,,,,,,,,6,7.0,500.0,,,,
785,0.6900075013873412,0,xgboost,morgan_1024_r2,esm2_150M,False,none,True,True,False,True,True,,,,,,,,,,,0.02449360889990631,10.0,300.0,0.7218423481155415
997,0.689835207518136,0,xgboost,chemberta,none,False,none,True,True,False,True,True,,,,,,,,,,,0.018780525858255764,10.0,200.0,0.5196137208246756
644,0.6896712664040495,0,attention,chemberta,esm2_35M,True,linker_only,True,True,False,True,True,0.07611959796748863,0.00012067754553860009,,,,,,,,,,,,
991,0.6895132559376391,0,xgboost,chemberta,none,False,none,True,True,False,True,True,,,,,,,,,,,0.015539526739961246,10.0,200.0,0.538001621434159
379,0.6894908222542973,0,mlp,morgan_2048_r2,esm2_8M,False,linker_only,True,False,True,True,True,,,64.0,0.39248001689781115,128.0,2.0,0.0014445173067986308,,,,,,,
789,0.6894192548870349,0,xgboost,morgan_1024_r2,esm2_150M,False,none,True,True,False,True,True,,,,,,,,,,,0.01674383147951715,9.0,300.0,0.6913448567093806
863,0.6892868833643914,0,xgboost,chemberta,none,False,none,True,True,False,True,True,,,,,,,,,,,0.01830119776918744,10.0,200.0,0.6118222739627385
325,0.6891226229861594,0,xgboost,chemberta,esm2_650M,True,warhead_only,False,False,True,False,True,,,,,,,,,,,0.026157650229360403,5.0,100.0,0.8040583639029376
279,0.6888749017927369,0,mlp,morgan_1024_r2,prot_t5_xl,False,all_fragments,False,False,False,True,False,,,64.0,0.0563032400719945,128.0,2.0,0.00022237530961381874,,,,,,,
728,0.6884411558849844,0,rf,maccs_167,esm2_650M,False,all_fragments,False,True,True,False,True,,,,,,,,10,2.0,200.0,,,,
431,0.6881699279943303,0,xgboost,molformer,esm2_35M,True,none,True,True,False,False,True,,,,,,,,,,,0.011893389649011711,7.0,300.0,0.621100475742709
798,0.687882277841254,0,xgboost,morgan_1024_r2,none,False,none,True,True,False,True,True,,,,,,,,,,,0.29766520752499154,10.0,300.0,0.7747174570478735
516,0.6878540547978161,0,rf,maccs_167,esm2_8M,True,warhead_only,True,True,True,True,False,,,,,,,,15,7.0,200.0,,,,
575,0.6878145225372314,0,xgboost,chemberta,esm2_35M,True,none,True,True,True,False,True,,,,,,,,,,,0.1342634255890751,5.0,100.0,0.8423785447915579
859,0.6877731868284074,0,xgboost,chemberta,none,False,none,True,True,False,True,True,,,,,,,,,,,0.016339610716172563,10.0,200.0,0.6024362986200573
263,0.6877522210634189,0,attention,rdkit_200,prostt5,True,all_fragments,True,False,True,True,False,0.2637873727864142,0.0033974644342967355,,,,,,,,,,,,
474,0.687724734059741,0,rf,rdkit_200,esm2_150M,True,all_fragments,True,False,False,True,True,,,,,,,,15,3.0,200.0,,,,
690,0.6873164139282569,0,attention,morgan_1024_r2,prot_t5_xl,False,linker_only,False,False,True,False,True,0.14758296351402678,0.0010107882108161906,,,,,,,,,,,,
953,0.6869266400626696,0,xgboost,chemberta,none,False,none,True,True,False,True,True,,,,,,,,,,,0.024656988915302113,10.0,200.0,0.5116636033735777
244,0.6868359627452704,0,rf,molformer,esm2_3B,False,linker_only,True,True,False,False,False,,,,,,,,15,9.0,200.0,,,,
646,0.686254525696597,0,rf,morgan_2048_r2,esm2_150M,True,none,True,True,False,True,False,,,,,,,,10,4.0,500.0,,,,
968,0.6861166612602773,0,xgboost,chemberta,none,False,none,True,True,False,True,True,,,,,,,,,,,0.01946699425496773,10.0,200.0,0.5006755315227195
763,0.6860055977425275,0,xgboost,morgan_1024_r2,esm2_150M,False,none,True,True,False,True,True,,,,,,,,,,,0.017721856721753564,10.0,300.0,0.7415019312807941
118,0.6857708376478697,0,attention,rdkit_200,esm2_35M,True,linker_only,False,True,True,True,False,0.3106149516663374,0.0029733626929558127,,,,,,,,,,,,
969,0.6856523160821303,0,xgboost,chemberta,none,False,none,True,True,False,True,True,,,,,,,,,,,0.014596209855336195,10.0,200.0,0.5364195869361101
946,0.6855178779267298,0,xgboost,chemberta,none,False,none,True,True,False,True,True,,,,,,,,,,,0.01858471675095568,10.0,200.0,0.5498996383318125
219,0.6854662893732784,0,attention,morgan_2048_r2,esm2_650M,False,all_fragments,True,True,True,True,False,0.07240033421126535,0.00010443227416483942,,,,,,,,,,,,
654,0.6854177330613187,0,rf,chemberta,esm2_8M,False,none,True,False,False,False,False,,,,,,,,6,9.0,500.0,,,,
248,0.6852367650470941,0,rf,morgan_2048_r2,esm2_35M,False,all_fragments,False,False,True,True,False,,,,,,,,none,4.0,500.0,,,,
676,0.6852322625585034,0,attention,rdkit_200,none,False,none,True,True,False,True,False,0.34236129032701457,0.0015742432766101835,,,,,,,,,,,,
579,0.6851035728807312,0,attention,rdkit_200,esm2_8M,True,linker_only,True,True,False,True,False,0.06054220811940991,0.000857956524194977,,,,,,,,,,,,
327,0.6846349245973541,0,xgboost,rdkit_200,esm2_650M,False,linker_only,True,True,False,False,True,,,,,,,,,,,0.11698432001802245,6.0,200.0,0.7550755792291732
981,0.684551527233341,0,xgboost,chemberta,none,False,none,True,True,False,True,True,,,,,,,,,,,0.01794412865677882,10.0,200.0,0.5459880368314128
458,0.6844376585101085,0,xgboost,morgan_1024_r2,prot_t5_xl,False,none,False,True,True,False,False,,,,,,,,,,,0.051670272228524286,8.0,200.0,0.8144593853595723
889,0.6844342718638072,0,xgboost,chemberta,none,False,none,True,True,False,True,True,,,,,,,,,,,0.017681171066383384,10.0,200.0,0.5208913515728766
823,0.6842638667542336,0,xgboost,chemberta,none,False,none,True,True,False,True,True,,,,,,,,,,,0.014978630640939449,10.0,200.0,0.5932409139583965
222,0.6835334875812935,0,rf,chemberta,esm2_650M,False,linker_only,True,False,True,True,False,,,,,,,,6,10.0,200.0,,,,
223,0.6832886292098228,0,rf,molformer,esm2_3B,False,linker_only,True,True,False,False,False,,,,,,,,none,8.0,200.0,,,,
772,0.6831291107300672,0,xgboost,morgan_1024_r2,esm2_150M,False,none,True,True,False,True,True,,,,,,,,,,,0.27207860297184633,9.0,300.0,0.6845930990707221
806,0.6829256985593251,0,xgboost,morgan_1024_r2,esm2_150M,False,none,True,True,False,True,True,,,,,,,,,,,0.0316276225954764,10.0,300.0,0.6960773159887852
63,0.6828635322659593,0,rf,chemberta,ankh_large,False,linker_only,False,True,False,False,True,,,,,,,,none,7.0,200.0,,,,
987,0.6828515430614929,0,xgboost,chemberta,none,False,none,True,True,False,True,True,,,,,,,,,,,0.01482437861190721,10.0,200.0,0.5274951198296336
909,0.6827827641299435,0,xgboost,chemberta,none,False,none,True,True,False,True,True,,,,,,,,,,,0.02055877112058231,10.0,200.0,0.510360928756165
756,0.6827724829566671,0,xgboost,morgan_1024_r2,esm2_150M,False,none,True,True,False,True,True,,,,,,,,,,,0.026340542594663965,9.0,300.0,0.6804805580457732
285,0.6824957615937829,0,mlp,morgan_2048_r2,esm2_35M,True,linker_only,True,False,True,False,False,,,128.0,0.43004878513749645,128.0,3.0,0.0003061003690316798,,,,,,,
711,0.6824808386852943,0,rf,morgan_2048_r2,none,True,warhead_only,False,True,False,False,True,,,,,,,,10,6.0,500.0,,,,
503,0.6824145042736572,0,attention,rdkit_200,none,True,none,True,False,True,True,True,0.35068485732920945,0.0022663532228779895,,,,,,,,,,,,
522,0.6820994159816008,0,rf,chemberta,esm2_650M,False,warhead_only,True,True,True,True,True,,,,,,,,10,3.0,100.0,,,,
972,0.6820919813651783,0,xgboost,chemberta,none,False,none,True,True,False,True,True,,,,,,,,,,,0.019627816434534227,10.0,200.0,0.5694952780118107
928,0.6820550859050368,0,xgboost,chemberta,none,False,none,True,True,False,True,True,,,,,,,,,,,0.023716221679722184,10.0,200.0,0.5302314461909121
514,0.6817997696241936,0,xgboost,molformer,esm2_8M,True,none,False,True,True,True,False,,,,,,,,,,,0.12858491826288235,10.0,300.0,0.7502648845799775
788,0.6817989930120479,0,xgboost,morgan_1024_r2,esm2_150M,False,none,True,True,False,True,True,,,,,,,,,,,0.013669096423271437,10.0,300.0,0.7351757021307526
786,0.6817847670916438,0,xgboost,morgan_1024_r2,esm2_150M,False,none,True,True,False,True,True,,,,,,,,,,,0.27631904585786193,10.0,300.0,0.7525118359131963
634,0.6815960680370478,0,rf,maccs_167,esm2_650M,True,linker_only,False,True,False,False,True,,,,,,,,15,4.0,100.0,,,,
149,0.6815060682011234,0,mlp,chemberta,esm2_3B,False,all_fragments,False,True,False,True,True,,,64.0,0.38857688076518315,64.0,3.0,0.00043281377715558933,,,,,,,
28,0.6814960414317288,0,rf,morgan_2048_r2,prostt5,True,none,True,True,True,True,False,,,,,,,,15,5.0,100.0,,,,
95,0.6814595410801009,0,attention,morgan_1024_r2,prot_t5_xl,True,none,False,False,True,True,True,0.47370975929488257,0.00025965954850196404,,,,,,,,,,,,
607,0.6814263414118786,0,attention,morgan_2048_r2,esm2_3B,False,none,False,True,False,True,False,0.18067406022630084,0.0002347176730771357,,,,,,,,,,,,
960,0.681301811100382,0,xgboost,chemberta,none,False,none,True,True,False,True,True,,,,,,,,,,,0.01975293044942954,10.0,200.0,0.5354929138440345
768,0.6807773156592403,0,xgboost,morgan_1024_r2,esm2_150M,False,none,True,True,False,True,True,,,,,,,,,,,0.035999872616782155,10.0,200.0,0.8252492897861745
930,0.6807239812158079,0,xgboost,chemberta,none,False,none,True,True,False,True,True,,,,,,,,,,,0.023444498849577673,10.0,200.0,0.54115686888325
844,0.6804987543447347,0,xgboost,chemberta,none,False,none,True,True,False,True,True,,,,,,,,,,,0.015660339411122822,10.0,200.0,0.6257716859825722
971,0.6804716480386214,0,xgboost,chemberta,none,False,none,True,True,False,True,True,,,,,,,,,,,0.015992751919687288,10.0,200.0,0.5258098733494695
790,0.6803838350197743,0,xgboost,morgan_1024_r2,esm2_150M,False,none,True,True,False,True,True,,,,,,,,,,,0.018818939392212686,10.0,300.0,0.6809619696829959
943,0.6803549106808072,0,xgboost,chemberta,none,False,none,True,True,False,True,True,,,,,,,,,,,0.021904748586084048,10.0,200.0,0.5338864368897405
695,0.6802508338578794,0,xgboost,chemberta,esm2_650M,True,none,False,False,False,False,False,,,,,,,,,,,0.04656206159940455,6.0,100.0,0.6401976158306901
712,0.6801734019008508,0,xgboost,chemberta,none,False,linker_only,False,False,True,False,False,,,,,,,,,,,0.051738101596001465,4.0,200.0,0.5112995116312667
797,0.68013923568718,0,xgboost,morgan_1024_r2,esm2_150M,False,none,True,True,False,True,True,,,,,,,,,,,0.0685824276963801,10.0,300.0,0.6844168713319666
979,0.6799991323171557,0,xgboost,chemberta,none,False,none,True,True,False,True,True,,,,,,,,,,,0.02064034373345612,10.0,200.0,0.5236574660419319
387,0.6798317185282822,0,rf,morgan_2048_r2,prot_t5_xl,False,none,True,True,True,True,True,,,,,,,,none,6.0,500.0,,,,
336,0.6796782506892843,0,rf,chemberta,prostt5,True,warhead_only,False,False,True,False,True,,,,,,,,6,10.0,500.0,,,,
784,0.6796074475632673,0,xgboost,morgan_1024_r2,esm2_150M,False,none,True,True,False,True,True,,,,,,,,,,,0.24208323955052813,10.0,300.0,0.6646513147554376
450,0.6795598870774611,0,mlp,morgan_1024_r2,prot_t5_xl,False,none,False,True,False,True,False,,,32.0,0.4760937758566519,128.0,3.0,0.0019456761716311658,,,,,,,
186,0.6794049399694964,0,mlp,morgan_2048_r2,esm2_3B,True,none,False,False,False,True,False,,,64.0,0.3176196967724824,64.0,2.0,0.0010566954804337102,,,,,,,
832,0.6792838455137767,0,xgboost,chemberta,none,False,none,True,True,False,True,True,,,,,,,,,,,0.015457141298026599,10.0,200.0,0.5718527280334227
472,0.6786031890236788,0,rf,chemberta,esm2_8M,False,none,False,False,False,False,False,,,,,,,,10,10.0,200.0,,,,
506,0.6785734155211112,0,mlp,rdkit_200,esm2_3B,True,none,False,False,False,True,False,,,64.0,0.04050621728266818,64.0,1.0,0.0002938687093783387,,,,,,,
104,0.6783986946728022,0,xgboost,morgan_2048_r2,prostt5,False,none,True,True,False,False,True,,,,,,,,,,,0.040361961731839084,7.0,100.0,0.8715114462666238
999,0.6780723924575948,0,xgboost,chemberta,none,False,none,True,True,False,True,True,,,,,,,,,,,0.015861139191207924,10.0,200.0,0.5412416480913523
880,0.6780692855485061,0,xgboost,chemberta,none,False,none,True,True,False,True,True,,,,,,,,,,,0.019342096009337915,10.0,200.0,0.5056687799262353
497,0.6779228322181576,0,mlp,morgan_2048_r2,prot_t5_xl,False,none,True,False,False,True,True,,,32.0,0.4342062583094213,128.0,3.0,0.001829368548026905,,,,,,,
355,0.6778440861292763,0,xgboost,chemberta,none,True,all_fragments,True,True,False,True,True,,,,,,,,,,,0.04199839067034919,5.0,100.0,0.6011197724424535
56,0.6777255167455699,0,rf,molformer,esm2_650M,True,linker_only,True,True,False,False,False,,,,,,,,none,7.0,200.0,,,,
841,0.6773840921153075,0,xgboost,chemberta,none,False,none,True,True,False,True,True,,,,,,,,,,,0.015002750934255057,10.0,200.0,0.5675804413004883
87,0.6773738131613539,0,xgboost,chemberta,none,False,all_fragments,False,True,True,True,False,,,,,,,,,,,0.14139309321465038,9.0,200.0,0.9879018436602953
30,0.677330503057805,0,rf,maccs_167,esm2_35M,False,none,True,True,False,True,True,,,,,,,,10,2.0,500.0,,,,
326,0.677289472542292,0,attention,chemberta,ankh_large,True,linker_only,False,True,True,True,True,0.1389178389043017,0.0016837496013411455,,,,,,,,,,,,
539,0.6771247908344608,0,xgboost,morgan_1024_r2,esm2_150M,False,none,True,True,True,True,False,,,,,,,,,,,0.14207599023471354,8.0,300.0,0.7747867391156416
493,0.6770705628449405,0,rf,morgan_1024_r2,esm2_650M,False,none,False,True,False,False,False,,,,,,,,10,6.0,500.0,,,,
225,0.6770053455331094,0,rf,rdkit_200,esm2_8M,True,warhead_only,False,False,False,False,False,,,,,,,,10,8.0,100.0,,,,
742,0.6766489135958075,0,rf,rdkit_200,esm2_3B,False,all_fragments,False,False,False,True,True,,,,,,,,15,5.0,100.0,,,,
294,0.6766079538592963,0,xgboost,chemberta,esm2_8M,False,linker_only,False,False,True,False,False,,,,,,,,,,,0.011727180488006847,10.0,100.0,0.8228438399516959
642,0.6764688787170848,0,mlp,morgan_1024_r2,esm2_8M,True,all_fragments,False,False,True,True,False,,,128.0,0.4472310860787825,128.0,3.0,0.0016368892918330142,,,,,,,
858,0.6762813230312203,0,xgboost,chemberta,none,False,none,True,True,False,True,True,,,,,,,,,,,0.013491907041553865,10.0,200.0,0.6476128018238155
649,0.676224571144931,0,xgboost,morgan_2048_r2,none,True,none,True,True,True,False,True,,,,,,,,,,,0.1887117003468425,8.0,200.0,0.6534650113472354
226,0.6760823937869491,0,attention,chemberta,ankh_large,True,linker_only,True,False,False,True,True,0.052932507832619546,0.0001922950772371348,,,,,,,,,,,,
875,0.6760377108966024,0,xgboost,chemberta,none,False,none,True,True,False,True,True,,,,,,,,,,,0.020183080438558803,10.0,200.0,0.5522539794748412
317,0.6758622506929731,0,mlp,rdkit_200,esm2_8M,True,none,True,True,False,True,True,,,128.0,0.2956465420250522,64.0,1.0,0.00017906516124373436,,,,,,,
415,0.6758362920598942,0,attention,morgan_2048_r2,prostt5,True,warhead_only,True,False,True,True,False,0.12657009697078175,0.0012280516700766426,,,,,,,,,,,,
16,0.6757801021106095,0,mlp,morgan_2048_r2,esm2_3B,False,warhead_only,True,True,True,True,True,,,128.0,0.38672777222451526,64.0,1.0,0.0008181239955257065,,,,,,,
462,0.6755535255007701,0,rf,morgan_1024_r2,none,True,none,False,True,True,False,False,,,,,,,,6,2.0,500.0,,,,
959,0.6754183430657987,0,xgboost,chemberta,none,False,none,True,True,False,True,True,,,,,,,,,,,0.01827445536622605,10.0,200.0,0.5627595793049543
161,0.675377943976093,0,mlp,rdkit_200,ankh_large,True,linker_only,True,True,False,True,False,,,128.0,0.08097597313581395,256.0,1.0,0.0008142877826821617,,,,,,,
283,0.6748594678820139,0,attention,chemberta,ankh_large,True,none,True,True,True,True,False,0.321167980247231,0.00022381290896566876,,,,,,,,,,,,
782,0.674773109176027,0,xgboost,morgan_1024_r2,esm2_150M,False,none,True,True,False,True,True,,,,,,,,,,,0.03291294484574655,10.0,300.0,0.7299144728690649
563,0.6747246103791511,0,rf,chemberta,prot_t5_xl,True,linker_only,False,True,False,True,True,,,,,,,,6,3.0,500.0,,,,
234,0.6746655564816327,0,rf,morgan_2048_r2,ankh_large,True,linker_only,False,True,True,False,True,,,,,,,,none,5.0,200.0,,,,
109,0.6745049886073643,0,rf,molformer,esm2_150M,False,warhead_only,False,True,False,False,False,,,,,,,,10,5.0,200.0,,,,
793,0.6744204435903213,0,xgboost,morgan_1024_r2,none,False,none,True,True,False,True,True,,,,,,,,,,,0.02097997028495632,10.0,300.0,0.7577262231797658
678,0.67435662120147,0,attention,morgan_1024_r2,esm2_8M,True,none,False,False,True,False,True,0.05145211659515042,0.009524794327827713,,,,,,,,,,,,
369,0.6742398041635147,0,attention,morgan_2048_r2,none,False,none,False,True,False,True,True,0.26622058344817856,0.0013659933727409002,,,,,,,,,,,,
331,0.6740590162862977,0,attention,morgan_1024_r2,esm2_650M,False,linker_only,True,True,False,False,True,0.13735752633549414,0.000595125077494749,,,,,,,,,,,,
179,0.6737592368640485,0,xgboost,morgan_2048_r2,prostt5,False,all_fragments,True,False,False,True,False,,,,,,,,,,,0.07635199774582409,6.0,300.0,0.7291375421051084
422,0.6734900480805065,0,rf,chemberta,prot_t5_xl,True,linker_only,False,False,False,True,False,,,,,,,,10,5.0,200.0,,,,
803,0.6733208263380877,0,xgboost,morgan_1024_r2,esm2_150M,False,none,True,True,False,True,True,,,,,,,,,,,0.03680920090598274,10.0,300.0,0.7620203989010219
839,0.6730294053764108,0,xgboost,chemberta,none,False,none,True,True,False,True,True,,,,,,,,,,,0.014105917802245318,10.0,200.0,0.5562243484082151
332,0.6729538753878944,0,mlp,morgan_1024_r2,esm2_150M,False,linker_only,False,True,False,True,True,,,64.0,0.1483928862512623,128.0,1.0,0.00012701044326941796,,,,,,,
319,0.6729155147046698,0,xgboost,molformer,esm2_150M,False,none,False,False,True,True,True,,,,,,,,,,,0.012837708784596082,10.0,200.0,0.9925846586840132
434,0.672436494223141,0,mlp,morgan_2048_r2,esm2_35M,False,all_fragments,False,True,True,True,True,,,128.0,0.16240615539389802,64.0,1.0,0.00012552247392504725,,,,,,,
795,0.6722719976847988,0,xgboost,morgan_1024_r2,none,False,none,True,True,False,True,True,,,,,,,,,,,0.25427596720183815,9.0,300.0,0.532223700177349
412,0.6722097016555431,0,rf,rdkit_200,esm2_650M,False,warhead_only,True,False,False,True,True,,,,,,,,none,7.0,500.0,,,,
773,0.6721578378019398,0,xgboost,morgan_1024_r2,esm2_150M,False,none,True,True,False,True,True,,,,,,,,,,,0.2409300064758293,10.0,300.0,0.6666664039822058
163,0.6717822173325321,0,mlp,rdkit_200,esm2_3B,True,none,True,True,False,True,False,,,64.0,0.14881328384170478,128.0,1.0,0.001721025823188735,,,,,,,
810,0.6717272981540927,0,xgboost,chemberta,none,False,none,True,True,False,True,True,,,,,,,,,,,0.016001131203332256,10.0,200.0,0.5834517358792769
940,0.671589551473289,0,xgboost,chemberta,none,False,none,True,True,False,True,True,,,,,,,,,,,0.020204730164536996,10.0,200.0,0.5512398029138481
549,0.6710381650085276,0,xgboost,maccs_167,ankh_large,True,all_fragments,True,False,True,False,False,,,,,,,,,,,0.07414053629922085,9.0,200.0,0.9019140968770722
455,0.6710121701749849,0,xgboost,rdkit_200,esm2_150M,True,all_fragments,True,False,True,True,False,,,,,,,,,,,0.14412754467273658,3.0,300.0,0.9607001360774374
618,0.670958119245965,0,mlp,morgan_2048_r2,ankh_large,False,warhead_only,True,False,False,False,False,,,64.0,0.03361267754124836,128.0,3.0,0.006831942112747674,,,,,,,
627,0.6709383185626557,0,rf,rdkit_200,esm2_3B,True,linker_only,True,False,False,True,True,,,,,,,,none,5.0,100.0,,,,
640,0.670909906030066,0,rf,chemberta,prostt5,False,all_fragments,False,True,False,True,False,,,,,,,,15,3.0,200.0,,,,
425,0.6706342878082564,0,xgboost,morgan_2048_r2,prostt5,True,all_fragments,False,False,True,False,True,,,,,,,,,,,0.012154169116795906,8.0,300.0,0.7160802774827495
202,0.6705308492782097,0,rf,morgan_2048_r2,esm2_35M,False,linker_only,False,False,False,False,True,,,,,,,,15,8.0,500.0,,,,
673,0.670529859782737,0,attention,rdkit_200,esm2_3B,True,all_fragments,False,False,False,True,False,0.1505749663067032,0.0030259991090738213,,,,,,,,,,,,
496,0.6703462110894286,0,mlp,morgan_2048_r2,esm2_150M,False,none,False,False,False,True,False,,,128.0,0.3006563418257819,64.0,3.0,0.0002114725494222406,,,,,,,
441,0.6700900608418013,0,xgboost,morgan_1024_r2,prostt5,True,none,False,True,True,False,True,,,,,,,,,,,0.10549201092584726,3.0,200.0,0.5453189770115641
494,0.6697737791981718,0,mlp,chemberta,none,True,linker_only,False,True,True,True,False,,,32.0,0.34231169626577956,64.0,1.0,0.00013240017100964567,,,,,,,
128,0.6696746002756384,0,mlp,morgan_2048_r2,esm2_8M,True,linker_only,True,False,False,True,False,,,64.0,0.4626503370874867,64.0,1.0,0.0008725691583563791,,,,,,,
664,0.6696063399052246,0,attention,chemberta,prot_t5_xl,False,all_fragments,False,False,False,True,False,0.014427589833305943,0.0009341518416203372,,,,,,,,,,,,
761,0.6694745926988527,0,xgboost,morgan_1024_r2,esm2_150M,False,none,True,True,False,True,True,,,,,,,,,,,0.23275208801861216,10.0,300.0,0.6979963940326791
439,0.6689669283996341,0,rf,chemberta,esm2_8M,False,warhead_only,False,True,False,True,False,,,,,,,,10,5.0,100.0,,,,
994,0.6687423128482892,0,xgboost,chemberta,none,False,none,True,True,False,True,True,,,,,,,,,,,0.013739398490504389,9.0,200.0,0.5479619750951058
7,0.668529644053444,0,mlp,morgan_1024_r2,ankh_large,False,linker_only,True,True,True,True,False,,,64.0,0.1364109512122335,256.0,3.0,0.0005517033212760819,,,,,,,
299,0.668303140563166,0,attention,rdkit_200,esm2_650M,False,linker_only,True,True,False,True,False,0.10470484470126024,0.003090551813682268,,,,,,,,,,,,
666,0.6681990196643939,0,attention,morgan_1024_r2,esm2_3B,True,none,False,False,True,True,True,0.4026123908135509,0.002007756625410216,,,,,,,,,,,,
116,0.668124391456144,0,attention,chemberta,none,True,none,True,True,False,True,True,0.32002277276126206,0.001145666068072148,,,,,,,,,,,,
47,0.6680757123841499,0,rf,morgan_2048_r2,none,False,none,False,True,True,True,False,,,,,,,,15,2.0,100.0,,,,
780,0.6680137049154896,0,xgboost,morgan_1024_r2,esm2_150M,False,none,True,True,False,True,True,,,,,,,,,,,0.0225554886253389,9.0,300.0,0.6751588987015226
127,0.6677823983396274,0,xgboost,maccs_167,esm2_150M,True,linker_only,True,True,False,True,False,,,,,,,,,,,0.04594240000451681,10.0,300.0,0.8581480461874538
172,0.667565678193728,0,rf,maccs_167,none,False,warhead_only,False,True,False,False,True,,,,,,,,none,2.0,200.0,,,,
150,0.6674430864247057,0,mlp,morgan_2048_r2,ankh_large,False,linker_only,False,True,True,True,False,,,32.0,0.25973201888714176,64.0,3.0,0.0011992237685619475,,,,,,,
513,0.6673588518185696,0,xgboost,rdkit_200,esm2_650M,False,linker_only,False,True,False,True,False,,,,,,,,,,,0.08604102422746202,10.0,200.0,0.8846085716175223
410,0.6670251588032834,0,attention,morgan_2048_r2,esm2_650M,False,all_fragments,True,True,False,True,True,0.11926918907484796,0.00011055716366464929,,,,,,,,,,,,
760,0.6665310188632444,0,xgboost,morgan_1024_r2,esm2_150M,False,none,True,True,False,True,True,,,,,,,,,,,0.29394643453517505,10.0,300.0,0.7045122817727021
686,0.6664929781368344,0,attention,maccs_167,prot_t5_xl,True,warhead_only,True,True,True,True,False,0.20433109090466983,0.005452683948114275,,,,,,,,,,,,
377,0.6664289492168667,0,attention,chemberta,none,False,all_fragments,True,False,True,True,False,0.49990072451656736,0.000747958042856871,,,,,,,,,,,,
753,0.6663358953902746,0,xgboost,morgan_1024_r2,esm2_150M,False,none,True,True,False,True,True,,,,,,,,,,,0.0248431140530607,10.0,300.0,0.7802197671320288
794,0.6663143066691629,0,xgboost,morgan_1024_r2,esm2_150M,False,none,True,True,False,True,True,,,,,,,,,,,0.029895852952915164,10.0,300.0,0.7430765574882542
992,0.6661497442497412,0,xgboost,chemberta,none,False,none,True,True,False,True,True,,,,,,,,,,,0.018208197147580023,10.0,200.0,0.5090472283121978
757,0.6658516242258181,0,xgboost,morgan_1024_r2,esm2_150M,False,none,True,True,False,True,True,,,,,,,,,,,0.26782396022476557,10.0,300.0,0.7611121140293214
405,0.665796589659868,0,xgboost,molformer,esm2_35M,False,all_fragments,False,True,False,False,False,,,,,,,,,,,0.15446886610386765,5.0,300.0,0.5284851431018889
776,0.6654773884778062,0,xgboost,morgan_1024_r2,esm2_150M,False,none,True,True,False,True,True,,,,,,,,,,,0.16706025442484504,9.0,300.0,0.6542338356937237
61,0.6649224267726409,0,xgboost,molformer,prostt5,True,none,True,True,False,False,True,,,,,,,,,,,0.03078658398772491,7.0,100.0,0.9226189980017554
197,0.664848009903201,0,mlp,morgan_2048_r2,esm2_3B,False,all_fragments,True,False,False,False,False,,,64.0,0.18576803889756693,64.0,1.0,0.00044293049918774953,,,,,,,
85,0.6646761352540074,0,rf,rdkit_200,esm2_3B,True,all_fragments,False,False,True,False,True,,,,,,,,none,7.0,500.0,,,,
242,0.6646718141261022,0,attention,morgan_1024_r2,none,True,warhead_only,False,False,False,True,False,0.14936769860726024,0.00023331964715914537,,,,,,,,,,,,
681,0.6644233264987651,0,mlp,maccs_167,prostt5,True,all_fragments,False,False,True,True,True,,,64.0,0.32773613698907983,128.0,3.0,0.0008471941281914666,,,,,,,
684,0.664309207182853,0,rf,maccs_167,esm2_150M,True,all_fragments,True,True,True,False,False,,,,,,,,15,4.0,200.0,,,,
628,0.6640234806239322,0,attention,morgan_2048_r2,esm2_8M,False,all_fragments,True,False,True,True,False,0.0036437576292027707,0.00014272872314740936,,,,,,,,,,,,
240,0.6639571902930997,0,mlp,morgan_1024_r2,esm2_3B,False,none,True,False,False,True,False,,,32.0,0.4058831975498119,64.0,1.0,0.0050867528448949656,,,,,,,
641,0.6638007346556984,0,rf,rdkit_200,esm2_3B,True,all_fragments,True,True,True,True,False,,,,,,,,10,3.0,500.0,,,,
106,0.6636690655736317,0,attention,rdkit_200,prot_t5_xl,True,linker_only,True,True,True,True,True,0.401120416116591,0.008047093069605387,,,,,,,,,,,,
726,0.6635813305971807,0,mlp,morgan_1024_r2,esm2_3B,True,all_fragments,True,False,False,False,True,,,128.0,0.18406737147902125,64.0,2.0,0.009990867055450723,,,,,,,
418,0.6635446015379551,0,mlp,maccs_167,esm2_3B,False,all_fragments,False,False,True,False,False,,,64.0,0.3100910188275991,64.0,1.0,0.000248546342079867,,,,,,,
769,0.6634570690637063,0,xgboost,morgan_1024_r2,esm2_150M,False,none,True,True,False,True,True,,,,,,,,,,,0.04289815288795364,10.0,300.0,0.7281505487571813
129,0.6634092583236587,0,mlp,molformer,prot_t5_xl,True,linker_only,True,False,True,True,False,,,32.0,0.2543341287173284,128.0,3.0,0.002309573184580471,,,,,,,
520,0.6633452869923916,0,rf,morgan_1024_r2,none,False,none,True,True,True,True,True,,,,,,,,6,5.0,500.0,,,,
290,0.6633142877584349,0,attention,chemberta,prostt5,False,all_fragments,False,True,True,False,True,0.17046388509794919,0.008605741185827727,,,,,,,,,,,,
449,0.6632848238618998,0,mlp,morgan_2048_r2,esm2_150M,True,none,True,False,True,True,False,,,32.0,0.08135266303933752,128.0,2.0,0.0015687583526267893,,,,,,,
293,0.6629594517958973,0,rf,chemberta,prot_t5_xl,True,warhead_only,False,False,False,False,True,,,,,,,,6,10.0,500.0,,,,
73,0.6629230221038142,0,xgboost,molformer,prostt5,False,linker_only,False,True,False,True,True,,,,,,,,,,,0.15308365689867506,10.0,100.0,0.6374221971071308
567,0.6628038018526718,0,rf,chemberta,esm2_3B,False,none,False,False,True,False,False,,,,,,,,6,3.0,100.0,,,,
155,0.6628033699337034,0,rf,chemberta,none,False,all_fragments,True,False,False,True,False,,,,,,,,none,2.0,200.0,,,,
770,0.6624532636714681,0,xgboost,morgan_1024_r2,esm2_150M,False,none,True,True,False,True,True,,,,,,,,,,,0.016962511171066806,9.0,200.0,0.6988474429071243
578,0.6624404500690151,0,rf,chemberta,esm2_150M,True,none,False,True,True,False,False,,,,,,,,10,8.0,500.0,,,,
153,0.6622975053194172,0,rf,maccs_167,none,True,linker_only,True,True,True,False,False,,,,,,,,6,4.0,100.0,,,,
351,0.6622688514158526,0,xgboost,rdkit_200,esm2_8M,True,warhead_only,False,True,False,False,True,,,,,,,,,,,0.018327269557203534,7.0,200.0,0.9250422316596958
585,0.6622003630192103,0,xgboost,maccs_167,esm2_3B,True,warhead_only,True,True,False,False,True,,,,,,,,,,,0.01471015398033531,7.0,100.0,0.8181294292289203
390,0.6620101192115749,0,mlp,chemberta,none,True,linker_only,True,False,True,True,True,,,32.0,0.3864034391574917,128.0,2.0,0.0001474238722060576,,,,,,,
373,0.6619511179699231,0,rf,chemberta,esm2_35M,True,warhead_only,True,False,False,False,True,,,,,,,,none,4.0,500.0,,,,
396,0.6618631104095744,0,attention,morgan_1024_r2,esm2_650M,False,none,True,False,False,True,False,0.02256581338810143,0.00034847040726848524,,,,,,,,,,,,
791,0.6617763926327086,0,xgboost,morgan_1024_r2,esm2_150M,False,none,True,True,False,True,True,,,,,,,,,,,0.015004032877133726,10.0,300.0,0.6211802443740568
993,0.6617062783385367,0,xgboost,chemberta,none,False,none,True,True,False,True,True,,,,,,,,,,,0.021317443715755,10.0,200.0,0.5248102122660859
683,0.6612140474754902,0,xgboost,chemberta,none,True,linker_only,True,False,True,False,True,,,,,,,,,,,0.15366531307343556,7.0,100.0,0.8741065756663837
476,0.6611238085802611,0,xgboost,rdkit_200,esm2_8M,False,all_fragments,False,False,False,False,True,,,,,,,,,,,0.12234977552438363,7.0,200.0,0.9195052294635351
329,0.6610416928150628,0,rf,morgan_1024_r2,esm2_650M,False,none,True,True,True,False,True,,,,,,,,none,8.0,500.0,,,,
72,0.6609393108086212,0,attention,chemberta,none,True,linker_only,True,True,False,False,True,0.373248907937852,0.0015348512020200034,,,,,,,,,,,,
623,0.6608842518987843,0,attention,chemberta,esm2_8M,False,none,False,True,False,True,True,0.40034564008460694,0.0010138994279324442,,,,,,,,,,,,
253,0.660711271313528,0,xgboost,rdkit_200,esm2_8M,True,all_fragments,True,False,False,False,False,,,,,,,,,,,0.028176640568608146,6.0,100.0,0.9715647147866965
112,0.6605778545421087,0,attention,rdkit_200,prot_t5_xl,False,linker_only,False,False,False,True,True,0.09918961829552353,0.002189753735028343,,,,,,,,,,,,
5,0.6605765150240729,0,xgboost,rdkit_200,esm2_35M,False,all_fragments,True,True,False,False,True,,,,,,,,,,,0.13504490359595595,10.0,100.0,0.8743318099252737
419,0.6603503417885944,0,rf,maccs_167,esm2_650M,True,linker_only,False,False,False,True,True,,,,,,,,15,8.0,500.0,,,,
736,0.6602732217695216,0,xgboost,maccs_167,prot_t5_xl,False,linker_only,True,False,False,False,True,,,,,,,,,,,0.10218393965501137,3.0,300.0,0.9713416067316778
554,0.6599588726747305,0,mlp,morgan_2048_r2,none,True,all_fragments,False,True,True,True,False,,,32.0,0.33463460533075634,64.0,1.0,0.004621767023185163,,,,,,,
777,0.6594643189550875,0,xgboost,morgan_1024_r2,esm2_150M,False,none,True,True,False,True,True,,,,,,,,,,,0.22603497836146938,10.0,300.0,0.74323552450933
257,0.6594363106299838,0,rf,rdkit_200,esm2_650M,False,all_fragments,False,True,False,True,True,,,,,,,,none,2.0,200.0,,,,
755,0.6593109552260691,0,xgboost,morgan_1024_r2,esm2_150M,False,none,True,True,False,True,True,,,,,,,,,,,0.28241866724858455,10.0,300.0,0.7413133898971356
19,0.659296639466892,0,mlp,morgan_2048_r2,esm2_150M,True,linker_only,False,False,True,True,False,,,32.0,0.23657148923282212,256.0,2.0,0.0058152359922662026,,,,,,,
625,0.6590040275196352,0,attention,morgan_1024_r2,none,False,warhead_only,True,True,True,True,False,0.10352604739972249,0.000454447942666161,,,,,,,,,,,,
866,0.6587092451933938,0,xgboost,chemberta,none,False,none,True,True,False,True,True,,,,,,,,,,,0.01854861696393704,10.0,200.0,0.5569246328322939
636,0.6586653728117197,0,rf,molformer,prot_t5_xl,True,linker_only,False,True,False,True,True,,,,,,,,6,4.0,500.0,,,,
236,0.6586524376603401,0,rf,rdkit_200,prostt5,False,warhead_only,True,False,False,False,True,,,,,,,,none,6.0,100.0,,,,
130,0.6584555387505446,0,xgboost,maccs_167,esm2_650M,False,linker_only,False,True,True,True,True,,,,,,,,,,,0.010170151208702417,8.0,300.0,0.9586891492000683
361,0.6584145788402787,0,mlp,rdkit_200,esm2_150M,True,none,False,False,False,True,False,,,128.0,0.29049267004181734,256.0,2.0,0.0008438698670443269,,,,,,,
805,0.6583436049894896,0,xgboost,morgan_1024_r2,none,False,none,True,True,False,True,True,,,,,,,,,,,0.23799430638848024,10.0,100.0,0.7112949905706739
144,0.6582007791637011,0,xgboost,molformer,esm2_35M,False,warhead_only,False,True,False,True,True,,,,,,,,,,,0.05866219222474283,7.0,100.0,0.5408949702651309
631,0.6575264150216563,0,attention,morgan_2048_r2,ankh_large,False,none,True,True,False,True,True,0.15848034245654358,0.007244881784843405,,,,,,,,,,,,
167,0.657119518738548,0,xgboost,morgan_2048_r2,esm2_8M,False,all_fragments,False,False,False,True,False,,,,,,,,,,,0.07737079625483136,7.0,200.0,0.7567670836170017
752,0.6569972564076093,0,xgboost,morgan_1024_r2,esm2_150M,False,none,True,True,False,True,True,,,,,,,,,,,0.01768563849896231,10.0,300.0,0.6716838099779066
498,0.656810014558413,0,attention,rdkit_200,esm2_650M,False,none,True,False,True,True,True,0.2209104347208694,0.0015119981013422801,,,,,,,,,,,,
337,0.6564425598127855,0,xgboost,molformer,esm2_8M,False,linker_only,True,True,False,True,True,,,,,,,,,,,0.291854040833471,6.0,300.0,0.7059914247590233
239,0.6564161134996789,0,attention,morgan_1024_r2,prot_t5_xl,True,warhead_only,True,True,False,True,True,0.011893713735193379,0.0032874491311412368,,,,,,,,,,,,
218,0.6563954030727646,0,rf,morgan_2048_r2,none,True,none,False,False,False,True,True,,,,,,,,10,9.0,100.0,,,,
938,0.6563239045415593,0,xgboost,chemberta,none,False,none,True,True,False,True,True,,,,,,,,,,,0.01729092267665918,10.0,200.0,0.5084887586865352
818,0.6562826160209557,0,xgboost,chemberta,none,False,none,True,True,False,True,True,,,,,,,,,,,0.0124238697221653,10.0,200.0,0.5930207827924179
58,0.6562739210034507,0,rf,morgan_1024_r2,prot_t5_xl,False,none,True,False,True,True,True,,,,,,,,15,5.0,500.0,,,,
71,0.6561840980446118,0,attention,molformer,esm2_8M,True,all_fragments,True,False,False,True,True,0.47807491706200955,0.00039816560671167175,,,,,,,,,,,,
206,0.656030996124781,0,xgboost,morgan_1024_r2,esm2_650M,True,linker_only,True,False,True,False,True,,,,,,,,,,,0.22144700391188088,10.0,200.0,0.7371574657954996
561,0.6556601521486726,0,xgboost,morgan_1024_r2,prot_t5_xl,True,warhead_only,False,True,True,True,False,,,,,,,,,,,0.12726186773906548,7.0,300.0,0.7861004476311123
792,0.6553959280472478,0,xgboost,morgan_1024_r2,esm2_150M,False,none,True,True,False,True,True,,,,,,,,,,,0.22546742653628724,9.0,300.0,0.7086048262840299
120,0.6552720930729184,0,attention,molformer,prostt5,False,all_fragments,False,False,False,True,True,0.444016568266347,0.0010450186887526033,,,,,,,,,,,,
89,0.6549816909067838,0,xgboost,morgan_2048_r2,prostt5,True,linker_only,True,True,True,True,False,,,,,,,,,,,0.038347268124733734,10.0,300.0,0.9520655255992234
663,0.6549650054652864,0,rf,chemberta,prot_t5_xl,True,warhead_only,True,False,False,False,True,,,,,,,,15,8.0,500.0,,,,
77,0.6549194378125675,0,xgboost,morgan_2048_r2,ankh_large,False,all_fragments,True,False,True,False,False,,,,,,,,,,,0.18893742052999044,4.0,200.0,0.7952863468133712
91,0.6546859787704121,0,mlp,morgan_2048_r2,esm2_150M,False,none,False,False,False,True,False,,,32.0,0.4389702549402163,128.0,3.0,0.004447894205773748,,,,,,,
59,0.6545145371282216,0,mlp,chemberta,esm2_3B,True,linker_only,False,True,False,True,True,,,128.0,0.2767709797334008,128.0,2.0,0.0001285275742710801,,,,,,,
291,0.6543853180170405,0,xgboost,morgan_1024_r2,esm2_35M,True,none,False,True,False,False,False,,,,,,,,,,,0.26894720057074484,4.0,100.0,0.6301375966249669
304,0.6541342489384616,0,mlp,molformer,esm2_8M,False,linker_only,False,True,True,True,True,,,64.0,0.4506044142232939,128.0,2.0,0.001979199302717685,,,,,,,
330,0.6536067960599656,0,attention,morgan_2048_r2,prot_t5_xl,True,none,True,True,False,True,False,0.10030440292259946,0.0014289697199245555,,,,,,,,,,,,
132,0.6535367013302029,0,xgboost,morgan_1024_r2,esm2_150M,False,all_fragments,False,True,False,False,True,,,,,,,,,,,0.02517603635109965,7.0,200.0,0.798749787830575
259,0.652870919768904,0,mlp,morgan_1024_r2,prostt5,False,all_fragments,True,False,False,False,False,,,128.0,0.3653119097812282,64.0,1.0,0.0007387206159056119,,,,,,,
393,0.652669915365146,0,mlp,rdkit_200,none,False,none,True,True,True,True,True,,,64.0,0.37935790325675317,128.0,2.0,0.0015050515962230905,,,,,,,
79,0.6526454133171028,0,rf,morgan_2048_r2,esm2_35M,False,linker_only,False,True,True,False,False,,,,,,,,none,6.0,100.0,,,,
847,0.6525451209237888,0,xgboost,chemberta,none,False,none,True,True,False,True,True,,,,,,,,,,,0.011261701433980096,10.0,200.0,0.6104176147536259
238,0.6524211621353111,0,rf,rdkit_200,prot_t5_xl,True,none,False,False,True,False,False,,,,,,,,6,2.0,100.0,,,,
606,0.6522379911846293,0,mlp,morgan_1024_r2,prostt5,False,all_fragments,True,False,True,True,False,,,128.0,0.17096939517475823,128.0,2.0,0.0006725062254402569,,,,,,,
251,0.6521355437586183,0,xgboost,maccs_167,prostt5,False,linker_only,True,False,False,True,False,,,,,,,,,,,0.0658273373446784,10.0,100.0,0.902920300772865
100,0.6520467316727158,0,attention,rdkit_200,esm2_8M,False,linker_only,True,False,True,True,False,0.22061935822657963,0.00908493893335,,,,,,,,,,,,
799,0.6520018990680818,0,xgboost,morgan_1024_r2,esm2_150M,False,none,True,True,False,True,True,,,,,,,,,,,0.04372510100016743,9.0,100.0,0.6981615524080194
216,0.6518305283867754,0,mlp,morgan_2048_r2,esm2_3B,True,warhead_only,False,False,False,False,False,,,128.0,0.21203311734337132,256.0,3.0,0.0002781958329903761,,,,,,,
481,0.6518272576903142,0,rf,morgan_1024_r2,esm2_150M,False,none,False,False,False,False,False,,,,,,,,none,6.0,500.0,,,,
800,0.6515950126692605,0,xgboost,morgan_1024_r2,none,False,none,True,True,False,True,True,,,,,,,,,,,0.21430115774128894,10.0,300.0,0.6703166655596479
185,0.6510929212119516,0,xgboost,rdkit_200,esm2_8M,True,warhead_only,False,True,True,False,False,,,,,,,,,,,0.13269291091071275,6.0,200.0,0.6170879046313544
838,0.6503134257623865,0,xgboost,chemberta,none,False,none,True,True,False,True,True,,,,,,,,,,,0.014616151426199762,10.0,200.0,0.5794995032315527
508,0.6500861368337817,0,rf,molformer,ankh_large,False,linker_only,True,True,False,True,True,,,,,,,,none,8.0,200.0,,,,
15,0.6500676895286215,0,rf,rdkit_200,esm2_35M,False,all_fragments,False,True,False,False,False,,,,,,,,none,7.0,200.0,,,,
404,0.6500003773052067,0,xgboost,chemberta,prot_t5_xl,True,linker_only,False,True,True,False,False,,,,,,,,,,,0.04241958792553805,7.0,100.0,0.6417026745168981
885,0.649788873620791,0,xgboost,chemberta,none,False,none,True,True,False,True,True,,,,,,,,,,,0.019436827107140096,10.0,200.0,0.5174267722783104
534,0.6488769836332666,0,mlp,morgan_1024_r2,esm2_3B,True,warhead_only,False,True,True,True,True,,,128.0,0.4543695742131898,256.0,2.0,0.0003816111122328701,,,,,,,
362,0.6483798414970646,0,rf,morgan_1024_r2,prostt5,True,none,True,True,False,True,True,,,,,,,,15,8.0,100.0,,,,
328,0.6479119322648101,0,attention,maccs_167,esm2_35M,True,all_fragments,False,False,True,True,False,0.02281864938973538,0.00888289391185124,,,,,,,,,,,,
123,0.6476317005620543,0,rf,molformer,ankh_large,False,all_fragments,True,True,False,False,False,,,,,,,,6,6.0,200.0,,,,
588,0.6474859973618202,0,rf,morgan_2048_r2,esm2_150M,True,all_fragments,False,True,False,True,True,,,,,,,,15,10.0,500.0,,,,
750,0.6473297286341525,0,xgboost,morgan_1024_r2,esm2_150M,False,none,True,True,False,True,True,,,,,,,,,,,0.28939750054703617,10.0,300.0,0.7066514833171293
680,0.6472806866096047,0,mlp,molformer,none,False,all_fragments,True,False,True,True,True,,,32.0,0.2966588119081647,128.0,1.0,0.004998333480520175,,,,,,,
541,0.647016518826474,0,xgboost,chemberta,esm2_8M,False,none,False,True,True,True,True,,,,,,,,,,,0.019359161945582525,7.0,100.0,0.9440389398187403
587,0.6469882570609468,0,xgboost,chemberta,prostt5,True,all_fragments,False,True,False,False,False,,,,,,,,,,,0.06462642349177639,4.0,100.0,0.9097443175589779
511,0.6466225206333203,0,xgboost,maccs_167,ankh_large,True,all_fragments,True,True,True,False,True,,,,,,,,,,,0.11161179822920171,9.0,300.0,0.9358711889090741
96,0.6465624219259999,0,attention,molformer,esm2_150M,True,linker_only,True,False,True,True,False,0.12663072932982217,0.0002131540931882925,,,,,,,,,,,,
403,0.646446964424661,0,attention,chemberta,none,False,all_fragments,False,True,True,True,True,0.36334769534902395,0.004850942180129137,,,,,,,,,,,,
282,0.6460484142304164,0,mlp,morgan_1024_r2,esm2_150M,False,all_fragments,True,False,True,True,False,,,32.0,0.11635160773817799,128.0,2.0,0.0004946374654152425,,,,,,,
232,0.6457871956834808,0,xgboost,morgan_2048_r2,esm2_8M,False,warhead_only,False,True,True,False,True,,,,,,,,,,,0.1742620502234555,5.0,100.0,0.8785050678520021
562,0.6456533172433062,0,rf,rdkit_200,esm2_3B,False,warhead_only,True,False,False,False,True,,,,,,,,none,8.0,500.0,,,,
759,0.6456445592846157,0,xgboost,morgan_1024_r2,esm2_150M,False,none,True,True,False,True,True,,,,,,,,,,,0.23559034220029873,10.0,300.0,0.722345536943695
543,0.6456044960331179,0,rf,maccs_167,prostt5,False,none,True,False,True,False,False,,,,,,,,15,3.0,200.0,,,,
243,0.6455790140881964,0,attention,morgan_2048_r2,prostt5,False,none,False,True,False,False,True,0.1261829509012104,0.0003083156313872392,,,,,,,,,,,,
395,0.645543117169188,0,xgboost,morgan_1024_r2,esm2_650M,True,warhead_only,False,False,False,False,False,,,,,,,,,,,0.24339613913410219,8.0,100.0,0.9415291226011151
136,0.6452069236360789,0,xgboost,morgan_1024_r2,esm2_150M,False,linker_only,False,True,True,True,True,,,,,,,,,,,0.021803856140493263,3.0,100.0,0.7499989181656874
65,0.6446990046006161,0,rf,rdkit_200,esm2_150M,False,linker_only,False,True,True,True,True,,,,,,,,15,5.0,100.0,,,,
24,0.6444874043251847,0,mlp,rdkit_200,none,False,all_fragments,False,False,False,True,False,,,32.0,0.0026550238073339005,128.0,3.0,0.00010536836884910139,,,,,,,
180,0.6443545935752535,0,rf,chemberta,prot_t5_xl,True,none,False,True,False,True,True,,,,,,,,6,6.0,100.0,,,,
237,0.6443321893293931,0,xgboost,rdkit_200,esm2_650M,True,warhead_only,True,False,False,False,False,,,,,,,,,,,0.01739579437861773,4.0,300.0,0.5655706379001311
0,0.644328894779347,0,mlp,morgan_2048_r2,esm2_150M,True,linker_only,False,True,True,True,True,,,64.0,0.3409101495517417,256.0,2.0,0.0005236194873419149,,,,,,,
524,0.6442744755528415,0,xgboost,chemberta,none,True,all_fragments,True,True,False,False,False,,,,,,,,,,,0.011706942837262691,5.0,200.0,0.896740899848123
409,0.6442012085982165,0,xgboost,morgan_1024_r2,prostt5,False,linker_only,True,True,True,False,False,,,,,,,,,,,0.12279703220191152,7.0,300.0,0.716342637431421
504,0.6438892608068907,0,attention,chemberta,esm2_35M,False,all_fragments,True,False,True,True,True,0.02604911701018542,0.00027387162601287676,,,,,,,,,,,,
350,0.6432515793162342,0,xgboost,morgan_2048_r2,esm2_35M,True,all_fragments,False,False,False,False,False,,,,,,,,,,,0.1623984714589976,4.0,200.0,0.8611559964260707
126,0.6422695515644955,0,attention,morgan_2048_r2,none,True,warhead_only,True,False,True,False,True,0.2881654632309806,0.0008405362175462067,,,,,,,,,,,,
490,0.6420461967123007,0,rf,molformer,ankh_large,False,none,True,True,False,True,True,,,,,,,,none,9.0,500.0,,,,
865,0.641930796229383,0,xgboost,chemberta,none,False,none,True,True,False,True,True,,,,,,,,,,,0.01935868477464021,10.0,200.0,0.5606299901958902
40,0.6416428825685458,0,rf,rdkit_200,esm2_650M,False,warhead_only,False,False,False,False,False,,,,,,,,15,9.0,500.0,,,,
262,0.6414220307699463,0,xgboost,morgan_2048_r2,ankh_large,True,warhead_only,False,True,False,True,True,,,,,,,,,,,0.06269738251129657,5.0,300.0,0.9303157618270269
643,0.6413570937728691,0,xgboost,chemberta,prostt5,False,none,False,True,True,False,False,,,,,,,,,,,0.09083148472141442,9.0,200.0,0.8588692704027956
183,0.6411345066219193,0,xgboost,morgan_2048_r2,prostt5,False,warhead_only,True,False,False,True,False,,,,,,,,,,,0.1278736003367547,7.0,200.0,0.9616196900600138
762,0.6409859869622837,0,xgboost,morgan_1024_r2,esm2_150M,False,none,True,True,False,True,True,,,,,,,,,,,0.2559516477268182,9.0,300.0,0.8016006909935959
734,0.6409679870623859,0,rf,chemberta,prostt5,True,none,True,False,True,False,False,,,,,,,,15,6.0,200.0,,,,
615,0.6408752957961646,0,attention,maccs_167,ankh_large,True,none,True,True,True,True,False,0.30959696225384453,0.00035823365185083195,,,,,,,,,,,,
672,0.6408475070362354,0,rf,maccs_167,ankh_large,False,linker_only,True,True,False,False,True,,,,,,,,10,10.0,200.0,,,,
667,0.6407372940900704,0,rf,morgan_2048_r2,esm2_8M,True,linker_only,True,True,False,True,True,,,,,,,,6,10.0,200.0,,,,
245,0.6407304284357953,0,xgboost,morgan_1024_r2,none,False,warhead_only,True,False,False,True,True,,,,,,,,,,,0.27227772836752684,4.0,100.0,0.9668592364700797
200,0.6403065110866651,0,mlp,rdkit_200,ankh_large,False,all_fragments,False,True,False,True,True,,,128.0,0.2604205161521658,256.0,2.0,0.005236206599890349,,,,,,,
289,0.6402999621416952,0,attention,chemberta,esm2_35M,False,linker_only,True,True,False,True,False,0.3641446728528223,0.0034838023143490752,,,,,,,,,,,,
27,0.6401885287007935,0,rf,chemberta,prot_t5_xl,False,linker_only,False,False,True,False,False,,,,,,,,6,5.0,200.0,,,,
301,0.6399884321419599,0,xgboost,molformer,esm2_650M,True,warhead_only,True,True,False,True,True,,,,,,,,,,,0.08788177057796748,8.0,200.0,0.6935387779817115
801,0.6396180097446655,0,xgboost,chemberta,esm2_150M,False,none,True,True,False,True,True,,,,,,,,,,,0.17565594307957955,10.0,300.0,0.7174362494498434
339,0.6395197315639736,0,xgboost,chemberta,none,False,warhead_only,False,True,True,False,True,,,,,,,,,,,0.07365720119110525,7.0,100.0,0.7572436492265568
630,0.6395017363125988,0,rf,chemberta,esm2_8M,False,linker_only,False,True,True,True,True,,,,,,,,10,8.0,100.0,,,,
781,0.6394773963698642,0,xgboost,morgan_1024_r2,esm2_150M,False,none,True,True,False,True,True,,,,,,,,,,,0.2156668851505232,10.0,300.0,0.6944019415134061
571,0.639384792410509,0,rf,morgan_2048_r2,esm2_8M,True,warhead_only,False,False,False,True,True,,,,,,,,10,9.0,500.0,,,,
558,0.6393343385501258,0,mlp,maccs_167,prot_t5_xl,True,all_fragments,True,False,False,False,False,,,32.0,0.3527723106487046,64.0,3.0,0.00048550851268321863,,,,,,,
49,0.6390645360348797,0,xgboost,rdkit_200,prostt5,True,all_fragments,True,False,False,True,False,,,,,,,,,,,0.018666304608773852,4.0,300.0,0.8773919465982822
629,0.6390555656388551,0,xgboost,maccs_167,none,False,warhead_only,True,True,False,True,True,,,,,,,,,,,0.016033561284182977,4.0,300.0,0.5518475406776318
323,0.6389014234410129,0,attention,morgan_2048_r2,esm2_35M,False,warhead_only,False,True,True,False,True,0.010872724669070188,0.0010766852626520294,,,,,,,,,,,,
110,0.6383513416409474,0,rf,morgan_1024_r2,prot_t5_xl,True,all_fragments,False,True,True,False,True,,,,,,,,15,10.0,200.0,,,,
193,0.6381513257330386,0,xgboost,morgan_1024_r2,prostt5,False,all_fragments,False,False,True,False,False,,,,,,,,,,,0.05467077622109704,6.0,300.0,0.5147863290641514
315,0.6380648530507335,0,mlp,morgan_1024_r2,esm2_3B,True,linker_only,False,False,True,False,True,,,32.0,0.27878998067741845,64.0,2.0,0.0012082088554580793,,,,,,,
765,0.6379478216250475,0,xgboost,morgan_1024_r2,esm2_150M,False,none,True,True,False,True,True,,,,,,,,,,,0.20699996325950398,9.0,300.0,0.6747249936108927
169,0.6375254068677878,0,attention,chemberta,esm2_3B,True,linker_only,False,False,False,False,False,0.47303367182854356,0.00043275748297685277,,,,,,,,,,,,
609,0.6369628657375688,0,rf,rdkit_200,none,True,none,True,True,False,True,False,,,,,,,,6,2.0,100.0,,,,
721,0.6367630468228207,0,attention,morgan_1024_r2,none,False,all_fragments,False,True,False,True,False,0.05146107478382217,0.0011591823173539835,,,,,,,,,,,,
804,0.6360509616802,0,xgboost,chemberta,esm2_150M,False,none,True,True,False,True,True,,,,,,,,,,,0.27792975674599707,9.0,300.0,0.7342676900023672
217,0.6359537329379574,0,xgboost,molformer,esm2_3B,True,none,True,False,True,False,True,,,,,,,,,,,0.03508863437301532,9.0,300.0,0.5530318060797343
352,0.6357291425686866,0,mlp,molformer,esm2_650M,True,all_fragments,False,True,False,True,True,,,128.0,0.288676136600025,256.0,3.0,0.00030583955425245765,,,,,,,
637,0.6354931915353927,0,rf,rdkit_200,esm2_35M,True,all_fragments,True,False,False,True,True,,,,,,,,15,8.0,500.0,,,,
732,0.6353324061016811,0,xgboost,morgan_2048_r2,none,False,all_fragments,True,True,True,False,True,,,,,,,,,,,0.01609917972459112,8.0,200.0,0.6584226566354858
526,0.6351456039002941,0,attention,morgan_1024_r2,ankh_large,True,warhead_only,False,False,False,False,True,0.016794135062726312,0.00018385113114984845,,,,,,,,,,,,
122,0.6349152419494526,0,xgboost,morgan_2048_r2,prot_t5_xl,True,none,False,True,True,True,True,,,,,,,,,,,0.1373847715095232,5.0,200.0,0.6900649643330272
114,0.6346191851300156,0,xgboost,rdkit_200,esm2_150M,True,warhead_only,False,False,True,True,True,,,,,,,,,,,0.10427352911937365,8.0,100.0,0.5372650419865396
166,0.6346095806452715,0,rf,molformer,prot_t5_xl,True,linker_only,True,True,False,False,True,,,,,,,,15,4.0,100.0,,,,
246,0.6336608998616896,0,rf,maccs_167,none,False,all_fragments,False,False,False,False,True,,,,,,,,none,5.0,100.0,,,,
29,0.6335445955309156,0,xgboost,molformer,none,False,none,True,True,True,True,False,,,,,,,,,,,0.14497587639174705,7.0,300.0,0.874011399671635
440,0.6331531337314648,0,mlp,morgan_2048_r2,none,False,warhead_only,False,False,False,False,True,,,128.0,0.006371859900965837,64.0,3.0,0.0001468950633445839,,,,,,,
510,0.6330943540346966,0,xgboost,morgan_2048_r2,prostt5,False,linker_only,True,True,False,True,False,,,,,,,,,,,0.06107659409352427,5.0,100.0,0.8301394038205243
394,0.6329400414553695,0,mlp,morgan_2048_r2,esm2_3B,True,none,True,False,False,True,False,,,32.0,0.16651804808130577,256.0,3.0,0.005899826239697834,,,,,,,
273,0.6327766076403811,0,xgboost,morgan_2048_r2,esm2_650M,False,none,False,True,False,True,False,,,,,,,,,,,0.13166844401405467,6.0,200.0,0.8463606080587998
713,0.6326457164957818,0,rf,chemberta,esm2_3B,False,warhead_only,True,False,False,True,True,,,,,,,,10,2.0,100.0,,,,
131,0.6323678136348458,0,xgboost,chemberta,none,False,none,True,False,True,True,True,,,,,,,,,,,0.11110572491860299,7.0,300.0,0.5013629345047491
604,0.6322387644888996,0,attention,morgan_1024_r2,esm2_8M,False,warhead_only,False,False,True,True,True,0.39273418144357053,0.00034512780670364136,,,,,,,,,,,,
347,0.6320756846623854,0,rf,morgan_2048_r2,esm2_650M,True,warhead_only,True,False,True,True,False,,,,,,,,6,4.0,100.0,,,,
547,0.6319308880260605,0,rf,morgan_1024_r2,esm2_150M,False,none,False,False,True,True,True,,,,,,,,10,4.0,200.0,,,,
295,0.6312756710838784,0,xgboost,morgan_2048_r2,ankh_large,True,warhead_only,False,True,True,False,True,,,,,,,,,,,0.13818835331596208,7.0,100.0,0.6642115203768588
83,0.6307762452472047,0,rf,morgan_1024_r2,prot_t5_xl,True,all_fragments,True,True,True,False,True,,,,,,,,6,10.0,500.0,,,,
365,0.6305219365785578,0,rf,maccs_167,prostt5,False,warhead_only,True,False,False,True,True,,,,,,,,10,4.0,200.0,,,,
267,0.6304104449235048,0,rf,morgan_1024_r2,none,True,linker_only,False,False,True,False,True,,,,,,,,6,9.0,500.0,,,,
4,0.6304090406215548,0,rf,molformer,esm2_8M,False,linker_only,False,True,False,False,True,,,,,,,,6,8.0,500.0,,,,
383,0.6303386353214098,0,xgboost,morgan_2048_r2,prot_t5_xl,True,all_fragments,False,False,False,False,False,,,,,,,,,,,0.10700211830017012,6.0,100.0,0.7253783278010111
414,0.6303007976813071,0,mlp,maccs_167,esm2_3B,False,all_fragments,False,False,True,False,False,,,128.0,0.1561090419155402,128.0,3.0,0.00011683939399612313,,,,,,,
718,0.6299959222296679,0,xgboost,morgan_1024_r2,esm2_35M,True,warhead_only,True,False,False,False,True,,,,,,,,,,,0.09493451408876809,4.0,100.0,0.731273902206196
592,0.62981758783448,0,xgboost,molformer,esm2_35M,True,all_fragments,True,False,True,False,False,,,,,,,,,,,0.25955167676019053,6.0,300.0,0.9826564968054752
316,0.6297479998194819,0,attention,chemberta,esm2_8M,True,none,False,False,True,True,False,0.0702981131890742,0.0006127074470159767,,,,,,,,,,,,
70,0.6296912890220809,0,attention,chemberta,esm2_650M,True,all_fragments,False,False,False,False,True,0.34444955369325686,0.0006772275238664089,,,,,,,,,,,,
367,0.6293996412588628,0,xgboost,morgan_1024_r2,esm2_3B,True,linker_only,False,True,False,True,True,,,,,,,,,,,0.027251208198399154,5.0,200.0,0.564193071934207
692,0.6293493000823334,0,mlp,rdkit_200,ankh_large,True,none,False,True,True,True,True,,,64.0,0.10848580921810569,64.0,2.0,0.0030513716562559625,,,,,,,
416,0.6293220677826934,0,rf,morgan_2048_r2,esm2_3B,True,warhead_only,False,True,False,True,False,,,,,,,,15,7.0,100.0,,,,
471,0.6292520249432303,0,xgboost,morgan_1024_r2,esm2_150M,False,all_fragments,True,True,False,True,True,,,,,,,,,,,0.014906197469479965,3.0,100.0,0.6364587076415342
597,0.6291174838001381,0,xgboost,rdkit_200,esm2_150M,False,warhead_only,False,True,False,True,False,,,,,,,,,,,0.03846338077281337,6.0,100.0,0.8998555378104516
749,0.6290198705380621,0,mlp,molformer,prostt5,True,all_fragments,False,True,True,True,False,,,32.0,0.16742430210263753,64.0,2.0,0.006538574395297724,,,,,,,
178,0.628927836248973,0,rf,maccs_167,esm2_8M,False,warhead_only,True,False,False,False,False,,,,,,,,10,8.0,500.0,,,,
303,0.6287311722467301,0,attention,rdkit_200,esm2_650M,False,none,True,False,False,True,True,0.30488184793775885,0.0016715506547216523,,,,,,,,,,,,
50,0.6287270270750451,0,xgboost,maccs_167,esm2_3B,False,all_fragments,True,False,True,False,True,,,,,,,,,,,0.010250733444100537,10.0,100.0,0.51670364630756
33,0.6285397395180339,0,rf,morgan_2048_r2,prot_t5_xl,True,all_fragments,True,False,False,True,True,,,,,,,,10,9.0,200.0,,,,
148,0.6283005171816757,0,rf,molformer,esm2_8M,True,none,False,True,False,True,True,,,,,,,,6,9.0,500.0,,,,
468,0.6282896223839319,0,attention,chemberta,esm2_35M,False,all_fragments,True,False,False,False,True,0.35983900278679565,0.0001154931871517767,,,,,,,,,,,,
220,0.6282540541023558,0,xgboost,maccs_167,esm2_3B,False,none,True,True,True,False,False,,,,,,,,,,,0.029340938254768446,3.0,300.0,0.7348312548533433
436,0.6281444941213918,0,mlp,chemberta,prostt5,True,all_fragments,False,True,False,True,False,,,32.0,0.19858765198785028,64.0,2.0,0.00025329614501370815,,,,,,,
651,0.6277927613018974,0,mlp,maccs_167,prot_t5_xl,False,all_fragments,True,True,False,True,False,,,64.0,0.37053025150108904,256.0,2.0,0.004534031043646895,,,,,,,
708,0.6277723071123208,0,mlp,rdkit_200,esm2_650M,False,none,True,False,True,True,True,,,32.0,0.34007603685338705,128.0,2.0,0.0022086883750041786,,,,,,,
670,0.6272983482880324,0,rf,morgan_1024_r2,none,False,all_fragments,False,False,True,False,False,,,,,,,,6,9.0,200.0,,,,
90,0.6272120659722966,0,mlp,molformer,esm2_35M,True,none,True,True,True,True,False,,,64.0,0.232742983718004,256.0,1.0,0.00013525838305173952,,,,,,,
568,0.6271286631882281,0,mlp,chemberta,prot_t5_xl,False,none,False,True,True,True,True,,,64.0,0.17108260371293865,256.0,3.0,0.0034915414635800163,,,,,,,
142,0.6271061348438555,0,rf,molformer,esm2_150M,True,all_fragments,True,False,True,True,False,,,,,,,,none,8.0,100.0,,,,
576,0.6268849617723161,0,mlp,morgan_2048_r2,none,True,none,True,False,True,False,True,,,64.0,0.018483914618730224,64.0,1.0,0.0006783839111830315,,,,,,,
569,0.6267740794148176,0,mlp,chemberta,none,True,none,True,True,False,True,True,,,64.0,0.3091852770089833,64.0,3.0,0.0013132502354226843,,,,,,,
542,0.6266647654387236,0,xgboost,maccs_167,esm2_150M,True,all_fragments,False,False,False,False,True,,,,,,,,,,,0.07740697599430285,10.0,300.0,0.6305354346236215
55,0.6266441555305184,0,attention,chemberta,esm2_650M,False,all_fragments,False,False,True,True,True,0.3881668408297231,0.0003831177441408269,,,,,,,,,,,,
324,0.626272032378384,0,rf,chemberta,esm2_3B,False,warhead_only,True,False,True,False,True,,,,,,,,6,2.0,500.0,,,,
368,0.6255069701506251,0,xgboost,molformer,none,False,linker_only,True,False,True,True,False,,,,,,,,,,,0.022348651116393604,6.0,200.0,0.8945822132775343
143,0.6255032101813718,0,mlp,molformer,none,False,all_fragments,False,False,True,True,True,,,128.0,0.45380727928067977,64.0,2.0,0.0026095539574954103,,,,,,,
364,0.6251094719873139,0,xgboost,rdkit_200,esm2_650M,True,warhead_only,False,True,True,False,False,,,,,,,,,,,0.21613780599691373,5.0,100.0,0.9754177048947621
376,0.6245693401807123,0,mlp,rdkit_200,esm2_150M,False,all_fragments,False,False,False,True,False,,,32.0,0.4777198899386787,64.0,2.0,0.0008550710969948105,,,,,,,
214,0.6242844371837005,0,mlp,molformer,ankh_large,True,linker_only,False,True,True,True,False,,,32.0,0.43798899406448244,256.0,2.0,0.005977752404950453,,,,,,,
182,0.6240894471256628,0,xgboost,rdkit_200,esm2_650M,False,all_fragments,False,False,True,False,True,,,,,,,,,,,0.202920691209729,10.0,300.0,0.6027429013112553
312,0.6236910151911285,0,xgboost,maccs_167,esm2_8M,False,all_fragments,True,False,False,True,False,,,,,,,,,,,0.03243297398443112,6.0,100.0,0.6758175369274072
358,0.6234375614826031,0,xgboost,maccs_167,esm2_150M,True,linker_only,True,False,True,True,True,,,,,,,,,,,0.056681539230130897,7.0,200.0,0.6380527941889275
703,0.6233395179162813,0,mlp,molformer,ankh_large,False,all_fragments,False,False,False,True,False,,,64.0,0.2882713625967271,128.0,1.0,0.00019533080761159806,,,,,,,
658,0.6224725328899328,0,rf,chemberta,esm2_35M,True,none,False,False,True,False,False,,,,,,,,6,6.0,100.0,,,,
204,0.6217547303791174,0,xgboost,morgan_2048_r2,esm2_35M,True,linker_only,True,True,False,True,True,,,,,,,,,,,0.02033885940042504,5.0,100.0,0.5516936619239823
566,0.6214910761892598,0,mlp,rdkit_200,esm2_3B,False,warhead_only,True,False,True,True,True,,,32.0,0.0011725170451394318,64.0,2.0,0.0001260023371138032,,,,,,,
268,0.6213785487486685,0,xgboost,morgan_2048_r2,prot_t5_xl,False,linker_only,True,True,True,True,True,,,,,,,,,,,0.024398255423840096,4.0,200.0,0.9290844576249506
500,0.6213415470950264,0,attention,maccs_167,esm2_35M,True,linker_only,False,True,True,True,True,0.4884513675919753,0.003556407775218407,,,,,,,,,,,,
696,0.6212637788243727,0,mlp,morgan_1024_r2,prot_t5_xl,True,warhead_only,False,False,False,False,False,,,64.0,0.26579199070229864,64.0,3.0,0.00047319761225880866,,,,,,,
38,0.6211395962242541,0,mlp,maccs_167,esm2_35M,True,all_fragments,False,False,False,False,False,,,64.0,0.2641575635286753,64.0,1.0,0.0022048533825337006,,,,,,,
523,0.620977861701636,0,rf,morgan_1024_r2,prostt5,True,all_fragments,False,True,True,False,True,,,,,,,,10,3.0,100.0,,,,
727,0.6208204946431436,0,xgboost,morgan_2048_r2,esm2_650M,False,all_fragments,True,False,False,False,False,,,,,,,,,,,0.07347899367760347,7.0,100.0,0.6027347582604903
343,0.6204513829965568,0,attention,chemberta,esm2_3B,False,none,True,False,False,True,True,0.09370561095852198,0.0004772142371537474,,,,,,,,,,,,
517,0.6203154356699486,0,mlp,chemberta,prostt5,True,linker_only,False,False,True,False,False,,,64.0,0.4103026256546611,256.0,2.0,0.0006007379671429456,,,,,,,
533,0.6201670727977794,0,attention,molformer,prostt5,False,linker_only,False,False,False,True,False,0.15079679195931162,0.0020373401041061954,,,,,,,,,,,,
224,0.6195619787237684,0,rf,morgan_2048_r2,prot_t5_xl,True,warhead_only,False,False,True,False,False,,,,,,,,6,6.0,500.0,,,,
671,0.6192416831940087,0,attention,chemberta,esm2_8M,True,none,True,False,True,True,False,0.23729012046831,0.0006246858869002765,,,,,,,,,,,,
250,0.6190926874392491,0,mlp,rdkit_200,esm2_650M,False,none,True,True,False,True,True,,,128.0,0.03655571400852825,256.0,1.0,0.0008055845660674506,,,,,,,
611,0.6190456362269655,0,xgboost,maccs_167,esm2_650M,False,linker_only,False,True,True,True,False,,,,,,,,,,,0.06408378643591615,3.0,300.0,0.7903082463948223
93,0.618902446772487,0,xgboost,morgan_2048_r2,prot_t5_xl,True,warhead_only,False,True,True,True,False,,,,,,,,,,,0.05797644865918515,6.0,300.0,0.5573813083529177
173,0.618790366961551,0,mlp,morgan_2048_r2,prot_t5_xl,True,all_fragments,False,True,True,True,True,,,64.0,0.20987352589677855,128.0,1.0,0.006782391121327128,,,,,,,
338,0.6187400736838385,0,rf,maccs_167,esm2_8M,False,warhead_only,False,False,True,True,False,,,,,,,,none,2.0,100.0,,,,
661,0.6185846196718447,0,rf,molformer,esm2_3B,False,warhead_only,True,True,False,False,True,,,,,,,,none,6.0,500.0,,,,
98,0.6185551865156614,0,rf,maccs_167,prostt5,True,none,True,False,False,False,True,,,,,,,,15,10.0,200.0,,,,
479,0.6185127794457608,0,xgboost,morgan_1024_r2,esm2_650M,True,all_fragments,True,False,True,True,True,,,,,,,,,,,0.0961403102387565,8.0,100.0,0.5085104647428202
103,0.618121600809893,0,xgboost,maccs_167,ankh_large,True,none,True,False,True,True,False,,,,,,,,,,,0.045715755415341126,3.0,300.0,0.6608622099634884
716,0.6178192815430865,0,xgboost,molformer,esm2_8M,False,warhead_only,False,True,True,False,True,,,,,,,,,,,0.010764822979730238,4.0,200.0,0.734212825411001
171,0.61759715344608,0,mlp,maccs_167,prostt5,True,none,True,True,True,True,True,,,128.0,0.08615576356081461,64.0,1.0,0.004145651297601393,,,,,,,
621,0.6172472678477429,0,rf,rdkit_200,prostt5,True,warhead_only,True,True,True,False,True,,,,,,,,6,10.0,100.0,,,,
723,0.6170493810532861,0,mlp,maccs_167,esm2_8M,False,linker_only,False,False,True,True,True,,,64.0,0.4231898788551651,256.0,1.0,0.0011774690997693536,,,,,,,
46,0.616200508913137,0,mlp,chemberta,esm2_8M,False,all_fragments,True,False,False,True,False,,,128.0,0.1711131656254803,256.0,3.0,0.0005638675796259027,,,,,,,
51,0.6160647210562573,0,mlp,rdkit_200,esm2_650M,True,all_fragments,True,True,True,True,True,,,64.0,0.014128341485878382,256.0,2.0,0.0001688948456954495,,,,,,,
255,0.6160085178247031,0,mlp,rdkit_200,ankh_large,False,none,True,False,False,True,True,,,128.0,0.08391574236209381,128.0,1.0,0.0002889254801401641,,,,,,,
363,0.6158918155218703,0,rf,morgan_1024_r2,ankh_large,True,none,True,False,False,True,False,,,,,,,,10,3.0,500.0,,,,
675,0.6157903160789565,0,xgboost,morgan_1024_r2,esm2_150M,True,all_fragments,True,True,True,True,True,,,,,,,,,,,0.03804374952598146,5.0,100.0,0.9087339831429214
111,0.615652534450332,0,mlp,chemberta,none,False,all_fragments,False,True,False,True,False,,,32.0,0.06784255248178428,64.0,1.0,0.00019490679967545206,,,,,,,
546,0.6156354415590826,0,mlp,rdkit_200,esm2_8M,True,all_fragments,True,False,True,True,True,,,64.0,0.22288834528798274,256.0,2.0,0.0056619020931860595,,,,,,,
529,0.6154890394480054,0,rf,maccs_167,ankh_large,True,warhead_only,False,True,False,False,True,,,,,,,,6,4.0,500.0,,,,
653,0.6154262303060262,0,mlp,maccs_167,esm2_8M,True,all_fragments,False,False,True,True,True,,,32.0,0.182385905832051,256.0,2.0,0.00010396641495833262,,,,,,,
211,0.6138718535503714,0,rf,morgan_2048_r2,ankh_large,False,warhead_only,False,True,False,True,False,,,,,,,,none,7.0,500.0,,,,
140,0.6138386535756923,0,attention,chemberta,esm2_3B,True,warhead_only,False,False,False,True,False,0.2568663517113438,0.0002930398053218676,,,,,,,,,,,,
655,0.6127203712896865,0,xgboost,maccs_167,esm2_8M,True,none,False,True,True,False,True,,,,,,,,,,,0.12470061818644482,10.0,200.0,0.7678868754063718
156,0.6126673132698532,0,xgboost,molformer,esm2_35M,False,none,False,False,True,False,True,,,,,,,,,,,0.011787308981369317,10.0,200.0,0.6144577675140759
107,0.6125608348740875,0,rf,morgan_2048_r2,prot_t5_xl,False,none,False,True,False,False,True,,,,,,,,10,10.0,100.0,,,,
722,0.6122923348768979,0,rf,morgan_2048_r2,prot_t5_xl,True,linker_only,True,False,False,True,False,,,,,,,,10,9.0,500.0,,,,
228,0.611974352719842,0,mlp,morgan_2048_r2,none,True,warhead_only,True,False,False,False,False,,,128.0,0.30591992493446973,128.0,2.0,0.0006493534977049435,,,,,,,
411,0.6119301642539245,0,xgboost,morgan_1024_r2,esm2_3B,True,none,True,True,True,False,False,,,,,,,,,,,0.027357446461065443,4.0,100.0,0.7537217002778602
52,0.6117986585779202,0,xgboost,rdkit_200,esm2_8M,True,all_fragments,False,True,False,True,False,,,,,,,,,,,0.048302843522043636,3.0,100.0,0.9580254541374955
593,0.6117421474258377,0,rf,rdkit_200,ankh_large,True,linker_only,True,False,True,True,False,,,,,,,,none,6.0,200.0,,,,
652,0.6112447115989968,0,mlp,molformer,esm2_650M,True,all_fragments,True,True,False,True,True,,,32.0,0.4313210936183238,64.0,1.0,0.005072676029463035,,,,,,,
622,0.611147484557264,0,xgboost,morgan_1024_r2,esm2_3B,False,none,True,False,False,True,True,,,,,,,,,,,0.03102841445079233,3.0,200.0,0.6347686510972952
519,0.610979039859408,0,rf,molformer,esm2_35M,True,linker_only,True,True,True,True,True,,,,,,,,6,9.0,200.0,,,,
68,0.6101568789220877,0,xgboost,rdkit_200,esm2_150M,True,all_fragments,False,True,False,False,True,,,,,,,,,,,0.24115121198214715,5.0,300.0,0.6659635673963433
735,0.6100785731346439,0,attention,chemberta,prostt5,True,linker_only,True,False,True,False,True,0.07889377453976887,0.0034750603043445074,,,,,,,,,,,,
141,0.609929412709736,0,xgboost,morgan_2048_r2,esm2_35M,False,none,False,False,False,False,True,,,,,,,,,,,0.01210985739333391,8.0,300.0,0.7651017107752016
280,0.6096059051378281,0,rf,maccs_167,prot_t5_xl,True,none,True,False,False,True,True,,,,,,,,6,7.0,200.0,,,,
160,0.6091506850318438,0,attention,morgan_2048_r2,none,True,warhead_only,True,False,True,False,False,0.044678542089986395,0.00013473474895409854,,,,,,,,,,,,
424,0.6090824583321085,0,xgboost,morgan_2048_r2,ankh_large,False,linker_only,False,False,False,True,False,,,,,,,,,,,0.016081887552014947,10.0,200.0,0.7458694825498167
318,0.6085877629018852,0,rf,maccs_167,prot_t5_xl,False,linker_only,True,False,True,False,False,,,,,,,,15,5.0,200.0,,,,
277,0.6085114764883905,0,attention,maccs_167,esm2_35M,False,none,False,True,True,True,False,0.06232884037826436,0.00027239839212990627,,,,,,,,,,,,
266,0.608254459704984,0,rf,morgan_1024_r2,esm2_35M,False,all_fragments,False,False,True,True,True,,,,,,,,6,10.0,100.0,,,,
701,0.608246399782349,0,xgboost,morgan_1024_r2,prot_t5_xl,True,all_fragments,True,True,True,True,False,,,,,,,,,,,0.2210646454899887,9.0,100.0,0.9530904122841085
460,0.6078074300781409,0,mlp,chemberta,esm2_8M,True,linker_only,True,False,False,False,True,,,32.0,0.10664152239743119,128.0,2.0,0.0012372068779118548,,,,,,,
174,0.6076157446850299,0,mlp,molformer,none,False,all_fragments,True,False,True,True,True,,,64.0,0.2315441245978364,64.0,1.0,0.0066167960665121945,,,,,,,
740,0.6073905342592578,0,attention,morgan_2048_r2,esm2_150M,False,none,False,True,False,True,False,0.28993675968804744,0.008214690464890777,,,,,,,,,,,,
717,0.6068335605619931,0,attention,morgan_2048_r2,esm2_35M,True,warhead_only,True,False,False,True,False,0.4289470647098692,0.00010136590967691647,,,,,,,,,,,,
309,0.6066418647639176,0,mlp,morgan_1024_r2,none,False,all_fragments,False,True,True,True,False,,,32.0,0.1828146413528159,128.0,2.0,0.004850766579247903,,,,,,,
783,0.6064314445852255,0,xgboost,morgan_1024_r2,esm2_150M,False,none,True,True,False,True,True,,,,,,,,,,,0.2623525307074889,9.0,300.0,0.649577276855689
591,0.6061385876138728,0,rf,morgan_1024_r2,prot_t5_xl,False,linker_only,False,False,False,False,True,,,,,,,,6,8.0,200.0,,,,
620,0.6060851245224795,0,xgboost,morgan_1024_r2,none,False,none,False,False,True,False,True,,,,,,,,,,,0.05739149149071345,6.0,300.0,0.913001925020666
743,0.6053434356650254,0,xgboost,morgan_1024_r2,esm2_650M,True,linker_only,False,False,True,True,False,,,,,,,,,,,0.013130178108038279,7.0,100.0,0.7149888924435215
378,0.6052393144910753,0,rf,rdkit_200,esm2_150M,True,none,False,False,False,True,False,,,,,,,,6,5.0,100.0,,,,
406,0.6050774390066102,0,mlp,morgan_2048_r2,prot_t5_xl,True,warhead_only,False,False,False,True,False,,,64.0,0.0849065097519458,128.0,3.0,0.0015153985159075132,,,,,,,
357,0.6045448571427546,0,attention,maccs_167,esm2_150M,True,none,False,False,True,True,False,0.03282843249126566,0.00015396708557535756,,,,,,,,,,,,
487,0.6043573864014532,0,xgboost,morgan_1024_r2,esm2_35M,False,warhead_only,True,False,True,True,False,,,,,,,,,,,0.10783194971795604,3.0,200.0,0.6914657904838102
612,0.6043107860886282,0,attention,maccs_167,ankh_large,False,all_fragments,False,True,False,True,False,0.09090630720948001,0.0007926344720670656,,,,,,,,,,,,
386,0.6041655171297066,0,xgboost,molformer,esm2_3B,False,none,True,False,True,False,False,,,,,,,,,,,0.10943695977649054,7.0,200.0,0.8663743125716129
560,0.6040430851620598,0,xgboost,morgan_1024_r2,esm2_35M,True,none,True,False,True,False,True,,,,,,,,,,,0.19196993233076548,9.0,300.0,0.6318305449407777
570,0.6039938991714582,0,rf,chemberta,ankh_large,True,linker_only,False,True,True,True,True,,,,,,,,10,2.0,200.0,,,,
720,0.6035900699324402,0,rf,morgan_1024_r2,prot_t5_xl,False,linker_only,True,False,False,True,True,,,,,,,,none,8.0,100.0,,,,
48,0.6034746274468518,0,mlp,rdkit_200,prot_t5_xl,True,warhead_only,True,True,False,True,True,,,128.0,0.3325914222059444,64.0,3.0,0.0002136048846077017,,,,,,,
276,0.6032904123754954,0,rf,molformer,esm2_35M,True,all_fragments,True,False,True,False,False,,,,,,,,10,6.0,500.0,,,,
125,0.603054822767625,0,xgboost,rdkit_200,esm2_3B,False,none,False,False,False,True,True,,,,,,,,,,,0.04672983118023009,6.0,200.0,0.9275510262522191
583,0.6030257073498118,0,mlp,maccs_167,ankh_large,True,linker_only,False,True,False,True,True,,,64.0,0.08459757900105835,128.0,3.0,0.004633470799877634,,,,,,,
306,0.6029833308594091,0,rf,morgan_2048_r2,esm2_35M,False,none,True,True,True,False,False,,,,,,,,6,5.0,200.0,,,,
392,0.6028209395941216,0,attention,chemberta,prostt5,True,linker_only,True,True,False,True,True,0.29481848957883766,0.009351697780739932,,,,,,,,,,,,
209,0.6026301387371907,0,xgboost,morgan_1024_r2,none,True,linker_only,True,False,True,True,True,,,,,,,,,,,0.2285970012478321,8.0,300.0,0.785099012345317
507,0.602336939505205,0,xgboost,morgan_1024_r2,prostt5,False,none,False,True,True,False,False,,,,,,,,,,,0.09735311735235723,8.0,300.0,0.7895078607481584
164,0.6023157369360838,0,rf,chemberta,esm2_150M,False,all_fragments,True,False,True,False,False,,,,,,,,6,8.0,100.0,,,,
738,0.6020906464172031,0,rf,molformer,none,False,warhead_only,False,False,True,False,True,,,,,,,,none,9.0,100.0,,,,
6,0.6016491322365966,0,rf,morgan_2048_r2,esm2_150M,True,none,True,False,False,True,True,,,,,,,,15,10.0,100.0,,,,
590,0.6009970580317241,0,xgboost,morgan_2048_r2,esm2_8M,False,none,True,False,True,True,True,,,,,,,,,,,0.019632197721085508,7.0,300.0,0.7680571028446805
461,0.6007324396192569,0,attention,chemberta,prot_t5_xl,False,none,False,True,False,True,False,0.05200093911876785,0.0005964637913071394,,,,,,,,,,,,
221,0.6001700722650906,0,mlp,morgan_1024_r2,esm2_650M,False,none,False,False,True,False,False,,,32.0,0.08213783362984733,256.0,2.0,0.00019559189263374327,,,,,,,
191,0.6000829465610802,0,xgboost,chemberta,none,False,linker_only,True,True,True,True,True,,,,,,,,,,,0.03472687531617305,3.0,200.0,0.6703176723609838
480,0.5994792575339238,0,rf,chemberta,ankh_large,False,warhead_only,True,True,False,True,False,,,,,,,,10,8.0,100.0,,,,
639,0.5994198306779864,0,rf,morgan_2048_r2,ankh_large,True,all_fragments,True,False,True,False,False,,,,,,,,10,3.0,500.0,,,,
194,0.5990487272119034,0,rf,maccs_167,esm2_650M,False,linker_only,True,False,False,False,False,,,,,,,,6,6.0,100.0,,,,
82,0.5988618318621306,0,attention,maccs_167,none,False,linker_only,True,False,False,False,False,0.14712462916604335,0.0006523184898795261,,,,,,,,,,,,
699,0.5987046986713154,0,xgboost,rdkit_200,esm2_650M,False,linker_only,True,True,True,True,True,,,,,,,,,,,0.2009443013644195,8.0,300.0,0.8125429429161557
605,0.5986394129502215,0,rf,rdkit_200,prot_t5_xl,True,linker_only,True,False,False,False,False,,,,,,,,6,7.0,100.0,,,,
429,0.5983474956965379,0,xgboost,rdkit_200,ankh_large,False,all_fragments,True,True,False,True,True,,,,,,,,,,,0.0119436074343018,9.0,100.0,0.7967913382000285
275,0.5978088419724769,0,xgboost,maccs_167,none,True,linker_only,False,True,True,True,False,,,,,,,,,,,0.08653251234743738,3.0,100.0,0.9857129126324872
657,0.5976142840522016,0,xgboost,morgan_2048_r2,prot_t5_xl,True,warhead_only,False,True,False,True,False,,,,,,,,,,,0.014462189888148739,3.0,100.0,0.6118670154611254
335,0.5965981815246458,0,mlp,morgan_1024_r2,ankh_large,True,warhead_only,True,False,False,True,True,,,64.0,0.1429635404854238,128.0,1.0,0.0021486962123152304,,,,,,,
66,0.5960145608321649,0,xgboost,molformer,esm2_650M,True,linker_only,False,True,True,False,False,,,,,,,,,,,0.16169184171499754,3.0,300.0,0.7486815584466447
552,0.5959740475035123,0,mlp,maccs_167,esm2_3B,True,warhead_only,False,True,False,True,True,,,32.0,0.3120075898808598,256.0,2.0,0.0017741080831290695,,,,,,,
2,0.5959601377998395,0,mlp,molformer,ankh_large,False,linker_only,False,True,False,True,True,,,128.0,0.21192752427908984,128.0,3.0,0.0016322490640824157,,,,,,,
483,0.5953864875195056,0,xgboost,maccs_167,esm2_35M,True,warhead_only,True,False,False,True,True,,,,,,,,,,,0.13285241000390763,9.0,200.0,0.8882774125231114
170,0.59512742254791,0,mlp,rdkit_200,esm2_3B,False,warhead_only,False,True,True,True,True,,,32.0,0.264485915779686,64.0,1.0,0.0006015138737108512,,,,,,,
746,0.5928644028295983,0,attention,molformer,prot_t5_xl,True,none,True,False,False,True,False,0.1698701792028534,0.0009053907035611033,,,,,,,,,,,,
433,0.5926624671721284,0,xgboost,maccs_167,none,False,warhead_only,False,False,True,True,True,,,,,,,,,,,0.09920527658097246,8.0,100.0,0.5606604313688439
168,0.5918692203033836,0,rf,morgan_1024_r2,prot_t5_xl,False,all_fragments,True,False,False,False,False,,,,,,,,10,7.0,200.0,,,,
564,0.5918148732588548,0,xgboost,morgan_2048_r2,esm2_650M,False,all_fragments,True,True,True,False,False,,,,,,,,,,,0.029672390887639444,9.0,300.0,0.8644994076967651
443,0.5913133311812799,0,rf,molformer,esm2_650M,False,warhead_only,True,False,True,True,False,,,,,,,,6,5.0,200.0,,,,
527,0.5904958781077436,0,xgboost,maccs_167,esm2_3B,True,warhead_only,True,True,True,False,True,,,,,,,,,,,0.14453349005682856,5.0,100.0,0.9623386879897134
452,0.5904635915199675,0,rf,maccs_167,ankh_large,False,all_fragments,True,True,True,True,True,,,,,,,,6,2.0,100.0,,,,
603,0.5904492397955462,0,mlp,chemberta,ankh_large,True,all_fragments,False,True,False,True,True,,,128.0,0.2641198270253098,128.0,2.0,0.00030857673854314653,,,,,,,
334,0.5899465105011351,0,xgboost,rdkit_200,prot_t5_xl,False,none,True,False,False,False,True,,,,,,,,,,,0.03474704979905433,3.0,100.0,0.5074981048058117
292,0.5899036594777588,0,rf,molformer,esm2_150M,False,all_fragments,True,False,False,True,True,,,,,,,,15,5.0,200.0,,,,
451,0.5894975331612797,0,mlp,rdkit_200,esm2_3B,True,warhead_only,False,True,True,True,True,,,64.0,0.11938082518430321,64.0,3.0,0.0007313354571986597,,,,,,,
94,0.5885942413509663,0,mlp,maccs_167,esm2_150M,False,linker_only,True,False,True,False,True,,,128.0,0.47612431103585307,128.0,1.0,0.0010084925016092849,,,,,,,
432,0.5881586477293496,0,xgboost,molformer,esm2_150M,False,all_fragments,True,True,True,False,False,,,,,,,,,,,0.18549428846338106,8.0,200.0,0.9245020460478183
453,0.5879748889432151,0,mlp,chemberta,none,False,linker_only,True,False,False,True,False,,,64.0,0.07308638262244727,128.0,1.0,0.0005385054385831509,,,,,,,
463,0.5877772487399159,0,xgboost,morgan_1024_r2,esm2_8M,True,linker_only,False,False,True,False,True,,,,,,,,,,,0.022663593129460764,6.0,300.0,0.9498288881950523
284,0.5874431149897655,0,attention,chemberta,prot_t5_xl,True,none,True,True,False,False,True,0.14800998281675098,0.0037758761921765213,,,,,,,,,,,,
384,0.5864751594694657,0,rf,maccs_167,prot_t5_xl,False,linker_only,False,False,False,True,True,,,,,,,,none,10.0,500.0,,,,
235,0.586455457116917,0,xgboost,morgan_2048_r2,ankh_large,True,linker_only,True,False,True,False,True,,,,,,,,,,,0.25019941405603907,9.0,200.0,0.9574609943101111
401,0.5861903593873112,0,xgboost,maccs_167,prot_t5_xl,True,all_fragments,True,False,False,True,True,,,,,,,,,,,0.03301005000299241,10.0,100.0,0.9921802580846033
41,0.5854962671960927,0,rf,chemberta,ankh_large,True,none,True,True,True,True,True,,,,,,,,15,8.0,100.0,,,,
241,0.5854806527492001,0,xgboost,morgan_1024_r2,ankh_large,False,all_fragments,True,False,False,False,False,,,,,,,,,,,0.02582752364066097,4.0,200.0,0.7363643100982924
353,0.5844893499933609,0,mlp,chemberta,esm2_650M,False,warhead_only,False,False,True,True,False,,,32.0,0.2341117771153337,256.0,1.0,0.0009081720774040637,,,,,,,
469,0.5839930014018535,0,xgboost,maccs_167,ankh_large,False,warhead_only,True,False,False,False,True,,,,,,,,,,,0.10058773448072551,7.0,100.0,0.8584363608161037
346,0.5834228939811071,0,xgboost,morgan_1024_r2,esm2_8M,True,linker_only,True,False,True,False,True,,,,,,,,,,,0.06521804339827822,8.0,100.0,0.5833671904091269
540,0.5825212211227552,0,mlp,morgan_2048_r2,esm2_8M,False,warhead_only,True,False,False,False,True,,,128.0,0.3623518850127866,256.0,1.0,0.00013055193471637634,,,,,,,
624,0.582353277495766,0,mlp,chemberta,esm2_150M,True,linker_only,False,True,False,True,False,,,64.0,0.488552722439761,256.0,2.0,0.004343291607805591,,,,,,,
687,0.5813987246979154,0,mlp,morgan_1024_r2,prot_t5_xl,True,warhead_only,True,False,True,False,False,,,128.0,0.15068823665129838,64.0,2.0,0.005977884809785805,,,,,,,
133,0.5811764662272977,0,mlp,maccs_167,prostt5,True,warhead_only,True,True,False,True,False,,,128.0,0.03062482305084302,256.0,3.0,0.0005427967406217428,,,,,,,
475,0.5810861081459459,0,rf,morgan_1024_r2,esm2_650M,True,linker_only,False,True,True,False,False,,,,,,,,6,10.0,100.0,,,,
608,0.5810318377810177,0,attention,morgan_1024_r2,none,True,warhead_only,False,False,True,False,False,0.36534325458979516,0.0004046699481964407,,,,,,,,,,,,
747,0.5805497813068963,0,xgboost,morgan_1024_r2,esm2_35M,False,none,False,False,True,False,False,,,,,,,,,,,0.01148225091369132,10.0,100.0,0.716803917409429
731,0.5801877634301612,0,xgboost,morgan_2048_r2,prostt5,False,none,False,False,False,False,True,,,,,,,,,,,0.02020174332750208,7.0,200.0,0.9653628921130175
650,0.5786477681280601,0,rf,morgan_2048_r2,esm2_150M,False,none,False,False,True,True,False,,,,,,,,none,3.0,100.0,,,,
456,0.578518321238617,0,mlp,molformer,none,False,warhead_only,False,True,False,True,False,,,64.0,0.397325602623438,128.0,2.0,0.00010695407593613309,,,,,,,
108,0.577582007933935,0,rf,maccs_167,ankh_large,True,all_fragments,True,True,True,False,False,,,,,,,,6,4.0,100.0,,,,
80,0.5775135589101474,0,mlp,morgan_2048_r2,ankh_large,False,warhead_only,True,False,False,False,True,,,128.0,0.2709679448074897,64.0,2.0,0.0022208652133011426,,,,,,,
274,0.5769012471963065,0,xgboost,maccs_167,prostt5,False,all_fragments,True,True,True,False,False,,,,,,,,,,,0.2742068504064331,7.0,300.0,0.9355635226831587
20,0.5767996178330143,0,rf,rdkit_200,prostt5,False,none,True,True,True,True,False,,,,,,,,10,6.0,100.0,,,,
427,0.576672274291685,0,xgboost,morgan_2048_r2,esm2_150M,False,none,False,False,True,False,False,,,,,,,,,,,0.06177988312705999,9.0,100.0,0.8310686472803819
700,0.5765302299105373,0,rf,morgan_1024_r2,esm2_3B,False,all_fragments,True,False,True,False,False,,,,,,,,none,6.0,100.0,,,,
370,0.5765129472328242,0,rf,maccs_167,esm2_3B,False,linker_only,True,False,True,True,False,,,,,,,,15,9.0,500.0,,,,
45,0.5762975913470036,0,xgboost,morgan_2048_r2,esm2_35M,False,none,True,False,True,False,True,,,,,,,,,,,0.2483129679682988,7.0,100.0,0.5801299600682975
382,0.5762396807206667,0,mlp,chemberta,esm2_150M,False,none,True,False,False,True,True,,,64.0,0.46617261812088356,256.0,1.0,0.00030969173836904344,,,,,,,
714,0.5754126294277776,0,xgboost,molformer,esm2_8M,False,linker_only,False,False,True,False,True,,,,,,,,,,,0.04002393154847276,5.0,200.0,0.9411447917854079
448,0.5748011795046504,0,attention,chemberta,ankh_large,True,warhead_only,True,True,True,True,False,0.15796088336488473,0.00022018996321654052,,,,,,,,,,,,
491,0.5745321055688319,0,attention,maccs_167,esm2_150M,True,linker_only,False,False,False,False,False,0.4230601577205186,0.0026045572300869564,,,,,,,,,,,,
473,0.5733134031927798,0,xgboost,morgan_2048_r2,prot_t5_xl,False,linker_only,True,False,False,False,True,,,,,,,,,,,0.021469114018036223,7.0,300.0,0.853972908939904
730,0.5732432643865167,0,rf,maccs_167,ankh_large,True,linker_only,False,True,True,False,True,,,,,,,,15,9.0,200.0,,,,
249,0.5723928450557564,0,attention,maccs_167,esm2_35M,False,none,False,False,False,False,False,0.2914256340455965,0.0034612981286604822,,,,,,,,,,,,
482,0.5723164790739425,0,rf,maccs_167,prot_t5_xl,True,linker_only,False,False,True,True,True,,,,,,,,10,6.0,100.0,,,,
189,0.5715822066482112,0,rf,maccs_167,none,False,warhead_only,False,False,False,True,True,,,,,,,,15,2.0,500.0,,,,
288,0.570767608229193,0,xgboost,morgan_1024_r2,esm2_8M,False,all_fragments,True,False,True,True,True,,,,,,,,,,,0.013185406403936418,6.0,100.0,0.66207760166646
662,0.5707567423524308,0,rf,morgan_1024_r2,prot_t5_xl,True,all_fragments,False,False,False,False,False,,,,,,,,none,7.0,100.0,,,,
709,0.5700474293371711,0,xgboost,maccs_167,esm2_650M,False,warhead_only,True,False,True,False,False,,,,,,,,,,,0.06044260204114444,7.0,200.0,0.8440213897142252
691,0.5674722150206262,0,xgboost,molformer,esm2_35M,False,none,True,False,False,True,False,,,,,,,,,,,0.05440408772347592,4.0,100.0,0.9096885808016065
271,0.567142049682362,0,attention,rdkit_200,ankh_large,True,linker_only,False,True,True,True,False,0.4569724182971807,0.006819554719199701,,,,,,,,,,,,
272,0.5664224383810031,0,xgboost,maccs_167,esm2_8M,False,all_fragments,True,False,True,False,True,,,,,,,,,,,0.2859133673349818,3.0,200.0,0.969786785316031
67,0.5663226935963944,0,attention,chemberta,esm2_8M,False,warhead_only,False,True,True,True,False,0.3596582841182171,0.0008914977675058901,,,,,,,,,,,,
400,0.5651156110869057,0,mlp,maccs_167,esm2_8M,True,warhead_only,True,True,False,True,True,,,128.0,0.05375670597541665,128.0,1.0,0.0001916751625321108,,,,,,,
589,0.5649701101989109,0,mlp,rdkit_200,esm2_8M,True,warhead_only,True,True,True,True,False,,,32.0,0.30817908675083355,256.0,3.0,0.00010021497817167015,,,,,,,
298,0.5647834133961095,0,xgboost,morgan_2048_r2,esm2_8M,True,none,False,False,False,True,False,,,,,,,,,,,0.02894726132290944,7.0,100.0,0.512767465509343
495,0.564730118840567,0,rf,molformer,prot_t5_xl,True,none,False,True,True,True,True,,,,,,,,6,3.0,100.0,,,,
199,0.5640738261838819,0,rf,maccs_167,ankh_large,True,warhead_only,False,False,False,True,False,,,,,,,,none,3.0,500.0,,,,
619,0.5634385969988909,0,xgboost,maccs_167,ankh_large,True,warhead_only,True,False,True,False,True,,,,,,,,,,,0.08340412146923773,3.0,100.0,0.6832931933770513
176,0.5631878308140988,0,xgboost,molformer,none,True,none,True,False,False,True,False,,,,,,,,,,,0.16716249227089147,3.0,100.0,0.6631358084345707
18,0.5613140694273432,0,mlp,rdkit_200,esm2_150M,True,warhead_only,False,True,False,True,True,,,128.0,0.019996400950358484,256.0,2.0,0.0019028747886480628,,,,,,,
192,0.5605367934869393,0,rf,molformer,esm2_650M,True,none,True,False,False,False,False,,,,,,,,15,10.0,200.0,,,,
733,0.5601249635701093,0,xgboost,maccs_167,prot_t5_xl,False,all_fragments,False,False,True,False,False,,,,,,,,,,,0.06136348428871616,6.0,100.0,0.8395231776861957
689,0.5599766770009154,0,xgboost,maccs_167,esm2_3B,False,none,False,False,False,True,False,,,,,,,,,,,0.11261300393612036,4.0,100.0,0.9793960102966712
9,0.5595156644800832,0,xgboost,morgan_2048_r2,esm2_650M,True,warhead_only,False,False,True,True,False,,,,,,,,,,,0.010417870645452394,4.0,300.0,0.5577421485693741
633,0.5591169661913082,0,mlp,maccs_167,prostt5,True,warhead_only,True,False,True,True,True,,,32.0,0.2555916987423951,64.0,3.0,0.00012183781462392865,,,,,,,
22,0.5581934387426996,0,mlp,chemberta,esm2_3B,True,warhead_only,False,False,True,True,True,,,128.0,0.09862973715036882,256.0,1.0,0.0011744009577972997,,,,,,,
254,0.5569165509674895,0,mlp,rdkit_200,esm2_3B,True,warhead_only,True,True,True,True,True,,,128.0,0.34255704915076957,128.0,3.0,0.0019489856398150623,,,,,,,
478,0.556675421438641,0,rf,molformer,prot_t5_xl,False,all_fragments,True,False,False,True,False,,,,,,,,10,7.0,100.0,,,,
548,0.5559219311104526,0,rf,morgan_1024_r2,esm2_650M,True,none,False,False,False,True,False,,,,,,,,10,10.0,500.0,,,,
354,0.5550659657111281,0,xgboost,maccs_167,prostt5,False,warhead_only,False,True,False,True,True,,,,,,,,,,,0.010590445919307643,10.0,100.0,0.8917706209263057
648,0.5548458699220827,0,rf,molformer,ankh_large,True,none,False,False,False,True,False,,,,,,,,6,5.0,200.0,,,,
596,0.5545328743384002,0,rf,morgan_2048_r2,prostt5,False,warhead_only,True,False,False,False,False,,,,,,,,none,7.0,100.0,,,,
388,0.5544363550210193,0,rf,morgan_2048_r2,prot_t5_xl,False,none,False,False,True,True,True,,,,,,,,15,5.0,200.0,,,,
660,0.5540197626352225,0,xgboost,maccs_167,esm2_35M,False,linker_only,False,False,False,True,False,,,,,,,,,,,0.01568300884252881,10.0,300.0,0.6999340375516285
489,0.5531170999874848,0,rf,rdkit_200,ankh_large,False,none,True,True,False,False,False,,,,,,,,6,6.0,100.0,,,,
195,0.551993528787223,0,xgboost,molformer,prot_t5_xl,False,none,True,False,False,False,False,,,,,,,,,,,0.09239547245549701,6.0,100.0,0.8086648598098221
300,0.5497465073911958,0,rf,morgan_1024_r2,esm2_3B,False,linker_only,False,False,True,True,False,,,,,,,,10,5.0,100.0,,,,
532,0.5496972913639202,0,attention,maccs_167,esm2_150M,True,all_fragments,False,False,True,False,False,0.13132711394350066,0.0002095632883780556,,,,,,,,,,,,
233,0.5494689578240732,0,mlp,chemberta,ankh_large,True,warhead_only,False,False,True,True,True,,,128.0,0.40965254258480704,256.0,2.0,0.0001422532250850492,,,,,,,
459,0.5443279389087884,0,attention,chemberta,none,True,warhead_only,False,False,True,True,True,0.12593006835212367,0.00021685478766819878,,,,,,,,,,,,
269,0.5432087387840885,0,rf,morgan_1024_r2,esm2_35M,True,linker_only,True,False,False,True,False,,,,,,,,10,4.0,100.0,,,,
741,0.54277748221982,0,mlp,chemberta,prot_t5_xl,False,warhead_only,False,True,True,True,True,,,128.0,0.487169902622052,64.0,3.0,0.00010748257870274154,,,,,,,
509,0.5424552799145637,0,rf,maccs_167,esm2_650M,True,warhead_only,False,False,True,False,True,,,,,,,,6,2.0,100.0,,,,
577,0.5413490123825666,0,rf,morgan_2048_r2,ankh_large,True,none,False,False,False,True,True,,,,,,,,6,4.0,200.0,,,,
146,0.5405123385946319,0,xgboost,maccs_167,prostt5,True,warhead_only,True,False,False,True,False,,,,,,,,,,,0.2552847329500877,3.0,200.0,0.6022445154039557
454,0.5402333107526565,0,mlp,maccs_167,esm2_650M,True,warhead_only,False,True,True,True,True,,,32.0,0.25571936721080113,64.0,1.0,0.00013409798324860627,,,,,,,
408,0.5399393462803623,0,mlp,maccs_167,esm2_8M,False,warhead_only,False,False,False,False,False,,,128.0,0.22699758783283525,128.0,2.0,0.0024403353794474523,,,,,,,
580,0.5398866275348791,0,xgboost,molformer,esm2_35M,False,warhead_only,False,False,True,True,True,,,,,,,,,,,0.020946869455304717,8.0,300.0,0.51986169410445
704,0.5392188121947441,0,rf,morgan_2048_r2,esm2_3B,True,none,False,False,False,True,True,,,,,,,,6,10.0,100.0,,,,
54,0.5390664032968376,0,attention,morgan_2048_r2,ankh_large,False,warhead_only,False,False,True,False,False,0.26725447000289604,0.004906220629149858,,,,,,,,,,,,
10,0.5389677795475282,0,rf,molformer,prostt5,True,none,False,False,False,True,False,,,,,,,,15,4.0,500.0,,,,
57,0.5384176773995436,0,xgboost,morgan_1024_r2,prostt5,True,warhead_only,False,False,False,True,False,,,,,,,,,,,0.05203120555182214,3.0,100.0,0.8415959251262669
668,0.5378425853909964,0,xgboost,molformer,esm2_8M,False,none,True,False,False,False,False,,,,,,,,,,,0.08209534084347447,3.0,200.0,0.8554632470709318
375,0.5372382018149762,0,attention,maccs_167,esm2_8M,False,warhead_only,False,False,False,True,False,0.38958541306964517,0.0021460237975806274,,,,,,,,,,,,
31,0.5356586231045241,0,mlp,molformer,none,False,warhead_only,False,True,True,True,False,,,128.0,0.38360503302704846,64.0,2.0,0.00037523680182061894,,,,,,,
35,0.5352920160943616,0,rf,molformer,ankh_large,False,all_fragments,True,False,False,True,False,,,,,,,,15,9.0,100.0,,,,
694,0.5349362314304714,0,attention,maccs_167,ankh_large,False,warhead_only,True,False,True,True,False,0.2529073584583656,0.0017316141307968259,,,,,,,,,,,,
536,0.5347729684372059,0,xgboost,morgan_1024_r2,esm2_8M,False,warhead_only,False,False,True,False,False,,,,,,,,,,,0.023203694555985248,5.0,100.0,0.6017838264641586
102,0.5344001569675867,0,xgboost,morgan_2048_r2,esm2_8M,True,all_fragments,True,False,False,True,True,,,,,,,,,,,0.03161789954860735,6.0,100.0,0.7413349478019804
525,0.5338318609867108,0,mlp,chemberta,esm2_8M,False,warhead_only,False,False,True,False,True,,,32.0,0.4754054939692389,256.0,1.0,0.0007254650221898784,,,,,,,
260,0.5323431635900939,0,attention,maccs_167,esm2_35M,False,warhead_only,False,False,False,True,True,0.2571966883522261,0.0009498832309326375,,,,,,,,,,,,
484,0.5317881339556331,0,rf,morgan_2048_r2,prostt5,True,none,True,False,False,False,False,,,,,,,,6,5.0,100.0,,,,
638,0.5317251373073454,0,attention,molformer,ankh_large,True,warhead_only,False,True,True,True,False,0.2697523488527332,0.00034840261109355216,,,,,,,,,,,,
43,0.5309170032859589,0,rf,morgan_2048_r2,esm2_3B,False,warhead_only,False,False,True,True,True,,,,,,,,10,10.0,200.0,,,,
342,0.5303285423660004,0,rf,molformer,esm2_8M,True,warhead_only,False,False,True,False,True,,,,,,,,6,5.0,500.0,,,,
154,0.5300755143757906,0,mlp,chemberta,ankh_large,False,warhead_only,True,False,True,False,False,,,64.0,0.14251600797025293,256.0,1.0,0.00013723144370493935,,,,,,,
421,0.5295961882735702,0,mlp,morgan_1024_r2,ankh_large,True,linker_only,True,False,True,False,False,,,128.0,0.3967543816929123,256.0,2.0,0.006358286183699288,,,,,,,
531,0.5291357122050117,0,mlp,chemberta,esm2_150M,True,none,True,False,False,True,False,,,128.0,0.17210141430358938,64.0,2.0,0.004540168829924223,,,,,,,
101,0.528042317088257,0,attention,chemberta,esm2_3B,False,warhead_only,False,False,False,False,False,0.4008104594006906,0.0014660244235080017,,,,,,,,,,,,
572,0.5277539773336667,0,mlp,molformer,ankh_large,True,warhead_only,True,False,True,True,False,,,128.0,0.4199999682748623,256.0,2.0,0.000520069476473213,,,,,,,
184,0.5276729015232217,0,xgboost,morgan_2048_r2,ankh_large,False,none,False,True,True,True,True,,,,,,,,,,,0.01400883950010416,4.0,100.0,0.8823327046025595
201,0.5276385106682758,0,attention,chemberta,ankh_large,True,none,False,False,True,True,False,0.1547247681496356,0.005988071865458949,,,,,,,,,,,,
420,0.5268143327092566,0,mlp,chemberta,esm2_650M,False,warhead_only,True,False,False,True,False,,,32.0,0.38094431198036294,256.0,3.0,0.009293521975656485,,,,,,,
137,0.5242213178820381,0,mlp,maccs_167,prot_t5_xl,True,warhead_only,False,True,True,True,True,,,64.0,0.015672503426713114,64.0,3.0,0.00015166665523417614,,,,,,,
505,0.524056426599779,0,mlp,maccs_167,esm2_8M,False,linker_only,True,False,False,False,True,,,32.0,0.18398202310074574,256.0,3.0,0.0005613502726015919,,,,,,,
188,0.523138020980225,0,rf,morgan_2048_r2,esm2_8M,False,warhead_only,True,False,False,False,False,,,,,,,,6,7.0,500.0,,,,
313,0.5230173502474663,0,mlp,chemberta,esm2_150M,True,warhead_only,False,False,True,True,False,,,128.0,0.4872910609820115,64.0,2.0,0.00025966296439767724,,,,,,,
205,0.5230046676688381,0,xgboost,morgan_2048_r2,ankh_large,False,linker_only,True,False,True,True,True,,,,,,,,,,,0.015920426111281874,4.0,300.0,0.9429199313267016
76,0.5219160049842047,0,mlp,chemberta,prostt5,False,warhead_only,False,False,True,True,True,,,64.0,0.033614519995606884,256.0,2.0,0.00011778146314790921,,,,,,,
594,0.5182078005320991,0,rf,morgan_2048_r2,esm2_650M,True,none,False,True,True,True,False,,,,,,,,10,10.0,100.0,,,,
37,0.5176198979117206,0,attention,molformer,esm2_8M,False,none,False,True,True,True,True,0.19656120761170853,0.0005836234306432726,,,,,,,,,,,,
550,0.5175901554793739,0,rf,molformer,esm2_650M,True,none,True,False,True,True,True,,,,,,,,none,10.0,200.0,,,,
1,0.5172788581936504,0,xgboost,morgan_2048_r2,ankh_large,False,linker_only,False,False,False,False,False,,,,,,,,,,,0.029491693580715773,3.0,200.0,0.707131497257335
725,0.5153754585004026,0,rf,molformer,none,False,warhead_only,True,False,False,True,True,,,,,,,,6,2.0,200.0,,,,
616,0.5143815531597977,0,attention,maccs_167,ankh_large,False,none,True,False,True,False,False,0.04704475164969485,0.0007180210438677511,,,,,,,,,,,,
601,0.5140030517196881,0,attention,maccs_167,esm2_150M,False,warhead_only,False,True,False,False,True,0.014281689970568612,0.0014452002640503324,,,,,,,,,,,,
310,0.5138540966232886,0,mlp,maccs_167,none,False,linker_only,True,False,True,False,True,,,128.0,0.49916981333078414,256.0,3.0,0.0001245099411033585,,,,,,,
345,0.5133166901888703,0,attention,maccs_167,ankh_large,False,none,True,False,True,True,True,0.408442672199657,0.0001515580688914413,,,,,,,,,,,,
617,0.5099640260771833,0,xgboost,molformer,esm2_8M,False,linker_only,True,False,False,True,False,,,,,,,,,,,0.01156009497386472,4.0,100.0,0.8652332418080533
739,0.5090307061418191,0,mlp,maccs_167,prostt5,True,none,True,False,False,False,False,,,32.0,0.3182810606684304,64.0,2.0,0.008593133199413612,,,,,,,
256,0.5054900562909316,0,attention,chemberta,esm2_3B,False,warhead_only,True,False,False,True,False,0.22838343031949243,0.008056947055360626,,,,,,,,,,,,
151,0.5046807151668312,0,rf,molformer,esm2_650M,False,linker_only,True,False,True,True,True,,,,,,,,15,2.0,100.0,,,,
437,0.5026512652558365,0,attention,rdkit_200,ankh_large,False,warhead_only,True,False,True,True,False,0.28869321076394194,0.00728207307711701,,,,,,,,,,,,
553,0.5025201676978142,0,rf,morgan_1024_r2,ankh_large,False,none,False,False,True,True,True,,,,,,,,6,8.0,100.0,,,,
8,0.5,0,attention,rdkit_200,esm2_3B,False,none,False,False,False,False,True,0.4288613220967773,0.0015204366533520602,,,,,,,,,,,,
12,0.5,0,mlp,molformer,esm2_8M,True,warhead_only,True,True,False,False,True,,,64.0,0.4068393248509317,64.0,2.0,0.0010461992232338965,,,,,,,
17,0.5,0,mlp,molformer,none,False,none,False,False,False,True,False,,,128.0,0.18595937425623066,256.0,3.0,0.00010063908973626375,,,,,,,
21,0.5,0,mlp,molformer,esm2_150M,False,linker_only,False,False,True,False,True,,,128.0,0.021462095304416007,256.0,1.0,0.00046360068495560996,,,,,,,
26,0.5,0,mlp,morgan_1024_r2,prot_t5_xl,False,linker_only,True,True,False,False,True,,,32.0,0.2531714596619021,128.0,3.0,0.0005009511304879618,,,,,,,
32,0.5,0,mlp,morgan_1024_r2,prostt5,True,none,False,True,True,False,True,,,64.0,0.4560754765057944,256.0,2.0,0.00017246416418991817,,,,,,,
34,0.5,0,attention,rdkit_200,prostt5,False,warhead_only,False,False,True,False,False,0.17690951628632046,0.0005608257783520192,,,,,,,,,,,,
36,0.5,0,mlp,molformer,ankh_large,False,linker_only,True,False,False,False,False,,,128.0,0.15881593663697308,256.0,2.0,0.00045489118374118987,,,,,,,
44,0.5,0,mlp,morgan_2048_r2,none,False,warhead_only,True,True,True,False,False,,,128.0,0.41284041050972475,64.0,3.0,0.0031165035208571344,,,,,,,
53,0.5,0,mlp,chemberta,esm2_8M,False,none,True,True,True,False,False,,,128.0,0.25918320519358196,256.0,3.0,0.0003878223359610852,,,,,,,
62,0.5,0,attention,molformer,esm2_35M,False,warhead_only,False,False,True,False,True,0.4985231721025502,0.00010508858079841488,,,,,,,,,,,,
69,0.5,0,mlp,morgan_2048_r2,prot_t5_xl,False,all_fragments,True,True,True,False,True,,,64.0,0.28391032733198457,256.0,3.0,0.0001901123750974982,,,,,,,
74,0.5,0,attention,molformer,esm2_650M,True,all_fragments,True,True,False,False,False,0.37595301800338493,0.00021168890284593486,,,,,,,,,,,,
75,0.5,0,mlp,maccs_167,esm2_35M,False,all_fragments,False,True,True,False,False,,,64.0,0.08653613018173417,64.0,1.0,0.0008411099694823175,,,,,,,
78,0.5,0,attention,molformer,none,True,linker_only,False,True,False,False,False,0.04895939939537075,0.0003635954753158518,,,,,,,,,,,,
81,0.5,0,attention,morgan_2048_r2,esm2_35M,False,all_fragments,False,True,True,False,False,0.0628322226568962,0.00023141701629726823,,,,,,,,,,,,
92,0.5,0,mlp,maccs_167,esm2_35M,False,warhead_only,True,True,False,False,True,,,64.0,0.3062920522596252,128.0,3.0,0.0007930376343085709,,,,,,,
113,0.5,0,attention,molformer,ankh_large,True,all_fragments,False,False,False,False,False,0.40357531347597897,0.004915199090754313,,,,,,,,,,,,
115,0.5,0,mlp,rdkit_200,esm2_8M,False,warhead_only,True,True,False,False,False,,,128.0,0.15905318003554408,256.0,1.0,0.0006781780245376624,,,,,,,
117,0.5,0,mlp,rdkit_200,esm2_3B,True,linker_only,False,True,True,False,False,,,128.0,0.3794844294163794,128.0,2.0,0.004313690848758387,,,,,,,
124,0.5,0,mlp,molformer,ankh_large,False,warhead_only,False,False,False,False,False,,,128.0,0.07327023077663314,64.0,3.0,0.008248647453961267,,,,,,,
134,0.5,0,mlp,morgan_2048_r2,esm2_8M,False,none,False,True,True,False,True,,,128.0,0.030594442107002295,256.0,2.0,0.0019961495266184403,,,,,,,
138,0.5,0,mlp,maccs_167,none,False,none,False,True,False,False,True,,,64.0,0.2370825300876528,256.0,2.0,0.0016167758433324258,,,,,,,
139,0.5,0,mlp,maccs_167,prot_t5_xl,True,warhead_only,True,True,False,False,False,,,128.0,0.3408758842508646,256.0,1.0,0.004805575966082319,,,,,,,
145,0.5,0,mlp,morgan_2048_r2,prot_t5_xl,True,none,False,True,False,False,False,,,64.0,0.28970712094280715,128.0,2.0,0.009976001372002366,,,,,,,
147,0.5,0,mlp,molformer,prostt5,False,none,True,True,False,False,False,,,64.0,0.007778938451405093,256.0,3.0,0.00019472628281662113,,,,,,,
152,0.5,0,mlp,rdkit_200,prostt5,True,warhead_only,False,False,True,False,True,,,64.0,0.30097571120099853,64.0,1.0,0.00040214283446177363,,,,,,,
157,0.5,0,attention,chemberta,prostt5,False,linker_only,True,True,True,False,False,0.31215594651560746,0.0008523548730489928,,,,,,,,,,,,
159,0.5,0,mlp,chemberta,esm2_150M,True,warhead_only,False,True,True,False,False,,,128.0,0.3570951079672956,256.0,3.0,0.0027196884092716795,,,,,,,
175,0.5,0,attention,maccs_167,prostt5,True,linker_only,True,True,True,False,False,0.16048089212824268,0.007938215399767962,,,,,,,,,,,,
177,0.5,0,mlp,rdkit_200,esm2_150M,True,linker_only,True,True,True,False,True,,,128.0,0.007020316061611853,256.0,1.0,0.0009093322083370704,,,,,,,
181,0.5,0,mlp,rdkit_200,prostt5,False,none,True,False,True,False,True,,,64.0,0.2687657256721725,64.0,1.0,0.0010888826872557775,,,,,,,
190,0.5,0,attention,maccs_167,esm2_3B,True,all_fragments,True,True,True,False,False,0.11474867358335672,0.0013690993210939738,,,,,,,,,,,,
196,0.5,0,mlp,morgan_2048_r2,none,False,warhead_only,True,True,True,False,True,,,64.0,0.11761237409399689,64.0,3.0,0.0008469053662501294,,,,,,,
210,0.5,0,attention,chemberta,prostt5,True,warhead_only,True,True,True,False,False,0.08377032461422063,0.0038238849265780192,,,,,,,,,,,,
212,0.5,0,attention,rdkit_200,esm2_150M,True,warhead_only,False,True,False,False,False,0.31607048459395476,0.00016727039205357885,,,,,,,,,,,,
227,0.5,0,attention,molformer,esm2_650M,True,all_fragments,True,True,True,False,False,0.41696021427800395,0.00024209511992436762,,,,,,,,,,,,
261,0.5,0,mlp,molformer,prot_t5_xl,False,all_fragments,True,False,False,False,True,,,64.0,0.47398676267927337,64.0,1.0,0.0009486769118963163,,,,,,,
264,0.5,0,attention,molformer,esm2_150M,True,linker_only,False,True,False,False,True,0.0787531444056137,0.00031017616546234446,,,,,,,,,,,,
278,0.5,0,mlp,morgan_2048_r2,ankh_large,True,all_fragments,False,True,False,False,True,,,64.0,0.3599096373778605,128.0,1.0,0.0013613744217125512,,,,,,,
286,0.5,0,mlp,rdkit_200,prot_t5_xl,False,warhead_only,False,False,True,False,True,,,32.0,0.17620947941497922,256.0,1.0,0.00028929259181705133,,,,,,,
287,0.5,0,mlp,chemberta,none,True,none,True,True,True,False,True,,,128.0,0.355838821500096,256.0,3.0,0.00027693408342390385,,,,,,,
297,0.5,0,mlp,chemberta,esm2_8M,False,none,True,True,True,False,True,,,64.0,0.35992736440102163,64.0,3.0,0.000277437778610802,,,,,,,
320,0.5,0,mlp,maccs_167,esm2_3B,False,warhead_only,True,True,True,False,True,,,64.0,0.46718644053142283,64.0,1.0,0.0035239552971311583,,,,,,,
321,0.5,0,mlp,chemberta,esm2_8M,False,none,True,True,False,False,True,,,64.0,0.38158701871340434,256.0,3.0,0.001242027330782649,,,,,,,
322,0.5,0,attention,chemberta,esm2_650M,False,none,False,True,False,False,False,0.30382800215499445,0.0026854335629201385,,,,,,,,,,,,
333,0.5,0,attention,molformer,ankh_large,False,linker_only,True,False,False,False,True,0.08281246517136881,0.0024690225810749564,,,,,,,,,,,,
341,0.5,0,mlp,molformer,esm2_35M,False,linker_only,False,False,True,False,True,,,64.0,0.4433040906430028,64.0,2.0,0.0011461345888236015,,,,,,,
344,0.5,0,mlp,chemberta,esm2_650M,True,warhead_only,True,True,True,False,True,,,64.0,0.4029136738166877,256.0,2.0,0.0001622735499793014,,,,,,,
348,0.5,0,attention,molformer,esm2_650M,False,none,False,False,False,True,False,0.2971416318945694,0.0004490878648911025,,,,,,,,,,,,
349,0.5,0,attention,molformer,esm2_35M,False,none,True,False,True,False,False,0.4244111334162876,0.001265393738919118,,,,,,,,,,,,
356,0.5,0,attention,chemberta,ankh_large,True,all_fragments,True,True,True,False,False,0.10922400553451889,0.001308405652440434,,,,,,,,,,,,
359,0.5,0,mlp,rdkit_200,esm2_8M,False,warhead_only,True,True,True,False,False,,,64.0,0.3379028553930236,64.0,1.0,0.008283432845270416,,,,,,,
360,0.5,0,mlp,rdkit_200,esm2_3B,True,all_fragments,False,False,False,False,False,,,64.0,0.22550208859152127,256.0,2.0,0.00046676990483122385,,,,,,,
374,0.5,0,mlp,molformer,esm2_650M,True,warhead_only,False,False,False,False,False,,,64.0,0.08991230340448164,128.0,2.0,0.00044908495503253633,,,,,,,
381,0.5,0,mlp,molformer,none,False,linker_only,True,True,True,False,False,,,128.0,0.14873119448797067,64.0,1.0,0.0024021410789218252,,,,,,,
389,0.5,0,attention,morgan_2048_r2,esm2_150M,True,warhead_only,False,True,False,False,False,0.1382289563840653,0.0005870414238280584,,,,,,,,,,,,
402,0.5,0,attention,molformer,none,False,none,False,False,False,False,True,0.22145837144732378,0.0004273241300009999,,,,,,,,,,,,
413,0.5,0,attention,morgan_1024_r2,esm2_650M,True,warhead_only,True,True,False,False,False,0.1418600976435142,0.0001165931531413375,,,,,,,,,,,,
423,0.5,0,attention,rdkit_200,prostt5,True,linker_only,True,False,True,False,True,0.0940717861822753,0.00010077905659316026,,,,,,,,,,,,
426,0.5,0,attention,rdkit_200,none,True,linker_only,True,True,False,False,True,0.2511634887811706,0.0001226461074624649,,,,,,,,,,,,
428,0.5,0,attention,maccs_167,esm2_3B,False,none,False,True,False,False,False,0.38748639885614655,0.003642997569423193,,,,,,,,,,,,
435,0.5,0,mlp,maccs_167,none,False,none,True,True,False,False,True,,,64.0,0.01282997934105723,128.0,3.0,0.00021461694539573497,,,,,,,
442,0.5,0,mlp,morgan_2048_r2,prostt5,True,linker_only,False,True,True,False,True,,,32.0,0.3612707183645586,64.0,3.0,0.0036139467851199923,,,,,,,
444,0.5,0,attention,molformer,prostt5,False,none,False,True,False,False,False,0.4224455407336276,0.00015200766197639583,,,,,,,,,,,,
447,0.5,0,mlp,molformer,esm2_150M,False,none,False,False,False,True,False,,,64.0,0.10600989215247081,256.0,1.0,0.0005336794341892357,,,,,,,
457,0.5,0,attention,rdkit_200,esm2_35M,True,warhead_only,False,True,True,False,True,0.22920662667992048,0.003634036341296588,,,,,,,,,,,,
465,0.5,0,attention,rdkit_200,ankh_large,True,warhead_only,False,True,True,False,True,0.1320453398669354,0.0033821163635414254,,,,,,,,,,,,
466,0.5,0,attention,rdkit_200,esm2_35M,True,linker_only,True,False,False,False,True,0.12174064503531407,0.0003056978410546038,,,,,,,,,,,,
467,0.5,0,attention,molformer,none,True,none,False,True,True,False,False,0.22376078070096544,0.0005714030663904036,,,,,,,,,,,,
470,0.5,0,mlp,rdkit_200,none,False,linker_only,True,False,True,False,False,,,128.0,0.4793767051397932,256.0,3.0,0.001157551496381369,,,,,,,
485,0.5,0,mlp,morgan_2048_r2,esm2_3B,False,all_fragments,True,True,True,False,True,,,128.0,0.181225769727285,128.0,1.0,0.00037745573349404633,,,,,,,
492,0.5,0,attention,morgan_2048_r2,esm2_650M,True,none,True,True,True,False,False,0.07982766931637159,0.0013337154523133513,,,,,,,,,,,,
515,0.5,0,mlp,chemberta,prot_t5_xl,False,warhead_only,False,True,True,False,True,,,64.0,0.40884888759340676,128.0,1.0,0.001175357326140831,,,,,,,
528,0.5,0,mlp,rdkit_200,ankh_large,True,all_fragments,True,False,True,False,True,,,128.0,0.4722236263762776,128.0,2.0,0.0006954209661558055,,,,,,,
530,0.5,0,mlp,maccs_167,esm2_8M,False,linker_only,False,True,False,False,False,,,64.0,0.2832831457036005,128.0,2.0,0.0026913010016346084,,,,,,,
535,0.5,0,attention,molformer,prot_t5_xl,True,linker_only,False,False,True,False,True,0.3832742173088893,0.002895866572106364,,,,,,,,,,,,
537,0.5,0,mlp,chemberta,esm2_3B,False,warhead_only,True,True,False,False,True,,,32.0,0.43073941305999053,64.0,1.0,0.00799678077708254,,,,,,,
538,0.5,0,mlp,morgan_1024_r2,prostt5,True,all_fragments,False,True,True,False,False,,,64.0,0.3817256577461851,64.0,1.0,0.0006779074852227065,,,,,,,
544,0.5,0,mlp,rdkit_200,esm2_650M,True,warhead_only,True,True,True,False,False,,,32.0,0.34689786994761646,128.0,2.0,0.002089006414925289,,,,,,,
555,0.5,0,mlp,morgan_1024_r2,prostt5,True,linker_only,True,True,True,False,False,,,64.0,0.45033176348607834,64.0,3.0,0.00014976960406679323,,,,,,,
556,0.5,0,mlp,molformer,ankh_large,False,none,False,False,False,False,True,,,32.0,0.4621187604450331,128.0,1.0,0.009637684418449081,,,,,,,
559,0.5,0,mlp,maccs_167,prostt5,True,all_fragments,True,True,True,False,True,,,128.0,0.028893359688784648,128.0,2.0,0.00030145038909803627,,,,,,,
565,0.5,0,mlp,morgan_1024_r2,esm2_650M,False,warhead_only,False,True,False,False,True,,,32.0,0.29426407486661843,256.0,1.0,0.00036251062243737174,,,,,,,
574,0.5,0,attention,rdkit_200,esm2_650M,True,warhead_only,True,False,True,False,False,0.304945715632603,0.0015390083764782237,,,,,,,,,,,,
582,0.5,0,attention,chemberta,ankh_large,False,linker_only,True,True,False,False,False,0.36661765036293037,0.004040473067387736,,,,,,,,,,,,
584,0.5,0,mlp,chemberta,esm2_3B,True,warhead_only,False,True,True,False,False,,,64.0,0.136202701777912,256.0,2.0,0.004025398750327556,,,,,,,
595,0.5,0,mlp,rdkit_200,esm2_3B,True,linker_only,True,True,False,False,False,,,128.0,0.11634469167162448,64.0,1.0,0.0002535327837890876,,,,,,,
656,0.5,0,mlp,morgan_1024_r2,none,False,linker_only,True,True,True,False,True,,,32.0,0.21370534153304743,128.0,3.0,0.005414786563208815,,,,,,,
659,0.5,0,mlp,molformer,esm2_150M,True,all_fragments,True,True,False,False,True,,,32.0,0.17632657560501291,128.0,2.0,0.007990924313285857,,,,,,,
665,0.5,0,mlp,rdkit_200,ankh_large,False,warhead_only,True,False,True,False,False,,,128.0,0.006308439605680338,128.0,1.0,0.000383571272961916,,,,,,,
669,0.5,0,mlp,maccs_167,esm2_3B,False,none,False,True,True,False,True,,,32.0,0.471002190198425,128.0,2.0,0.003634012578120443,,,,,,,
674,0.5,0,attention,rdkit_200,esm2_3B,False,linker_only,False,False,False,False,False,0.47976838992167586,0.00016131677580325624,,,,,,,,,,,,
677,0.5,0,mlp,morgan_2048_r2,none,False,warhead_only,False,True,True,False,True,,,64.0,0.4839210639877695,128.0,2.0,0.0009007483996387168,,,,,,,
685,0.5,0,attention,rdkit_200,prot_t5_xl,True,linker_only,False,False,False,False,True,0.4364410835476058,0.0009361955190019746,,,,,,,,,,,,
688,0.5,0,attention,rdkit_200,esm2_8M,False,linker_only,True,True,False,False,True,0.1398605264599449,0.0012111253923670897,,,,,,,,,,,,
693,0.5,0,attention,molformer,esm2_150M,False,all_fragments,False,True,True,False,False,0.20000484516071726,0.003918539019011202,,,,,,,,,,,,
702,0.5,0,attention,molformer,prot_t5_xl,False,all_fragments,True,False,True,False,True,0.2458002931940847,0.0024658110078094576,,,,,,,,,,,,
706,0.5,0,mlp,rdkit_200,esm2_650M,True,all_fragments,True,False,False,False,False,,,128.0,0.24376260641207614,128.0,1.0,0.0017547994820323234,,,,,,,
715,0.5,0,attention,molformer,esm2_150M,True,none,False,False,False,True,True,0.4358117811038471,0.008980544093546481,,,,,,,,,,,,
719,0.5,0,mlp,molformer,esm2_8M,False,all_fragments,True,False,True,False,False,,,128.0,0.41560349632480154,64.0,2.0,0.00018270447833311054,,,,,,,
724,0.5,0,attention,rdkit_200,esm2_650M,False,linker_only,True,True,True,False,True,0.3435387514133,0.0050553268012875656,,,,,,,,,,,,
729,0.5,0,attention,rdkit_200,esm2_3B,False,linker_only,True,False,True,False,False,0.384513099352414,0.0007575175387771309,,,,,,,,,,,,
737,0.5,0,attention,maccs_167,prot_t5_xl,True,none,True,True,False,False,False,0.043682798487849894,0.001394841322252552,,,,,,,,,,,,
744,0.5,0,attention,molformer,esm2_150M,False,none,False,False,False,True,False,0.4123715672879378,0.0001410200991921778,,,,,,,,,,,,
748,0.5,0,attention,rdkit_200,none,False,linker_only,True,True,True,False,False,0.08661386351159239,0.00036992248532942136,,,,,,,,,,,,
13,0.4980356714116599,0,attention,maccs_167,none,True,warhead_only,False,False,True,True,True,0.03053926853339367,0.00013179186279248934,,,,,,,,,,,,
598,0.4973092491410011,0,attention,molformer,ankh_large,True,none,False,True,True,True,True,0.14668857963776738,0.0005162380754746027,,,,,,,,,,,,
105,0.49685174562835027,0,mlp,maccs_167,none,True,warhead_only,True,False,True,False,False,,,64.0,0.2714931186541941,256.0,3.0,0.00010750104773476289,,,,,,,
698,0.49542777240829655,0,rf,morgan_1024_r2,esm2_3B,True,none,True,False,False,False,False,,,,,,,,6,10.0,500.0,,,,
557,0.4937927656681044,0,attention,maccs_167,esm2_3B,True,warhead_only,False,False,True,False,True,0.23481234091727116,0.000651087135847786,,,,,,,,,,,,
88,0.49072631388539545,0,rf,molformer,ankh_large,True,warhead_only,False,False,False,False,True,,,,,,,,none,2.0,200.0,,,,
258,0.48695931061676495,0,attention,maccs_167,prostt5,False,warhead_only,True,False,True,False,True,0.3223374598825716,0.0004515943523920688,,,,,,,,,,,,
707,0.47848814552229796,0,xgboost,molformer,ankh_large,False,none,False,False,True,False,False,,,,,,,,,,,0.1817076422905086,10.0,300.0,0.5697054187304098
518,0.4746950437530422,0,attention,morgan_2048_r2,prostt5,True,all_fragments,True,False,True,False,False,0.47771067364579856,0.008747705514774218,,,,,,,,,,,,
626,0.46848788638262323,0,mlp,maccs_167,esm2_35M,False,none,False,False,True,False,True,,,32.0,0.1848661158547592,256.0,3.0,0.00809052240724453,,,,,,,
296,0.46710011706524174,0,attention,maccs_167,none,False,warhead_only,True,False,False,False,False,0.1185737775905496,0.002213741099883709,,,,,,,,,,,,
99,0.45844801590872675,0,attention,molformer,prot_t5_xl,True,warhead_only,False,True,False,True,True,0.20085023826009818,0.005210036945232199,,,,,,,,,,,,
635,0.4495767839275599,0,attention,molformer,esm2_650M,False,none,False,False,True,True,True,0.2082758276406737,0.002420168524196342,,,,,,,,,,,,
23,0.43097085694345705,0,rf,molformer,prot_t5_xl,True,none,True,False,True,False,True,,,,,,,,6,7.0,200.0,,,,
840,0.7601294728254945,1,rf,chemberta,esm2_3B,False,linker_only,False,True,False,True,True,,,,,,,,15,4.0,500.0,,,,
962,0.7573460344024218,1,rf,chemberta,esm2_3B,False,linker_only,False,True,False,True,True,,,,,,,,15,5.0,500.0,,,,
950,0.7524148996430298,1,rf,chemberta,esm2_3B,False,linker_only,False,True,False,True,True,,,,,,,,15,5.0,500.0,,,,
783,0.7521800528320427,1,rf,chemberta,esm2_3B,False,linker_only,False,True,False,True,True,,,,,,,,15,4.0,500.0,,,,
905,0.7515804504694974,1,rf,chemberta,esm2_3B,False,linker_only,False,True,False,True,True,,,,,,,,15,4.0,500.0,,,,
796,0.750081454378251,1,rf,chemberta,esm2_3B,False,linker_only,False,True,False,True,True,,,,,,,,15,4.0,500.0,,,,
229,0.7499909193929319,1,rf,chemberta,esm2_650M,False,warhead_only,False,True,False,True,True,,,,,,,,15,10.0,500.0,,,,
914,0.7491323196457838,1,rf,chemberta,esm2_3B,False,linker_only,False,True,False,True,True,,,,,,,,15,5.0,500.0,,,,
984,0.7481213484228996,1,rf,chemberta,esm2_3B,False,linker_only,False,True,False,True,True,,,,,,,,15,5.0,500.0,,,,
946,0.7466117047552197,1,rf,chemberta,esm2_3B,False,linker_only,False,True,False,True,True,,,,,,,,15,5.0,500.0,,,,
867,0.7459671637045688,1,rf,chemberta,esm2_3B,False,linker_only,False,True,False,True,True,,,,,,,,15,4.0,500.0,,,,
808,0.745408290934111,1,rf,chemberta,esm2_3B,False,linker_only,False,True,False,True,True,,,,,,,,15,4.0,500.0,,,,
784,0.7440689190517852,1,rf,chemberta,esm2_3B,False,linker_only,False,True,False,True,True,,,,,,,,15,4.0,500.0,,,,
757,0.7428406183930519,1,rf,chemberta,esm2_3B,False,linker_only,False,True,False,True,True,,,,,,,,15,3.0,500.0,,,,
844,0.7416893225161622,1,rf,chemberta,esm2_3B,False,linker_only,False,True,False,True,True,,,,,,,,15,4.0,500.0,,,,
986,0.7409283569523706,1,rf,chemberta,esm2_3B,False,linker_only,False,True,False,True,True,,,,,,,,15,5.0,500.0,,,,
926,0.7407653405247596,1,rf,chemberta,esm2_3B,False,linker_only,False,True,False,True,True,,,,,,,,15,4.0,500.0,,,,
890,0.7405001502153559,1,rf,chemberta,esm2_3B,False,linker_only,False,True,False,True,True,,,,,,,,15,4.0,500.0,,,,
931,0.7402116025302804,1,rf,chemberta,esm2_3B,False,linker_only,False,True,False,True,True,,,,,,,,15,5.0,500.0,,,,
843,0.7388518269973774,1,rf,chemberta,esm2_3B,False,linker_only,False,True,False,True,True,,,,,,,,15,4.0,500.0,,,,
930,0.7387607694291916,1,rf,chemberta,esm2_3B,False,linker_only,False,True,False,True,True,,,,,,,,15,5.0,500.0,,,,
996,0.7387396279887831,1,rf,chemberta,esm2_3B,False,linker_only,False,True,False,True,True,,,,,,,,15,4.0,500.0,,,,
909,0.7380457518867656,1,rf,chemberta,esm2_3B,False,linker_only,False,True,False,True,True,,,,,,,,15,5.0,500.0,,,,
644,0.7376035617934296,1,xgboost,maccs_167,esm2_35M,False,warhead_only,False,True,False,True,True,,,,,,,,,,,0.01156030278183712,10.0,200.0,0.5497201286274425
800,0.7374233829931683,1,rf,chemberta,esm2_3B,False,linker_only,False,True,False,True,True,,,,,,,,15,4.0,500.0,,,,
997,0.7374174003993083,1,rf,chemberta,esm2_3B,False,linker_only,False,True,False,True,True,,,,,,,,15,4.0,500.0,,,,
802,0.7366095819623019,1,rf,chemberta,esm2_3B,False,linker_only,False,True,False,True,True,,,,,,,,15,4.0,500.0,,,,
936,0.7352397881668559,1,rf,chemberta,esm2_3B,False,linker_only,False,True,False,True,True,,,,,,,,15,5.0,500.0,,,,
945,0.733894866321275,1,rf,chemberta,esm2_3B,False,linker_only,False,True,False,True,True,,,,,,,,15,5.0,500.0,,,,
988,0.733531846086722,1,rf,chemberta,esm2_3B,False,linker_only,False,True,False,True,True,,,,,,,,15,5.0,500.0,,,,
975,0.7335211944830398,1,rf,chemberta,esm2_3B,False,linker_only,False,True,False,True,True,,,,,,,,15,6.0,500.0,,,,
851,0.7334616676972118,1,rf,chemberta,esm2_3B,False,linker_only,False,True,False,True,True,,,,,,,,15,4.0,500.0,,,,
210,0.7333181142896621,1,attention,morgan_2048_r2,esm2_8M,True,warhead_only,False,False,False,False,False,0.024124340143839296,0.0009619493663748798,,,,,,,,,,,,
989,0.73296669866298,1,rf,chemberta,esm2_3B,False,linker_only,False,True,False,True,True,,,,,,,,15,4.0,500.0,,,,
885,0.7325103456617941,1,rf,chemberta,esm2_3B,False,linker_only,False,True,False,True,True,,,,,,,,15,4.0,500.0,,,,
823,0.7323107798015299,1,rf,chemberta,esm2_3B,False,linker_only,False,True,False,True,True,,,,,,,,15,4.0,500.0,,,,
908,0.7319219755927969,1,rf,chemberta,esm2_3B,False,linker_only,False,True,False,True,True,,,,,,,,15,5.0,500.0,,,,
814,0.731805558986394,1,rf,chemberta,esm2_3B,False,linker_only,False,True,False,True,True,,,,,,,,15,4.0,500.0,,,,
932,0.7317790917923298,1,rf,chemberta,esm2_3B,False,linker_only,False,True,False,True,True,,,,,,,,15,5.0,500.0,,,,
846,0.7317634925363821,1,rf,chemberta,esm2_3B,False,linker_only,False,True,False,True,True,,,,,,,,15,4.0,500.0,,,,
827,0.7317114427738164,1,rf,chemberta,esm2_3B,False,linker_only,False,True,False,True,True,,,,,,,,15,4.0,500.0,,,,
895,0.7316715894271124,1,rf,chemberta,esm2_3B,False,linker_only,False,True,False,True,True,,,,,,,,15,4.0,500.0,,,,
816,0.7316262139243719,1,rf,chemberta,esm2_3B,False,linker_only,False,True,False,True,True,,,,,,,,15,4.0,500.0,,,,
84,0.7315426910449409,1,rf,chemberta,none,False,linker_only,False,True,True,False,False,,,,,,,,15,2.0,200.0,,,,
809,0.7314760171072064,1,rf,chemberta,esm2_3B,False,linker_only,False,True,False,True,True,,,,,,,,15,4.0,500.0,,,,
893,0.7313655512256572,1,rf,chemberta,esm2_3B,False,linker_only,False,True,False,True,True,,,,,,,,15,4.0,500.0,,,,
825,0.7312156941180328,1,rf,chemberta,esm2_3B,False,linker_only,False,True,False,True,True,,,,,,,,15,4.0,500.0,,,,
848,0.731135775547354,1,rf,chemberta,esm2_3B,False,linker_only,False,True,False,True,True,,,,,,,,15,4.0,500.0,,,,
898,0.7310969151308279,1,rf,chemberta,esm2_3B,False,linker_only,False,True,False,True,True,,,,,,,,15,4.0,500.0,,,,
961,0.7308720602132267,1,rf,chemberta,esm2_3B,False,linker_only,False,True,False,True,True,,,,,,,,15,5.0,500.0,,,,
760,0.7304442185697542,1,rf,chemberta,esm2_3B,False,linker_only,False,True,False,True,True,,,,,,,,15,3.0,500.0,,,,
821,0.7304038027343105,1,rf,chemberta,esm2_3B,False,linker_only,False,True,False,True,True,,,,,,,,15,4.0,500.0,,,,
884,0.7298344076493213,1,rf,chemberta,esm2_3B,False,linker_only,False,True,False,True,True,,,,,,,,15,4.0,500.0,,,,
882,0.7297740815977966,1,rf,chemberta,esm2_3B,False,linker_only,False,True,False,True,True,,,,,,,,15,4.0,500.0,,,,
951,0.7294520933856817,1,rf,chemberta,esm2_3B,False,linker_only,False,True,False,True,True,,,,,,,,15,5.0,500.0,,,,
967,0.7278827265886716,1,rf,chemberta,esm2_3B,False,linker_only,False,True,False,True,True,,,,,,,,15,5.0,500.0,,,,
973,0.7278095865740682,1,rf,chemberta,esm2_3B,False,linker_only,False,True,False,True,True,,,,,,,,15,5.0,500.0,,,,
853,0.7277049650295903,1,rf,chemberta,esm2_3B,False,linker_only,False,True,False,True,True,,,,,,,,15,4.0,500.0,,,,
833,0.7275929686225235,1,rf,chemberta,esm2_3B,False,linker_only,False,True,False,True,True,,,,,,,,15,4.0,500.0,,,,
847,0.7270165956222253,1,rf,chemberta,esm2_3B,False,linker_only,False,True,False,True,True,,,,,,,,15,4.0,500.0,,,,
955,0.7268953371293398,1,rf,chemberta,esm2_3B,False,linker_only,False,True,False,True,True,,,,,,,,15,5.0,500.0,,,,
912,0.7267280894200632,1,rf,chemberta,esm2_3B,False,linker_only,False,True,False,True,True,,,,,,,,15,5.0,500.0,,,,
762,0.7266923946634078,1,rf,chemberta,esm2_3B,False,linker_only,False,True,False,True,True,,,,,,,,15,3.0,500.0,,,,
54,0.7264911612464195,1,rf,chemberta,esm2_650M,False,none,False,False,False,True,True,,,,,,,,none,6.0,500.0,,,,
835,0.7264866985460443,1,rf,chemberta,esm2_3B,False,linker_only,False,True,False,True,True,,,,,,,,15,4.0,500.0,,,,
21,0.7262939382109397,1,attention,morgan_1024_r2,esm2_3B,True,all_fragments,True,False,False,True,False,0.18818160834354375,0.0012966233293794217,,,,,,,,,,,,
778,0.7256983455643113,1,rf,chemberta,esm2_3B,False,linker_only,False,True,False,True,True,,,,,,,,15,4.0,500.0,,,,
824,0.7256876798697198,1,rf,chemberta,esm2_3B,False,linker_only,False,True,False,True,True,,,,,,,,15,4.0,500.0,,,,
487,0.725413592702985,1,rf,rdkit_200,esm2_8M,True,all_fragments,True,False,True,True,True,,,,,,,,15,5.0,200.0,,,,
452,0.7251807312150134,1,xgboost,chemberta,esm2_3B,False,linker_only,False,False,True,True,False,,,,,,,,,,,0.11767495695465047,5.0,200.0,0.8570509338248906
956,0.7251594318327739,1,rf,chemberta,esm2_3B,False,linker_only,False,True,False,True,True,,,,,,,,15,5.0,500.0,,,,
818,0.7248800046166489,1,rf,chemberta,esm2_3B,False,linker_only,False,True,False,True,True,,,,,,,,15,4.0,500.0,,,,
894,0.7245858468434399,1,rf,chemberta,esm2_3B,False,linker_only,False,True,False,True,True,,,,,,,,15,4.0,500.0,,,,
756,0.7245548561546247,1,rf,chemberta,esm2_3B,False,linker_only,False,True,False,True,True,,,,,,,,15,3.0,500.0,,,,
944,0.7242768547849662,1,rf,chemberta,esm2_3B,False,linker_only,False,True,False,True,True,,,,,,,,15,5.0,500.0,,,,
790,0.7242343831426695,1,rf,chemberta,esm2_3B,False,linker_only,False,True,False,True,True,,,,,,,,15,3.0,500.0,,,,
879,0.7240673744448559,1,rf,chemberta,esm2_3B,False,linker_only,False,True,False,True,True,,,,,,,,15,4.0,500.0,,,,
792,0.7238750405053033,1,rf,chemberta,esm2_3B,False,linker_only,False,True,False,True,True,,,,,,,,15,3.0,500.0,,,,
774,0.7235532715901908,1,rf,chemberta,esm2_3B,False,linker_only,False,True,False,True,True,,,,,,,,15,3.0,500.0,,,,
953,0.7234724230982779,1,rf,chemberta,esm2_3B,False,linker_only,False,True,False,True,True,,,,,,,,15,5.0,500.0,,,,
820,0.7233202059036082,1,rf,chemberta,esm2_3B,False,linker_only,False,True,False,True,True,,,,,,,,15,4.0,500.0,,,,
858,0.7230930157149463,1,rf,chemberta,esm2_3B,False,linker_only,False,True,False,True,True,,,,,,,,15,4.0,500.0,,,,
863,0.722638258127829,1,rf,chemberta,esm2_3B,False,linker_only,False,True,False,True,True,,,,,,,,15,4.0,500.0,,,,
886,0.7226284938400274,1,rf,chemberta,esm2_3B,False,linker_only,False,True,False,True,True,,,,,,,,15,4.0,500.0,,,,
322,0.722565336252718,1,mlp,maccs_167,esm2_3B,False,none,False,True,False,True,True,,,64.0,0.3010005616725357,256.0,1.0,0.0022960245833125157,,,,,,,
763,0.7224187608653853,1,rf,chemberta,esm2_3B,False,linker_only,False,True,False,True,True,,,,,,,,15,3.0,500.0,,,,
364,0.7223678539516997,1,rf,maccs_167,esm2_3B,True,all_fragments,True,True,True,True,False,,,,,,,,none,9.0,500.0,,,,
949,0.7223170386203057,1,rf,chemberta,esm2_3B,False,linker_only,False,True,False,True,True,,,,,,,,15,5.0,500.0,,,,
861,0.7218360115100568,1,rf,chemberta,esm2_3B,False,linker_only,False,True,False,True,True,,,,,,,,15,4.0,500.0,,,,
834,0.7214176464673618,1,rf,chemberta,esm2_3B,False,linker_only,False,True,False,True,True,,,,,,,,15,4.0,500.0,,,,
979,0.7213719659009453,1,rf,chemberta,esm2_3B,False,linker_only,False,True,False,True,True,,,,,,,,15,5.0,500.0,,,,
904,0.721113414975395,1,rf,chemberta,esm2_3B,False,linker_only,False,True,False,True,True,,,,,,,,15,4.0,500.0,,,,
896,0.7211119681185324,1,rf,chemberta,esm2_3B,False,linker_only,False,True,False,True,True,,,,,,,,15,4.0,500.0,,,,
517,0.721093576540137,1,rf,morgan_1024_r2,esm2_8M,True,linker_only,False,True,False,False,True,,,,,,,,10,2.0,100.0,,,,
319,0.7210313311948714,1,rf,rdkit_200,prot_t5_xl,False,warhead_only,True,False,False,True,False,,,,,,,,15,3.0,200.0,,,,
870,0.7207574292273846,1,rf,chemberta,esm2_3B,False,linker_only,False,True,False,True,True,,,,,,,,15,4.0,500.0,,,,
805,0.7203057478243833,1,rf,chemberta,esm2_3B,False,linker_only,False,True,False,True,True,,,,,,,,15,4.0,500.0,,,,
365,0.7203022004503222,1,mlp,morgan_1024_r2,esm2_650M,True,linker_only,False,False,False,True,True,,,32.0,0.47051053117928926,128.0,3.0,0.002280220450541609,,,,,,,
771,0.7202327445307138,1,rf,chemberta,esm2_3B,False,linker_only,False,True,False,True,True,,,,,,,,15,3.0,500.0,,,,
864,0.7201634970607141,1,rf,chemberta,esm2_3B,False,linker_only,False,True,False,True,True,,,,,,,,15,4.0,500.0,,,,
897,0.7201023542238766,1,rf,chemberta,esm2_3B,False,linker_only,False,True,False,True,True,,,,,,,,15,4.0,500.0,,,,
772,0.7199382594115253,1,rf,chemberta,esm2_3B,False,linker_only,False,True,False,True,True,,,,,,,,15,3.0,500.0,,,,
982,0.7196669993112006,1,rf,chemberta,esm2_3B,False,linker_only,False,True,False,True,True,,,,,,,,15,5.0,500.0,,,,
812,0.7189546521833846,1,rf,chemberta,esm2_3B,False,linker_only,False,True,False,True,True,,,,,,,,15,4.0,500.0,,,,
880,0.7186830748762435,1,rf,chemberta,esm2_3B,False,linker_only,False,True,False,True,True,,,,,,,,15,5.0,500.0,,,,
992,0.7184279384694267,1,rf,chemberta,esm2_3B,False,linker_only,False,True,False,True,True,,,,,,,,15,4.0,500.0,,,,
828,0.7182769529974349,1,rf,chemberta,esm2_3B,False,linker_only,False,True,False,True,True,,,,,,,,15,4.0,500.0,,,,
920,0.718053331498346,1,rf,chemberta,esm2_3B,False,linker_only,False,True,False,True,True,,,,,,,,15,5.0,500.0,,,,
651,0.7180036601458506,1,xgboost,chemberta,esm2_3B,False,all_fragments,True,True,False,True,True,,,,,,,,,,,0.20658009789648824,3.0,100.0,0.7022571899901788
852,0.717751472618665,1,rf,chemberta,esm2_3B,False,linker_only,False,True,False,True,True,,,,,,,,15,4.0,500.0,,,,
135,0.7176698200091702,1,rf,chemberta,prot_t5_xl,False,none,True,True,True,True,True,,,,,,,,10,8.0,500.0,,,,
271,0.7175528551938177,1,mlp,rdkit_200,esm2_650M,True,none,True,True,True,True,True,,,32.0,0.2934638252279256,64.0,2.0,0.00021232417350086584,,,,,,,
842,0.7175116338746602,1,rf,chemberta,esm2_3B,False,linker_only,False,True,False,True,True,,,,,,,,15,4.0,500.0,,,,
799,0.7174147723177351,1,rf,chemberta,esm2_3B,False,linker_only,False,True,False,True,True,,,,,,,,15,4.0,500.0,,,,
310,0.717251028392051,1,attention,morgan_1024_r2,esm2_3B,False,linker_only,True,False,True,False,True,0.4205926378230805,0.005725308643602283,,,,,,,,,,,,
887,0.7169943124553989,1,rf,chemberta,esm2_3B,False,linker_only,False,True,False,True,True,,,,,,,,15,4.0,500.0,,,,
817,0.7159912922992083,1,rf,chemberta,esm2_3B,False,linker_only,False,True,False,True,True,,,,,,,,15,4.0,500.0,,,,
8,0.715897524961624,1,rf,molformer,esm2_8M,False,warhead_only,False,True,False,False,False,,,,,,,,none,3.0,200.0,,,,
107,0.715890647465684,1,mlp,molformer,esm2_3B,True,none,False,True,False,True,True,,,128.0,0.16799850059277732,64.0,1.0,0.0004455625232912735,,,,,,,
776,0.7158226803352259,1,rf,chemberta,esm2_3B,False,linker_only,False,True,False,True,True,,,,,,,,15,3.0,500.0,,,,
921,0.7154581606320612,1,rf,chemberta,esm2_3B,False,linker_only,False,True,False,True,True,,,,,,,,15,4.0,500.0,,,,
911,0.7153820745846976,1,rf,chemberta,esm2_3B,False,linker_only,False,True,False,True,True,,,,,,,,15,5.0,500.0,,,,
63,0.7153130600233607,1,rf,morgan_2048_r2,none,True,none,True,True,False,False,True,,,,,,,,15,3.0,200.0,,,,
826,0.7152320120414013,1,rf,chemberta,esm2_3B,False,linker_only,False,True,False,True,True,,,,,,,,15,4.0,500.0,,,,
247,0.7145601287442073,1,xgboost,maccs_167,esm2_650M,True,all_fragments,True,True,True,True,True,,,,,,,,,,,0.0172912843756551,8.0,300.0,0.5376580701113407
385,0.7140678236774037,1,mlp,morgan_1024_r2,esm2_3B,True,linker_only,True,True,True,True,True,,,128.0,0.0520841574317954,128.0,1.0,0.009075260041314122,,,,,,,
977,0.7140054064162459,1,rf,chemberta,esm2_3B,False,linker_only,False,True,False,True,True,,,,,,,,15,5.0,500.0,,,,
910,0.7139099222934686,1,rf,chemberta,esm2_3B,False,linker_only,False,True,False,True,True,,,,,,,,15,5.0,500.0,,,,
952,0.7138421129676404,1,rf,chemberta,esm2_3B,False,linker_only,False,True,False,True,True,,,,,,,,15,5.0,500.0,,,,
370,0.7137811873674264,1,xgboost,morgan_2048_r2,esm2_3B,False,linker_only,False,True,True,False,True,,,,,,,,,,,0.07265441061699474,5.0,200.0,0.7502844057679288
891,0.7131260604861879,1,rf,chemberta,esm2_3B,False,linker_only,False,True,False,True,True,,,,,,,,15,4.0,500.0,,,,
928,0.7130577388174395,1,rf,chemberta,esm2_3B,False,linker_only,False,True,False,True,True,,,,,,,,15,4.0,500.0,,,,
798,0.7129375992839909,1,rf,chemberta,esm2_3B,False,linker_only,False,True,False,True,True,,,,,,,,15,4.0,500.0,,,,
257,0.7128310402732244,1,xgboost,rdkit_200,esm2_3B,False,warhead_only,False,True,False,False,False,,,,,,,,,,,0.0445300153183814,7.0,300.0,0.6519366153698486
934,0.7127942180154918,1,rf,chemberta,esm2_3B,False,linker_only,False,True,False,True,True,,,,,,,,15,5.0,500.0,,,,
845,0.7123708130344943,1,rf,chemberta,esm2_3B,False,linker_only,False,True,False,True,True,,,,,,,,15,4.0,500.0,,,,
781,0.7122265267027246,1,rf,chemberta,esm2_3B,False,linker_only,False,True,False,True,True,,,,,,,,15,4.0,500.0,,,,
937,0.7120374401781171,1,rf,chemberta,esm2_3B,False,linker_only,False,True,False,True,True,,,,,,,,15,5.0,500.0,,,,
876,0.7116539503653263,1,rf,chemberta,esm2_3B,False,linker_only,False,True,False,True,True,,,,,,,,15,4.0,500.0,,,,
958,0.7116454605209436,1,rf,chemberta,esm2_3B,False,linker_only,False,True,False,True,True,,,,,,,,15,5.0,500.0,,,,
529,0.7115854019547128,1,xgboost,morgan_1024_r2,prot_t5_xl,True,all_fragments,False,True,False,False,True,,,,,,,,,,,0.06820661174830249,10.0,100.0,0.6573450763811362
838,0.7112981138694672,1,rf,chemberta,esm2_3B,False,linker_only,False,True,False,True,True,,,,,,,,15,4.0,500.0,,,,
754,0.7111243199221059,1,rf,chemberta,esm2_3B,False,linker_only,False,True,False,True,True,,,,,,,,15,3.0,500.0,,,,
871,0.7109275700797713,1,rf,chemberta,esm2_3B,False,linker_only,False,True,False,True,True,,,,,,,,15,4.0,500.0,,,,
927,0.7108933879937648,1,rf,chemberta,esm2_3B,False,linker_only,False,True,False,True,True,,,,,,,,15,5.0,500.0,,,,
990,0.7106780938649038,1,rf,chemberta,esm2_3B,False,linker_only,False,True,False,True,True,,,,,,,,15,4.0,500.0,,,,
873,0.710478070606306,1,rf,chemberta,esm2_3B,False,linker_only,False,True,False,True,True,,,,,,,,15,5.0,500.0,,,,
983,0.7104657689578159,1,rf,chemberta,esm2_3B,False,linker_only,False,True,False,True,True,,,,,,,,15,6.0,500.0,,,,
969,0.7102928087925434,1,rf,chemberta,esm2_3B,False,linker_only,False,True,False,True,True,,,,,,,,15,6.0,500.0,,,,
791,0.7100606132421964,1,rf,chemberta,esm2_3B,False,linker_only,False,True,False,True,True,,,,,,,,15,3.0,500.0,,,,
769,0.709987184576152,1,rf,chemberta,esm2_3B,False,linker_only,False,True,False,True,True,,,,,,,,15,3.0,500.0,,,,
963,0.7098880193623315,1,rf,chemberta,esm2_3B,False,linker_only,False,True,False,True,True,,,,,,,,15,5.0,500.0,,,,
376,0.7096530193955702,1,rf,chemberta,esm2_35M,False,linker_only,True,False,True,True,False,,,,,,,,none,7.0,200.0,,,,
906,0.7095595744794724,1,rf,chemberta,esm2_3B,False,linker_only,False,True,False,True,True,,,,,,,,15,4.0,500.0,,,,
20,0.7093316774374443,1,rf,chemberta,prot_t5_xl,True,all_fragments,False,False,False,False,True,,,,,,,,15,2.0,500.0,,,,
974,0.7087651939798025,1,rf,chemberta,esm2_3B,False,linker_only,False,True,False,True,True,,,,,,,,15,5.0,500.0,,,,
803,0.708285676655192,1,rf,chemberta,esm2_3B,False,linker_only,False,True,False,True,True,,,,,,,,15,4.0,500.0,,,,
288,0.7081815742932404,1,rf,chemberta,prot_t5_xl,False,all_fragments,True,False,True,True,False,,,,,,,,15,6.0,200.0,,,,
869,0.708150231620863,1,rf,chemberta,esm2_3B,False,linker_only,False,True,False,True,True,,,,,,,,15,4.0,500.0,,,,
854,0.7080193794604237,1,rf,chemberta,esm2_3B,False,linker_only,False,True,False,True,True,,,,,,,,15,4.0,500.0,,,,
959,0.7078748789074394,1,rf,chemberta,esm2_3B,False,linker_only,False,True,False,True,True,,,,,,,,15,5.0,500.0,,,,
765,0.7078730334674636,1,rf,chemberta,esm2_3B,False,linker_only,False,True,False,True,True,,,,,,,,15,3.0,500.0,,,,
782,0.707756229163966,1,rf,chemberta,esm2_3B,False,linker_only,False,True,False,True,True,,,,,,,,15,3.0,500.0,,,,
939,0.707494880423632,1,rf,chemberta,esm2_3B,False,linker_only,False,True,False,True,True,,,,,,,,15,5.0,500.0,,,,
406,0.7074759391505953,1,xgboost,chemberta,esm2_650M,True,warhead_only,True,False,True,True,False,,,,,,,,,,,0.019191107017039865,5.0,300.0,0.9929510029745541
999,0.707469067564926,1,rf,chemberta,esm2_3B,False,linker_only,False,True,False,True,True,,,,,,,,15,4.0,500.0,,,,
935,0.7074083652362043,1,rf,chemberta,esm2_3B,False,linker_only,False,True,False,True,True,,,,,,,,15,5.0,500.0,,,,
836,0.7070369612819961,1,rf,chemberta,esm2_3B,False,linker_only,False,True,False,True,True,,,,,,,,15,4.0,500.0,,,,
865,0.7068933770442615,1,rf,chemberta,esm2_3B,False,linker_only,False,True,False,True,True,,,,,,,,15,5.0,500.0,,,,
917,0.7068732836078532,1,rf,chemberta,esm2_3B,False,linker_only,False,True,False,True,True,,,,,,,,15,4.0,500.0,,,,
954,0.7064482270157821,1,rf,chemberta,esm2_3B,False,linker_only,False,True,False,True,True,,,,,,,,15,5.0,500.0,,,,
388,0.706140434802867,1,attention,rdkit_200,esm2_35M,True,none,True,True,True,True,False,0.49606857428345424,0.004026460703157014,,,,,,,,,,,,
649,0.7059919121820958,1,rf,morgan_2048_r2,none,True,none,True,True,False,False,True,,,,,,,,15,3.0,200.0,,,,
296,0.7059821335889057,1,rf,maccs_167,none,False,none,True,True,False,False,True,,,,,,,,10,9.0,100.0,,,,
52,0.7058276462499034,1,rf,chemberta,esm2_650M,True,all_fragments,False,True,True,True,True,,,,,,,,15,2.0,100.0,,,,
972,0.7057447611253141,1,rf,chemberta,esm2_3B,False,linker_only,False,True,False,True,True,,,,,,,,15,5.0,500.0,,,,
987,0.705507333291039,1,rf,chemberta,esm2_3B,False,linker_only,False,True,False,True,True,,,,,,,,15,4.0,500.0,,,,
830,0.7053558253027504,1,rf,chemberta,esm2_3B,False,linker_only,False,True,False,True,True,,,,,,,,15,4.0,500.0,,,,
943,0.705296851650594,1,rf,chemberta,esm2_3B,False,linker_only,False,True,False,True,True,,,,,,,,15,5.0,500.0,,,,
638,0.7052020968423869,1,rf,chemberta,esm2_650M,True,all_fragments,False,True,True,True,True,,,,,,,,15,2.0,100.0,,,,
793,0.7051602028625701,1,rf,chemberta,esm2_3B,False,linker_only,False,True,False,True,True,,,,,,,,15,4.0,500.0,,,,
186,0.7050007430734792,1,rf,chemberta,esm2_150M,False,warhead_only,False,True,False,True,False,,,,,,,,none,4.0,200.0,,,,
872,0.7045013757401594,1,rf,chemberta,esm2_3B,False,linker_only,False,True,False,True,True,,,,,,,,15,4.0,500.0,,,,
168,0.7043620742845493,1,rf,chemberta,esm2_650M,False,none,False,False,True,False,True,,,,,,,,10,5.0,200.0,,,,
925,0.7042970555595721,1,rf,chemberta,esm2_3B,False,linker_only,False,True,False,True,True,,,,,,,,15,4.0,500.0,,,,
811,0.7040471981716248,1,rf,chemberta,esm2_3B,False,linker_only,False,True,False,True,True,,,,,,,,15,4.0,500.0,,,,
640,0.7040443341280548,1,rf,chemberta,esm2_650M,False,none,False,False,False,True,True,,,,,,,,none,6.0,500.0,,,,
968,0.7039796119153955,1,rf,chemberta,esm2_3B,False,linker_only,False,True,False,True,True,,,,,,,,15,5.0,500.0,,,,
445,0.7039648190891745,1,rf,chemberta,esm2_35M,True,none,True,False,False,False,False,,,,,,,,10,2.0,500.0,,,,
806,0.7038499181299418,1,rf,chemberta,esm2_3B,False,linker_only,False,True,False,True,True,,,,,,,,15,4.0,500.0,,,,
353,0.7037131296295877,1,rf,chemberta,esm2_35M,False,linker_only,True,True,False,True,True,,,,,,,,15,6.0,100.0,,,,
510,0.7036548345139554,1,rf,chemberta,esm2_8M,False,all_fragments,False,True,True,True,True,,,,,,,,15,10.0,200.0,,,,
284,0.7034617717544883,1,attention,morgan_2048_r2,esm2_8M,False,warhead_only,True,False,False,False,False,0.17549875403336657,0.006394156159245109,,,,,,,,,,,,
761,0.7033582221817966,1,rf,chemberta,esm2_3B,False,linker_only,False,True,False,True,True,,,,,,,,15,3.0,500.0,,,,
621,0.7033428209158752,1,rf,chemberta,esm2_3B,True,all_fragments,True,True,False,True,True,,,,,,,,10,4.0,500.0,,,,
907,0.7030943726322456,1,rf,chemberta,esm2_3B,False,linker_only,False,True,False,True,True,,,,,,,,15,4.0,500.0,,,,
263,0.7028560159937094,1,attention,morgan_2048_r2,prot_t5_xl,True,none,True,False,False,True,False,0.22948279897551693,0.007290487890659367,,,,,,,,,,,,
938,0.7026255170348196,1,rf,chemberta,esm2_3B,False,linker_only,False,True,False,True,True,,,,,,,,15,5.0,500.0,,,,
941,0.7023409586474488,1,rf,chemberta,esm2_3B,False,linker_only,False,True,False,True,True,,,,,,,,15,5.0,500.0,,,,
352,0.7023352120117129,1,rf,chemberta,esm2_150M,False,linker_only,False,True,False,False,False,,,,,,,,10,5.0,100.0,,,,
899,0.7022332114870127,1,rf,chemberta,esm2_3B,False,linker_only,False,True,False,True,True,,,,,,,,15,4.0,500.0,,,,
518,0.7019551250018343,1,rf,chemberta,esm2_3B,True,linker_only,True,False,True,False,False,,,,,,,,15,5.0,500.0,,,,
777,0.7018922793820628,1,rf,chemberta,esm2_3B,False,linker_only,False,True,False,True,True,,,,,,,,15,3.0,500.0,,,,
143,0.7015560301232907,1,mlp,morgan_1024_r2,prostt5,True,warhead_only,True,False,False,False,False,,,128.0,0.41081282360563776,64.0,1.0,0.003682357714570764,,,,,,,
472,0.7015309923097443,1,rf,rdkit_200,none,False,none,True,True,False,True,True,,,,,,,,10,2.0,500.0,,,,
875,0.7014926606476326,1,rf,chemberta,esm2_3B,False,linker_only,False,True,False,True,True,,,,,,,,15,4.0,500.0,,,,
175,0.7011222663112558,1,mlp,morgan_2048_r2,esm2_8M,True,all_fragments,True,False,True,False,False,,,128.0,0.3385964022167846,128.0,2.0,0.00014570050458877622,,,,,,,
810,0.7010061618884292,1,rf,chemberta,esm2_3B,False,linker_only,False,True,False,True,True,,,,,,,,15,4.0,500.0,,,,
807,0.7009767443110612,1,rf,chemberta,esm2_3B,False,linker_only,False,True,False,True,True,,,,,,,,15,4.0,500.0,,,,
923,0.7009479010407508,1,rf,chemberta,esm2_3B,False,linker_only,False,True,False,True,True,,,,,,,,15,5.0,500.0,,,,
981,0.7009047981899887,1,rf,chemberta,esm2_3B,False,linker_only,False,True,False,True,True,,,,,,,,15,5.0,500.0,,,,
534,0.7008730078564703,1,attention,rdkit_200,esm2_35M,True,none,True,False,True,True,True,0.40679618449534816,0.0002544150487591175,,,,,,,,,,,,
918,0.7006998889674468,1,rf,chemberta,esm2_3B,False,linker_only,False,True,False,True,True,,,,,,,,15,5.0,500.0,,,,
815,0.7005006720520247,1,rf,chemberta,esm2_3B,False,linker_only,False,True,False,True,True,,,,,,,,15,4.0,500.0,,,,
976,0.7004820324196384,1,rf,chemberta,esm2_3B,False,linker_only,False,True,False,True,True,,,,,,,,15,5.0,500.0,,,,
794,0.7004586690479777,1,rf,chemberta,esm2_3B,False,linker_only,False,True,False,True,True,,,,,,,,15,3.0,500.0,,,,
913,0.7003730621474856,1,rf,chemberta,esm2_3B,False,linker_only,False,True,False,True,True,,,,,,,,15,5.0,500.0,,,,
829,0.7003158905143639,1,rf,chemberta,esm2_3B,False,linker_only,False,True,False,True,True,,,,,,,,15,4.0,500.0,,,,
313,0.7002643800875934,1,attention,morgan_2048_r2,esm2_3B,False,none,True,True,False,True,False,0.11517593130415321,0.0014270974942702365,,,,,,,,,,,,
100,0.7000057026851871,1,rf,molformer,prot_t5_xl,True,none,False,True,False,True,True,,,,,,,,15,2.0,200.0,,,,
892,0.6992523682245985,1,rf,chemberta,esm2_3B,False,linker_only,False,True,False,True,True,,,,,,,,15,5.0,500.0,,,,
878,0.698915890919431,1,rf,chemberta,esm2_3B,False,linker_only,False,True,False,True,True,,,,,,,,15,4.0,500.0,,,,
339,0.6988417908463329,1,xgboost,maccs_167,esm2_3B,True,all_fragments,False,True,False,True,True,,,,,,,,,,,0.06405725008169189,6.0,300.0,0.6508129741139481
713,0.6988261158998964,1,rf,rdkit_200,none,False,all_fragments,True,True,False,False,False,,,,,,,,none,6.0,200.0,,,,
839,0.6987806733628393,1,rf,chemberta,esm2_3B,False,linker_only,False,True,False,True,True,,,,,,,,15,4.0,500.0,,,,
819,0.6983080730278218,1,rf,chemberta,esm2_3B,False,linker_only,False,True,False,True,True,,,,,,,,15,4.0,500.0,,,,
998,0.697693478408776,1,rf,chemberta,esm2_3B,False,linker_only,False,True,False,True,True,,,,,,,,15,5.0,500.0,,,,
347,0.697536405424613,1,mlp,morgan_1024_r2,esm2_150M,False,all_fragments,False,True,False,True,False,,,128.0,0.135808524938772,256.0,1.0,0.0003500183841173374,,,,,,,
964,0.6972563816764643,1,rf,chemberta,esm2_3B,False,linker_only,False,True,False,True,True,,,,,,,,15,5.0,500.0,,,,
766,0.6972522111539925,1,rf,chemberta,esm2_3B,False,linker_only,False,True,False,True,True,,,,,,,,15,3.0,500.0,,,,
444,0.697107204767293,1,xgboost,chemberta,esm2_3B,True,linker_only,True,False,True,True,False,,,,,,,,,,,0.028216726719952456,8.0,300.0,0.6110353797871566
273,0.6968367328400951,1,xgboost,rdkit_200,esm2_35M,True,warhead_only,False,False,False,False,False,,,,,,,,,,,0.05661312573873456,8.0,300.0,0.9070378528733325
188,0.6967049755021061,1,rf,rdkit_200,none,False,none,True,False,False,False,False,,,,,,,,15,2.0,200.0,,,,
128,0.6963887765576738,1,attention,rdkit_200,esm2_35M,False,linker_only,True,False,False,True,False,0.4183210774057629,0.0002115828780679039,,,,,,,,,,,,
788,0.696242732389486,1,rf,chemberta,esm2_3B,False,linker_only,False,True,False,True,True,,,,,,,,15,4.0,500.0,,,,
916,0.6960700701381071,1,rf,chemberta,esm2_3B,False,linker_only,False,True,False,True,True,,,,,,,,15,5.0,500.0,,,,
202,0.6955888408047265,1,xgboost,morgan_2048_r2,esm2_150M,False,none,True,True,False,True,False,,,,,,,,,,,0.061173481408630014,9.0,100.0,0.5447739691385747
971,0.6954269629300802,1,rf,chemberta,esm2_3B,False,linker_only,False,True,False,True,True,,,,,,,,15,5.0,500.0,,,,
606,0.6950798498192363,1,rf,chemberta,prot_t5_xl,True,all_fragments,False,False,False,False,True,,,,,,,,15,2.0,500.0,,,,
687,0.6950509121074916,1,rf,maccs_167,esm2_8M,True,all_fragments,False,False,True,False,True,,,,,,,,15,5.0,200.0,,,,
127,0.6949800931726844,1,rf,rdkit_200,none,False,all_fragments,True,True,False,False,False,,,,,,,,none,6.0,200.0,,,,
315,0.6949532080958465,1,rf,morgan_1024_r2,esm2_35M,True,all_fragments,True,True,True,True,False,,,,,,,,15,2.0,500.0,,,,
929,0.6948456904263919,1,rf,chemberta,esm2_3B,False,linker_only,False,True,False,True,True,,,,,,,,15,4.0,500.0,,,,
594,0.6948319963361936,1,rf,molformer,esm2_8M,False,warhead_only,False,True,False,False,False,,,,,,,,none,3.0,200.0,,,,
690,0.6947461282800419,1,mlp,morgan_1024_r2,esm2_3B,True,none,True,True,True,True,True,,,128.0,0.44370048230119774,128.0,1.0,0.0018825862400966306,,,,,,,
367,0.6947381156361274,1,attention,morgan_2048_r2,none,False,none,False,False,False,False,True,0.15479546303889746,0.008351788242064445,,,,,,,,,,,,
960,0.6947159530198247,1,rf,chemberta,esm2_3B,False,linker_only,False,True,False,True,True,,,,,,,,15,5.0,500.0,,,,
451,0.694546450706764,1,mlp,rdkit_200,prot_t5_xl,True,none,True,False,True,True,False,,,32.0,0.429771033805051,128.0,3.0,0.00015379485618223314,,,,,,,
785,0.6940419274632729,1,rf,chemberta,esm2_3B,False,linker_only,False,True,False,True,True,,,,,,,,15,4.0,500.0,,,,
380,0.6939589100247417,1,rf,morgan_1024_r2,none,True,linker_only,True,False,True,False,True,,,,,,,,15,10.0,500.0,,,,
881,0.6937279930355909,1,rf,chemberta,esm2_3B,False,linker_only,False,True,False,True,True,,,,,,,,15,4.0,500.0,,,,
902,0.6932155897824579,1,rf,chemberta,esm2_3B,False,linker_only,False,True,False,True,True,,,,,,,,15,4.0,500.0,,,,
773,0.6931012353259668,1,rf,chemberta,esm2_3B,False,linker_only,False,True,False,True,True,,,,,,,,15,3.0,500.0,,,,
942,0.6929527530235419,1,rf,chemberta,esm2_3B,False,linker_only,False,True,False,True,True,,,,,,,,15,6.0,500.0,,,,
704,0.6929371570797503,1,xgboost,rdkit_200,none,True,warhead_only,True,True,False,False,False,,,,,,,,,,,0.10831565219360116,8.0,100.0,0.8394272620530543
995,0.6928294604855456,1,rf,chemberta,esm2_3B,False,linker_only,False,True,False,True,True,,,,,,,,15,6.0,500.0,,,,
632,0.6924915889006307,1,rf,morgan_1024_r2,esm2_650M,True,warhead_only,False,True,True,True,False,,,,,,,,10,2.0,500.0,,,,
335,0.6922817732655971,1,xgboost,molformer,esm2_650M,False,all_fragments,False,True,False,False,True,,,,,,,,,,,0.07662011109016217,6.0,300.0,0.504364893956647
58,0.692120378549377,1,xgboost,maccs_167,esm2_35M,False,warhead_only,False,True,False,True,True,,,,,,,,,,,0.01156030278183712,10.0,200.0,0.5497201286274425
356,0.6920059174920196,1,mlp,rdkit_200,esm2_35M,False,linker_only,True,True,True,True,True,,,128.0,0.3241570069600913,64.0,2.0,0.0002952582791017114,,,,,,,
33,0.6914343369493634,1,rf,morgan_2048_r2,none,False,all_fragments,True,True,True,True,True,,,,,,,,none,8.0,200.0,,,,
888,0.6910157651399351,1,rf,chemberta,esm2_3B,False,linker_only,False,True,False,True,True,,,,,,,,15,4.0,500.0,,,,
789,0.6909013695990585,1,rf,chemberta,esm2_3B,False,linker_only,False,True,False,True,True,,,,,,,,15,3.0,500.0,,,,
957,0.6903290636415292,1,rf,chemberta,esm2_3B,False,linker_only,False,True,False,True,True,,,,,,,,15,6.0,500.0,,,,
582,0.6900609482674007,1,xgboost,morgan_2048_r2,esm2_35M,False,warhead_only,False,True,False,True,True,,,,,,,,,,,0.111763223164773,9.0,200.0,0.8607789482410848
371,0.6898024326115788,1,xgboost,maccs_167,esm2_150M,True,none,False,True,False,True,True,,,,,,,,,,,0.22625488850423742,10.0,300.0,0.7081633039845736
775,0.6896769969046381,1,rf,chemberta,esm2_3B,False,linker_only,False,True,False,True,True,,,,,,,,15,3.0,500.0,,,,
924,0.6896266074816746,1,rf,chemberta,esm2_3B,False,linker_only,False,True,False,True,True,,,,,,,,15,4.0,500.0,,,,
43,0.6895752705185118,1,rf,morgan_1024_r2,esm2_8M,False,none,True,False,True,False,True,,,,,,,,10,6.0,200.0,,,,
752,0.689417993813555,1,rf,morgan_1024_r2,esm2_3B,False,linker_only,False,True,False,True,True,,,,,,,,15,3.0,200.0,,,,
706,0.6892789189187617,1,attention,morgan_2048_r2,ankh_large,False,none,False,True,False,False,True,0.3100494949681883,0.00012886786040288133,,,,,,,,,,,,
770,0.689240670006583,1,rf,chemberta,esm2_3B,False,linker_only,False,True,False,True,True,,,,,,,,15,3.0,500.0,,,,
505,0.6890998096218629,1,xgboost,maccs_167,esm2_8M,True,none,True,False,True,True,False,,,,,,,,,,,0.19321219157454197,9.0,200.0,0.6639209882534192
101,0.6889156060607332,1,rf,maccs_167,esm2_8M,True,all_fragments,False,False,True,False,True,,,,,,,,15,5.0,200.0,,,,
797,0.6888077743390554,1,rf,chemberta,esm2_3B,False,linker_only,False,True,False,True,True,,,,,,,,15,4.0,500.0,,,,
120,0.6887389679445285,1,attention,morgan_2048_r2,ankh_large,False,none,False,True,False,False,True,0.3100494949681883,0.00012886786040288133,,,,,,,,,,,,
922,0.6886222813302775,1,rf,chemberta,esm2_3B,False,linker_only,False,True,False,True,True,,,,,,,,15,5.0,500.0,,,,
985,0.6886099609866787,1,rf,chemberta,esm2_3B,False,linker_only,False,True,False,True,True,,,,,,,,15,4.0,500.0,,,,
883,0.6885923100852048,1,rf,chemberta,esm2_3B,False,linker_only,False,True,False,True,True,,,,,,,,15,4.0,500.0,,,,
17,0.6885326165675933,1,rf,chemberta,ankh_large,False,none,False,True,True,True,True,,,,,,,,10,9.0,500.0,,,,
329,0.6881977490322609,1,xgboost,maccs_167,esm2_3B,False,all_fragments,True,True,True,True,True,,,,,,,,,,,0.012907376399755883,7.0,100.0,0.8317682560563946
435,0.6879860481427251,1,attention,morgan_1024_r2,prostt5,True,linker_only,True,False,False,False,True,0.28163521391066715,0.0034439442688769337,,,,,,,,,,,,
617,0.6879659834636548,1,xgboost,maccs_167,esm2_150M,True,linker_only,False,True,False,True,True,,,,,,,,,,,0.12673705818099346,7.0,200.0,0.7709855308857207
340,0.6879602514386568,1,xgboost,chemberta,esm2_150M,False,all_fragments,True,False,True,False,False,,,,,,,,,,,0.2654510784792934,6.0,200.0,0.7803241250177548
749,0.6876978366697043,1,rf,morgan_1024_r2,none,False,none,False,False,False,True,True,,,,,,,,none,3.0,100.0,,,,
831,0.6876151915791114,1,rf,chemberta,esm2_3B,False,linker_only,False,True,False,True,True,,,,,,,,15,4.0,500.0,,,,
753,0.687266982080552,1,rf,morgan_1024_r2,esm2_3B,True,linker_only,False,True,False,True,True,,,,,,,,15,3.0,200.0,,,,
70,0.6870449487578975,1,mlp,morgan_2048_r2,esm2_35M,True,warhead_only,True,False,True,True,True,,,32.0,0.05938885719924253,256.0,2.0,0.00014597819994336786,,,,,,,
901,0.6868458055496345,1,rf,chemberta,esm2_3B,False,linker_only,False,True,False,True,True,,,,,,,,15,4.0,500.0,,,,
564,0.6868199256124796,1,xgboost,morgan_2048_r2,esm2_8M,False,none,True,False,False,True,False,,,,,,,,,,,0.012096592025616745,8.0,300.0,0.8535060746023896
277,0.6865266673481945,1,xgboost,morgan_1024_r2,esm2_8M,False,linker_only,False,False,False,False,True,,,,,,,,,,,0.05002296561735541,9.0,100.0,0.7024199245545305
35,0.6864429754421795,1,rf,chemberta,esm2_3B,True,all_fragments,True,True,False,True,True,,,,,,,,10,4.0,500.0,,,,
333,0.6864245838094142,1,attention,morgan_1024_r2,esm2_8M,True,linker_only,True,True,True,False,True,0.3179491239060354,0.001479027582301086,,,,,,,,,,,,
235,0.686217091803647,1,xgboost,molformer,none,True,none,True,True,True,False,True,,,,,,,,,,,0.03558697684629672,8.0,200.0,0.7301565671186421
402,0.6861889852036339,1,rf,chemberta,prostt5,False,linker_only,False,True,True,True,True,,,,,,,,10,5.0,200.0,,,,
496,0.6856454098912477,1,xgboost,morgan_1024_r2,ankh_large,True,warhead_only,True,True,True,True,True,,,,,,,,,,,0.26002430122477127,10.0,100.0,0.98744031773224
787,0.6851967618938047,1,rf,chemberta,esm2_3B,False,linker_only,False,True,False,True,True,,,,,,,,15,4.0,500.0,,,,
841,0.6850381784262863,1,rf,chemberta,esm2_3B,False,linker_only,False,True,False,True,True,,,,,,,,15,4.0,500.0,,,,
482,0.6850356035054024,1,xgboost,morgan_2048_r2,prostt5,False,linker_only,True,True,False,True,False,,,,,,,,,,,0.07861507744527436,9.0,100.0,0.8540930730085834
709,0.6850249870824207,1,xgboost,chemberta,esm2_650M,True,linker_only,True,False,False,True,False,,,,,,,,,,,0.22103659905147738,10.0,300.0,0.7482430740658295
903,0.6849958315438399,1,rf,chemberta,esm2_3B,False,linker_only,False,True,False,True,True,,,,,,,,15,4.0,500.0,,,,
666,0.6849101852737279,1,rf,rdkit_200,ankh_large,True,linker_only,True,True,False,False,True,,,,,,,,none,8.0,500.0,,,,
194,0.6848586907489469,1,rf,maccs_167,prostt5,True,linker_only,True,True,False,True,False,,,,,,,,none,2.0,100.0,,,,
767,0.6848446091724222,1,rf,chemberta,esm2_3B,False,linker_only,False,True,False,True,True,,,,,,,,15,3.0,500.0,,,,
877,0.6847403624301148,1,rf,chemberta,esm2_3B,False,linker_only,False,True,False,True,True,,,,,,,,15,4.0,500.0,,,,
674,0.6846736241463472,1,xgboost,morgan_1024_r2,esm2_150M,False,all_fragments,True,False,True,True,True,,,,,,,,,,,0.1336346533362797,4.0,100.0,0.9643040606995656
822,0.6845825359663894,1,rf,chemberta,esm2_3B,False,linker_only,False,True,False,True,True,,,,,,,,15,4.0,500.0,,,,
780,0.6845456864604026,1,rf,chemberta,esm2_3B,False,linker_only,False,True,False,True,True,,,,,,,,15,3.0,500.0,,,,
409,0.6843177881033908,1,mlp,morgan_2048_r2,esm2_3B,True,warhead_only,False,True,False,True,False,,,64.0,0.4596346129792899,256.0,3.0,0.0010659276494964414,,,,,,,
714,0.6839309425393706,1,attention,rdkit_200,esm2_35M,False,linker_only,True,False,False,True,False,0.4183210774057629,0.0002115828780679039,,,,,,,,,,,,
980,0.6836986117391602,1,rf,chemberta,esm2_3B,False,linker_only,False,True,False,True,True,,,,,,,,15,5.0,500.0,,,,
549,0.6835048942416873,1,rf,rdkit_200,esm2_3B,False,warhead_only,True,False,True,False,True,,,,,,,,6,6.0,100.0,,,,
768,0.6834407492066362,1,rf,chemberta,esm2_3B,False,linker_only,False,True,False,True,True,,,,,,,,15,3.0,500.0,,,,
146,0.6834283390219625,1,rf,chemberta,esm2_3B,True,linker_only,True,True,False,True,False,,,,,,,,none,2.0,100.0,,,,
241,0.6833053646156099,1,attention,morgan_2048_r2,esm2_35M,True,warhead_only,False,True,False,False,True,0.40609920150553885,0.0029563494350420354,,,,,,,,,,,,
163,0.683288281120017,1,rf,morgan_1024_r2,none,False,none,False,False,False,True,True,,,,,,,,none,3.0,100.0,,,,
83,0.6828775713668297,1,rf,morgan_2048_r2,prot_t5_xl,True,none,True,True,True,True,False,,,,,,,,none,8.0,500.0,,,,
25,0.6826537050149235,1,rf,morgan_1024_r2,esm2_35M,False,all_fragments,False,True,True,False,False,,,,,,,,10,7.0,500.0,,,,
345,0.6824592198564894,1,rf,rdkit_200,esm2_35M,False,none,False,False,True,True,True,,,,,,,,none,5.0,500.0,,,,
868,0.6821526083073817,1,rf,chemberta,esm2_3B,False,linker_only,False,True,False,True,True,,,,,,,,15,4.0,500.0,,,,
256,0.6821375408067607,1,xgboost,rdkit_200,esm2_150M,False,linker_only,True,True,False,False,True,,,,,,,,,,,0.03681971955064196,7.0,300.0,0.9674162234706866
813,0.6818527363094533,1,rf,chemberta,esm2_3B,False,linker_only,False,True,False,True,True,,,,,,,,15,4.0,500.0,,,,
693,0.6817082241077659,1,mlp,molformer,esm2_3B,True,none,False,True,False,True,True,,,128.0,0.16799850059277732,64.0,1.0,0.0004455625232912735,,,,,,,
7,0.6815968862458875,1,xgboost,maccs_167,esm2_35M,False,all_fragments,True,True,True,True,True,,,,,,,,,,,0.05067515590154278,7.0,300.0,0.5763358220465816
413,0.6813600494383768,1,mlp,morgan_2048_r2,esm2_35M,True,linker_only,False,True,False,True,False,,,32.0,0.1853985045297616,128.0,2.0,0.007490679028261168,,,,,,,
994,0.6813594778337617,1,rf,chemberta,esm2_3B,False,linker_only,False,True,False,True,True,,,,,,,,15,5.0,500.0,,,,
272,0.6813473315119124,1,attention,maccs_167,esm2_3B,True,none,True,True,False,True,False,0.39226520785180186,0.0002959355175503458,,,,,,,,,,,,
415,0.6811999992446973,1,xgboost,chemberta,prostt5,False,all_fragments,True,True,True,True,True,,,,,,,,,,,0.08945805908965966,9.0,100.0,0.8857303197818001
991,0.6811339083789257,1,rf,chemberta,esm2_3B,False,linker_only,False,True,False,True,True,,,,,,,,15,5.0,500.0,,,,
178,0.6809529026192375,1,rf,rdkit_200,esm2_8M,False,all_fragments,True,True,False,True,True,,,,,,,,10,5.0,200.0,,,,
915,0.6809394204730143,1,rf,chemberta,esm2_3B,False,linker_only,False,True,False,True,True,,,,,,,,15,5.0,500.0,,,,
474,0.6807990981594799,1,rf,maccs_167,none,False,none,True,True,True,False,False,,,,,,,,15,3.0,500.0,,,,
919,0.6803503232417348,1,rf,chemberta,esm2_3B,False,linker_only,False,True,False,True,True,,,,,,,,15,5.0,500.0,,,,
312,0.6801805092291239,1,xgboost,morgan_1024_r2,esm2_150M,False,linker_only,False,True,False,True,False,,,,,,,,,,,0.07190278305104297,8.0,200.0,0.9466383865219935
607,0.6801669895042242,1,attention,morgan_1024_r2,esm2_3B,True,all_fragments,True,False,False,True,False,0.18818160834354375,0.0012966233293794217,,,,,,,,,,,,
289,0.6796428401543725,1,xgboost,rdkit_200,ankh_large,True,linker_only,False,True,False,True,True,,,,,,,,,,,0.26624010717811275,9.0,200.0,0.7206886395706111
978,0.679391678683911,1,rf,chemberta,esm2_3B,False,linker_only,False,True,False,True,True,,,,,,,,15,5.0,500.0,,,,
604,0.6789183590491342,1,attention,morgan_1024_r2,esm2_3B,False,none,False,False,False,False,False,0.16015966291101563,0.008921639794027072,,,,,,,,,,,,
46,0.6787966438322466,1,rf,morgan_1024_r2,esm2_650M,True,warhead_only,False,True,True,True,False,,,,,,,,10,2.0,500.0,,,,
970,0.6783055962488029,1,rf,chemberta,esm2_3B,False,linker_only,False,True,False,True,True,,,,,,,,15,5.0,500.0,,,,
464,0.6779356499202157,1,rf,rdkit_200,esm2_650M,False,warhead_only,False,False,False,False,False,,,,,,,,none,3.0,100.0,,,,
270,0.6778745614920649,1,rf,chemberta,none,False,warhead_only,True,False,False,True,True,,,,,,,,none,9.0,100.0,,,,
755,0.6777073201818518,1,rf,morgan_1024_r2,esm2_3B,True,linker_only,False,True,False,True,True,,,,,,,,15,4.0,200.0,,,,
837,0.6775622602364116,1,rf,chemberta,esm2_3B,False,linker_only,False,True,False,True,True,,,,,,,,15,4.0,500.0,,,,
832,0.6769177607131037,1,rf,chemberta,esm2_3B,False,linker_only,False,True,False,True,True,,,,,,,,15,4.0,500.0,,,,
217,0.6768172164887927,1,attention,rdkit_200,prot_t5_xl,False,none,False,True,True,True,True,0.4748664099493792,0.002914594904482552,,,,,,,,,,,,
619,0.6767597256930523,1,rf,morgan_2048_r2,none,False,all_fragments,True,True,True,True,True,,,,,,,,none,8.0,200.0,,,,
170,0.676290608270881,1,xgboost,maccs_167,esm2_35M,True,all_fragments,False,True,False,False,False,,,,,,,,,,,0.2250607351194008,8.0,300.0,0.9402984509659509
532,0.6762671017065541,1,xgboost,rdkit_200,esm2_3B,True,none,False,True,False,False,True,,,,,,,,,,,0.07750374127960713,10.0,100.0,0.9965986322976748
555,0.6761926651857301,1,mlp,morgan_1024_r2,esm2_150M,False,none,False,False,True,True,True,,,128.0,0.051483137874447416,128.0,3.0,0.002091157961560872,,,,,,,
187,0.6761844294696343,1,xgboost,molformer,esm2_150M,True,all_fragments,True,True,True,False,False,,,,,,,,,,,0.020982701782261384,10.0,300.0,0.7192508236765329
660,0.6761347082657383,1,rf,morgan_1024_r2,esm2_650M,True,warhead_only,False,True,False,True,True,,,,,,,,10,5.0,500.0,,,,
948,0.6758834997658182,1,rf,chemberta,esm2_3B,False,linker_only,False,True,False,True,True,,,,,,,,15,5.0,500.0,,,,
889,0.675846569223024,1,rf,chemberta,esm2_3B,False,linker_only,False,True,False,True,True,,,,,,,,15,4.0,500.0,,,,
74,0.6757050424850232,1,rf,morgan_1024_r2,esm2_650M,True,warhead_only,False,True,False,True,True,,,,,,,,10,5.0,500.0,,,,
804,0.6756663547421269,1,rf,chemberta,esm2_3B,False,linker_only,False,True,False,True,True,,,,,,,,15,4.0,500.0,,,,
81,0.6755070179704197,1,mlp,morgan_1024_r2,prostt5,False,all_fragments,True,False,True,True,True,,,32.0,0.30368826947443744,128.0,2.0,0.0003757904580200971,,,,,,,
232,0.6753576745167716,1,rf,rdkit_200,none,False,linker_only,True,True,True,False,False,,,,,,,,none,4.0,100.0,,,,
576,0.6743347663232024,1,mlp,morgan_1024_r2,ankh_large,True,none,False,False,False,True,False,,,128.0,0.3619022472415709,64.0,1.0,0.009301121985231023,,,,,,,
316,0.674223843309608,1,xgboost,rdkit_200,ankh_large,False,warhead_only,True,False,False,False,False,,,,,,,,,,,0.15559020576004826,5.0,300.0,0.9753515607427996
87,0.6740467146399318,1,mlp,chemberta,prostt5,False,none,False,True,True,True,False,,,128.0,0.28136101436782346,64.0,3.0,0.0044966753339047896,,,,,,,
862,0.6734434405412074,1,rf,chemberta,esm2_3B,False,linker_only,False,True,False,True,True,,,,,,,,15,4.0,500.0,,,,
499,0.673341181888791,1,rf,maccs_167,prostt5,True,warhead_only,False,True,False,False,True,,,,,,,,none,3.0,200.0,,,,
419,0.6730732633345373,1,mlp,morgan_2048_r2,esm2_35M,True,linker_only,False,False,True,True,False,,,64.0,0.37198912319332583,64.0,2.0,0.006827999576554381,,,,,,,
466,0.672727970842055,1,rf,morgan_2048_r2,prostt5,True,linker_only,False,True,True,False,False,,,,,,,,none,6.0,500.0,,,,
801,0.6726652242320025,1,rf,chemberta,esm2_3B,False,linker_only,False,True,False,True,True,,,,,,,,15,4.0,500.0,,,,
641,0.6724571131494618,1,rf,maccs_167,prot_t5_xl,True,linker_only,True,True,False,True,False,,,,,,,,6,7.0,100.0,,,,
849,0.6722262512413409,1,rf,chemberta,esm2_3B,False,linker_only,False,True,False,True,True,,,,,,,,15,4.0,500.0,,,,
531,0.6721980441158412,1,rf,maccs_167,esm2_650M,True,warhead_only,True,True,True,False,False,,,,,,,,10,9.0,500.0,,,,
501,0.6721885869152965,1,rf,morgan_1024_r2,prot_t5_xl,False,warhead_only,False,False,True,True,True,,,,,,,,none,7.0,500.0,,,,
408,0.6718128586800312,1,xgboost,maccs_167,esm2_3B,False,none,False,True,False,True,True,,,,,,,,,,,0.05736753055263783,8.0,100.0,0.6134927571652056
287,0.6717934957490025,1,xgboost,rdkit_200,esm2_3B,False,all_fragments,True,True,True,True,True,,,,,,,,,,,0.21107766130765826,10.0,200.0,0.674391416541664
614,0.6714540762229231,1,rf,morgan_2048_r2,prostt5,False,warhead_only,True,True,True,False,False,,,,,,,,15,9.0,200.0,,,,
625,0.6713747564660537,1,mlp,maccs_167,prot_t5_xl,False,none,True,False,True,True,False,,,32.0,0.26400069831881307,128.0,3.0,0.001998923919959363,,,,,,,
758,0.6712009981305417,1,rf,chemberta,esm2_3B,False,linker_only,False,True,False,True,True,,,,,,,,15,3.0,500.0,,,,
859,0.6706909057880559,1,rf,chemberta,esm2_3B,False,linker_only,False,True,False,True,True,,,,,,,,15,4.0,500.0,,,,
795,0.6704665256510113,1,rf,chemberta,esm2_3B,False,linker_only,False,True,False,True,True,,,,,,,,15,3.0,500.0,,,,
732,0.670321455317785,1,rf,chemberta,esm2_3B,True,linker_only,True,True,False,True,False,,,,,,,,none,2.0,100.0,,,,
362,0.6701892700630322,1,rf,morgan_1024_r2,prostt5,False,all_fragments,True,False,True,True,True,,,,,,,,15,3.0,200.0,,,,
469,0.6699926828237693,1,attention,rdkit_200,esm2_8M,False,warhead_only,True,False,False,True,False,0.20789578603041936,0.00016509721488841593,,,,,,,,,,,,
430,0.669653619146925,1,mlp,morgan_2048_r2,prot_t5_xl,False,linker_only,False,False,True,False,True,,,128.0,0.29370052366154137,64.0,1.0,0.00010717907161343622,,,,,,,
557,0.6695920078435739,1,mlp,morgan_2048_r2,ankh_large,True,warhead_only,True,True,False,True,True,,,32.0,0.16522899578732186,64.0,2.0,0.001862943415344447,,,,,,,
900,0.6694968038292454,1,rf,chemberta,esm2_3B,False,linker_only,False,True,False,True,True,,,,,,,,15,5.0,500.0,,,,
42,0.6692095722654557,1,xgboost,chemberta,prostt5,False,warhead_only,False,False,True,False,False,,,,,,,,,,,0.11309142147307792,3.0,200.0,0.8269200995981274
721,0.6691847793675653,1,rf,chemberta,prot_t5_xl,False,none,True,True,True,True,True,,,,,,,,10,8.0,500.0,,,,
330,0.6691771147064013,1,xgboost,chemberta,prot_t5_xl,True,linker_only,False,False,False,False,False,,,,,,,,,,,0.26268655623718823,3.0,300.0,0.5678168105114301
416,0.6690377209091466,1,rf,rdkit_200,esm2_8M,True,linker_only,True,False,True,False,True,,,,,,,,10,5.0,500.0,,,,
850,0.6690097545787849,1,rf,chemberta,esm2_3B,False,linker_only,False,True,False,True,True,,,,,,,,15,4.0,500.0,,,,
248,0.6688476624602262,1,xgboost,molformer,esm2_8M,False,linker_only,False,True,True,True,False,,,,,,,,,,,0.045644280901123255,7.0,200.0,0.6995672673027443
15,0.6688428741534058,1,rf,rdkit_200,esm2_150M,True,linker_only,True,False,False,True,True,,,,,,,,6,8.0,100.0,,,,
855,0.6687407501252808,1,rf,chemberta,esm2_3B,False,linker_only,False,True,False,True,True,,,,,,,,15,4.0,500.0,,,,
457,0.6686399527340628,1,xgboost,molformer,none,True,all_fragments,True,True,False,True,True,,,,,,,,,,,0.05902533946200452,7.0,200.0,0.8706742534046232
860,0.6682523795059812,1,rf,chemberta,esm2_3B,False,linker_only,False,True,False,True,True,,,,,,,,15,4.0,500.0,,,,
786,0.6681539984902816,1,rf,chemberta,esm2_3B,False,linker_only,False,True,False,True,True,,,,,,,,15,4.0,500.0,,,,
118,0.6680744189865991,1,xgboost,rdkit_200,none,True,warhead_only,True,True,False,False,False,,,,,,,,,,,0.10831565219360116,8.0,100.0,0.8394272620530543
279,0.6679258635769025,1,xgboost,chemberta,ankh_large,True,linker_only,False,False,True,True,True,,,,,,,,,,,0.07492895033908759,9.0,300.0,0.5186317111854595
524,0.6678713130916726,1,mlp,morgan_1024_r2,esm2_35M,True,warhead_only,True,False,True,True,True,,,128.0,0.043908745449283804,256.0,2.0,0.00011155583669970343,,,,,,,
249,0.6677762211277681,1,rf,chemberta,none,False,warhead_only,True,False,True,False,True,,,,,,,,10,6.0,200.0,,,,
947,0.6674309070335922,1,rf,chemberta,esm2_3B,False,linker_only,False,True,False,True,True,,,,,,,,15,5.0,500.0,,,,
551,0.6673966384931783,1,xgboost,morgan_1024_r2,esm2_150M,False,none,False,False,True,False,False,,,,,,,,,,,0.03994983586952379,6.0,300.0,0.6155878427903168
728,0.6671873140652207,1,attention,morgan_2048_r2,prostt5,True,warhead_only,True,True,False,True,True,0.4569020168486183,0.0001710755635606358,,,,,,,,,,,,
327,0.6670745635731035,1,xgboost,chemberta,esm2_3B,True,warhead_only,False,False,False,True,False,,,,,,,,,,,0.013775822774885612,8.0,100.0,0.7676227767244392
14,0.6670447321715153,1,rf,molformer,none,True,linker_only,True,True,False,True,True,,,,,,,,6,5.0,100.0,,,,
940,0.6665691650771558,1,rf,chemberta,esm2_3B,False,linker_only,False,True,False,True,True,,,,,,,,15,6.0,500.0,,,,
637,0.6665630294202063,1,mlp,morgan_1024_r2,prostt5,True,all_fragments,False,True,False,True,True,,,32.0,0.07348906292746565,256.0,2.0,0.001575171201929217,,,,,,,
568,0.6665005072754616,1,xgboost,chemberta,ankh_large,True,linker_only,True,False,False,False,True,,,,,,,,,,,0.17234809541480264,3.0,200.0,0.9457526813801034
966,0.6661483900991291,1,rf,chemberta,esm2_3B,False,linker_only,False,True,False,True,True,,,,,,,,15,5.0,500.0,,,,
301,0.6657373750740454,1,xgboost,molformer,esm2_35M,True,all_fragments,False,True,False,False,False,,,,,,,,,,,0.0743953997512,5.0,200.0,0.9344455284853892
738,0.6657004113144815,1,xgboost,molformer,prostt5,False,warhead_only,False,True,True,False,False,,,,,,,,,,,0.03560208906807928,6.0,200.0,0.8521574114359551
724,0.6656105454413875,1,rf,morgan_1024_r2,ankh_large,False,none,True,False,True,True,True,,,,,,,,none,2.0,200.0,,,,
856,0.6654104470932378,1,rf,chemberta,esm2_3B,False,linker_only,False,True,False,True,True,,,,,,,,15,4.0,500.0,,,,
600,0.665392986003205,1,rf,molformer,none,True,linker_only,True,True,False,True,True,,,,,,,,6,5.0,100.0,,,,
383,0.6652700189591443,1,attention,rdkit_200,prostt5,True,linker_only,False,False,False,True,False,0.2896248255556044,0.0002390438055804352,,,,,,,,,,,,
131,0.6651835832751395,1,xgboost,morgan_2048_r2,esm2_8M,False,warhead_only,True,False,False,False,True,,,,,,,,,,,0.04351902998128953,9.0,100.0,0.5632728302189793
993,0.6646144465298883,1,rf,chemberta,esm2_3B,False,linker_only,False,True,False,True,True,,,,,,,,15,4.0,500.0,,,,
148,0.6640584212785677,1,attention,morgan_1024_r2,ankh_large,False,all_fragments,False,False,False,True,False,0.020673063258441038,0.00010367097625566931,,,,,,,,,,,,
670,0.6637731341451405,1,rf,chemberta,none,False,linker_only,False,True,True,False,False,,,,,,,,15,2.0,200.0,,,,
355,0.6636543211912167,1,xgboost,chemberta,esm2_3B,True,linker_only,True,True,False,True,False,,,,,,,,,,,0.13070401717452057,6.0,200.0,0.8714600733419419
61,0.6633284534779256,1,mlp,morgan_1024_r2,none,True,all_fragments,False,True,False,True,True,,,128.0,0.4341192857204445,128.0,3.0,0.00010716151467244026,,,,,,,
603,0.6632170086661645,1,rf,chemberta,ankh_large,False,none,False,True,True,True,True,,,,,,,,10,9.0,500.0,,,,
283,0.6632101078868329,1,xgboost,morgan_1024_r2,esm2_8M,True,all_fragments,False,True,True,True,False,,,,,,,,,,,0.0915523123722445,4.0,200.0,0.7493328652768267
467,0.6628979469382191,1,mlp,maccs_167,esm2_3B,True,all_fragments,False,True,False,True,True,,,64.0,0.23361792701744194,256.0,3.0,0.0061836210281663185,,,,,,,
104,0.6628408773406597,1,mlp,morgan_1024_r2,esm2_3B,True,none,True,True,True,True,True,,,128.0,0.44370048230119774,128.0,1.0,0.0018825862400966306,,,,,,,
537,0.6627677445260746,1,xgboost,molformer,none,True,none,False,True,True,True,False,,,,,,,,,,,0.13626679918266135,9.0,300.0,0.6075227343286194
338,0.6627673267693693,1,attention,morgan_2048_r2,esm2_150M,False,none,True,False,True,False,True,0.35044823421561677,0.0007051500593709825,,,,,,,,,,,,
655,0.6622747449316737,1,rf,morgan_1024_r2,esm2_8M,False,none,False,False,False,False,True,,,,,,,,6,9.0,200.0,,,,
142,0.6614233935398949,1,attention,morgan_2048_r2,prostt5,True,warhead_only,True,True,False,True,True,0.4569020168486183,0.0001710755635606358,,,,,,,,,,,,
145,0.6609224840011401,1,attention,chemberta,esm2_8M,False,warhead_only,False,True,True,True,False,0.45505291916473173,0.00014329963301342206,,,,,,,,,,,,
266,0.6606510575491641,1,xgboost,maccs_167,ankh_large,False,linker_only,True,True,False,True,False,,,,,,,,,,,0.07782358334555739,9.0,200.0,0.6035580502340568
394,0.6603735830540379,1,mlp,morgan_1024_r2,ankh_large,False,linker_only,False,True,True,True,True,,,64.0,0.14253504735860784,64.0,3.0,0.00010605982565834784,,,,,,,
491,0.660150228654614,1,xgboost,morgan_1024_r2,prostt5,False,linker_only,True,True,True,False,False,,,,,,,,,,,0.046374331015789715,7.0,200.0,0.9073012432656342
742,0.6600890864413601,1,mlp,morgan_2048_r2,prostt5,False,none,False,True,True,True,False,,,128.0,0.4768439217285109,256.0,3.0,0.00011228114494413221,,,,,,,
686,0.6599022816302041,1,rf,molformer,prot_t5_xl,True,none,False,True,False,True,True,,,,,,,,15,2.0,200.0,,,,
221,0.6597778731370413,1,attention,morgan_2048_r2,prot_t5_xl,True,none,True,True,True,False,True,0.14985329860898683,0.0003416438664848116,,,,,,,,,,,,
634,0.6596254213547542,1,attention,molformer,esm2_150M,True,linker_only,False,False,False,True,False,0.3709821178391901,0.002324564963502134,,,,,,,,,,,,
342,0.6592651986162484,1,mlp,rdkit_200,prostt5,True,none,True,True,False,True,False,,,128.0,0.43263854865395335,256.0,1.0,0.0008090608554631248,,,,,,,
779,0.6591820914762955,1,rf,chemberta,esm2_3B,False,linker_only,False,True,False,True,True,,,,,,,,15,4.0,500.0,,,,
470,0.6588685603676165,1,rf,rdkit_200,esm2_650M,False,none,True,True,True,False,False,,,,,,,,none,9.0,100.0,,,,
331,0.6587774243367258,1,xgboost,chemberta,prot_t5_xl,False,none,True,False,True,True,True,,,,,,,,,,,0.10107957155945205,9.0,200.0,0.5401451650945557
611,0.6587610999732936,1,rf,morgan_1024_r2,esm2_35M,False,all_fragments,False,True,True,False,False,,,,,,,,10,7.0,500.0,,,,
450,0.6586822158543573,1,mlp,morgan_1024_r2,esm2_35M,True,warhead_only,False,False,False,True,True,,,64.0,0.06704126922453835,64.0,2.0,0.00018056051019175667,,,,,,,
764,0.6585893487891797,1,rf,chemberta,esm2_3B,False,linker_only,False,True,False,True,True,,,,,,,,15,3.0,500.0,,,,
197,0.658530941910574,1,attention,morgan_2048_r2,esm2_35M,True,linker_only,False,False,True,False,True,0.3531944647622327,0.0009827634374500723,,,,,,,,,,,,
736,0.658396087401206,1,attention,morgan_2048_r2,prot_t5_xl,False,all_fragments,False,False,True,False,False,0.2926442082226532,0.001765933508632633,,,,,,,,,,,,
471,0.6582638217027715,1,attention,morgan_1024_r2,esm2_150M,False,warhead_only,True,True,True,True,False,0.13120335155334528,0.005093229992867431,,,,,,,,,,,,
133,0.6575530802574173,1,attention,morgan_1024_r2,prostt5,True,warhead_only,False,False,True,False,False,0.27986034881455013,0.00029675734811725516,,,,,,,,,,,,
292,0.6572024578004089,1,rf,maccs_167,esm2_3B,True,warhead_only,False,True,True,False,False,,,,,,,,6,8.0,500.0,,,,
182,0.6568861353089175,1,rf,morgan_2048_r2,esm2_650M,True,warhead_only,True,False,True,True,True,,,,,,,,10,4.0,200.0,,,,
314,0.6563866727871391,1,xgboost,rdkit_200,prostt5,False,linker_only,False,True,True,True,False,,,,,,,,,,,0.03076469536151312,10.0,200.0,0.5200970644726219
379,0.6558650500573047,1,attention,morgan_2048_r2,ankh_large,True,all_fragments,False,False,True,True,True,0.021374921376304312,0.0003447986712095395,,,,,,,,,,,,
323,0.6557666552344515,1,mlp,rdkit_200,esm2_8M,True,warhead_only,False,False,True,True,True,,,128.0,0.11223718488832879,256.0,3.0,0.002668275535386505,,,,,,,
132,0.6557404939007672,1,rf,morgan_2048_r2,esm2_35M,True,all_fragments,True,True,True,True,False,,,,,,,,10,7.0,200.0,,,,
253,0.6555238208318398,1,attention,chemberta,none,False,none,False,False,True,True,True,0.035290751284198896,0.0005451376665310875,,,,,,,,,,,,
506,0.6553772907828379,1,xgboost,maccs_167,prot_t5_xl,False,linker_only,False,True,False,True,True,,,,,,,,,,,0.03244596361461555,5.0,100.0,0.6699856312784767
468,0.6550165920262112,1,mlp,morgan_2048_r2,none,True,none,True,True,True,True,True,,,32.0,0.1257088784228806,256.0,1.0,0.0006143918604420884,,,,,,,
735,0.6547111892030847,1,attention,morgan_2048_r2,prostt5,True,warhead_only,False,False,True,False,True,0.364278528360922,0.0006587019494304694,,,,,,,,,,,,
476,0.6540129969694704,1,mlp,molformer,prostt5,True,all_fragments,False,True,True,True,False,,,128.0,0.13086524446637532,256.0,2.0,0.0002779177156176838,,,,,,,
116,0.6536303805784865,1,mlp,morgan_2048_r2,prot_t5_xl,True,all_fragments,False,False,True,False,True,,,32.0,0.2722005122583934,128.0,3.0,0.00025238660250001045,,,,,,,
965,0.6535037944681205,1,rf,chemberta,esm2_3B,False,linker_only,False,True,False,True,True,,,,,,,,15,5.0,500.0,,,,
427,0.6531017082475916,1,xgboost,morgan_1024_r2,esm2_3B,True,linker_only,False,True,True,True,False,,,,,,,,,,,0.06689913916114058,3.0,300.0,0.6313289954281942
631,0.6528435626947597,1,xgboost,rdkit_200,esm2_35M,True,linker_only,False,False,False,True,True,,,,,,,,,,,0.01490664619761965,4.0,200.0,0.8837117588707266
167,0.6526182132580092,1,attention,morgan_1024_r2,esm2_150M,False,warhead_only,True,False,True,True,False,0.40539081124445225,0.0014620942693718466,,,,,,,,,,,,
86,0.6525060678792627,1,attention,rdkit_200,esm2_650M,False,linker_only,True,True,True,True,True,0.10573367217842644,0.0002761538021259903,,,,,,,,,,,,
213,0.6508679447315007,1,attention,morgan_1024_r2,prot_t5_xl,True,all_fragments,True,True,True,True,True,0.37026074038599005,0.0002279343479796402,,,,,,,,,,,,
673,0.6508272136242719,1,mlp,chemberta,prostt5,False,none,False,True,True,True,False,,,128.0,0.28136101436782346,64.0,3.0,0.0044966753339047896,,,,,,,
483,0.6506778982298621,1,xgboost,chemberta,ankh_large,True,linker_only,True,False,True,True,True,,,,,,,,,,,0.12732577887059493,5.0,300.0,0.6819228948943248
373,0.6501336076476235,1,xgboost,morgan_2048_r2,esm2_8M,False,all_fragments,False,True,False,True,True,,,,,,,,,,,0.15149389920853124,8.0,300.0,0.5462994125185652
395,0.6499644060050044,1,attention,morgan_2048_r2,prostt5,False,linker_only,False,True,True,True,True,0.0683456323763062,0.005959119601259532,,,,,,,,,,,,
542,0.6497131157443212,1,mlp,molformer,prostt5,False,linker_only,False,True,False,True,True,,,64.0,0.2292287056114849,64.0,1.0,0.00014216800822649425,,,,,,,
299,0.6496855484111198,1,rf,molformer,esm2_8M,False,warhead_only,True,True,False,True,True,,,,,,,,10,7.0,500.0,,,,
696,0.6495562141935879,1,mlp,morgan_2048_r2,prot_t5_xl,False,warhead_only,True,False,False,False,False,,,64.0,0.4705812785630788,128.0,2.0,0.00023169307243474643,,,,,,,
678,0.6492171857341614,1,xgboost,maccs_167,esm2_35M,True,all_fragments,True,False,False,False,False,,,,,,,,,,,0.20059404543855308,4.0,300.0,0.7457397632694487
694,0.6491427538150474,1,xgboost,chemberta,none,True,warhead_only,True,False,False,True,True,,,,,,,,,,,0.08951027380568369,10.0,100.0,0.547272132127858
759,0.6488236961070918,1,rf,chemberta,esm2_3B,False,linker_only,False,True,False,True,True,,,,,,,,15,3.0,500.0,,,,
264,0.6487249754564224,1,attention,morgan_1024_r2,none,True,linker_only,False,False,True,True,True,0.26280673617079264,0.007814738229942952,,,,,,,,,,,,
667,0.6484287037801741,1,mlp,morgan_1024_r2,prostt5,False,all_fragments,True,False,True,True,True,,,32.0,0.30368826947443744,128.0,2.0,0.0003757904580200971,,,,,,,
22,0.6477697439188667,1,rf,morgan_1024_r2,esm2_8M,True,warhead_only,False,True,True,False,True,,,,,,,,6,2.0,500.0,,,,
461,0.647693238837352,1,rf,rdkit_200,esm2_3B,True,none,True,False,True,True,False,,,,,,,,6,9.0,500.0,,,,
136,0.6469844010698902,1,mlp,morgan_1024_r2,none,True,all_fragments,True,False,False,False,True,,,32.0,0.43278853586471483,64.0,3.0,0.008259414654114223,,,,,,,
575,0.6468613731833076,1,rf,maccs_167,none,True,all_fragments,True,False,True,False,False,,,,,,,,6,7.0,200.0,,,,
656,0.6467443561723855,1,mlp,morgan_2048_r2,esm2_35M,True,warhead_only,True,False,True,True,True,,,32.0,0.05938885719924253,256.0,2.0,0.00014597819994336786,,,,,,,
140,0.6467283631377285,1,rf,maccs_167,esm2_8M,False,warhead_only,False,False,True,False,True,,,,,,,,15,8.0,500.0,,,,
700,0.6465024932093432,1,rf,morgan_1024_r2,prostt5,True,none,True,True,False,False,True,,,,,,,,10,5.0,100.0,,,,
410,0.646103627317731,1,attention,chemberta,esm2_3B,False,warhead_only,True,True,True,True,False,0.3401223617065921,0.00018698041416346985,,,,,,,,,,,,
49,0.6459880384133371,1,mlp,morgan_1024_r2,prostt5,False,linker_only,False,False,True,True,False,,,128.0,0.4257194534734954,64.0,1.0,0.00016190931056294356,,,,,,,
39,0.6459673588700692,1,mlp,maccs_167,prot_t5_xl,False,none,True,False,True,True,False,,,32.0,0.26400069831881307,128.0,3.0,0.001998923919959363,,,,,,,
309,0.6459664887378886,1,attention,morgan_1024_r2,esm2_35M,True,linker_only,False,False,True,False,True,0.31592400811432936,0.00043853202523715546,,,,,,,,,,,,
665,0.6459663058446264,1,rf,morgan_1024_r2,esm2_3B,False,warhead_only,False,False,True,False,False,,,,,,,,15,6.0,200.0,,,,
857,0.6459618736045591,1,rf,chemberta,esm2_3B,False,linker_only,False,True,False,True,True,,,,,,,,15,4.0,500.0,,,,
535,0.6452524882515277,1,rf,morgan_2048_r2,prostt5,False,linker_only,False,True,False,True,True,,,,,,,,none,2.0,100.0,,,,
375,0.6448581168414301,1,mlp,morgan_1024_r2,prostt5,True,linker_only,False,False,True,True,True,,,128.0,0.37056996018496036,128.0,3.0,0.009346555989439464,,,,,,,
447,0.6448262825747478,1,xgboost,molformer,esm2_8M,True,none,False,True,True,True,True,,,,,,,,,,,0.029800630373088395,5.0,200.0,0.8090219649973316
65,0.6447855029650885,1,xgboost,chemberta,esm2_3B,False,all_fragments,True,True,False,True,True,,,,,,,,,,,0.20658009789648824,3.0,100.0,0.7022571899901788
692,0.6446477990857515,1,xgboost,maccs_167,ankh_large,True,warhead_only,True,True,True,True,True,,,,,,,,,,,0.042120841341314344,9.0,200.0,0.5541301157976437
538,0.6445619637416733,1,rf,chemberta,prostt5,True,none,True,False,True,True,True,,,,,,,,15,10.0,500.0,,,,
31,0.6444188418636406,1,xgboost,maccs_167,esm2_150M,True,linker_only,False,True,False,True,True,,,,,,,,,,,0.12673705818099346,7.0,200.0,0.7709855308857207
874,0.6443491230763286,1,rf,chemberta,esm2_3B,False,linker_only,False,True,False,True,True,,,,,,,,15,4.0,500.0,,,,
866,0.6442282903039548,1,rf,chemberta,esm2_3B,False,linker_only,False,True,False,True,True,,,,,,,,15,4.0,500.0,,,,
679,0.644114767517815,1,rf,maccs_167,esm2_650M,False,none,False,False,False,True,False,,,,,,,,none,2.0,200.0,,,,
441,0.6439662076582331,1,rf,morgan_2048_r2,esm2_150M,False,none,True,True,False,True,False,,,,,,,,none,2.0,500.0,,,,
554,0.6439370096777282,1,mlp,maccs_167,ankh_large,False,none,True,True,False,True,False,,,32.0,0.07082883878011054,64.0,3.0,0.00018233567502574878,,,,,,,
276,0.6435133583063706,1,rf,chemberta,esm2_3B,False,all_fragments,True,False,True,True,True,,,,,,,,15,10.0,100.0,,,,
657,0.6434521632734201,1,rf,morgan_1024_r2,esm2_8M,False,warhead_only,True,False,True,False,False,,,,,,,,15,7.0,100.0,,,,
734,0.6433607357118462,1,attention,morgan_1024_r2,ankh_large,False,all_fragments,False,False,False,True,False,0.020673063258441038,0.00010367097625566931,,,,,,,,,,,,
729,0.6433122676455763,1,mlp,morgan_1024_r2,prostt5,True,warhead_only,True,False,False,False,False,,,128.0,0.41081282360563776,64.0,1.0,0.003682357714570764,,,,,,,
580,0.6432688746227014,1,rf,morgan_1024_r2,prot_t5_xl,False,none,False,False,False,False,True,,,,,,,,none,7.0,100.0,,,,
389,0.6432054561184312,1,rf,molformer,esm2_150M,False,all_fragments,True,False,True,True,True,,,,,,,,10,5.0,500.0,,,,
459,0.6430762531621468,1,mlp,molformer,prostt5,False,warhead_only,True,True,True,True,False,,,128.0,0.28055228838259555,64.0,3.0,0.0036454093600478263,,,,,,,
239,0.642487354941073,1,mlp,maccs_167,esm2_35M,True,none,False,True,False,True,True,,,128.0,0.3975078922119597,128.0,3.0,0.0008064454326739979,,,,,,,
55,0.6423202858042505,1,rf,maccs_167,prot_t5_xl,True,linker_only,True,True,False,True,False,,,,,,,,6,7.0,100.0,,,,
73,0.6421476326444331,1,mlp,molformer,esm2_8M,False,none,True,False,True,True,True,,,64.0,0.35103473211442415,256.0,2.0,0.0017292621915268801,,,,,,,
337,0.6417277671873591,1,xgboost,molformer,prostt5,False,all_fragments,False,True,False,True,False,,,,,,,,,,,0.017562897507320697,6.0,100.0,0.6436751168773218
635,0.6412518179661503,1,mlp,morgan_1024_r2,prostt5,False,linker_only,False,False,True,True,False,,,128.0,0.4257194534734954,64.0,1.0,0.00016190931056294356,,,,,,,
701,0.6412413571476117,1,xgboost,morgan_1024_r2,esm2_3B,False,none,False,True,True,False,False,,,,,,,,,,,0.1531882643177215,4.0,200.0,0.7880744252683725
208,0.6410167530533372,1,xgboost,rdkit_200,esm2_650M,False,linker_only,True,True,True,False,True,,,,,,,,,,,0.013954063864648057,3.0,300.0,0.721711932753293
233,0.6409912588979675,1,mlp,morgan_2048_r2,prot_t5_xl,False,all_fragments,False,False,True,False,True,,,32.0,0.03927671396924759,256.0,3.0,0.00047181184707773623,,,,,,,
156,0.6408746977305557,1,mlp,morgan_2048_r2,prostt5,False,none,False,True,True,True,False,,,128.0,0.4768439217285109,256.0,3.0,0.00011228114494413221,,,,,,,
933,0.640566165628797,1,rf,chemberta,esm2_3B,False,linker_only,False,True,False,True,True,,,,,,,,15,5.0,500.0,,,,
44,0.6398022557868638,1,xgboost,rdkit_200,esm2_35M,True,warhead_only,True,False,False,True,False,,,,,,,,,,,0.17739122375704106,4.0,100.0,0.910101233157675
717,0.6397877375375446,1,xgboost,morgan_2048_r2,esm2_8M,False,warhead_only,True,False,False,False,True,,,,,,,,,,,0.04351902998128953,9.0,100.0,0.5632728302189793
386,0.6396792232216134,1,attention,morgan_2048_r2,prostt5,True,linker_only,False,True,True,True,True,0.1707195488807674,0.004000279457272079,,,,,,,,,,,,
51,0.6395880049714298,1,mlp,morgan_1024_r2,prostt5,True,all_fragments,False,True,False,True,True,,,32.0,0.07348906292746565,256.0,2.0,0.001575171201929217,,,,,,,
608,0.6394693388611568,1,rf,morgan_1024_r2,esm2_8M,True,warhead_only,False,True,True,False,True,,,,,,,,6,2.0,500.0,,,,
422,0.6393424998982362,1,rf,chemberta,prot_t5_xl,False,none,True,False,True,False,True,,,,,,,,15,8.0,100.0,,,,
751,0.63893293660996,1,rf,morgan_1024_r2,esm2_3B,False,linker_only,False,True,False,True,True,,,,,,,,15,3.0,200.0,,,,
45,0.6388700432021162,1,xgboost,rdkit_200,esm2_35M,True,linker_only,False,False,False,True,True,,,,,,,,,,,0.01490664619761965,4.0,200.0,0.8837117588707266
57,0.6386873276892718,1,xgboost,morgan_1024_r2,ankh_large,False,all_fragments,True,False,False,True,True,,,,,,,,,,,0.051414646034730845,3.0,300.0,0.9628520543451154
195,0.6384730373667089,1,xgboost,chemberta,esm2_650M,True,linker_only,True,False,True,True,False,,,,,,,,,,,0.017727604299763576,3.0,300.0,0.8072186053077073
129,0.6384265705529177,1,xgboost,molformer,esm2_35M,True,none,False,False,True,False,False,,,,,,,,,,,0.1429865895793267,7.0,200.0,0.5935289541540354
397,0.6380688583286082,1,xgboost,maccs_167,esm2_650M,True,all_fragments,False,True,True,False,False,,,,,,,,,,,0.16670855890404604,6.0,200.0,0.5049317804941902
688,0.6376781892569688,1,attention,chemberta,esm2_650M,True,none,False,False,True,True,True,0.26068506214767784,0.00014632656250918646,,,,,,,,,,,,
332,0.6376426208139445,1,xgboost,chemberta,esm2_35M,False,warhead_only,False,False,False,False,True,,,,,,,,,,,0.09009688470523614,4.0,100.0,0.5462105099305739
363,0.6375298172318619,1,rf,chemberta,ankh_large,True,none,True,True,True,True,True,,,,,,,,6,6.0,200.0,,,,
286,0.6374914277732101,1,rf,morgan_2048_r2,prostt5,True,warhead_only,False,False,False,False,True,,,,,,,,6,8.0,500.0,,,,
682,0.6372299398307035,1,mlp,rdkit_200,ankh_large,False,linker_only,True,True,False,True,True,,,64.0,0.028313178397003924,128.0,3.0,0.0022992810950569994,,,,,,,
676,0.6371513183188223,1,xgboost,molformer,esm2_150M,False,warhead_only,True,False,False,False,True,,,,,,,,,,,0.01110436116481914,6.0,200.0,0.7977278316445011
525,0.6370518625340791,1,mlp,morgan_2048_r2,esm2_35M,True,none,False,False,True,False,False,,,64.0,0.16766614636889476,256.0,1.0,0.00022270180694265726,,,,,,,
647,0.6370511640974594,1,mlp,morgan_1024_r2,none,True,all_fragments,False,True,False,True,True,,,128.0,0.4341192857204445,128.0,3.0,0.00010716151467244026,,,,,,,
664,0.6367488555676902,1,xgboost,chemberta,prot_t5_xl,True,all_fragments,True,False,False,False,True,,,,,,,,,,,0.04818650771705312,3.0,300.0,0.9803283476434982
152,0.6363358781279763,1,xgboost,molformer,prostt5,False,warhead_only,False,True,True,False,False,,,,,,,,,,,0.03560208906807928,6.0,200.0,0.8521574114359551
348,0.6357430740393848,1,xgboost,maccs_167,prot_t5_xl,False,warhead_only,True,False,True,False,True,,,,,,,,,,,0.010843982876589843,10.0,300.0,0.5561860669086978
191,0.6356652298772857,1,xgboost,rdkit_200,esm2_8M,True,warhead_only,False,True,True,True,True,,,,,,,,,,,0.20500129778760423,6.0,100.0,0.8810565325474025
243,0.6352125631615801,1,mlp,molformer,ankh_large,False,linker_only,False,True,False,True,False,,,64.0,0.2851523108385923,64.0,2.0,0.007188763855707016,,,,,,,
675,0.6351198505725831,1,rf,morgan_1024_r2,ankh_large,True,linker_only,True,False,False,True,True,,,,,,,,none,7.0,100.0,,,,
390,0.6350782794475123,1,mlp,maccs_167,esm2_3B,True,all_fragments,False,True,False,True,True,,,64.0,0.17233127283092775,64.0,3.0,0.00033417532066465746,,,,,,,
648,0.6343161250998962,1,rf,molformer,prot_t5_xl,True,none,False,True,True,True,True,,,,,,,,6,3.0,500.0,,,,
108,0.6341792377729145,1,xgboost,chemberta,none,True,warhead_only,True,False,False,True,True,,,,,,,,,,,0.08951027380568369,10.0,100.0,0.547272132127858
581,0.6331656261500004,1,rf,molformer,prot_t5_xl,False,all_fragments,False,True,False,False,True,,,,,,,,10,8.0,200.0,,,,
275,0.6327275005512814,1,mlp,molformer,prostt5,True,none,False,True,False,True,True,,,32.0,0.419885482150326,64.0,1.0,0.006402204519187346,,,,,,,
639,0.6324961161634088,1,attention,chemberta,prot_t5_xl,True,warhead_only,True,False,True,True,True,0.30786296430651866,0.0012199108529733565,,,,,,,,,,,,
311,0.6318582876836145,1,xgboost,chemberta,esm2_8M,False,linker_only,True,False,True,False,False,,,,,,,,,,,0.01826690638894172,7.0,100.0,0.6533601820086915
179,0.6310455611754403,1,mlp,molformer,esm2_650M,True,warhead_only,True,True,False,True,False,,,32.0,0.09952058914835449,128.0,1.0,0.0009653400139258022,,,,,,,
429,0.6300921692701597,1,attention,chemberta,prot_t5_xl,False,linker_only,True,False,True,True,True,0.16418158637826397,0.0009807435798191684,,,,,,,,,,,,
262,0.6296182961106687,1,mlp,morgan_2048_r2,none,True,all_fragments,False,False,False,True,False,,,128.0,0.1927844546946451,256.0,1.0,0.0056005258795728706,,,,,,,
548,0.6293664917339876,1,rf,chemberta,esm2_8M,True,linker_only,True,False,False,False,False,,,,,,,,15,2.0,200.0,,,,
479,0.6292532567849326,1,xgboost,rdkit_200,prostt5,False,all_fragments,True,True,False,False,True,,,,,,,,,,,0.02957622410313516,3.0,100.0,0.8254150626074203
324,0.6291684439558748,1,xgboost,maccs_167,ankh_large,True,none,True,True,True,True,True,,,,,,,,,,,0.054777468910721605,5.0,100.0,0.9196300500176467
592,0.6288784872565858,1,rf,rdkit_200,ankh_large,False,warhead_only,False,True,True,False,False,,,,,,,,6,7.0,100.0,,,,
711,0.6287194097536432,1,attention,molformer,esm2_3B,False,warhead_only,False,True,True,True,False,0.499179107652533,0.00033622420517458987,,,,,,,,,,,,
578,0.6275519140523724,1,mlp,chemberta,ankh_large,True,warhead_only,True,True,False,True,False,,,128.0,0.2397296970895943,128.0,2.0,0.000128415333351469,,,,,,,
92,0.626961481215237,1,xgboost,maccs_167,esm2_35M,True,all_fragments,True,False,False,False,False,,,,,,,,,,,0.20059404543855308,4.0,300.0,0.7457397632694487
393,0.6263553375945382,1,mlp,morgan_1024_r2,ankh_large,True,warhead_only,True,True,False,True,False,,,64.0,0.47916872171338487,256.0,2.0,0.0009654567341065834,,,,,,,
504,0.6255830047575265,1,rf,rdkit_200,prot_t5_xl,True,warhead_only,False,False,False,False,True,,,,,,,,none,10.0,200.0,,,,
162,0.6255785126684541,1,xgboost,morgan_2048_r2,none,False,all_fragments,True,False,True,True,False,,,,,,,,,,,0.11209619032137404,4.0,100.0,0.6502732745495758
258,0.625377000234242,1,rf,rdkit_200,esm2_650M,True,linker_only,True,False,True,True,True,,,,,,,,10,3.0,200.0,,,,
78,0.6253000439350426,1,xgboost,chemberta,prot_t5_xl,True,all_fragments,True,False,False,False,True,,,,,,,,,,,0.04818650771705312,3.0,300.0,0.9803283476434982
570,0.6252786617836109,1,mlp,morgan_1024_r2,prot_t5_xl,True,warhead_only,True,False,True,True,False,,,128.0,0.055274266730149735,128.0,3.0,0.0013793064142544945,,,,,,,
544,0.6251913356488795,1,rf,morgan_1024_r2,esm2_8M,False,warhead_only,True,True,True,False,False,,,,,,,,10,2.0,200.0,,,,
106,0.6248354530320854,1,xgboost,maccs_167,ankh_large,True,warhead_only,True,True,True,True,True,,,,,,,,,,,0.042120841341314344,9.0,200.0,0.5541301157976437
399,0.6247627906619929,1,mlp,morgan_1024_r2,esm2_35M,True,none,True,False,False,True,True,,,64.0,0.08213635216440046,128.0,3.0,0.0005829260737538569,,,,,,,
159,0.6247403989013874,1,rf,rdkit_200,esm2_650M,False,all_fragments,True,False,False,False,False,,,,,,,,10,8.0,500.0,,,,
150,0.6246868778124189,1,attention,morgan_2048_r2,prot_t5_xl,False,all_fragments,False,False,True,False,False,0.2926442082226532,0.001765933508632633,,,,,,,,,,,,
225,0.624603889447016,1,mlp,maccs_167,esm2_650M,True,all_fragments,True,False,False,True,False,,,64.0,0.19471766881430586,256.0,1.0,0.0008542285335780502,,,,,,,
740,0.6242681598596871,1,rf,morgan_2048_r2,prot_t5_xl,False,linker_only,True,False,True,True,False,,,,,,,,10,4.0,200.0,,,,
64,0.6239873849882623,1,attention,morgan_2048_r2,esm2_150M,True,all_fragments,False,True,True,False,True,0.2996279369393817,0.000880535529590955,,,,,,,,,,,,
130,0.6228557952068747,1,xgboost,morgan_2048_r2,prot_t5_xl,False,warhead_only,False,False,False,True,True,,,,,,,,,,,0.04913326004849608,5.0,300.0,0.8922845565447779
71,0.6227812147712016,1,rf,morgan_1024_r2,esm2_8M,False,warhead_only,True,False,True,False,False,,,,,,,,15,7.0,100.0,,,,
650,0.6226982012510225,1,attention,morgan_2048_r2,esm2_150M,True,all_fragments,False,True,True,False,True,0.2996279369393817,0.000880535529590955,,,,,,,,,,,,
149,0.6226517690907328,1,attention,morgan_2048_r2,prostt5,True,warhead_only,False,False,True,False,True,0.364278528360922,0.0006587019494304694,,,,,,,,,,,,
436,0.6225210913223891,1,rf,rdkit_200,esm2_35M,False,warhead_only,False,False,True,True,True,,,,,,,,6,8.0,100.0,,,,
189,0.6219485896650323,1,mlp,chemberta,esm2_8M,True,linker_only,True,False,False,True,True,,,64.0,0.40183786749742706,256.0,1.0,0.00014298645050777987,,,,,,,
82,0.6207325870418433,1,xgboost,maccs_167,prostt5,False,linker_only,False,False,True,False,False,,,,,,,,,,,0.09752257403416417,5.0,300.0,0.5743667814012805
731,0.6206370157617551,1,attention,chemberta,esm2_8M,False,warhead_only,False,True,True,True,False,0.45505291916473173,0.00014329963301342206,,,,,,,,,,,,
565,0.6206227799235581,1,attention,maccs_167,none,False,linker_only,False,True,True,True,False,0.22986751614931344,0.00015724479622073603,,,,,,,,,,,,
89,0.6202753182661503,1,rf,morgan_1024_r2,ankh_large,True,linker_only,True,False,False,True,True,,,,,,,,none,7.0,100.0,,,,
154,0.6200502087733627,1,rf,morgan_2048_r2,prot_t5_xl,False,linker_only,True,False,True,True,False,,,,,,,,10,4.0,200.0,,,,
216,0.6200140913283607,1,rf,molformer,esm2_8M,False,linker_only,False,False,True,False,True,,,,,,,,15,6.0,100.0,,,,
161,0.6199581126480317,1,attention,rdkit_200,esm2_35M,True,all_fragments,True,False,False,True,False,0.003865992988697553,0.005862540314101869,,,,,,,,,,,,
219,0.6199273887127664,1,attention,morgan_1024_r2,esm2_650M,False,all_fragments,False,True,True,False,True,0.24676338037868117,0.00028616874855323687,,,,,,,,,,,,
545,0.6197596686492893,1,attention,rdkit_200,esm2_35M,True,warhead_only,True,True,True,True,True,0.05529519958491408,0.00011483385752557783,,,,,,,,,,,,
245,0.6196080866343172,1,mlp,rdkit_200,esm2_650M,False,all_fragments,True,False,True,True,False,,,64.0,0.114932729235101,64.0,1.0,0.0005728877737927727,,,,,,,
404,0.6192594020980606,1,mlp,chemberta,esm2_35M,True,linker_only,True,True,True,True,True,,,128.0,0.08186201302069707,256.0,1.0,0.0007470236233608414,,,,,,,
237,0.6192458972036505,1,rf,maccs_167,esm2_650M,True,warhead_only,True,False,True,False,True,,,,,,,,10,4.0,500.0,,,,
747,0.6184070692576642,1,attention,rdkit_200,esm2_35M,True,all_fragments,True,False,False,True,False,0.003865992988697553,0.005862540314101869,,,,,,,,,,,,
502,0.6183438384615113,1,mlp,maccs_167,esm2_150M,False,warhead_only,True,True,True,True,False,,,64.0,0.3605183694128675,64.0,3.0,0.0001850758355107046,,,,,,,
76,0.6181359911540678,1,rf,morgan_1024_r2,esm2_35M,False,linker_only,True,False,False,True,False,,,,,,,,15,6.0,200.0,,,,
193,0.6179873559544541,1,attention,chemberta,ankh_large,False,none,True,True,True,False,True,0.4283624801678914,0.0030842426366831893,,,,,,,,,,,,
306,0.6179837595440554,1,rf,chemberta,ankh_large,True,warhead_only,False,False,False,False,False,,,,,,,,none,9.0,500.0,,,,
584,0.6179669537314983,1,mlp,chemberta,prostt5,True,none,False,False,False,False,True,,,64.0,0.04924969247281785,128.0,3.0,0.006098888206095857,,,,,,,
115,0.617509420263486,1,xgboost,morgan_1024_r2,esm2_3B,False,none,False,True,True,False,False,,,,,,,,,,,0.1531882643177215,4.0,200.0,0.7880744252683725
486,0.6174751405823866,1,xgboost,molformer,ankh_large,False,warhead_only,True,True,False,True,False,,,,,,,,,,,0.09688400517246805,4.0,300.0,0.8591801264158405
513,0.6171678831502283,1,rf,maccs_167,ankh_large,False,warhead_only,True,True,True,False,False,,,,,,,,15,9.0,500.0,,,,
446,0.6168604264330414,1,attention,maccs_167,esm2_150M,False,warhead_only,False,True,True,True,False,0.30985073618091813,0.0013884068535837733,,,,,,,,,,,,
172,0.6167785900593437,1,mlp,chemberta,esm2_3B,False,warhead_only,False,True,False,True,True,,,64.0,0.041253364239040635,64.0,1.0,0.005804807559788733,,,,,,,
719,0.6160995157477086,1,attention,morgan_1024_r2,prostt5,True,warhead_only,False,False,True,False,False,0.27986034881455013,0.00029675734811725516,,,,,,,,,,,,
308,0.6158252280389686,1,attention,chemberta,esm2_650M,True,all_fragments,False,True,True,True,False,0.11474187110802048,0.0005256577311916757,,,,,,,,,,,,
526,0.6154851544761185,1,rf,morgan_2048_r2,esm2_650M,False,warhead_only,True,True,True,False,False,,,,,,,,15,7.0,200.0,,,,
659,0.6154606096753388,1,mlp,molformer,esm2_8M,False,none,True,False,True,True,True,,,64.0,0.35103473211442415,256.0,2.0,0.0017292621915268801,,,,,,,
726,0.6146278990025575,1,rf,maccs_167,esm2_8M,False,warhead_only,False,False,True,False,True,,,,,,,,15,8.0,500.0,,,,
566,0.6140299032944856,1,mlp,rdkit_200,ankh_large,False,warhead_only,True,True,True,True,True,,,32.0,0.3173159211791185,256.0,3.0,0.0027032794653968875,,,,,,,
495,0.6135543924745371,1,mlp,chemberta,esm2_650M,True,warhead_only,True,True,False,True,False,,,32.0,0.1577187628421125,128.0,3.0,0.0006097796567268398,,,,,,,
37,0.6133116448984487,1,attention,rdkit_200,esm2_8M,True,warhead_only,False,False,False,True,True,0.4776311267690934,0.0014536862566655248,,,,,,,,,,,,
745,0.6131956082450211,1,rf,rdkit_200,esm2_650M,False,all_fragments,True,False,False,False,False,,,,,,,,10,8.0,500.0,,,,
238,0.6128948270648168,1,mlp,maccs_167,prostt5,True,warhead_only,True,False,True,True,True,,,64.0,0.44923063896581844,64.0,2.0,0.0009316338668960163,,,,,,,
645,0.6128548858963426,1,rf,molformer,esm2_35M,False,none,False,False,True,False,False,,,,,,,,6,3.0,200.0,,,,
418,0.6126469036244597,1,mlp,rdkit_200,ankh_large,True,all_fragments,False,True,True,True,False,,,64.0,0.47430290735595576,256.0,3.0,0.0014777477918929817,,,,,,,
110,0.6125306945118492,1,mlp,morgan_2048_r2,prot_t5_xl,False,warhead_only,True,False,False,False,False,,,64.0,0.4705812785630788,128.0,2.0,0.00023169307243474643,,,,,,,
455,0.6122931579026535,1,xgboost,morgan_2048_r2,prot_t5_xl,False,none,True,True,False,False,False,,,,,,,,,,,0.016575166720676042,6.0,100.0,0.5864221703144903
669,0.6116086011213848,1,rf,morgan_2048_r2,prot_t5_xl,True,none,True,True,True,True,False,,,,,,,,none,8.0,500.0,,,,
718,0.6116038874350156,1,rf,morgan_2048_r2,esm2_35M,True,all_fragments,True,True,True,True,False,,,,,,,,10,7.0,200.0,,,,
28,0.6115596673958429,1,rf,morgan_2048_r2,prostt5,False,warhead_only,True,True,True,False,False,,,,,,,,15,9.0,200.0,,,,
646,0.6115022594873191,1,attention,maccs_167,esm2_35M,True,none,False,False,False,False,False,0.35177386610071426,0.00021757068554074794,,,,,,,,,,,,
304,0.6113287711768903,1,xgboost,molformer,ankh_large,False,linker_only,False,True,True,False,True,,,,,,,,,,,0.0144132387261206,7.0,300.0,0.743062965263114
680,0.6108407569500389,1,xgboost,maccs_167,esm2_35M,True,none,False,True,False,True,False,,,,,,,,,,,0.032718717286866136,3.0,100.0,0.6000459315341964
1,0.6101644652146948,1,mlp,chemberta,esm2_650M,True,all_fragments,True,False,False,False,True,,,128.0,0.46375429019801695,64.0,1.0,0.0004960571565137328,,,,,,,
391,0.6098833277803336,1,mlp,chemberta,esm2_3B,False,none,True,False,True,True,True,,,128.0,0.1385516122047824,64.0,2.0,0.0009300542988566079,,,,,,,
630,0.6097181694449578,1,xgboost,rdkit_200,esm2_35M,True,warhead_only,True,False,False,True,False,,,,,,,,,,,0.17739122375704106,4.0,100.0,0.910101233157675
4,0.6096863133687525,1,rf,rdkit_200,prostt5,False,all_fragments,True,True,True,False,False,,,,,,,,10,10.0,200.0,,,,
24,0.6082856794752832,1,mlp,rdkit_200,esm2_8M,False,all_fragments,True,False,True,True,True,,,128.0,0.47588784651692584,64.0,1.0,0.00012642261434377038,,,,,,,
318,0.6076182350081439,1,rf,morgan_2048_r2,esm2_8M,True,linker_only,True,False,False,True,True,,,,,,,,none,10.0,200.0,,,,
577,0.6070781844510613,1,rf,morgan_1024_r2,prot_t5_xl,True,all_fragments,True,True,True,False,False,,,,,,,,6,3.0,200.0,,,,
547,0.607029017704695,1,xgboost,maccs_167,esm2_8M,True,linker_only,False,False,True,False,False,,,,,,,,,,,0.0842665060744908,8.0,100.0,0.7391965033010439
97,0.6069502722987851,1,mlp,maccs_167,prot_t5_xl,True,none,False,False,True,True,False,,,32.0,0.1608253630123173,128.0,1.0,0.002638340191113696,,,,,,,
596,0.604927115722427,1,xgboost,maccs_167,prot_t5_xl,False,none,True,False,False,False,False,,,,,,,,,,,0.14987862079443454,10.0,300.0,0.9576371599573937
514,0.6049057693013428,1,mlp,chemberta,esm2_35M,True,warhead_only,False,False,True,False,True,,,64.0,0.2570445346901696,256.0,3.0,0.006292863379785259,,,,,,,
615,0.6047786679988822,1,attention,morgan_2048_r2,prostt5,False,linker_only,False,False,True,False,False,0.29170315730411395,0.0060101450147514975,,,,,,,,,,,,
715,0.6045805079892591,1,xgboost,molformer,esm2_35M,True,none,False,False,True,False,False,,,,,,,,,,,0.1429865895793267,7.0,200.0,0.5935289541540354
460,0.6043995853598136,1,xgboost,maccs_167,prot_t5_xl,True,none,True,False,False,True,False,,,,,,,,,,,0.07821181778072679,7.0,200.0,0.7493843573388553
605,0.6043067453790261,1,rf,morgan_1024_r2,prot_t5_xl,True,none,False,False,False,False,True,,,,,,,,6,5.0,100.0,,,,
125,0.604275655064283,1,attention,molformer,esm2_3B,False,warhead_only,False,True,True,True,False,0.499179107652533,0.00033622420517458987,,,,,,,,,,,,
50,0.6039038349948886,1,rf,rdkit_200,ankh_large,False,linker_only,False,True,True,False,False,,,,,,,,6,4.0,200.0,,,,
358,0.6038597006732672,1,rf,morgan_2048_r2,esm2_150M,False,all_fragments,False,True,True,False,False,,,,,,,,15,8.0,200.0,,,,
254,0.6036993552771398,1,rf,maccs_167,none,False,all_fragments,True,False,True,True,False,,,,,,,,6,5.0,500.0,,,,
543,0.6034015491830402,1,rf,rdkit_200,esm2_35M,True,none,True,False,True,True,False,,,,,,,,15,10.0,100.0,,,,
141,0.6027889639057211,1,mlp,chemberta,esm2_650M,False,warhead_only,False,False,False,True,False,,,32.0,0.22578333697603753,128.0,1.0,0.00010891003294129748,,,,,,,
60,0.6026532658085381,1,attention,maccs_167,esm2_35M,True,none,False,False,False,False,False,0.35177386610071426,0.00021757068554074794,,,,,,,,,,,,
569,0.6026182188811376,1,rf,rdkit_200,prostt5,True,warhead_only,False,False,False,False,False,,,,,,,,6,8.0,200.0,,,,
716,0.6024977120732442,1,xgboost,morgan_2048_r2,prot_t5_xl,False,warhead_only,False,False,False,True,True,,,,,,,,,,,0.04913326004849608,5.0,300.0,0.8922845565447779
220,0.6020111533205289,1,xgboost,morgan_1024_r2,ankh_large,True,all_fragments,False,True,False,True,True,,,,,,,,,,,0.07523507848630182,3.0,100.0,0.5699981677393482
66,0.601825594469516,1,attention,rdkit_200,none,False,all_fragments,True,True,False,True,True,0.04892103917278495,0.0008075140480461771,,,,,,,,,,,,
317,0.6016731129593497,1,xgboost,morgan_1024_r2,prostt5,True,warhead_only,True,False,True,False,True,,,,,,,,,,,0.13749342683761143,8.0,300.0,0.6813253699271749
192,0.6012678083661618,1,attention,maccs_167,esm2_8M,False,all_fragments,False,False,True,False,False,0.015026985066238507,0.002219710607545607,,,,,,,,,,,,
181,0.6010309388198808,1,attention,molformer,esm2_3B,True,linker_only,False,True,True,True,False,0.18846516276433473,0.0008167663003695985,,,,,,,,,,,,
629,0.6000160520817638,1,rf,morgan_1024_r2,esm2_8M,False,none,True,False,True,False,True,,,,,,,,10,6.0,200.0,,,,
19,0.5996269456734902,1,rf,morgan_1024_r2,prot_t5_xl,True,none,False,False,False,False,True,,,,,,,,6,5.0,100.0,,,,
117,0.5994491897970315,1,rf,chemberta,prostt5,False,warhead_only,True,False,False,True,False,,,,,,,,15,5.0,100.0,,,,
250,0.5985692000991293,1,rf,maccs_167,esm2_3B,True,warhead_only,False,True,False,False,False,,,,,,,,15,2.0,100.0,,,,
102,0.5984737028257993,1,attention,chemberta,esm2_650M,True,none,False,False,True,True,True,0.26068506214767784,0.00014632656250918646,,,,,,,,,,,,
18,0.5984646762591604,1,attention,morgan_1024_r2,esm2_3B,False,none,False,False,False,False,False,0.16015966291101563,0.008921639794027072,,,,,,,,,,,,
519,0.5978717152063633,1,mlp,molformer,prot_t5_xl,True,all_fragments,True,False,False,True,False,,,128.0,0.3452181130929403,256.0,2.0,0.00039034457475248415,,,,,,,
643,0.5978290119981479,1,xgboost,morgan_1024_r2,ankh_large,False,all_fragments,True,False,False,True,True,,,,,,,,,,,0.051414646034730845,3.0,300.0,0.9628520543451154
53,0.5972122498614786,1,attention,chemberta,prot_t5_xl,True,warhead_only,True,False,True,True,True,0.30786296430651866,0.0012199108529733565,,,,,,,,,,,,
336,0.5969294294825409,1,attention,chemberta,prostt5,True,none,False,False,False,True,True,0.41638248591503074,0.0006733229465295408,,,,,,,,,,,,
703,0.5966726490598735,1,rf,chemberta,prostt5,False,warhead_only,True,False,False,True,False,,,,,,,,15,5.0,100.0,,,,
662,0.5965159942970252,1,rf,morgan_1024_r2,esm2_35M,False,linker_only,True,False,False,True,False,,,,,,,,15,6.0,200.0,,,,
269,0.5964764396185996,1,mlp,chemberta,esm2_35M,False,linker_only,False,False,False,False,False,,,32.0,0.040878210783932944,256.0,1.0,0.0006425313268169164,,,,,,,
438,0.5963432467947644,1,xgboost,morgan_1024_r2,prostt5,True,all_fragments,True,True,True,False,True,,,,,,,,,,,0.0521933802261746,7.0,200.0,0.6835825419343491
405,0.595747605464359,1,attention,rdkit_200,ankh_large,False,warhead_only,False,True,True,True,True,0.10242936054666774,0.003646803776705686,,,,,,,,,,,,
77,0.5956689494215458,1,rf,morgan_1024_r2,esm2_3B,False,linker_only,True,True,True,False,False,,,,,,,,6,8.0,100.0,,,,
500,0.5956511678098286,1,rf,morgan_1024_r2,esm2_650M,False,none,False,True,True,False,False,,,,,,,,6,4.0,100.0,,,,
119,0.5954708598050727,1,attention,chemberta,esm2_150M,True,warhead_only,True,True,True,True,False,0.258877625674763,0.00036702942552041025,,,,,,,,,,,,
121,0.5954227922874396,1,mlp,maccs_167,esm2_650M,True,warhead_only,False,True,False,True,False,,,64.0,0.2477581385128072,64.0,1.0,0.0098837890465387,,,,,,,
244,0.5952522968344004,1,attention,chemberta,none,True,linker_only,True,False,False,True,True,0.24731431719135316,0.0008517950559318204,,,,,,,,,,,,
705,0.5951977260411352,1,attention,chemberta,esm2_150M,True,warhead_only,True,True,True,True,False,0.258877625674763,0.00036702942552041025,,,,,,,,,,,,
351,0.5948963161717041,1,attention,morgan_2048_r2,ankh_large,True,linker_only,False,True,True,False,True,0.4398819444415313,0.0005192518522465011,,,,,,,,,,,,
725,0.594784069452844,1,attention,molformer,esm2_3B,True,all_fragments,False,False,False,True,False,0.27318718942559106,0.009277305794632281,,,,,,,,,,,,
303,0.5947651823487813,1,rf,morgan_1024_r2,esm2_8M,False,all_fragments,True,False,False,True,True,,,,,,,,10,5.0,100.0,,,,
68,0.5946423255363459,1,mlp,morgan_2048_r2,none,True,warhead_only,True,False,True,False,False,,,64.0,0.025145468014351857,128.0,2.0,0.008432716619906576,,,,,,,
169,0.5945518053951867,1,rf,morgan_2048_r2,esm2_150M,False,none,False,False,True,False,False,,,,,,,,none,2.0,200.0,,,,
515,0.5940896212159409,1,rf,morgan_2048_r2,esm2_3B,True,linker_only,True,False,False,False,True,,,,,,,,none,8.0,100.0,,,,
587,0.5938858521865334,1,mlp,chemberta,esm2_650M,True,all_fragments,True,False,False,False,True,,,128.0,0.46375429019801695,64.0,1.0,0.0004960571565137328,,,,,,,
398,0.5936860692340831,1,xgboost,morgan_2048_r2,none,False,linker_only,True,True,True,False,False,,,,,,,,,,,0.2927853138334575,3.0,200.0,0.779009315300927
307,0.5934952564218983,1,attention,chemberta,esm2_8M,True,none,True,False,False,False,False,0.0848521679305988,0.00014306019844664473,,,,,,,,,,,,
462,0.5932987828518976,1,xgboost,morgan_1024_r2,esm2_35M,False,warhead_only,True,True,False,True,False,,,,,,,,,,,0.02356621022578951,3.0,300.0,0.7253226446350585
165,0.5929398915317194,1,mlp,maccs_167,esm2_35M,False,linker_only,False,True,False,True,True,,,128.0,0.10855590360231177,256.0,3.0,0.0007001529595964214,,,,,,,
366,0.5927548660871358,1,mlp,chemberta,esm2_150M,False,warhead_only,False,True,False,True,True,,,128.0,0.03338437364542429,256.0,2.0,0.0014033866815515304,,,,,,,
652,0.5922025773483993,1,attention,rdkit_200,none,False,all_fragments,True,True,False,True,True,0.04892103917278495,0.0008075140480461771,,,,,,,,,,,,
449,0.5918175491938471,1,rf,maccs_167,prot_t5_xl,True,none,False,True,True,False,True,,,,,,,,15,10.0,100.0,,,,
295,0.591182137671871,1,rf,molformer,prostt5,False,warhead_only,True,False,True,True,False,,,,,,,,none,7.0,200.0,,,,
59,0.590999178779158,1,rf,molformer,esm2_35M,False,none,False,False,True,False,False,,,,,,,,6,3.0,200.0,,,,
590,0.5906760444521297,1,rf,rdkit_200,prostt5,False,all_fragments,True,True,True,False,False,,,,,,,,10,10.0,200.0,,,,
737,0.5901584168456698,1,attention,chemberta,ankh_large,True,none,True,False,True,False,False,0.24351313373835737,0.00914667702324554,,,,,,,,,,,,
702,0.589930332297788,1,mlp,morgan_2048_r2,prot_t5_xl,True,all_fragments,False,False,True,False,True,,,32.0,0.2722005122583934,128.0,3.0,0.00025238660250001045,,,,,,,
520,0.5892968092033378,1,xgboost,maccs_167,prot_t5_xl,True,linker_only,False,False,False,False,True,,,,,,,,,,,0.27844430316472585,10.0,300.0,0.6004921110994035
593,0.5891784818729408,1,xgboost,maccs_167,esm2_35M,False,all_fragments,True,True,True,True,True,,,,,,,,,,,0.05067515590154278,7.0,300.0,0.5763358220465816
94,0.5888776351718359,1,xgboost,maccs_167,esm2_35M,True,none,False,True,False,True,False,,,,,,,,,,,0.032718717286866136,3.0,100.0,0.6000459315341964
722,0.5887834987268854,1,mlp,morgan_1024_r2,none,True,all_fragments,True,False,False,False,True,,,32.0,0.43278853586471483,64.0,3.0,0.008259414654114223,,,,,,,
654,0.5884653581988217,1,mlp,morgan_2048_r2,none,True,warhead_only,True,False,True,False,False,,,64.0,0.025145468014351857,128.0,2.0,0.008432716619906576,,,,,,,
321,0.5884627031809921,1,attention,chemberta,esm2_35M,False,linker_only,True,False,False,True,False,0.11817488074886728,0.00016078315171630403,,,,,,,,,,,,
663,0.5881511772631971,1,rf,morgan_1024_r2,esm2_3B,False,linker_only,True,True,True,False,False,,,,,,,,6,8.0,100.0,,,,
207,0.5879282341693067,1,xgboost,molformer,none,False,all_fragments,True,True,False,False,False,,,,,,,,,,,0.02911104541799551,3.0,100.0,0.8733604265410861
727,0.5873649927608713,1,mlp,chemberta,esm2_650M,False,warhead_only,False,False,False,True,False,,,32.0,0.22578333697603753,128.0,1.0,0.00010891003294129748,,,,,,,
357,0.5871031835236169,1,attention,maccs_167,ankh_large,False,linker_only,False,False,True,True,False,0.412381841789981,0.00011955596608592795,,,,,,,,,,,,
730,0.5870338568813664,1,mlp,molformer,esm2_650M,False,linker_only,False,False,False,True,True,,,32.0,0.29502556249228823,128.0,1.0,0.002530702371045319,,,,,,,
595,0.5869747478083042,1,attention,chemberta,ankh_large,False,all_fragments,True,False,False,True,False,0.21430941433189327,0.00014552845870718887,,,,,,,,,,,,
626,0.5868286674330603,1,mlp,maccs_167,esm2_35M,False,linker_only,True,False,True,True,True,,,32.0,0.4881191322801942,128.0,1.0,0.00012215270354232254,,,,,,,
541,0.5865583035660501,1,xgboost,molformer,prostt5,False,warhead_only,True,True,True,True,True,,,,,,,,,,,0.018184934211807627,4.0,200.0,0.611150087595815
196,0.5863470376638619,1,xgboost,morgan_2048_r2,none,False,all_fragments,True,False,False,False,True,,,,,,,,,,,0.12983632271418855,4.0,100.0,0.7063057731108371
384,0.5861897174585801,1,xgboost,molformer,none,False,all_fragments,True,False,False,True,False,,,,,,,,,,,0.0359238348583257,3.0,100.0,0.9906581773669718
489,0.5859667079502082,1,mlp,rdkit_200,none,True,all_fragments,True,False,True,True,True,,,128.0,0.3450799333950779,64.0,1.0,0.007699021378913113,,,,,,,
328,0.5859580025564403,1,xgboost,molformer,esm2_150M,True,none,True,False,True,False,True,,,,,,,,,,,0.14323481342814245,4.0,100.0,0.6837748380494262
601,0.5859195178409276,1,rf,rdkit_200,esm2_150M,True,linker_only,True,False,False,True,True,,,,,,,,6,8.0,100.0,,,,
420,0.5858977549104342,1,rf,maccs_167,ankh_large,True,warhead_only,True,False,False,False,False,,,,,,,,none,9.0,500.0,,,,
236,0.5858770038566951,1,mlp,rdkit_200,esm2_650M,False,all_fragments,False,True,False,True,False,,,128.0,0.12950371535479044,128.0,3.0,0.00016514144032598983,,,,,,,
599,0.5856993143690664,1,rf,morgan_2048_r2,esm2_3B,True,linker_only,True,False,False,False,False,,,,,,,,none,7.0,100.0,,,,
72,0.5856230819817942,1,mlp,molformer,esm2_150M,True,none,True,False,True,True,False,,,128.0,0.0013158980627516192,64.0,1.0,0.0035678909739049504,,,,,,,
40,0.5853268399624109,1,mlp,maccs_167,esm2_35M,False,linker_only,True,False,True,True,True,,,32.0,0.4881191322801942,128.0,1.0,0.00012215270354232254,,,,,,,
153,0.5853112963585777,1,attention,morgan_2048_r2,ankh_large,True,warhead_only,False,False,True,False,False,0.047715668746780515,0.0016416392878418732,,,,,,,,,,,,
13,0.5847435522722063,1,rf,morgan_2048_r2,esm2_3B,True,linker_only,True,False,False,False,False,,,,,,,,none,7.0,100.0,,,,
681,0.5846356659594355,1,xgboost,maccs_167,esm2_650M,True,warhead_only,False,False,True,False,True,,,,,,,,,,,0.27274645344832704,8.0,300.0,0.854686895410372
733,0.5844123484604219,1,attention,molformer,esm2_8M,False,linker_only,True,True,True,True,False,0.03418274956344158,0.0024523096860726303,,,,,,,,,,,,
242,0.5842779305292095,1,rf,chemberta,ankh_large,False,all_fragments,True,False,True,True,True,,,,,,,,none,10.0,500.0,,,,
610,0.584206416607561,1,mlp,rdkit_200,esm2_8M,False,all_fragments,True,False,True,True,True,,,128.0,0.47588784651692584,64.0,1.0,0.00012642261434377038,,,,,,,
180,0.5839001952398417,1,rf,maccs_167,prot_t5_xl,True,none,True,False,False,True,True,,,,,,,,15,5.0,200.0,,,,
623,0.5835917450230841,1,attention,rdkit_200,esm2_8M,True,warhead_only,False,False,False,True,True,0.4776311267690934,0.0014536862566655248,,,,,,,,,,,,
490,0.5831975371793436,1,xgboost,rdkit_200,esm2_150M,True,warhead_only,False,False,True,True,False,,,,,,,,,,,0.05162287228966599,3.0,300.0,0.5714055497501653
433,0.5820171973708496,1,attention,rdkit_200,esm2_150M,True,linker_only,False,False,False,True,False,0.15107292933103822,0.008151012496230955,,,,,,,,,,,,
320,0.5818796037568182,1,attention,chemberta,esm2_8M,False,all_fragments,True,False,False,False,True,0.18034884056771544,0.006234815834378936,,,,,,,,,,,,
164,0.5813574337529916,1,rf,morgan_2048_r2,ankh_large,True,none,True,False,True,False,True,,,,,,,,15,4.0,500.0,,,,
411,0.5803816339223861,1,rf,maccs_167,esm2_3B,False,linker_only,True,False,True,False,False,,,,,,,,15,3.0,100.0,,,,
62,0.5801730660294967,1,rf,molformer,prot_t5_xl,True,none,False,True,True,True,True,,,,,,,,6,3.0,500.0,,,,
540,0.5792614546242667,1,attention,morgan_1024_r2,esm2_650M,True,none,True,False,True,False,False,0.21901575717889937,0.0033278389134988357,,,,,,,,,,,,
613,0.5792207506652293,1,mlp,molformer,esm2_8M,True,linker_only,False,False,False,True,True,,,128.0,0.11688434630205297,256.0,1.0,0.00022560970940899258,,,,,,,
414,0.5790191099338632,1,attention,rdkit_200,esm2_8M,False,all_fragments,True,False,True,True,True,0.15622724708183894,0.0009529056016549466,,,,,,,,,,,,
739,0.578901137921817,1,attention,morgan_2048_r2,ankh_large,True,warhead_only,False,False,True,False,False,0.047715668746780515,0.0016416392878418732,,,,,,,,,,,,
69,0.5784303532228517,1,rf,morgan_1024_r2,esm2_8M,False,none,False,False,False,False,True,,,,,,,,6,9.0,200.0,,,,
47,0.5782122513168558,1,mlp,rdkit_200,ankh_large,True,warhead_only,True,True,True,True,True,,,32.0,0.26150426586723213,64.0,1.0,0.007709367839980434,,,,,,,
176,0.5778510373954878,1,mlp,molformer,prot_t5_xl,False,all_fragments,False,False,False,True,True,,,64.0,0.14425036648445927,256.0,2.0,0.001019718543260245,,,,,,,
431,0.5772293613166328,1,mlp,maccs_167,esm2_8M,False,linker_only,False,False,True,False,False,,,64.0,0.40574515235370184,256.0,1.0,0.0014456090716402224,,,,,,,
579,0.5771716633614712,1,attention,maccs_167,prostt5,True,linker_only,True,False,False,True,False,0.23530108774905256,0.00020235351442129455,,,,,,,,,,,,
88,0.5771012262815858,1,xgboost,morgan_1024_r2,esm2_150M,False,all_fragments,True,False,True,True,True,,,,,,,,,,,0.1336346533362797,4.0,100.0,0.9643040606995656
10,0.57693555799893,1,xgboost,maccs_167,prot_t5_xl,False,none,True,False,False,False,False,,,,,,,,,,,0.14987862079443454,10.0,300.0,0.9576371599573937
527,0.5766406741620074,1,attention,morgan_1024_r2,ankh_large,False,warhead_only,True,True,True,True,False,0.2583810893710109,0.009573412227105702,,,,,,,,,,,,
503,0.5760334906951915,1,attention,rdkit_200,esm2_3B,True,warhead_only,True,False,True,True,False,0.26477943142707466,0.007003232347169489,,,,,,,,,,,,
80,0.5757595667518931,1,rf,rdkit_200,ankh_large,True,linker_only,True,True,False,False,True,,,,,,,,none,8.0,500.0,,,,
563,0.5754435664523305,1,xgboost,morgan_1024_r2,prot_t5_xl,False,linker_only,False,False,True,False,False,,,,,,,,,,,0.15269664846026676,4.0,100.0,0.6873703469656154
6,0.5752587996693704,1,rf,rdkit_200,ankh_large,False,warhead_only,False,True,True,False,False,,,,,,,,6,7.0,100.0,,,,
200,0.5747815798982768,1,attention,chemberta,prot_t5_xl,False,all_fragments,False,False,False,False,True,0.11869012030318793,0.00015991098121203584,,,,,,,,,,,,
378,0.5747656682993111,1,rf,morgan_2048_r2,esm2_3B,False,linker_only,False,True,False,True,True,,,,,,,,none,6.0,100.0,,,,
95,0.5746903082110197,1,xgboost,maccs_167,esm2_650M,True,warhead_only,False,False,True,False,True,,,,,,,,,,,0.27274645344832704,8.0,300.0,0.854686895410372
528,0.5744150287005877,1,xgboost,molformer,esm2_8M,True,all_fragments,True,False,True,True,False,,,,,,,,,,,0.03434250676179353,6.0,200.0,0.7062838105679605
222,0.5740539202230064,1,xgboost,molformer,esm2_3B,True,none,True,False,False,False,True,,,,,,,,,,,0.01672315121820944,5.0,200.0,0.6317589424147521
597,0.573418178730989,1,xgboost,maccs_167,esm2_3B,False,none,True,False,True,False,False,,,,,,,,,,,0.010323072637142527,5.0,300.0,0.7883779674935454
672,0.5732667888361859,1,attention,rdkit_200,esm2_650M,False,linker_only,True,True,True,True,True,0.10573367217842644,0.0002761538021259903,,,,,,,,,,,,
278,0.5731983087903839,1,mlp,maccs_167,none,False,linker_only,True,True,False,True,False,,,32.0,0.24426637099164172,256.0,3.0,0.005189081377511545,,,,,,,
507,0.5731427307571336,1,rf,morgan_1024_r2,ankh_large,False,none,True,False,True,False,False,,,,,,,,none,8.0,500.0,,,,
744,0.5730460390638373,1,rf,molformer,prot_t5_xl,False,warhead_only,True,False,False,False,False,,,,,,,,10,2.0,200.0,,,,
268,0.5728715653941632,1,attention,rdkit_200,prot_t5_xl,False,warhead_only,True,True,False,True,True,0.05243666220488297,0.00010066499512357066,,,,,,,,,,,,
190,0.5727649730463428,1,xgboost,morgan_2048_r2,esm2_35M,False,all_fragments,True,False,True,False,False,,,,,,,,,,,0.13853446652154788,8.0,200.0,0.8155535402983108
151,0.5727481861030334,1,attention,chemberta,ankh_large,True,none,True,False,True,False,False,0.24351313373835737,0.00914667702324554,,,,,,,,,,,,
96,0.5723489002160999,1,mlp,rdkit_200,ankh_large,False,linker_only,True,True,False,True,True,,,64.0,0.028313178397003924,128.0,3.0,0.0022992810950569994,,,,,,,
185,0.5720264549044924,1,xgboost,maccs_167,esm2_35M,True,none,False,False,True,False,True,,,,,,,,,,,0.027436753854479308,3.0,200.0,0.5648385170205885
361,0.5716777614232628,1,mlp,maccs_167,ankh_large,False,all_fragments,False,True,False,True,False,,,128.0,0.34054395014448147,256.0,2.0,0.007148005409978474,,,,,,,
209,0.5704735089794899,1,attention,maccs_167,esm2_35M,True,linker_only,False,False,True,True,False,0.1107553308745709,0.0002690239384281511,,,,,,,,,,,,
434,0.5698381496651485,1,xgboost,molformer,prostt5,False,linker_only,False,True,True,True,False,,,,,,,,,,,0.08403719718345853,7.0,100.0,0.5679721650207928
574,0.5697783360576419,1,attention,chemberta,none,True,warhead_only,True,False,False,True,False,0.23113988735920338,0.0003823314768530964,,,,,,,,,,,,
300,0.5692347440073965,1,xgboost,maccs_167,prot_t5_xl,False,none,True,False,True,False,False,,,,,,,,,,,0.2682378904167667,3.0,300.0,0.741097783085733
458,0.5684774538106346,1,mlp,molformer,ankh_large,True,linker_only,True,False,True,True,False,,,64.0,0.2798616057584826,64.0,1.0,0.0007251519083652501,,,,,,,
484,0.5677591528500631,1,rf,molformer,prot_t5_xl,False,none,False,False,True,False,True,,,,,,,,none,3.0,500.0,,,,
708,0.5674661141085128,1,xgboost,morgan_2048_r2,esm2_35M,False,linker_only,True,False,False,False,False,,,,,,,,,,,0.01053225907962654,5.0,100.0,0.532445502317215
750,0.5670120119496329,1,rf,morgan_2048_r2,ankh_large,True,none,True,False,True,False,True,,,,,,,,15,4.0,500.0,,,,
748,0.5662850867433665,1,xgboost,morgan_2048_r2,none,False,all_fragments,True,False,True,True,False,,,,,,,,,,,0.11209619032137404,4.0,100.0,0.6502732745495758
571,0.565827489880349,1,mlp,maccs_167,esm2_150M,False,none,False,True,False,True,True,,,64.0,0.4350593099761746,64.0,3.0,0.002527554557142536,,,,,,,
240,0.5655345082363109,1,rf,morgan_1024_r2,prot_t5_xl,True,none,False,False,False,False,True,,,,,,,,10,6.0,100.0,,,,
628,0.5653586345107791,1,xgboost,chemberta,prostt5,False,warhead_only,False,False,True,False,False,,,,,,,,,,,0.11309142147307792,3.0,200.0,0.8269200995981274
359,0.5652923757024635,1,mlp,molformer,esm2_150M,True,none,True,False,False,True,False,,,64.0,0.25469873188808756,64.0,1.0,0.0008020174332440387,,,,,,,
215,0.5651894986177354,1,mlp,maccs_167,ankh_large,True,all_fragments,False,True,False,True,False,,,128.0,0.31938401054509286,128.0,3.0,0.006104350857736451,,,,,,,
683,0.5651693537640871,1,mlp,maccs_167,prot_t5_xl,True,none,False,False,True,True,False,,,32.0,0.1608253630123173,128.0,1.0,0.002638340191113696,,,,,,,
138,0.5649456934446512,1,rf,morgan_1024_r2,ankh_large,False,none,True,False,True,True,True,,,,,,,,none,2.0,200.0,,,,
223,0.5646876265996299,1,rf,morgan_1024_r2,esm2_150M,False,warhead_only,True,False,True,True,False,,,,,,,,10,5.0,100.0,,,,
552,0.564057781430439,1,mlp,maccs_167,esm2_3B,True,linker_only,False,False,False,True,True,,,64.0,0.46426038209817455,256.0,1.0,0.00035507755800269676,,,,,,,
553,0.5638310469062627,1,rf,morgan_1024_r2,ankh_large,False,all_fragments,False,False,True,False,True,,,,,,,,10,8.0,200.0,,,,
382,0.5637749587645315,1,xgboost,maccs_167,esm2_8M,False,linker_only,True,False,True,True,True,,,,,,,,,,,0.2647443131246866,8.0,100.0,0.5253741111180037
166,0.5637672660839284,1,xgboost,morgan_2048_r2,esm2_650M,False,all_fragments,True,False,False,False,True,,,,,,,,,,,0.021241865730010474,4.0,100.0,0.7807731474648059
512,0.5634323961421079,1,attention,chemberta,ankh_large,True,linker_only,False,False,False,True,True,0.33246528122497016,0.0018165431012164082,,,,,,,,,,,,
325,0.5631969845678064,1,mlp,maccs_167,esm2_8M,False,warhead_only,False,False,False,True,False,,,64.0,0.14728527174617445,128.0,3.0,0.0004520509226838777,,,,,,,
439,0.5624986455302672,1,xgboost,molformer,esm2_650M,False,warhead_only,False,False,False,False,True,,,,,,,,,,,0.12034245464711522,4.0,300.0,0.6171546819747004
147,0.5619281159491745,1,attention,molformer,esm2_8M,False,linker_only,True,True,True,True,False,0.03418274956344158,0.0024523096860726303,,,,,,,,,,,,
636,0.5616210340710573,1,rf,rdkit_200,ankh_large,False,linker_only,False,True,True,False,False,,,,,,,,6,4.0,200.0,,,,
533,0.5612608764165733,1,rf,molformer,esm2_35M,False,all_fragments,True,False,True,True,True,,,,,,,,none,10.0,100.0,,,,
344,0.5611239770431025,1,attention,maccs_167,ankh_large,False,all_fragments,True,False,False,True,False,0.3843118577564123,0.0006313222257745039,,,,,,,,,,,,
377,0.5609002092272652,1,rf,maccs_167,prot_t5_xl,False,none,False,True,False,True,True,,,,,,,,none,9.0,100.0,,,,
425,0.5605164903503034,1,mlp,maccs_167,prot_t5_xl,False,all_fragments,False,False,True,True,False,,,64.0,0.427430408002369,256.0,1.0,0.0019419607697779657,,,,,,,
198,0.5598170923100761,1,attention,maccs_167,esm2_650M,True,all_fragments,False,False,False,False,True,0.2825963304841081,0.005145682911377115,,,,,,,,,,,,
530,0.5596830514930493,1,attention,maccs_167,ankh_large,False,warhead_only,True,True,True,False,True,0.24291713462155223,0.000661747628557682,,,,,,,,,,,,
562,0.559635140948643,1,rf,morgan_1024_r2,esm2_3B,True,none,True,True,True,True,True,,,,,,,,none,10.0,100.0,,,,
668,0.5583881783350704,1,xgboost,maccs_167,prostt5,False,linker_only,False,False,True,False,False,,,,,,,,,,,0.09752257403416417,5.0,300.0,0.5743667814012805
369,0.5581247538832429,1,mlp,maccs_167,esm2_150M,False,all_fragments,False,False,True,True,True,,,64.0,0.3960237784960482,256.0,3.0,0.0002537152696672704,,,,,,,
114,0.5577036424708315,1,rf,morgan_1024_r2,prostt5,True,none,True,True,False,False,True,,,,,,,,10,5.0,100.0,,,,
205,0.5569860896862591,1,mlp,chemberta,esm2_150M,True,linker_only,True,False,False,True,True,,,32.0,0.05188454551942556,256.0,1.0,0.009880374522738988,,,,,,,
480,0.5557065652798175,1,mlp,morgan_1024_r2,prostt5,False,warhead_only,False,False,True,False,False,,,128.0,0.24328511405873654,256.0,1.0,0.007299341841430997,,,,,,,
56,0.5552622013945108,1,rf,maccs_167,none,False,none,True,False,False,False,True,,,,,,,,10,6.0,500.0,,,,
79,0.5536815309496543,1,rf,morgan_1024_r2,esm2_3B,False,warhead_only,False,False,True,False,False,,,,,,,,15,6.0,200.0,,,,
93,0.5523032808621077,1,rf,maccs_167,esm2_650M,False,none,False,False,False,True,False,,,,,,,,none,2.0,200.0,,,,
612,0.5516220518110492,1,attention,molformer,esm2_650M,False,linker_only,False,True,False,True,True,0.22017354341561912,0.002770809630046139,,,,,,,,,,,,
9,0.5512095339730572,1,attention,chemberta,ankh_large,False,all_fragments,True,False,False,True,False,0.21430941433189327,0.00014552845870718887,,,,,,,,,,,,
228,0.5497617329106085,1,mlp,maccs_167,esm2_150M,False,linker_only,True,False,True,False,True,,,128.0,0.18703576672483485,256.0,1.0,0.00048186116623759887,,,,,,,
183,0.5485382765994689,1,rf,rdkit_200,esm2_650M,False,all_fragments,True,True,False,False,False,,,,,,,,6,8.0,100.0,,,,
251,0.5483467448828061,1,rf,maccs_167,none,False,linker_only,False,False,True,False,True,,,,,,,,6,4.0,100.0,,,,
589,0.5477370672385483,1,xgboost,maccs_167,esm2_150M,False,none,False,False,True,True,True,,,,,,,,,,,0.05362381892563878,4.0,100.0,0.8099778591906899
456,0.5469617392261749,1,attention,maccs_167,esm2_3B,False,all_fragments,False,False,False,True,True,0.3084405705447394,0.00035413015764379903,,,,,,,,,,,,
360,0.5466490849350549,1,mlp,chemberta,prot_t5_xl,False,warhead_only,False,False,False,False,True,,,32.0,0.2967658939344662,256.0,1.0,0.001596124023754067,,,,,,,
113,0.5466405615238782,1,attention,molformer,esm2_35M,False,none,True,True,True,True,True,0.34907398896125763,0.004031344606612321,,,,,,,,,,,,
218,0.5466405615238782,1,attention,molformer,esm2_650M,True,none,True,False,True,True,True,0.004177503821415851,0.0002378066134385557,,,,,,,,,,,,
699,0.5466405615238782,1,attention,molformer,esm2_35M,False,none,True,True,True,True,True,0.34907398896125763,0.004031344606612321,,,,,,,,,,,,
177,0.5459055325850044,1,rf,maccs_167,prostt5,False,linker_only,False,False,True,True,True,,,,,,,,6,9.0,200.0,,,,
201,0.5449818946362477,1,xgboost,molformer,esm2_35M,True,warhead_only,True,False,False,False,True,,,,,,,,,,,0.019671947005421676,4.0,200.0,0.5036776528137934
354,0.5449207927145463,1,attention,maccs_167,esm2_35M,True,all_fragments,True,True,True,True,True,0.4046013015546248,0.0017039067112434023,,,,,,,,,,,,
171,0.5444897946207504,1,mlp,rdkit_200,esm2_35M,True,all_fragments,True,True,True,True,True,,,64.0,0.07120277564580707,256.0,3.0,0.007294446593692016,,,,,,,
204,0.5444892080066464,1,attention,morgan_2048_r2,esm2_650M,False,warhead_only,False,False,True,False,False,0.21111315309324702,0.0014246664424858685,,,,,,,,,,,,
559,0.5441314928803206,1,rf,morgan_2048_r2,ankh_large,False,none,False,False,False,True,False,,,,,,,,6,3.0,100.0,,,,
281,0.5440449058576956,1,attention,maccs_167,esm2_650M,True,none,False,True,False,False,True,0.2392250185778057,0.0021962582904447195,,,,,,,,,,,,
227,0.5411950557668679,1,mlp,chemberta,ankh_large,False,all_fragments,False,False,False,False,False,,,64.0,0.4267261447440139,64.0,2.0,0.0033779940647039102,,,,,,,
252,0.541096815644913,1,attention,chemberta,esm2_8M,False,all_fragments,False,True,False,True,True,0.42625476021728337,0.0030914538259305836,,,,,,,,,,,,
5,0.5385376146464721,1,attention,maccs_167,prostt5,False,linker_only,False,False,True,False,True,0.30601558852246696,0.003765810548801661,,,,,,,,,,,,
403,0.5382713804449513,1,xgboost,molformer,prostt5,True,all_fragments,True,False,False,False,True,,,,,,,,,,,0.06130449842730918,3.0,100.0,0.660220402087359
387,0.5374942029710669,1,mlp,maccs_167,esm2_3B,True,warhead_only,True,False,True,False,True,,,128.0,0.029454603097458953,128.0,2.0,0.005958086421342253,,,,,,,
478,0.5370284063635361,1,attention,maccs_167,ankh_large,True,linker_only,True,True,False,True,False,0.10225451483258052,0.0015943492692411727,,,,,,,,,,,,
522,0.5369467812911518,1,attention,maccs_167,none,False,none,False,True,True,True,True,0.17563963830633444,0.005667170737431672,,,,,,,,,,,,
32,0.5349043065470931,1,attention,chemberta,prostt5,False,linker_only,True,False,False,False,True,0.400497277899178,0.0012534496335320456,,,,,,,,,,,,
428,0.5347721455066863,1,xgboost,morgan_2048_r2,prostt5,False,warhead_only,True,True,True,True,False,,,,,,,,,,,0.018342709774205674,3.0,200.0,0.5909294598725162
609,0.5345907680187809,1,xgboost,maccs_167,esm2_8M,False,warhead_only,True,False,False,False,True,,,,,,,,,,,0.06986134991100856,6.0,300.0,0.762900984975735
454,0.5343629304708254,1,rf,morgan_2048_r2,ankh_large,False,none,True,False,False,True,False,,,,,,,,6,2.0,100.0,,,,
211,0.5340828937691179,1,rf,morgan_2048_r2,ankh_large,False,linker_only,True,False,False,True,True,,,,,,,,6,2.0,500.0,,,,
111,0.5335071389296667,1,mlp,maccs_167,none,False,all_fragments,True,True,False,True,True,,,32.0,0.24794914521918482,256.0,1.0,0.0025296910525648224,,,,,,,
448,0.5334763745215074,1,mlp,maccs_167,esm2_150M,True,linker_only,True,False,True,False,True,,,128.0,0.34247023476177446,128.0,2.0,0.0004379375062951707,,,,,,,
642,0.5331106288057603,1,rf,maccs_167,none,False,none,True,False,False,False,True,,,,,,,,10,6.0,500.0,,,,
231,0.5327238047363495,1,attention,maccs_167,esm2_35M,True,linker_only,True,False,False,True,False,0.04589879965619287,0.0009421932561339864,,,,,,,,,,,,
671,0.5321126123369667,1,mlp,maccs_167,prostt5,False,none,False,False,False,False,True,,,128.0,0.41428782761518007,128.0,2.0,0.0002584379738199373,,,,,,,
481,0.5306329223123718,1,xgboost,molformer,ankh_large,False,linker_only,True,False,False,False,True,,,,,,,,,,,0.021578608405795174,8.0,100.0,0.6656574747540537
282,0.5297573700196093,1,attention,molformer,esm2_150M,False,none,True,False,True,True,False,0.0809035419017905,0.0006290171855724896,,,,,,,,,,,,
627,0.5295985808156873,1,attention,rdkit_200,prostt5,False,warhead_only,True,True,False,True,False,0.4514584167372045,0.0067894028760744785,,,,,,,,,,,,
598,0.5295614623432399,1,xgboost,molformer,esm2_650M,False,none,True,False,False,True,False,,,,,,,,,,,0.04647984117763897,3.0,100.0,0.6877174165839288
90,0.5290810568311843,1,xgboost,molformer,esm2_150M,False,warhead_only,True,False,False,False,True,,,,,,,,,,,0.01110436116481914,6.0,200.0,0.7977278316445011
41,0.5290228043274896,1,attention,rdkit_200,prostt5,False,warhead_only,True,True,False,True,False,0.4514584167372045,0.0067894028760744785,,,,,,,,,,,,
3,0.5274045667861756,1,xgboost,maccs_167,esm2_150M,False,none,False,False,True,True,True,,,,,,,,,,,0.05362381892563878,4.0,100.0,0.8099778591906899
12,0.5271213378276437,1,xgboost,molformer,esm2_650M,False,none,True,False,False,True,False,,,,,,,,,,,0.04647984117763897,3.0,100.0,0.6877174165839288
144,0.5267004256070611,1,mlp,molformer,esm2_650M,False,linker_only,False,False,False,True,True,,,32.0,0.29502556249228823,128.0,1.0,0.002530702371045319,,,,,,,
260,0.5249900628762884,1,attention,maccs_167,esm2_8M,True,warhead_only,False,True,True,False,True,0.25515783172841405,0.0003178001344531132,,,,,,,,,,,,
139,0.5245549661761956,1,attention,molformer,esm2_3B,True,all_fragments,False,False,False,True,False,0.27318718942559106,0.009277305794632281,,,,,,,,,,,,
492,0.5226471809799055,1,attention,maccs_167,esm2_3B,True,all_fragments,False,False,False,False,True,0.01044023612949585,0.005586624133975162,,,,,,,,,,,,
697,0.5212757940954114,1,mlp,maccs_167,none,False,all_fragments,True,True,False,True,True,,,32.0,0.24794914521918482,256.0,1.0,0.0025296910525648224,,,,,,,
633,0.5209455577201765,1,mlp,rdkit_200,ankh_large,True,warhead_only,True,True,True,True,True,,,32.0,0.26150426586723213,64.0,1.0,0.007709367839980434,,,,,,,
560,0.5206623409410128,1,mlp,molformer,prot_t5_xl,False,none,False,False,True,True,True,,,32.0,0.09094612469454671,128.0,1.0,0.00021721304967142318,,,,,,,
374,0.5206229865178501,1,rf,molformer,esm2_8M,False,linker_only,True,False,False,True,False,,,,,,,,none,7.0,100.0,,,,
29,0.5202886251193054,1,attention,morgan_2048_r2,prostt5,False,linker_only,False,False,True,False,False,0.29170315730411395,0.0060101450147514975,,,,,,,,,,,,
122,0.5161467110742145,1,xgboost,morgan_2048_r2,esm2_35M,False,linker_only,True,False,False,False,False,,,,,,,,,,,0.01053225907962654,5.0,100.0,0.532445502317215
158,0.5159795663869902,1,rf,molformer,prot_t5_xl,False,warhead_only,True,False,False,False,False,,,,,,,,10,2.0,200.0,,,,
34,0.5124752920035939,1,mlp,maccs_167,esm2_650M,False,all_fragments,False,False,True,False,True,,,64.0,0.44527614318915554,64.0,1.0,0.0069985649033463895,,,,,,,
226,0.5124139093676489,1,attention,molformer,esm2_3B,True,all_fragments,True,True,False,True,True,0.2824312714388143,0.009014070607512407,,,,,,,,,,,,
558,0.5114479540208081,1,attention,maccs_167,esm2_150M,True,linker_only,False,False,False,True,False,0.07161868998317011,0.00021031143927370611,,,,,,,,,,,,
381,0.5110736455382517,1,attention,chemberta,prot_t5_xl,True,all_fragments,True,False,True,False,True,0.031594113111120925,0.006518431637501187,,,,,,,,,,,,
285,0.5097957726671872,1,xgboost,molformer,ankh_large,True,none,True,False,False,False,False,,,,,,,,,,,0.1789039366969559,7.0,100.0,0.9613244011740858
473,0.5092702012905279,1,attention,maccs_167,esm2_8M,False,warhead_only,True,False,False,False,True,0.0007954652197036394,0.00011970596983799348,,,,,,,,,,,,
23,0.5090528087062489,1,xgboost,maccs_167,esm2_8M,False,warhead_only,True,False,False,False,True,,,,,,,,,,,0.06986134991100856,6.0,300.0,0.762900984975735
618,0.508871207232991,1,attention,chemberta,prostt5,False,linker_only,True,False,False,False,True,0.400497277899178,0.0012534496335320456,,,,,,,,,,,,
432,0.5085479941438796,1,xgboost,maccs_167,prot_t5_xl,False,none,False,False,True,False,False,,,,,,,,,,,0.22770467545668543,5.0,200.0,0.9097461065966364
396,0.5081602322247794,1,attention,molformer,esm2_650M,True,warhead_only,True,False,True,True,True,0.09105935443431318,0.009547490465613127,,,,,,,,,,,,
85,0.5074130711970596,1,mlp,maccs_167,prostt5,False,none,False,False,False,False,True,,,128.0,0.41428782761518007,128.0,2.0,0.0002584379738199373,,,,,,,
11,0.5060712901832535,1,xgboost,maccs_167,esm2_3B,False,none,True,False,True,False,False,,,,,,,,,,,0.010323072637142527,5.0,300.0,0.7883779674935454
591,0.5047551331788952,1,attention,maccs_167,prostt5,False,linker_only,False,False,True,False,True,0.30601558852246696,0.003765810548801661,,,,,,,,,,,,
546,0.5041708876818481,1,xgboost,molformer,prot_t5_xl,False,linker_only,True,False,True,True,True,,,,,,,,,,,0.05050628108546493,3.0,100.0,0.8676231151695275
443,0.5030664103119975,1,attention,maccs_167,esm2_3B,False,warhead_only,True,True,True,True,True,0.34920878637908004,0.00012834817695723256,,,,,,,,,,,,
412,0.5011150117857132,1,mlp,chemberta,prostt5,False,none,False,True,True,True,False,,,64.0,0.4793441020744533,256.0,2.0,0.0064694244664243545,,,,,,,
26,0.5000752469279063,1,attention,molformer,esm2_650M,False,linker_only,False,True,False,True,True,0.22017354341561912,0.002770809630046139,,,,,,,,,,,,
0,0.5,1,attention,morgan_2048_r2,esm2_150M,True,all_fragments,False,True,False,False,False,0.34325046384079183,0.0004275936647080326,,,,,,,,,,,,
2,0.5,1,mlp,molformer,none,False,none,False,True,True,False,False,,,128.0,0.009940066919897794,64.0,3.0,0.00011282932078263236,,,,,,,
30,0.5,1,mlp,rdkit_200,esm2_150M,True,none,False,True,True,False,True,,,64.0,0.12213333160448792,64.0,2.0,0.00014410636580585476,,,,,,,
36,0.5,1,mlp,molformer,prot_t5_xl,True,all_fragments,True,False,False,False,False,,,128.0,0.007721815971380441,256.0,2.0,0.0022335603339380308,,,,,,,
38,0.5,1,attention,molformer,prot_t5_xl,True,none,False,False,True,False,False,0.4461369646380862,0.0005354648406211507,,,,,,,,,,,,
67,0.5,1,attention,maccs_167,esm2_650M,True,linker_only,True,True,False,False,False,0.08591487980341356,0.0023334496172195125,,,,,,,,,,,,
75,0.5,1,mlp,molformer,esm2_650M,False,none,True,False,False,False,False,,,32.0,0.2669309421517083,64.0,2.0,0.000292218827924697,,,,,,,
98,0.5,1,mlp,rdkit_200,esm2_35M,True,warhead_only,True,False,False,False,True,,,128.0,0.2735993825361995,64.0,1.0,0.0007956372292179245,,,,,,,
99,0.5,1,mlp,rdkit_200,prostt5,True,warhead_only,False,False,True,False,False,,,32.0,0.32032357853605153,64.0,2.0,0.0001245184101051713,,,,,,,
103,0.5,1,attention,morgan_1024_r2,prostt5,False,none,False,True,True,False,False,0.0372669255917521,0.0004222388257641398,,,,,,,,,,,,
105,0.5,1,attention,chemberta,esm2_3B,True,all_fragments,True,True,True,False,False,0.2810489064800917,0.0013248044591699147,,,,,,,,,,,,
109,0.5,1,mlp,morgan_2048_r2,esm2_3B,True,none,False,True,False,False,False,,,32.0,0.47845781676811827,64.0,1.0,0.0009024768918335795,,,,,,,
112,0.5,1,attention,rdkit_200,esm2_8M,False,all_fragments,True,False,False,False,False,0.015248182553431244,0.005232413017612658,,,,,,,,,,,,
124,0.5,1,mlp,molformer,esm2_35M,True,warhead_only,True,False,True,False,True,,,128.0,0.45639820774793516,64.0,3.0,0.003869903333601957,,,,,,,
126,0.5,1,attention,rdkit_200,esm2_150M,True,none,True,True,True,False,True,0.057967729676042634,0.00022873255283858724,,,,,,,,,,,,
134,0.5,1,mlp,molformer,esm2_150M,True,linker_only,False,True,True,False,False,,,32.0,0.26754718084427936,128.0,1.0,0.002254665294109444,,,,,,,
137,0.5,1,mlp,molformer,esm2_8M,True,none,False,True,True,False,True,,,128.0,0.4197017796375604,64.0,1.0,0.002440468504046228,,,,,,,
155,0.5,1,mlp,chemberta,esm2_35M,True,none,False,True,False,False,True,,,128.0,0.07635550500539978,256.0,3.0,0.0012031453284910554,,,,,,,
157,0.5,1,mlp,chemberta,ankh_large,False,warhead_only,True,True,False,False,False,,,128.0,0.297982821561198,64.0,3.0,0.0009337751531162442,,,,,,,
160,0.5,1,attention,molformer,esm2_35M,False,linker_only,False,True,False,False,True,0.05147901998071108,0.00015947898637686217,,,,,,,,,,,,
174,0.5,1,mlp,molformer,esm2_35M,True,none,True,False,False,False,True,,,128.0,0.07320225633126853,64.0,3.0,0.002148550071997397,,,,,,,
184,0.5,1,mlp,rdkit_200,esm2_3B,False,linker_only,True,True,True,False,True,,,32.0,0.23236961649804594,128.0,1.0,0.0002514488060450236,,,,,,,
199,0.5,1,attention,morgan_1024_r2,esm2_150M,False,all_fragments,False,True,False,False,False,0.49909180849693413,0.00018135254910252703,,,,,,,,,,,,
203,0.5,1,mlp,chemberta,esm2_150M,True,linker_only,True,True,True,False,False,,,32.0,0.45662738858598,64.0,1.0,0.0003586086234852995,,,,,,,
206,0.5,1,mlp,molformer,esm2_35M,False,linker_only,True,False,False,False,True,,,64.0,0.49218984403795984,128.0,3.0,0.0009219010468897238,,,,,,,
212,0.5,1,attention,rdkit_200,esm2_150M,True,warhead_only,True,False,False,False,True,0.24902672770394257,0.005347901037932422,,,,,,,,,,,,
214,0.5,1,mlp,rdkit_200,esm2_35M,True,none,False,False,True,False,False,,,64.0,0.4236902439386126,64.0,3.0,0.00020864689914575023,,,,,,,
224,0.5,1,mlp,molformer,prostt5,True,none,False,True,False,False,True,,,32.0,0.1721031409260198,256.0,2.0,0.0012861850816431987,,,,,,,
230,0.5,1,attention,maccs_167,none,True,linker_only,False,True,False,False,False,0.39191914025926694,0.0074912591736997465,,,,,,,,,,,,
234,0.5,1,attention,molformer,none,True,linker_only,False,True,True,False,False,0.00768587257407527,0.00011694769359185061,,,,,,,,,,,,
246,0.5,1,attention,molformer,esm2_8M,False,none,False,True,False,False,False,0.38217548692794523,0.0015909001579977652,,,,,,,,,,,,
255,0.5,1,mlp,maccs_167,none,False,none,True,True,True,False,True,,,128.0,0.4038640033211983,64.0,1.0,0.002638998469550714,,,,,,,
259,0.5,1,attention,maccs_167,prostt5,True,linker_only,False,True,False,False,False,0.19254526267541783,0.003046008132748501,,,,,,,,,,,,
261,0.5,1,attention,maccs_167,none,False,warhead_only,True,True,True,False,False,0.3039275597596775,0.0006743784116103975,,,,,,,,,,,,
267,0.5,1,attention,rdkit_200,ankh_large,False,warhead_only,False,False,True,False,False,0.07429251064925141,0.00012832392801005718,,,,,,,,,,,,
274,0.5,1,mlp,molformer,ankh_large,True,warhead_only,False,False,True,False,True,,,128.0,0.328258844865688,64.0,3.0,0.0004054314290125245,,,,,,,
280,0.5,1,attention,rdkit_200,prostt5,False,linker_only,False,False,True,False,False,0.3766620304705285,0.00037573309629195515,,,,,,,,,,,,
290,0.5,1,mlp,rdkit_200,esm2_650M,True,warhead_only,True,False,True,False,False,,,32.0,0.16199020813688148,128.0,2.0,0.00044998208637533817,,,,,,,
291,0.5,1,attention,maccs_167,prot_t5_xl,False,all_fragments,False,True,True,False,False,0.19254815813765858,0.0032208568698626327,,,,,,,,,,,,
293,0.5,1,mlp,maccs_167,prot_t5_xl,False,all_fragments,True,True,True,False,False,,,32.0,0.3924270000908137,256.0,1.0,0.006727692124939362,,,,,,,
294,0.5,1,mlp,maccs_167,esm2_3B,False,none,True,True,False,False,False,,,32.0,0.04051357776717773,256.0,2.0,0.001262293716357561,,,,,,,
297,0.5,1,attention,rdkit_200,esm2_8M,False,warhead_only,False,False,True,False,False,0.02174014083856446,0.0002378852567378527,,,,,,,,,,,,
298,0.5,1,mlp,rdkit_200,esm2_150M,False,none,True,True,False,False,False,,,32.0,0.09216175640004654,256.0,3.0,0.00022963746957908925,,,,,,,
302,0.5,1,attention,morgan_2048_r2,esm2_150M,False,all_fragments,False,True,True,False,False,0.3818917421184399,0.00024887099915652547,,,,,,,,,,,,
305,0.5,1,mlp,chemberta,none,False,none,False,True,False,False,True,,,64.0,0.11532591080987076,64.0,2.0,0.007808478897915188,,,,,,,
334,0.5,1,mlp,molformer,esm2_150M,False,none,False,False,True,False,True,,,32.0,0.45179949569951544,64.0,3.0,0.00043771935932326633,,,,,,,
343,0.5,1,mlp,chemberta,esm2_8M,True,warhead_only,True,True,False,False,False,,,32.0,0.3444350145089353,256.0,2.0,0.0002876688857975334,,,,,,,
346,0.5,1,mlp,molformer,esm2_150M,True,all_fragments,True,False,True,False,False,,,64.0,0.03403480201496262,128.0,2.0,0.0013608769113862764,,,,,,,
349,0.5,1,attention,morgan_2048_r2,none,False,warhead_only,True,True,True,False,False,0.2784617392097155,0.003402842119506082,,,,,,,,,,,,
350,0.5,1,attention,rdkit_200,esm2_8M,True,all_fragments,False,True,False,False,False,0.025214216337995643,0.0004897824728457303,,,,,,,,,,,,
368,0.5,1,mlp,chemberta,prot_t5_xl,False,linker_only,False,True,False,False,True,,,64.0,0.12001998892275778,128.0,1.0,0.00014350320941004867,,,,,,,
392,0.5,1,xgboost,molformer,esm2_35M,False,none,False,False,False,True,True,,,,,,,,,,,0.06084058293528686,3.0,100.0,0.6977278679203686
400,0.5,1,attention,molformer,ankh_large,False,warhead_only,False,False,True,False,True,0.10952012003466904,0.001961775065666478,,,,,,,,,,,,
401,0.5,1,mlp,molformer,esm2_650M,True,linker_only,True,True,False,False,True,,,64.0,0.10580048416395887,128.0,2.0,0.0029408248253568916,,,,,,,
417,0.5,1,attention,rdkit_200,esm2_35M,True,warhead_only,True,False,False,False,False,0.012958469149655094,0.00016477443068578707,,,,,,,,,,,,
421,0.5,1,mlp,morgan_1024_r2,ankh_large,True,all_fragments,True,True,True,False,True,,,64.0,0.07750468814963812,64.0,2.0,0.0032974505210506674,,,,,,,
423,0.5,1,attention,rdkit_200,prot_t5_xl,True,all_fragments,True,True,False,False,False,0.18326969847181307,0.000125326901884822,,,,,,,,,,,,
424,0.5,1,attention,rdkit_200,prostt5,False,none,False,True,False,False,True,0.3081340800518025,0.0046381775106573014,,,,,,,,,,,,
426,0.5,1,mlp,morgan_1024_r2,prostt5,False,none,False,True,False,False,False,,,64.0,0.38821301227354715,64.0,3.0,0.007074995604749567,,,,,,,
437,0.5,1,attention,chemberta,esm2_3B,True,linker_only,True,True,False,False,False,0.03357232696072665,0.0002663784260459351,,,,,,,,,,,,
440,0.5,1,attention,chemberta,ankh_large,True,all_fragments,True,True,False,False,False,0.4098838558330068,0.00017919644396141663,,,,,,,,,,,,
442,0.5,1,attention,rdkit_200,esm2_150M,True,none,False,False,True,False,True,0.4998666282972077,0.00021365119743496782,,,,,,,,,,,,
453,0.5,1,attention,molformer,esm2_3B,True,warhead_only,False,True,True,False,False,0.13165668436184796,0.00013928939558197583,,,,,,,,,,,,
463,0.5,1,attention,molformer,none,False,linker_only,False,False,True,False,True,0.4366254595685019,0.0001168717427112043,,,,,,,,,,,,
465,0.5,1,attention,morgan_1024_r2,esm2_650M,False,warhead_only,False,True,True,False,False,0.36985147172575944,0.0004621945875458046,,,,,,,,,,,,
475,0.5,1,mlp,morgan_1024_r2,esm2_8M,False,none,True,True,False,False,False,,,64.0,0.2564159763160224,128.0,2.0,0.000945785027137692,,,,,,,
477,0.5,1,mlp,molformer,esm2_3B,True,all_fragments,False,True,False,False,False,,,64.0,0.3450674398309,256.0,3.0,0.00011051328896872334,,,,,,,
485,0.5,1,attention,molformer,esm2_3B,False,all_fragments,True,True,False,False,True,0.15879680255120937,0.00042791641274669617,,,,,,,,,,,,
488,0.5,1,attention,rdkit_200,esm2_650M,False,none,False,True,False,False,False,0.08608922493203869,0.005976014153632556,,,,,,,,,,,,
493,0.5,1,mlp,molformer,esm2_8M,False,all_fragments,True,False,True,False,False,,,64.0,0.37843682392282874,256.0,2.0,0.00015108868903537085,,,,,,,
497,0.5,1,mlp,rdkit_200,none,False,all_fragments,True,True,True,False,True,,,32.0,0.33027213908407616,64.0,3.0,0.0006968241901434498,,,,,,,
508,0.5,1,attention,morgan_2048_r2,ankh_large,True,warhead_only,False,True,False,False,False,0.408695203421239,0.006071605453757018,,,,,,,,,,,,
509,0.5,1,mlp,chemberta,prostt5,True,warhead_only,False,True,True,False,False,,,32.0,0.00761366276037595,64.0,3.0,0.001828279610237175,,,,,,,
511,0.5,1,mlp,molformer,none,True,all_fragments,True,False,False,False,False,,,64.0,0.1645131270290105,128.0,2.0,0.0002558736639741485,,,,,,,
516,0.5,1,mlp,maccs_167,esm2_3B,False,warhead_only,True,True,True,False,False,,,64.0,0.2743805228238788,64.0,2.0,0.000596191384884461,,,,,,,
521,0.5,1,attention,molformer,esm2_650M,True,linker_only,True,True,True,False,False,0.12671488831164646,0.008658239788211331,,,,,,,,,,,,
523,0.5,1,mlp,molformer,none,False,warhead_only,True,True,False,False,True,,,64.0,0.29296680155330673,64.0,3.0,0.0008583076332266756,,,,,,,
536,0.5,1,mlp,morgan_2048_r2,ankh_large,True,all_fragments,False,True,False,False,True,,,32.0,0.483016521451628,64.0,1.0,0.00040396217155469325,,,,,,,
539,0.5,1,attention,rdkit_200,esm2_3B,False,all_fragments,True,True,True,False,False,0.2954426123925313,0.0013834208769834232,,,,,,,,,,,,
556,0.5,1,mlp,rdkit_200,prot_t5_xl,True,all_fragments,True,True,False,False,True,,,64.0,0.2592663328369586,128.0,2.0,0.00018764174005260823,,,,,,,
561,0.5,1,attention,morgan_1024_r2,esm2_3B,True,all_fragments,False,True,True,False,False,0.3570950234420448,0.002330237358909054,,,,,,,,,,,,
567,0.5,1,mlp,morgan_2048_r2,prot_t5_xl,False,warhead_only,False,True,False,False,False,,,32.0,0.3582501371549188,128.0,3.0,0.00019324648424881357,,,,,,,
572,0.5,1,mlp,chemberta,prot_t5_xl,False,linker_only,True,True,True,False,False,,,128.0,0.05430429060386249,256.0,1.0,0.0010527630605596913,,,,,,,
573,0.5,1,mlp,rdkit_200,prot_t5_xl,True,all_fragments,False,True,False,False,True,,,64.0,0.2957257759288017,256.0,1.0,0.0005825215574073993,,,,,,,
583,0.5,1,attention,rdkit_200,esm2_8M,False,all_fragments,False,False,False,False,False,0.09117843197916858,0.00032519466609270205,,,,,,,,,,,,
586,0.5,1,attention,morgan_2048_r2,esm2_150M,True,all_fragments,False,True,False,False,False,0.34325046384079183,0.0004275936647080326,,,,,,,,,,,,
588,0.5,1,mlp,molformer,none,False,none,False,True,True,False,False,,,128.0,0.009940066919897794,64.0,3.0,0.00011282932078263236,,,,,,,
616,0.5,1,mlp,rdkit_200,esm2_150M,True,none,False,True,True,False,True,,,64.0,0.12213333160448792,64.0,2.0,0.00014410636580585476,,,,,,,
622,0.5,1,mlp,molformer,prot_t5_xl,True,all_fragments,True,False,False,False,False,,,128.0,0.007721815971380441,256.0,2.0,0.0022335603339380308,,,,,,,
624,0.5,1,attention,molformer,prot_t5_xl,True,none,False,False,True,False,False,0.4461369646380862,0.0005354648406211507,,,,,,,,,,,,
653,0.5,1,attention,maccs_167,esm2_650M,True,linker_only,True,True,False,False,False,0.08591487980341356,0.0023334496172195125,,,,,,,,,,,,
661,0.5,1,mlp,molformer,esm2_650M,False,none,True,False,False,False,False,,,32.0,0.2669309421517083,64.0,2.0,0.000292218827924697,,,,,,,
684,0.5,1,mlp,rdkit_200,esm2_35M,True,warhead_only,True,False,False,False,True,,,128.0,0.2735993825361995,64.0,1.0,0.0007956372292179245,,,,,,,
685,0.5,1,mlp,rdkit_200,prostt5,True,warhead_only,False,False,True,False,False,,,32.0,0.32032357853605153,64.0,2.0,0.0001245184101051713,,,,,,,
689,0.5,1,attention,morgan_1024_r2,prostt5,False,none,False,True,True,False,False,0.0372669255917521,0.0004222388257641398,,,,,,,,,,,,
691,0.5,1,attention,chemberta,esm2_3B,True,all_fragments,True,True,True,False,False,0.2810489064800917,0.0013248044591699147,,,,,,,,,,,,
695,0.5,1,mlp,morgan_2048_r2,esm2_3B,True,none,False,True,False,False,False,,,32.0,0.47845781676811827,64.0,1.0,0.0009024768918335795,,,,,,,
698,0.5,1,attention,rdkit_200,esm2_8M,False,all_fragments,True,False,False,False,False,0.015248182553431244,0.005232413017612658,,,,,,,,,,,,
710,0.5,1,mlp,molformer,esm2_35M,True,warhead_only,True,False,True,False,True,,,128.0,0.45639820774793516,64.0,3.0,0.003869903333601957,,,,,,,
712,0.5,1,attention,rdkit_200,esm2_150M,True,none,True,True,True,False,True,0.057967729676042634,0.00022873255283858724,,,,,,,,,,,,
720,0.5,1,mlp,molformer,esm2_150M,True,linker_only,False,True,True,False,False,,,32.0,0.26754718084427936,128.0,1.0,0.002254665294109444,,,,,,,
723,0.5,1,mlp,molformer,esm2_8M,True,none,False,True,True,False,True,,,128.0,0.4197017796375604,64.0,1.0,0.002440468504046228,,,,,,,
741,0.5,1,mlp,chemberta,esm2_35M,True,none,False,True,False,False,True,,,128.0,0.07635550500539978,256.0,3.0,0.0012031453284910554,,,,,,,
743,0.5,1,mlp,chemberta,ankh_large,False,warhead_only,True,True,False,False,False,,,128.0,0.297982821561198,64.0,3.0,0.0009337751531162442,,,,,,,
746,0.5,1,attention,molformer,esm2_35M,False,linker_only,False,True,False,False,True,0.05147901998071108,0.00015947898637686217,,,,,,,,,,,,
173,0.4991479466963578,1,rf,molformer,esm2_150M,False,none,True,False,False,False,False,,,,,,,,6,9.0,200.0,,,,
494,0.49879954048929753,1,attention,chemberta,esm2_8M,False,all_fragments,True,True,True,False,True,0.1360990709624283,0.00576396953089613,,,,,,,,,,,,
48,0.49805412870565724,1,attention,molformer,esm2_150M,True,linker_only,False,False,False,True,False,0.3709821178391901,0.002324564963502134,,,,,,,,,,,,
658,0.48854507048101564,1,mlp,molformer,esm2_150M,True,none,True,False,True,True,False,,,128.0,0.0013158980627516192,64.0,1.0,0.0035678909739049504,,,,,,,
326,0.48850346647248183,1,mlp,maccs_167,esm2_150M,False,warhead_only,False,False,False,False,True,,,32.0,0.4570262631002913,256.0,3.0,0.00014857182388437013,,,,,,,
341,0.48491872302375505,1,mlp,maccs_167,ankh_large,False,none,True,False,False,True,False,,,64.0,0.2924221725909019,128.0,2.0,0.0010448636961227099,,,,,,,
620,0.4833994032395567,1,mlp,maccs_167,esm2_650M,False,all_fragments,False,False,True,False,True,,,64.0,0.44527614318915554,64.0,1.0,0.0069985649033463895,,,,,,,
91,0.4831712208507797,1,rf,molformer,esm2_8M,False,warhead_only,False,False,False,True,False,,,,,,,,15,4.0,500.0,,,,
677,0.47870150902820735,1,rf,molformer,esm2_8M,False,warhead_only,False,False,False,True,False,,,,,,,,15,4.0,500.0,,,,
707,0.47332235093005465,1,mlp,maccs_167,esm2_650M,True,warhead_only,False,True,False,True,False,,,64.0,0.2477581385128072,64.0,1.0,0.0098837890465387,,,,,,,
27,0.4726235681372765,1,mlp,molformer,esm2_8M,True,linker_only,False,False,False,True,True,,,128.0,0.11688434630205297,256.0,1.0,0.00022560970940899258,,,,,,,
265,0.46825722156463573,1,mlp,molformer,esm2_8M,False,none,False,False,True,True,False,,,32.0,0.4583163140569555,256.0,3.0,0.009041668679249118,,,,,,,
550,0.4677843101473718,1,attention,maccs_167,esm2_150M,True,warhead_only,True,False,True,True,True,0.3678433517798157,0.002381439823099566,,,,,,,,,,,,
372,0.4628709930876486,1,mlp,molformer,ankh_large,True,linker_only,True,False,False,True,False,,,32.0,0.24715462869568938,64.0,1.0,0.004798739956950636,,,,,,,
